image_path,medicine_name,generic_name,split
data/metadata/Doctor’s Handwritten Prescription BD dataset/Training/training_words/0.png,Aceta,Paracetamol,train
data/metadata/Doctor’s Handwritten Prescription BD dataset/Training/training_words/1.png,Aceta,Paracetamol,train
data/metadata/Doctor’s Handwritten Prescription BD dataset/Training/training_words/2.png,Aceta,Paracetamol,train
data/metadata/Doctor’s Handwritten Prescription BD dataset/Training/training_words/3.png,Aceta,Paracetamol,train
data/metadata/Doctor’s Handwritten Prescription BD dataset/Training/training_words/4.png,Aceta,Paracetamol,train
data/metadata/Doctor’s Handwritten Prescription BD dataset/Training/training_words/5.png,Aceta,Paracetamol,train
data/metadata/Doctor’s Handwritten Prescription BD dataset/Training/training_words/6.png,Aceta,Paracetamol,train
data/metadata/Doctor’s Handwritten Prescription BD dataset/Training/training_words/7.png,Aceta,Paracetamol,train
data/metadata/Doctor’s Handwritten Prescription BD dataset/Training/training_words/8.png,Aceta,Paracetamol,train
data/metadata/Doctor’s Handwritten Prescription BD dataset/Training/training_words/9.png,Aceta,Paracetamol,train
data/metadata/Doctor’s Handwritten Prescription BD dataset/Training/training_words/10.png,Aceta,Paracetamol,train
data/metadata/Doctor’s Handwritten Prescription BD dataset/Training/training_words/11.png,Aceta,Paracetamol,train
data/metadata/Doctor’s Handwritten Prescription BD dataset/Training/training_words/12.png,Aceta,Paracetamol,train
data/metadata/Doctor’s Handwritten Prescription BD dataset/Training/training_words/13.png,Aceta,Paracetamol,train
data/metadata/Doctor’s Handwritten Prescription BD dataset/Training/training_words/14.png,Aceta,Paracetamol,train
data/metadata/Doctor’s Handwritten Prescription BD dataset/Training/training_words/15.png,Aceta,Paracetamol,train
data/metadata/Doctor’s Handwritten Prescription BD dataset/Training/training_words/16.png,Aceta,Paracetamol,train
data/metadata/Doctor’s Handwritten Prescription BD dataset/Training/training_words/17.png,Aceta,Paracetamol,train
data/metadata/Doctor’s Handwritten Prescription BD dataset/Training/training_words/18.png,Aceta,Paracetamol,train
data/metadata/Doctor’s Handwritten Prescription BD dataset/Training/training_words/19.png,Aceta,Paracetamol,train
data/metadata/Doctor’s Handwritten Prescription BD dataset/Training/training_words/20.png,Aceta,Paracetamol,train
data/metadata/Doctor’s Handwritten Prescription BD dataset/Training/training_words/21.png,Aceta,Paracetamol,train
data/metadata/Doctor’s Handwritten Prescription BD dataset/Training/training_words/22.png,Aceta,Paracetamol,train
data/metadata/Doctor’s Handwritten Prescription BD dataset/Training/training_words/23.png,Aceta,Paracetamol,train
data/metadata/Doctor’s Handwritten Prescription BD dataset/Training/training_words/24.png,Aceta,Paracetamol,train
data/metadata/Doctor’s Handwritten Prescription BD dataset/Training/training_words/25.png,Aceta,Paracetamol,train
data/metadata/Doctor’s Handwritten Prescription BD dataset/Training/training_words/26.png,Aceta,Paracetamol,train
data/metadata/Doctor’s Handwritten Prescription BD dataset/Training/training_words/27.png,Aceta,Paracetamol,train
data/metadata/Doctor’s Handwritten Prescription BD dataset/Training/training_words/28.png,Aceta,Paracetamol,train
data/metadata/Doctor’s Handwritten Prescription BD dataset/Training/training_words/29.png,Aceta,Paracetamol,train
data/metadata/Doctor’s Handwritten Prescription BD dataset/Training/training_words/30.png,Aceta,Paracetamol,train
data/metadata/Doctor’s Handwritten Prescription BD dataset/Training/training_words/31.png,Aceta,Paracetamol,train
data/metadata/Doctor’s Handwritten Prescription BD dataset/Training/training_words/32.png,Aceta,Paracetamol,train
data/metadata/Doctor’s Handwritten Prescription BD dataset/Training/training_words/33.png,Aceta,Paracetamol,train
data/metadata/Doctor’s Handwritten Prescription BD dataset/Training/training_words/34.png,Aceta,Paracetamol,train
data/metadata/Doctor’s Handwritten Prescription BD dataset/Training/training_words/35.png,Aceta,Paracetamol,train
data/metadata/Doctor’s Handwritten Prescription BD dataset/Training/training_words/36.png,Aceta,Paracetamol,train
data/metadata/Doctor’s Handwritten Prescription BD dataset/Training/training_words/37.png,Aceta,Paracetamol,train
data/metadata/Doctor’s Handwritten Prescription BD dataset/Training/training_words/38.png,Aceta,Paracetamol,train
data/metadata/Doctor’s Handwritten Prescription BD dataset/Training/training_words/39.png,Aceta,Paracetamol,train
data/metadata/Doctor’s Handwritten Prescription BD dataset/Training/training_words/40.png,Ace,Paracetamol,train
data/metadata/Doctor’s Handwritten Prescription BD dataset/Training/training_words/41.png,Ace,Paracetamol,train
data/metadata/Doctor’s Handwritten Prescription BD dataset/Training/training_words/42.png,Ace,Paracetamol,train
data/metadata/Doctor’s Handwritten Prescription BD dataset/Training/training_words/43.png,Ace,Paracetamol,train
data/metadata/Doctor’s Handwritten Prescription BD dataset/Training/training_words/44.png,Ace,Paracetamol,train
data/metadata/Doctor’s Handwritten Prescription BD dataset/Training/training_words/45.png,Ace,Paracetamol,train
data/metadata/Doctor’s Handwritten Prescription BD dataset/Training/training_words/46.png,Ace,Paracetamol,train
data/metadata/Doctor’s Handwritten Prescription BD dataset/Training/training_words/47.png,Ace,Paracetamol,train
data/metadata/Doctor’s Handwritten Prescription BD dataset/Training/training_words/48.png,Ace,Paracetamol,train
data/metadata/Doctor’s Handwritten Prescription BD dataset/Training/training_words/49.png,Ace,Paracetamol,train
data/metadata/Doctor’s Handwritten Prescription BD dataset/Training/training_words/50.png,Ace,Paracetamol,train
data/metadata/Doctor’s Handwritten Prescription BD dataset/Training/training_words/51.png,Ace,Paracetamol,train
data/metadata/Doctor’s Handwritten Prescription BD dataset/Training/training_words/52.png,Ace,Paracetamol,train
data/metadata/Doctor’s Handwritten Prescription BD dataset/Training/training_words/53.png,Ace,Paracetamol,train
data/metadata/Doctor’s Handwritten Prescription BD dataset/Training/training_words/54.png,Ace,Paracetamol,train
data/metadata/Doctor’s Handwritten Prescription BD dataset/Training/training_words/55.png,Ace,Paracetamol,train
data/metadata/Doctor’s Handwritten Prescription BD dataset/Training/training_words/56.png,Ace,Paracetamol,train
data/metadata/Doctor’s Handwritten Prescription BD dataset/Training/training_words/57.png,Ace,Paracetamol,train
data/metadata/Doctor’s Handwritten Prescription BD dataset/Training/training_words/58.png,Ace,Paracetamol,train
data/metadata/Doctor’s Handwritten Prescription BD dataset/Training/training_words/59.png,Ace,Paracetamol,train
data/metadata/Doctor’s Handwritten Prescription BD dataset/Training/training_words/60.png,Ace,Paracetamol,train
data/metadata/Doctor’s Handwritten Prescription BD dataset/Training/training_words/61.png,Ace,Paracetamol,train
data/metadata/Doctor’s Handwritten Prescription BD dataset/Training/training_words/62.png,Ace,Paracetamol,train
data/metadata/Doctor’s Handwritten Prescription BD dataset/Training/training_words/63.png,Ace,Paracetamol,train
data/metadata/Doctor’s Handwritten Prescription BD dataset/Training/training_words/64.png,Ace,Paracetamol,train
data/metadata/Doctor’s Handwritten Prescription BD dataset/Training/training_words/65.png,Ace,Paracetamol,train
data/metadata/Doctor’s Handwritten Prescription BD dataset/Training/training_words/66.png,Ace,Paracetamol,train
data/metadata/Doctor’s Handwritten Prescription BD dataset/Training/training_words/67.png,Ace,Paracetamol,train
data/metadata/Doctor’s Handwritten Prescription BD dataset/Training/training_words/68.png,Ace,Paracetamol,train
data/metadata/Doctor’s Handwritten Prescription BD dataset/Training/training_words/69.png,Ace,Paracetamol,train
data/metadata/Doctor’s Handwritten Prescription BD dataset/Training/training_words/70.png,Ace,Paracetamol,train
data/metadata/Doctor’s Handwritten Prescription BD dataset/Training/training_words/71.png,Ace,Paracetamol,train
data/metadata/Doctor’s Handwritten Prescription BD dataset/Training/training_words/72.png,Ace,Paracetamol,train
data/metadata/Doctor’s Handwritten Prescription BD dataset/Training/training_words/73.png,Ace,Paracetamol,train
data/metadata/Doctor’s Handwritten Prescription BD dataset/Training/training_words/74.png,Ace,Paracetamol,train
data/metadata/Doctor’s Handwritten Prescription BD dataset/Training/training_words/75.png,Ace,Paracetamol,train
data/metadata/Doctor’s Handwritten Prescription BD dataset/Training/training_words/76.png,Ace,Paracetamol,train
data/metadata/Doctor’s Handwritten Prescription BD dataset/Training/training_words/77.png,Ace,Paracetamol,train
data/metadata/Doctor’s Handwritten Prescription BD dataset/Training/training_words/78.png,Ace,Paracetamol,train
data/metadata/Doctor’s Handwritten Prescription BD dataset/Training/training_words/79.png,Ace,Paracetamol,train
data/metadata/Doctor’s Handwritten Prescription BD dataset/Training/training_words/80.png,Alatrol,Cetirizine Hydrochloride,train
data/metadata/Doctor’s Handwritten Prescription BD dataset/Training/training_words/81.png,Alatrol,Cetirizine Hydrochloride,train
data/metadata/Doctor’s Handwritten Prescription BD dataset/Training/training_words/82.png,Alatrol,Cetirizine Hydrochloride,train
data/metadata/Doctor’s Handwritten Prescription BD dataset/Training/training_words/83.png,Alatrol,Cetirizine Hydrochloride,train
data/metadata/Doctor’s Handwritten Prescription BD dataset/Training/training_words/84.png,Alatrol,Cetirizine Hydrochloride,train
data/metadata/Doctor’s Handwritten Prescription BD dataset/Training/training_words/85.png,Alatrol,Cetirizine Hydrochloride,train
data/metadata/Doctor’s Handwritten Prescription BD dataset/Training/training_words/86.png,Alatrol,Cetirizine Hydrochloride,train
data/metadata/Doctor’s Handwritten Prescription BD dataset/Training/training_words/87.png,Alatrol,Cetirizine Hydrochloride,train
data/metadata/Doctor’s Handwritten Prescription BD dataset/Training/training_words/88.png,Alatrol,Cetirizine Hydrochloride,train
data/metadata/Doctor’s Handwritten Prescription BD dataset/Training/training_words/89.png,Alatrol,Cetirizine Hydrochloride,train
data/metadata/Doctor’s Handwritten Prescription BD dataset/Training/training_words/90.png,Alatrol,Cetirizine Hydrochloride,train
data/metadata/Doctor’s Handwritten Prescription BD dataset/Training/training_words/91.png,Alatrol,Cetirizine Hydrochloride,train
data/metadata/Doctor’s Handwritten Prescription BD dataset/Training/training_words/92.png,Alatrol,Cetirizine Hydrochloride,train
data/metadata/Doctor’s Handwritten Prescription BD dataset/Training/training_words/93.png,Alatrol,Cetirizine Hydrochloride,train
data/metadata/Doctor’s Handwritten Prescription BD dataset/Training/training_words/94.png,Alatrol,Cetirizine Hydrochloride,train
data/metadata/Doctor’s Handwritten Prescription BD dataset/Training/training_words/95.png,Alatrol,Cetirizine Hydrochloride,train
data/metadata/Doctor’s Handwritten Prescription BD dataset/Training/training_words/96.png,Alatrol,Cetirizine Hydrochloride,train
data/metadata/Doctor’s Handwritten Prescription BD dataset/Training/training_words/97.png,Alatrol,Cetirizine Hydrochloride,train
data/metadata/Doctor’s Handwritten Prescription BD dataset/Training/training_words/98.png,Alatrol,Cetirizine Hydrochloride,train
data/metadata/Doctor’s Handwritten Prescription BD dataset/Training/training_words/99.png,Alatrol,Cetirizine Hydrochloride,train
data/metadata/Doctor’s Handwritten Prescription BD dataset/Training/training_words/100.png,Alatrol,Cetirizine Hydrochloride,train
data/metadata/Doctor’s Handwritten Prescription BD dataset/Training/training_words/101.png,Alatrol,Cetirizine Hydrochloride,train
data/metadata/Doctor’s Handwritten Prescription BD dataset/Training/training_words/102.png,Alatrol,Cetirizine Hydrochloride,train
data/metadata/Doctor’s Handwritten Prescription BD dataset/Training/training_words/103.png,Alatrol,Cetirizine Hydrochloride,train
data/metadata/Doctor’s Handwritten Prescription BD dataset/Training/training_words/104.png,Alatrol,Cetirizine Hydrochloride,train
data/metadata/Doctor’s Handwritten Prescription BD dataset/Training/training_words/105.png,Alatrol,Cetirizine Hydrochloride,train
data/metadata/Doctor’s Handwritten Prescription BD dataset/Training/training_words/106.png,Alatrol,Cetirizine Hydrochloride,train
data/metadata/Doctor’s Handwritten Prescription BD dataset/Training/training_words/107.png,Alatrol,Cetirizine Hydrochloride,train
data/metadata/Doctor’s Handwritten Prescription BD dataset/Training/training_words/108.png,Alatrol,Cetirizine Hydrochloride,train
data/metadata/Doctor’s Handwritten Prescription BD dataset/Training/training_words/109.png,Alatrol,Cetirizine Hydrochloride,train
data/metadata/Doctor’s Handwritten Prescription BD dataset/Training/training_words/110.png,Alatrol,Cetirizine Hydrochloride,train
data/metadata/Doctor’s Handwritten Prescription BD dataset/Training/training_words/111.png,Alatrol,Cetirizine Hydrochloride,train
data/metadata/Doctor’s Handwritten Prescription BD dataset/Training/training_words/112.png,Alatrol,Cetirizine Hydrochloride,train
data/metadata/Doctor’s Handwritten Prescription BD dataset/Training/training_words/113.png,Alatrol,Cetirizine Hydrochloride,train
data/metadata/Doctor’s Handwritten Prescription BD dataset/Training/training_words/114.png,Alatrol,Cetirizine Hydrochloride,train
data/metadata/Doctor’s Handwritten Prescription BD dataset/Training/training_words/115.png,Alatrol,Cetirizine Hydrochloride,train
data/metadata/Doctor’s Handwritten Prescription BD dataset/Training/training_words/116.png,Alatrol,Cetirizine Hydrochloride,train
data/metadata/Doctor’s Handwritten Prescription BD dataset/Training/training_words/117.png,Alatrol,Cetirizine Hydrochloride,train
data/metadata/Doctor’s Handwritten Prescription BD dataset/Training/training_words/118.png,Alatrol,Cetirizine Hydrochloride,train
data/metadata/Doctor’s Handwritten Prescription BD dataset/Training/training_words/119.png,Alatrol,Cetirizine Hydrochloride,train
data/metadata/Doctor’s Handwritten Prescription BD dataset/Training/training_words/120.png,Amodis,Metronidazole,train
data/metadata/Doctor’s Handwritten Prescription BD dataset/Training/training_words/121.png,Amodis,Metronidazole,train
data/metadata/Doctor’s Handwritten Prescription BD dataset/Training/training_words/122.png,Amodis,Metronidazole,train
data/metadata/Doctor’s Handwritten Prescription BD dataset/Training/training_words/123.png,Amodis,Metronidazole,train
data/metadata/Doctor’s Handwritten Prescription BD dataset/Training/training_words/124.png,Amodis,Metronidazole,train
data/metadata/Doctor’s Handwritten Prescription BD dataset/Training/training_words/125.png,Amodis,Metronidazole,train
data/metadata/Doctor’s Handwritten Prescription BD dataset/Training/training_words/126.png,Amodis,Metronidazole,train
data/metadata/Doctor’s Handwritten Prescription BD dataset/Training/training_words/127.png,Amodis,Metronidazole,train
data/metadata/Doctor’s Handwritten Prescription BD dataset/Training/training_words/128.png,Amodis,Metronidazole,train
data/metadata/Doctor’s Handwritten Prescription BD dataset/Training/training_words/129.png,Amodis,Metronidazole,train
data/metadata/Doctor’s Handwritten Prescription BD dataset/Training/training_words/130.png,Amodis,Metronidazole,train
data/metadata/Doctor’s Handwritten Prescription BD dataset/Training/training_words/131.png,Amodis,Metronidazole,train
data/metadata/Doctor’s Handwritten Prescription BD dataset/Training/training_words/132.png,Amodis,Metronidazole,train
data/metadata/Doctor’s Handwritten Prescription BD dataset/Training/training_words/133.png,Amodis,Metronidazole,train
data/metadata/Doctor’s Handwritten Prescription BD dataset/Training/training_words/134.png,Amodis,Metronidazole,train
data/metadata/Doctor’s Handwritten Prescription BD dataset/Training/training_words/135.png,Amodis,Metronidazole,train
data/metadata/Doctor’s Handwritten Prescription BD dataset/Training/training_words/136.png,Amodis,Metronidazole,train
data/metadata/Doctor’s Handwritten Prescription BD dataset/Training/training_words/137.png,Amodis,Metronidazole,train
data/metadata/Doctor’s Handwritten Prescription BD dataset/Training/training_words/138.png,Amodis,Metronidazole,train
data/metadata/Doctor’s Handwritten Prescription BD dataset/Training/training_words/139.png,Amodis,Metronidazole,train
data/metadata/Doctor’s Handwritten Prescription BD dataset/Training/training_words/140.png,Amodis,Metronidazole,train
data/metadata/Doctor’s Handwritten Prescription BD dataset/Training/training_words/141.png,Amodis,Metronidazole,train
data/metadata/Doctor’s Handwritten Prescription BD dataset/Training/training_words/142.png,Amodis,Metronidazole,train
data/metadata/Doctor’s Handwritten Prescription BD dataset/Training/training_words/143.png,Amodis,Metronidazole,train
data/metadata/Doctor’s Handwritten Prescription BD dataset/Training/training_words/144.png,Amodis,Metronidazole,train
data/metadata/Doctor’s Handwritten Prescription BD dataset/Training/training_words/145.png,Amodis,Metronidazole,train
data/metadata/Doctor’s Handwritten Prescription BD dataset/Training/training_words/146.png,Amodis,Metronidazole,train
data/metadata/Doctor’s Handwritten Prescription BD dataset/Training/training_words/147.png,Amodis,Metronidazole,train
data/metadata/Doctor’s Handwritten Prescription BD dataset/Training/training_words/148.png,Amodis,Metronidazole,train
data/metadata/Doctor’s Handwritten Prescription BD dataset/Training/training_words/149.png,Amodis,Metronidazole,train
data/metadata/Doctor’s Handwritten Prescription BD dataset/Training/training_words/150.png,Amodis,Metronidazole,train
data/metadata/Doctor’s Handwritten Prescription BD dataset/Training/training_words/151.png,Amodis,Metronidazole,train
data/metadata/Doctor’s Handwritten Prescription BD dataset/Training/training_words/152.png,Amodis,Metronidazole,train
data/metadata/Doctor’s Handwritten Prescription BD dataset/Training/training_words/153.png,Amodis,Metronidazole,train
data/metadata/Doctor’s Handwritten Prescription BD dataset/Training/training_words/154.png,Amodis,Metronidazole,train
data/metadata/Doctor’s Handwritten Prescription BD dataset/Training/training_words/155.png,Amodis,Metronidazole,train
data/metadata/Doctor’s Handwritten Prescription BD dataset/Training/training_words/156.png,Amodis,Metronidazole,train
data/metadata/Doctor’s Handwritten Prescription BD dataset/Training/training_words/157.png,Amodis,Metronidazole,train
data/metadata/Doctor’s Handwritten Prescription BD dataset/Training/training_words/158.png,Amodis,Metronidazole,train
data/metadata/Doctor’s Handwritten Prescription BD dataset/Training/training_words/159.png,Amodis,Metronidazole,train
data/metadata/Doctor’s Handwritten Prescription BD dataset/Training/training_words/160.png,Atrizin,Cetirizine Hydrochloride,train
data/metadata/Doctor’s Handwritten Prescription BD dataset/Training/training_words/161.png,Atrizin,Cetirizine Hydrochloride,train
data/metadata/Doctor’s Handwritten Prescription BD dataset/Training/training_words/162.png,Atrizin,Cetirizine Hydrochloride,train
data/metadata/Doctor’s Handwritten Prescription BD dataset/Training/training_words/163.png,Atrizin,Cetirizine Hydrochloride,train
data/metadata/Doctor’s Handwritten Prescription BD dataset/Training/training_words/164.png,Atrizin,Cetirizine Hydrochloride,train
data/metadata/Doctor’s Handwritten Prescription BD dataset/Training/training_words/165.png,Atrizin,Cetirizine Hydrochloride,train
data/metadata/Doctor’s Handwritten Prescription BD dataset/Training/training_words/166.png,Atrizin,Cetirizine Hydrochloride,train
data/metadata/Doctor’s Handwritten Prescription BD dataset/Training/training_words/167.png,Atrizin,Cetirizine Hydrochloride,train
data/metadata/Doctor’s Handwritten Prescription BD dataset/Training/training_words/168.png,Atrizin,Cetirizine Hydrochloride,train
data/metadata/Doctor’s Handwritten Prescription BD dataset/Training/training_words/169.png,Atrizin,Cetirizine Hydrochloride,train
data/metadata/Doctor’s Handwritten Prescription BD dataset/Training/training_words/170.png,Atrizin,Cetirizine Hydrochloride,train
data/metadata/Doctor’s Handwritten Prescription BD dataset/Training/training_words/171.png,Atrizin,Cetirizine Hydrochloride,train
data/metadata/Doctor’s Handwritten Prescription BD dataset/Training/training_words/172.png,Atrizin,Cetirizine Hydrochloride,train
data/metadata/Doctor’s Handwritten Prescription BD dataset/Training/training_words/173.png,Atrizin,Cetirizine Hydrochloride,train
data/metadata/Doctor’s Handwritten Prescription BD dataset/Training/training_words/174.png,Atrizin,Cetirizine Hydrochloride,train
data/metadata/Doctor’s Handwritten Prescription BD dataset/Training/training_words/175.png,Atrizin,Cetirizine Hydrochloride,train
data/metadata/Doctor’s Handwritten Prescription BD dataset/Training/training_words/176.png,Atrizin,Cetirizine Hydrochloride,train
data/metadata/Doctor’s Handwritten Prescription BD dataset/Training/training_words/177.png,Atrizin,Cetirizine Hydrochloride,train
data/metadata/Doctor’s Handwritten Prescription BD dataset/Training/training_words/178.png,Atrizin,Cetirizine Hydrochloride,train
data/metadata/Doctor’s Handwritten Prescription BD dataset/Training/training_words/179.png,Atrizin,Cetirizine Hydrochloride,train
data/metadata/Doctor’s Handwritten Prescription BD dataset/Training/training_words/180.png,Atrizin,Cetirizine Hydrochloride,train
data/metadata/Doctor’s Handwritten Prescription BD dataset/Training/training_words/181.png,Atrizin,Cetirizine Hydrochloride,train
data/metadata/Doctor’s Handwritten Prescription BD dataset/Training/training_words/182.png,Atrizin,Cetirizine Hydrochloride,train
data/metadata/Doctor’s Handwritten Prescription BD dataset/Training/training_words/183.png,Atrizin,Cetirizine Hydrochloride,train
data/metadata/Doctor’s Handwritten Prescription BD dataset/Training/training_words/184.png,Atrizin,Cetirizine Hydrochloride,train
data/metadata/Doctor’s Handwritten Prescription BD dataset/Training/training_words/185.png,Atrizin,Cetirizine Hydrochloride,train
data/metadata/Doctor’s Handwritten Prescription BD dataset/Training/training_words/186.png,Atrizin,Cetirizine Hydrochloride,train
data/metadata/Doctor’s Handwritten Prescription BD dataset/Training/training_words/187.png,Atrizin,Cetirizine Hydrochloride,train
data/metadata/Doctor’s Handwritten Prescription BD dataset/Training/training_words/188.png,Atrizin,Cetirizine Hydrochloride,train
data/metadata/Doctor’s Handwritten Prescription BD dataset/Training/training_words/189.png,Atrizin,Cetirizine Hydrochloride,train
data/metadata/Doctor’s Handwritten Prescription BD dataset/Training/training_words/190.png,Atrizin,Cetirizine Hydrochloride,train
data/metadata/Doctor’s Handwritten Prescription BD dataset/Training/training_words/191.png,Atrizin,Cetirizine Hydrochloride,train
data/metadata/Doctor’s Handwritten Prescription BD dataset/Training/training_words/192.png,Atrizin,Cetirizine Hydrochloride,train
data/metadata/Doctor’s Handwritten Prescription BD dataset/Training/training_words/193.png,Atrizin,Cetirizine Hydrochloride,train
data/metadata/Doctor’s Handwritten Prescription BD dataset/Training/training_words/194.png,Atrizin,Cetirizine Hydrochloride,train
data/metadata/Doctor’s Handwritten Prescription BD dataset/Training/training_words/195.png,Atrizin,Cetirizine Hydrochloride,train
data/metadata/Doctor’s Handwritten Prescription BD dataset/Training/training_words/196.png,Atrizin,Cetirizine Hydrochloride,train
data/metadata/Doctor’s Handwritten Prescription BD dataset/Training/training_words/197.png,Atrizin,Cetirizine Hydrochloride,train
data/metadata/Doctor’s Handwritten Prescription BD dataset/Training/training_words/198.png,Atrizin,Cetirizine Hydrochloride,train
data/metadata/Doctor’s Handwritten Prescription BD dataset/Training/training_words/199.png,Atrizin,Cetirizine Hydrochloride,train
data/metadata/Doctor’s Handwritten Prescription BD dataset/Training/training_words/200.png,Axodin,Fexofenadine Hydrochloride,train
data/metadata/Doctor’s Handwritten Prescription BD dataset/Training/training_words/201.png,Axodin,Fexofenadine Hydrochloride,train
data/metadata/Doctor’s Handwritten Prescription BD dataset/Training/training_words/202.png,Axodin,Fexofenadine Hydrochloride,train
data/metadata/Doctor’s Handwritten Prescription BD dataset/Training/training_words/203.png,Axodin,Fexofenadine Hydrochloride,train
data/metadata/Doctor’s Handwritten Prescription BD dataset/Training/training_words/204.png,Axodin,Fexofenadine Hydrochloride,train
data/metadata/Doctor’s Handwritten Prescription BD dataset/Training/training_words/205.png,Axodin,Fexofenadine Hydrochloride,train
data/metadata/Doctor’s Handwritten Prescription BD dataset/Training/training_words/206.png,Axodin,Fexofenadine Hydrochloride,train
data/metadata/Doctor’s Handwritten Prescription BD dataset/Training/training_words/207.png,Axodin,Fexofenadine Hydrochloride,train
data/metadata/Doctor’s Handwritten Prescription BD dataset/Training/training_words/208.png,Axodin,Fexofenadine Hydrochloride,train
data/metadata/Doctor’s Handwritten Prescription BD dataset/Training/training_words/209.png,Axodin,Fexofenadine Hydrochloride,train
data/metadata/Doctor’s Handwritten Prescription BD dataset/Training/training_words/210.png,Axodin,Fexofenadine Hydrochloride,train
data/metadata/Doctor’s Handwritten Prescription BD dataset/Training/training_words/211.png,Axodin,Fexofenadine Hydrochloride,train
data/metadata/Doctor’s Handwritten Prescription BD dataset/Training/training_words/212.png,Axodin,Fexofenadine Hydrochloride,train
data/metadata/Doctor’s Handwritten Prescription BD dataset/Training/training_words/213.png,Axodin,Fexofenadine Hydrochloride,train
data/metadata/Doctor’s Handwritten Prescription BD dataset/Training/training_words/214.png,Axodin,Fexofenadine Hydrochloride,train
data/metadata/Doctor’s Handwritten Prescription BD dataset/Training/training_words/215.png,Axodin,Fexofenadine Hydrochloride,train
data/metadata/Doctor’s Handwritten Prescription BD dataset/Training/training_words/216.png,Axodin,Fexofenadine Hydrochloride,train
data/metadata/Doctor’s Handwritten Prescription BD dataset/Training/training_words/217.png,Axodin,Fexofenadine Hydrochloride,train
data/metadata/Doctor’s Handwritten Prescription BD dataset/Training/training_words/218.png,Axodin,Fexofenadine Hydrochloride,train
data/metadata/Doctor’s Handwritten Prescription BD dataset/Training/training_words/219.png,Axodin,Fexofenadine Hydrochloride,train
data/metadata/Doctor’s Handwritten Prescription BD dataset/Training/training_words/220.png,Axodin,Fexofenadine Hydrochloride,train
data/metadata/Doctor’s Handwritten Prescription BD dataset/Training/training_words/221.png,Axodin,Fexofenadine Hydrochloride,train
data/metadata/Doctor’s Handwritten Prescription BD dataset/Training/training_words/222.png,Axodin,Fexofenadine Hydrochloride,train
data/metadata/Doctor’s Handwritten Prescription BD dataset/Training/training_words/223.png,Axodin,Fexofenadine Hydrochloride,train
data/metadata/Doctor’s Handwritten Prescription BD dataset/Training/training_words/224.png,Axodin,Fexofenadine Hydrochloride,train
data/metadata/Doctor’s Handwritten Prescription BD dataset/Training/training_words/225.png,Axodin,Fexofenadine Hydrochloride,train
data/metadata/Doctor’s Handwritten Prescription BD dataset/Training/training_words/226.png,Axodin,Fexofenadine Hydrochloride,train
data/metadata/Doctor’s Handwritten Prescription BD dataset/Training/training_words/227.png,Axodin,Fexofenadine Hydrochloride,train
data/metadata/Doctor’s Handwritten Prescription BD dataset/Training/training_words/228.png,Axodin,Fexofenadine Hydrochloride,train
data/metadata/Doctor’s Handwritten Prescription BD dataset/Training/training_words/229.png,Axodin,Fexofenadine Hydrochloride,train
data/metadata/Doctor’s Handwritten Prescription BD dataset/Training/training_words/230.png,Axodin,Fexofenadine Hydrochloride,train
data/metadata/Doctor’s Handwritten Prescription BD dataset/Training/training_words/231.png,Axodin,Fexofenadine Hydrochloride,train
data/metadata/Doctor’s Handwritten Prescription BD dataset/Training/training_words/232.png,Axodin,Fexofenadine Hydrochloride,train
data/metadata/Doctor’s Handwritten Prescription BD dataset/Training/training_words/233.png,Axodin,Fexofenadine Hydrochloride,train
data/metadata/Doctor’s Handwritten Prescription BD dataset/Training/training_words/234.png,Axodin,Fexofenadine Hydrochloride,train
data/metadata/Doctor’s Handwritten Prescription BD dataset/Training/training_words/235.png,Axodin,Fexofenadine Hydrochloride,train
data/metadata/Doctor’s Handwritten Prescription BD dataset/Training/training_words/236.png,Axodin,Fexofenadine Hydrochloride,train
data/metadata/Doctor’s Handwritten Prescription BD dataset/Training/training_words/237.png,Axodin,Fexofenadine Hydrochloride,train
data/metadata/Doctor’s Handwritten Prescription BD dataset/Training/training_words/238.png,Axodin,Fexofenadine Hydrochloride,train
data/metadata/Doctor’s Handwritten Prescription BD dataset/Training/training_words/239.png,Axodin,Fexofenadine Hydrochloride,train
data/metadata/Doctor’s Handwritten Prescription BD dataset/Training/training_words/240.png,Azithrocin,Azithromycin Dihydrate,train
data/metadata/Doctor’s Handwritten Prescription BD dataset/Training/training_words/241.png,Azithrocin,Azithromycin Dihydrate,train
data/metadata/Doctor’s Handwritten Prescription BD dataset/Training/training_words/242.png,Azithrocin,Azithromycin Dihydrate,train
data/metadata/Doctor’s Handwritten Prescription BD dataset/Training/training_words/243.png,Azithrocin,Azithromycin Dihydrate,train
data/metadata/Doctor’s Handwritten Prescription BD dataset/Training/training_words/244.png,Azithrocin,Azithromycin Dihydrate,train
data/metadata/Doctor’s Handwritten Prescription BD dataset/Training/training_words/245.png,Azithrocin,Azithromycin Dihydrate,train
data/metadata/Doctor’s Handwritten Prescription BD dataset/Training/training_words/246.png,Azithrocin,Azithromycin Dihydrate,train
data/metadata/Doctor’s Handwritten Prescription BD dataset/Training/training_words/247.png,Azithrocin,Azithromycin Dihydrate,train
data/metadata/Doctor’s Handwritten Prescription BD dataset/Training/training_words/248.png,Azithrocin,Azithromycin Dihydrate,train
data/metadata/Doctor’s Handwritten Prescription BD dataset/Training/training_words/249.png,Azithrocin,Azithromycin Dihydrate,train
data/metadata/Doctor’s Handwritten Prescription BD dataset/Training/training_words/250.png,Azithrocin,Azithromycin Dihydrate,train
data/metadata/Doctor’s Handwritten Prescription BD dataset/Training/training_words/251.png,Azithrocin,Azithromycin Dihydrate,train
data/metadata/Doctor’s Handwritten Prescription BD dataset/Training/training_words/252.png,Azithrocin,Azithromycin Dihydrate,train
data/metadata/Doctor’s Handwritten Prescription BD dataset/Training/training_words/253.png,Azithrocin,Azithromycin Dihydrate,train
data/metadata/Doctor’s Handwritten Prescription BD dataset/Training/training_words/254.png,Azithrocin,Azithromycin Dihydrate,train
data/metadata/Doctor’s Handwritten Prescription BD dataset/Training/training_words/255.png,Azithrocin,Azithromycin Dihydrate,train
data/metadata/Doctor’s Handwritten Prescription BD dataset/Training/training_words/256.png,Azithrocin,Azithromycin Dihydrate,train
data/metadata/Doctor’s Handwritten Prescription BD dataset/Training/training_words/257.png,Azithrocin,Azithromycin Dihydrate,train
data/metadata/Doctor’s Handwritten Prescription BD dataset/Training/training_words/258.png,Azithrocin,Azithromycin Dihydrate,train
data/metadata/Doctor’s Handwritten Prescription BD dataset/Training/training_words/259.png,Azithrocin,Azithromycin Dihydrate,train
data/metadata/Doctor’s Handwritten Prescription BD dataset/Training/training_words/260.png,Azithrocin,Azithromycin Dihydrate,train
data/metadata/Doctor’s Handwritten Prescription BD dataset/Training/training_words/261.png,Azithrocin,Azithromycin Dihydrate,train
data/metadata/Doctor’s Handwritten Prescription BD dataset/Training/training_words/262.png,Azithrocin,Azithromycin Dihydrate,train
data/metadata/Doctor’s Handwritten Prescription BD dataset/Training/training_words/263.png,Azithrocin,Azithromycin Dihydrate,train
data/metadata/Doctor’s Handwritten Prescription BD dataset/Training/training_words/264.png,Azithrocin,Azithromycin Dihydrate,train
data/metadata/Doctor’s Handwritten Prescription BD dataset/Training/training_words/265.png,Azithrocin,Azithromycin Dihydrate,train
data/metadata/Doctor’s Handwritten Prescription BD dataset/Training/training_words/266.png,Azithrocin,Azithromycin Dihydrate,train
data/metadata/Doctor’s Handwritten Prescription BD dataset/Training/training_words/267.png,Azithrocin,Azithromycin Dihydrate,train
data/metadata/Doctor’s Handwritten Prescription BD dataset/Training/training_words/268.png,Azithrocin,Azithromycin Dihydrate,train
data/metadata/Doctor’s Handwritten Prescription BD dataset/Training/training_words/269.png,Azithrocin,Azithromycin Dihydrate,train
data/metadata/Doctor’s Handwritten Prescription BD dataset/Training/training_words/270.png,Azithrocin,Azithromycin Dihydrate,train
data/metadata/Doctor’s Handwritten Prescription BD dataset/Training/training_words/271.png,Azithrocin,Azithromycin Dihydrate,train
data/metadata/Doctor’s Handwritten Prescription BD dataset/Training/training_words/272.png,Azithrocin,Azithromycin Dihydrate,train
data/metadata/Doctor’s Handwritten Prescription BD dataset/Training/training_words/273.png,Azithrocin,Azithromycin Dihydrate,train
data/metadata/Doctor’s Handwritten Prescription BD dataset/Training/training_words/274.png,Azithrocin,Azithromycin Dihydrate,train
data/metadata/Doctor’s Handwritten Prescription BD dataset/Training/training_words/275.png,Azithrocin,Azithromycin Dihydrate,train
data/metadata/Doctor’s Handwritten Prescription BD dataset/Training/training_words/276.png,Azithrocin,Azithromycin Dihydrate,train
data/metadata/Doctor’s Handwritten Prescription BD dataset/Training/training_words/277.png,Azithrocin,Azithromycin Dihydrate,train
data/metadata/Doctor’s Handwritten Prescription BD dataset/Training/training_words/278.png,Azithrocin,Azithromycin Dihydrate,train
data/metadata/Doctor’s Handwritten Prescription BD dataset/Training/training_words/279.png,Azithrocin,Azithromycin Dihydrate,train
data/metadata/Doctor’s Handwritten Prescription BD dataset/Training/training_words/280.png,Azyth,Azithromycin Dihydrate,train
data/metadata/Doctor’s Handwritten Prescription BD dataset/Training/training_words/281.png,Azyth,Azithromycin Dihydrate,train
data/metadata/Doctor’s Handwritten Prescription BD dataset/Training/training_words/282.png,Azyth,Azithromycin Dihydrate,train
data/metadata/Doctor’s Handwritten Prescription BD dataset/Training/training_words/283.png,Azyth,Azithromycin Dihydrate,train
data/metadata/Doctor’s Handwritten Prescription BD dataset/Training/training_words/284.png,Azyth,Azithromycin Dihydrate,train
data/metadata/Doctor’s Handwritten Prescription BD dataset/Training/training_words/285.png,Azyth,Azithromycin Dihydrate,train
data/metadata/Doctor’s Handwritten Prescription BD dataset/Training/training_words/286.png,Azyth,Azithromycin Dihydrate,train
data/metadata/Doctor’s Handwritten Prescription BD dataset/Training/training_words/287.png,Azyth,Azithromycin Dihydrate,train
data/metadata/Doctor’s Handwritten Prescription BD dataset/Training/training_words/288.png,Azyth,Azithromycin Dihydrate,train
data/metadata/Doctor’s Handwritten Prescription BD dataset/Training/training_words/289.png,Azyth,Azithromycin Dihydrate,train
data/metadata/Doctor’s Handwritten Prescription BD dataset/Training/training_words/290.png,Azyth,Azithromycin Dihydrate,train
data/metadata/Doctor’s Handwritten Prescription BD dataset/Training/training_words/291.png,Azyth,Azithromycin Dihydrate,train
data/metadata/Doctor’s Handwritten Prescription BD dataset/Training/training_words/292.png,Azyth,Azithromycin Dihydrate,train
data/metadata/Doctor’s Handwritten Prescription BD dataset/Training/training_words/293.png,Azyth,Azithromycin Dihydrate,train
data/metadata/Doctor’s Handwritten Prescription BD dataset/Training/training_words/294.png,Azyth,Azithromycin Dihydrate,train
data/metadata/Doctor’s Handwritten Prescription BD dataset/Training/training_words/295.png,Azyth,Azithromycin Dihydrate,train
data/metadata/Doctor’s Handwritten Prescription BD dataset/Training/training_words/296.png,Azyth,Azithromycin Dihydrate,train
data/metadata/Doctor’s Handwritten Prescription BD dataset/Training/training_words/297.png,Azyth,Azithromycin Dihydrate,train
data/metadata/Doctor’s Handwritten Prescription BD dataset/Training/training_words/298.png,Azyth,Azithromycin Dihydrate,train
data/metadata/Doctor’s Handwritten Prescription BD dataset/Training/training_words/299.png,Azyth,Azithromycin Dihydrate,train
data/metadata/Doctor’s Handwritten Prescription BD dataset/Training/training_words/300.png,Azyth,Azithromycin Dihydrate,train
data/metadata/Doctor’s Handwritten Prescription BD dataset/Training/training_words/301.png,Azyth,Azithromycin Dihydrate,train
data/metadata/Doctor’s Handwritten Prescription BD dataset/Training/training_words/302.png,Azyth,Azithromycin Dihydrate,train
data/metadata/Doctor’s Handwritten Prescription BD dataset/Training/training_words/303.png,Azyth,Azithromycin Dihydrate,train
data/metadata/Doctor’s Handwritten Prescription BD dataset/Training/training_words/304.png,Azyth,Azithromycin Dihydrate,train
data/metadata/Doctor’s Handwritten Prescription BD dataset/Training/training_words/305.png,Azyth,Azithromycin Dihydrate,train
data/metadata/Doctor’s Handwritten Prescription BD dataset/Training/training_words/306.png,Azyth,Azithromycin Dihydrate,train
data/metadata/Doctor’s Handwritten Prescription BD dataset/Training/training_words/307.png,Azyth,Azithromycin Dihydrate,train
data/metadata/Doctor’s Handwritten Prescription BD dataset/Training/training_words/308.png,Azyth,Azithromycin Dihydrate,train
data/metadata/Doctor’s Handwritten Prescription BD dataset/Training/training_words/309.png,Azyth,Azithromycin Dihydrate,train
data/metadata/Doctor’s Handwritten Prescription BD dataset/Training/training_words/310.png,Azyth,Azithromycin Dihydrate,train
data/metadata/Doctor’s Handwritten Prescription BD dataset/Training/training_words/311.png,Azyth,Azithromycin Dihydrate,train
data/metadata/Doctor’s Handwritten Prescription BD dataset/Training/training_words/312.png,Azyth,Azithromycin Dihydrate,train
data/metadata/Doctor’s Handwritten Prescription BD dataset/Training/training_words/313.png,Azyth,Azithromycin Dihydrate,train
data/metadata/Doctor’s Handwritten Prescription BD dataset/Training/training_words/314.png,Azyth,Azithromycin Dihydrate,train
data/metadata/Doctor’s Handwritten Prescription BD dataset/Training/training_words/315.png,Azyth,Azithromycin Dihydrate,train
data/metadata/Doctor’s Handwritten Prescription BD dataset/Training/training_words/316.png,Azyth,Azithromycin Dihydrate,train
data/metadata/Doctor’s Handwritten Prescription BD dataset/Training/training_words/317.png,Azyth,Azithromycin Dihydrate,train
data/metadata/Doctor’s Handwritten Prescription BD dataset/Training/training_words/318.png,Azyth,Azithromycin Dihydrate,train
data/metadata/Doctor’s Handwritten Prescription BD dataset/Training/training_words/319.png,Azyth,Azithromycin Dihydrate,train
data/metadata/Doctor’s Handwritten Prescription BD dataset/Training/training_words/320.png,Az,Azithromycin Dihydrate,train
data/metadata/Doctor’s Handwritten Prescription BD dataset/Training/training_words/321.png,Az,Azithromycin Dihydrate,train
data/metadata/Doctor’s Handwritten Prescription BD dataset/Training/training_words/322.png,Az,Azithromycin Dihydrate,train
data/metadata/Doctor’s Handwritten Prescription BD dataset/Training/training_words/323.png,Az,Azithromycin Dihydrate,train
data/metadata/Doctor’s Handwritten Prescription BD dataset/Training/training_words/324.png,Az,Azithromycin Dihydrate,train
data/metadata/Doctor’s Handwritten Prescription BD dataset/Training/training_words/325.png,Az,Azithromycin Dihydrate,train
data/metadata/Doctor’s Handwritten Prescription BD dataset/Training/training_words/326.png,Az,Azithromycin Dihydrate,train
data/metadata/Doctor’s Handwritten Prescription BD dataset/Training/training_words/327.png,Az,Azithromycin Dihydrate,train
data/metadata/Doctor’s Handwritten Prescription BD dataset/Training/training_words/328.png,Az,Azithromycin Dihydrate,train
data/metadata/Doctor’s Handwritten Prescription BD dataset/Training/training_words/329.png,Az,Azithromycin Dihydrate,train
data/metadata/Doctor’s Handwritten Prescription BD dataset/Training/training_words/330.png,Az,Azithromycin Dihydrate,train
data/metadata/Doctor’s Handwritten Prescription BD dataset/Training/training_words/331.png,Az,Azithromycin Dihydrate,train
data/metadata/Doctor’s Handwritten Prescription BD dataset/Training/training_words/332.png,Az,Azithromycin Dihydrate,train
data/metadata/Doctor’s Handwritten Prescription BD dataset/Training/training_words/333.png,Az,Azithromycin Dihydrate,train
data/metadata/Doctor’s Handwritten Prescription BD dataset/Training/training_words/334.png,Az,Azithromycin Dihydrate,train
data/metadata/Doctor’s Handwritten Prescription BD dataset/Training/training_words/335.png,Az,Azithromycin Dihydrate,train
data/metadata/Doctor’s Handwritten Prescription BD dataset/Training/training_words/336.png,Az,Azithromycin Dihydrate,train
data/metadata/Doctor’s Handwritten Prescription BD dataset/Training/training_words/337.png,Az,Azithromycin Dihydrate,train
data/metadata/Doctor’s Handwritten Prescription BD dataset/Training/training_words/338.png,Az,Azithromycin Dihydrate,train
data/metadata/Doctor’s Handwritten Prescription BD dataset/Training/training_words/339.png,Az,Azithromycin Dihydrate,train
data/metadata/Doctor’s Handwritten Prescription BD dataset/Training/training_words/340.png,Az,Azithromycin Dihydrate,train
data/metadata/Doctor’s Handwritten Prescription BD dataset/Training/training_words/341.png,Az,Azithromycin Dihydrate,train
data/metadata/Doctor’s Handwritten Prescription BD dataset/Training/training_words/342.png,Az,Azithromycin Dihydrate,train
data/metadata/Doctor’s Handwritten Prescription BD dataset/Training/training_words/343.png,Az,Azithromycin Dihydrate,train
data/metadata/Doctor’s Handwritten Prescription BD dataset/Training/training_words/344.png,Az,Azithromycin Dihydrate,train
data/metadata/Doctor’s Handwritten Prescription BD dataset/Training/training_words/345.png,Az,Azithromycin Dihydrate,train
data/metadata/Doctor’s Handwritten Prescription BD dataset/Training/training_words/346.png,Az,Azithromycin Dihydrate,train
data/metadata/Doctor’s Handwritten Prescription BD dataset/Training/training_words/347.png,Az,Azithromycin Dihydrate,train
data/metadata/Doctor’s Handwritten Prescription BD dataset/Training/training_words/348.png,Az,Azithromycin Dihydrate,train
data/metadata/Doctor’s Handwritten Prescription BD dataset/Training/training_words/349.png,Az,Azithromycin Dihydrate,train
data/metadata/Doctor’s Handwritten Prescription BD dataset/Training/training_words/350.png,Az,Azithromycin Dihydrate,train
data/metadata/Doctor’s Handwritten Prescription BD dataset/Training/training_words/351.png,Az,Azithromycin Dihydrate,train
data/metadata/Doctor’s Handwritten Prescription BD dataset/Training/training_words/352.png,Az,Azithromycin Dihydrate,train
data/metadata/Doctor’s Handwritten Prescription BD dataset/Training/training_words/353.png,Az,Azithromycin Dihydrate,train
data/metadata/Doctor’s Handwritten Prescription BD dataset/Training/training_words/354.png,Az,Azithromycin Dihydrate,train
data/metadata/Doctor’s Handwritten Prescription BD dataset/Training/training_words/355.png,Az,Azithromycin Dihydrate,train
data/metadata/Doctor’s Handwritten Prescription BD dataset/Training/training_words/356.png,Az,Azithromycin Dihydrate,train
data/metadata/Doctor’s Handwritten Prescription BD dataset/Training/training_words/357.png,Az,Azithromycin Dihydrate,train
data/metadata/Doctor’s Handwritten Prescription BD dataset/Training/training_words/358.png,Az,Azithromycin Dihydrate,train
data/metadata/Doctor’s Handwritten Prescription BD dataset/Training/training_words/359.png,Az,Azithromycin Dihydrate,train
data/metadata/Doctor’s Handwritten Prescription BD dataset/Training/training_words/360.png,Bacaid,Baclofen,train
data/metadata/Doctor’s Handwritten Prescription BD dataset/Training/training_words/361.png,Bacaid,Baclofen,train
data/metadata/Doctor’s Handwritten Prescription BD dataset/Training/training_words/362.png,Bacaid,Baclofen,train
data/metadata/Doctor’s Handwritten Prescription BD dataset/Training/training_words/363.png,Bacaid,Baclofen,train
data/metadata/Doctor’s Handwritten Prescription BD dataset/Training/training_words/364.png,Bacaid,Baclofen,train
data/metadata/Doctor’s Handwritten Prescription BD dataset/Training/training_words/365.png,Bacaid,Baclofen,train
data/metadata/Doctor’s Handwritten Prescription BD dataset/Training/training_words/366.png,Bacaid,Baclofen,train
data/metadata/Doctor’s Handwritten Prescription BD dataset/Training/training_words/367.png,Bacaid,Baclofen,train
data/metadata/Doctor’s Handwritten Prescription BD dataset/Training/training_words/368.png,Bacaid,Baclofen,train
data/metadata/Doctor’s Handwritten Prescription BD dataset/Training/training_words/369.png,Bacaid,Baclofen,train
data/metadata/Doctor’s Handwritten Prescription BD dataset/Training/training_words/370.png,Bacaid,Baclofen,train
data/metadata/Doctor’s Handwritten Prescription BD dataset/Training/training_words/371.png,Bacaid,Baclofen,train
data/metadata/Doctor’s Handwritten Prescription BD dataset/Training/training_words/372.png,Bacaid,Baclofen,train
data/metadata/Doctor’s Handwritten Prescription BD dataset/Training/training_words/373.png,Bacaid,Baclofen,train
data/metadata/Doctor’s Handwritten Prescription BD dataset/Training/training_words/374.png,Bacaid,Baclofen,train
data/metadata/Doctor’s Handwritten Prescription BD dataset/Training/training_words/375.png,Bacaid,Baclofen,train
data/metadata/Doctor’s Handwritten Prescription BD dataset/Training/training_words/376.png,Bacaid,Baclofen,train
data/metadata/Doctor’s Handwritten Prescription BD dataset/Training/training_words/377.png,Bacaid,Baclofen,train
data/metadata/Doctor’s Handwritten Prescription BD dataset/Training/training_words/378.png,Bacaid,Baclofen,train
data/metadata/Doctor’s Handwritten Prescription BD dataset/Training/training_words/379.png,Bacaid,Baclofen,train
data/metadata/Doctor’s Handwritten Prescription BD dataset/Training/training_words/380.png,Bacaid,Baclofen,train
data/metadata/Doctor’s Handwritten Prescription BD dataset/Training/training_words/381.png,Bacaid,Baclofen,train
data/metadata/Doctor’s Handwritten Prescription BD dataset/Training/training_words/382.png,Bacaid,Baclofen,train
data/metadata/Doctor’s Handwritten Prescription BD dataset/Training/training_words/383.png,Bacaid,Baclofen,train
data/metadata/Doctor’s Handwritten Prescription BD dataset/Training/training_words/384.png,Bacaid,Baclofen,train
data/metadata/Doctor’s Handwritten Prescription BD dataset/Training/training_words/385.png,Bacaid,Baclofen,train
data/metadata/Doctor’s Handwritten Prescription BD dataset/Training/training_words/386.png,Bacaid,Baclofen,train
data/metadata/Doctor’s Handwritten Prescription BD dataset/Training/training_words/387.png,Bacaid,Baclofen,train
data/metadata/Doctor’s Handwritten Prescription BD dataset/Training/training_words/388.png,Bacaid,Baclofen,train
data/metadata/Doctor’s Handwritten Prescription BD dataset/Training/training_words/389.png,Bacaid,Baclofen,train
data/metadata/Doctor’s Handwritten Prescription BD dataset/Training/training_words/390.png,Bacaid,Baclofen,train
data/metadata/Doctor’s Handwritten Prescription BD dataset/Training/training_words/391.png,Bacaid,Baclofen,train
data/metadata/Doctor’s Handwritten Prescription BD dataset/Training/training_words/392.png,Bacaid,Baclofen,train
data/metadata/Doctor’s Handwritten Prescription BD dataset/Training/training_words/393.png,Bacaid,Baclofen,train
data/metadata/Doctor’s Handwritten Prescription BD dataset/Training/training_words/394.png,Bacaid,Baclofen,train
data/metadata/Doctor’s Handwritten Prescription BD dataset/Training/training_words/395.png,Bacaid,Baclofen,train
data/metadata/Doctor’s Handwritten Prescription BD dataset/Training/training_words/396.png,Bacaid,Baclofen,train
data/metadata/Doctor’s Handwritten Prescription BD dataset/Training/training_words/397.png,Bacaid,Baclofen,train
data/metadata/Doctor’s Handwritten Prescription BD dataset/Training/training_words/398.png,Bacaid,Baclofen,train
data/metadata/Doctor’s Handwritten Prescription BD dataset/Training/training_words/399.png,Bacaid,Baclofen,train
data/metadata/Doctor’s Handwritten Prescription BD dataset/Training/training_words/400.png,Backtone,Baclofen,train
data/metadata/Doctor’s Handwritten Prescription BD dataset/Training/training_words/401.png,Backtone,Baclofen,train
data/metadata/Doctor’s Handwritten Prescription BD dataset/Training/training_words/402.png,Backtone,Baclofen,train
data/metadata/Doctor’s Handwritten Prescription BD dataset/Training/training_words/403.png,Backtone,Baclofen,train
data/metadata/Doctor’s Handwritten Prescription BD dataset/Training/training_words/404.png,Backtone,Baclofen,train
data/metadata/Doctor’s Handwritten Prescription BD dataset/Training/training_words/405.png,Backtone,Baclofen,train
data/metadata/Doctor’s Handwritten Prescription BD dataset/Training/training_words/406.png,Backtone,Baclofen,train
data/metadata/Doctor’s Handwritten Prescription BD dataset/Training/training_words/407.png,Backtone,Baclofen,train
data/metadata/Doctor’s Handwritten Prescription BD dataset/Training/training_words/408.png,Backtone,Baclofen,train
data/metadata/Doctor’s Handwritten Prescription BD dataset/Training/training_words/409.png,Backtone,Baclofen,train
data/metadata/Doctor’s Handwritten Prescription BD dataset/Training/training_words/410.png,Backtone,Baclofen,train
data/metadata/Doctor’s Handwritten Prescription BD dataset/Training/training_words/411.png,Backtone,Baclofen,train
data/metadata/Doctor’s Handwritten Prescription BD dataset/Training/training_words/412.png,Backtone,Baclofen,train
data/metadata/Doctor’s Handwritten Prescription BD dataset/Training/training_words/413.png,Backtone,Baclofen,train
data/metadata/Doctor’s Handwritten Prescription BD dataset/Training/training_words/414.png,Backtone,Baclofen,train
data/metadata/Doctor’s Handwritten Prescription BD dataset/Training/training_words/415.png,Backtone,Baclofen,train
data/metadata/Doctor’s Handwritten Prescription BD dataset/Training/training_words/416.png,Backtone,Baclofen,train
data/metadata/Doctor’s Handwritten Prescription BD dataset/Training/training_words/417.png,Backtone,Baclofen,train
data/metadata/Doctor’s Handwritten Prescription BD dataset/Training/training_words/418.png,Backtone,Baclofen,train
data/metadata/Doctor’s Handwritten Prescription BD dataset/Training/training_words/419.png,Backtone,Baclofen,train
data/metadata/Doctor’s Handwritten Prescription BD dataset/Training/training_words/420.png,Backtone,Baclofen,train
data/metadata/Doctor’s Handwritten Prescription BD dataset/Training/training_words/421.png,Backtone,Baclofen,train
data/metadata/Doctor’s Handwritten Prescription BD dataset/Training/training_words/422.png,Backtone,Baclofen,train
data/metadata/Doctor’s Handwritten Prescription BD dataset/Training/training_words/423.png,Backtone,Baclofen,train
data/metadata/Doctor’s Handwritten Prescription BD dataset/Training/training_words/424.png,Backtone,Baclofen,train
data/metadata/Doctor’s Handwritten Prescription BD dataset/Training/training_words/425.png,Backtone,Baclofen,train
data/metadata/Doctor’s Handwritten Prescription BD dataset/Training/training_words/426.png,Backtone,Baclofen,train
data/metadata/Doctor’s Handwritten Prescription BD dataset/Training/training_words/427.png,Backtone,Baclofen,train
data/metadata/Doctor’s Handwritten Prescription BD dataset/Training/training_words/428.png,Backtone,Baclofen,train
data/metadata/Doctor’s Handwritten Prescription BD dataset/Training/training_words/429.png,Backtone,Baclofen,train
data/metadata/Doctor’s Handwritten Prescription BD dataset/Training/training_words/430.png,Backtone,Baclofen,train
data/metadata/Doctor’s Handwritten Prescription BD dataset/Training/training_words/431.png,Backtone,Baclofen,train
data/metadata/Doctor’s Handwritten Prescription BD dataset/Training/training_words/432.png,Backtone,Baclofen,train
data/metadata/Doctor’s Handwritten Prescription BD dataset/Training/training_words/433.png,Backtone,Baclofen,train
data/metadata/Doctor’s Handwritten Prescription BD dataset/Training/training_words/434.png,Backtone,Baclofen,train
data/metadata/Doctor’s Handwritten Prescription BD dataset/Training/training_words/435.png,Backtone,Baclofen,train
data/metadata/Doctor’s Handwritten Prescription BD dataset/Training/training_words/436.png,Backtone,Baclofen,train
data/metadata/Doctor’s Handwritten Prescription BD dataset/Training/training_words/437.png,Backtone,Baclofen,train
data/metadata/Doctor’s Handwritten Prescription BD dataset/Training/training_words/438.png,Backtone,Baclofen,train
data/metadata/Doctor’s Handwritten Prescription BD dataset/Training/training_words/439.png,Backtone,Baclofen,train
data/metadata/Doctor’s Handwritten Prescription BD dataset/Training/training_words/440.png,Baclofen,Baclofen,train
data/metadata/Doctor’s Handwritten Prescription BD dataset/Training/training_words/441.png,Baclofen,Baclofen,train
data/metadata/Doctor’s Handwritten Prescription BD dataset/Training/training_words/442.png,Baclofen,Baclofen,train
data/metadata/Doctor’s Handwritten Prescription BD dataset/Training/training_words/443.png,Baclofen,Baclofen,train
data/metadata/Doctor’s Handwritten Prescription BD dataset/Training/training_words/444.png,Baclofen,Baclofen,train
data/metadata/Doctor’s Handwritten Prescription BD dataset/Training/training_words/445.png,Baclofen,Baclofen,train
data/metadata/Doctor’s Handwritten Prescription BD dataset/Training/training_words/446.png,Baclofen,Baclofen,train
data/metadata/Doctor’s Handwritten Prescription BD dataset/Training/training_words/447.png,Baclofen,Baclofen,train
data/metadata/Doctor’s Handwritten Prescription BD dataset/Training/training_words/448.png,Baclofen,Baclofen,train
data/metadata/Doctor’s Handwritten Prescription BD dataset/Training/training_words/449.png,Baclofen,Baclofen,train
data/metadata/Doctor’s Handwritten Prescription BD dataset/Training/training_words/450.png,Baclofen,Baclofen,train
data/metadata/Doctor’s Handwritten Prescription BD dataset/Training/training_words/451.png,Baclofen,Baclofen,train
data/metadata/Doctor’s Handwritten Prescription BD dataset/Training/training_words/452.png,Baclofen,Baclofen,train
data/metadata/Doctor’s Handwritten Prescription BD dataset/Training/training_words/453.png,Baclofen,Baclofen,train
data/metadata/Doctor’s Handwritten Prescription BD dataset/Training/training_words/454.png,Baclofen,Baclofen,train
data/metadata/Doctor’s Handwritten Prescription BD dataset/Training/training_words/455.png,Baclofen,Baclofen,train
data/metadata/Doctor’s Handwritten Prescription BD dataset/Training/training_words/456.png,Baclofen,Baclofen,train
data/metadata/Doctor’s Handwritten Prescription BD dataset/Training/training_words/457.png,Baclofen,Baclofen,train
data/metadata/Doctor’s Handwritten Prescription BD dataset/Training/training_words/458.png,Baclofen,Baclofen,train
data/metadata/Doctor’s Handwritten Prescription BD dataset/Training/training_words/459.png,Baclofen,Baclofen,train
data/metadata/Doctor’s Handwritten Prescription BD dataset/Training/training_words/460.png,Baclofen,Baclofen,train
data/metadata/Doctor’s Handwritten Prescription BD dataset/Training/training_words/461.png,Baclofen,Baclofen,train
data/metadata/Doctor’s Handwritten Prescription BD dataset/Training/training_words/462.png,Baclofen,Baclofen,train
data/metadata/Doctor’s Handwritten Prescription BD dataset/Training/training_words/463.png,Baclofen,Baclofen,train
data/metadata/Doctor’s Handwritten Prescription BD dataset/Training/training_words/464.png,Baclofen,Baclofen,train
data/metadata/Doctor’s Handwritten Prescription BD dataset/Training/training_words/465.png,Baclofen,Baclofen,train
data/metadata/Doctor’s Handwritten Prescription BD dataset/Training/training_words/466.png,Baclofen,Baclofen,train
data/metadata/Doctor’s Handwritten Prescription BD dataset/Training/training_words/467.png,Baclofen,Baclofen,train
data/metadata/Doctor’s Handwritten Prescription BD dataset/Training/training_words/468.png,Baclofen,Baclofen,train
data/metadata/Doctor’s Handwritten Prescription BD dataset/Training/training_words/469.png,Baclofen,Baclofen,train
data/metadata/Doctor’s Handwritten Prescription BD dataset/Training/training_words/470.png,Baclofen,Baclofen,train
data/metadata/Doctor’s Handwritten Prescription BD dataset/Training/training_words/471.png,Baclofen,Baclofen,train
data/metadata/Doctor’s Handwritten Prescription BD dataset/Training/training_words/472.png,Baclofen,Baclofen,train
data/metadata/Doctor’s Handwritten Prescription BD dataset/Training/training_words/473.png,Baclofen,Baclofen,train
data/metadata/Doctor’s Handwritten Prescription BD dataset/Training/training_words/474.png,Baclofen,Baclofen,train
data/metadata/Doctor’s Handwritten Prescription BD dataset/Training/training_words/475.png,Baclofen,Baclofen,train
data/metadata/Doctor’s Handwritten Prescription BD dataset/Training/training_words/476.png,Baclofen,Baclofen,train
data/metadata/Doctor’s Handwritten Prescription BD dataset/Training/training_words/477.png,Baclofen,Baclofen,train
data/metadata/Doctor’s Handwritten Prescription BD dataset/Training/training_words/478.png,Baclofen,Baclofen,train
data/metadata/Doctor’s Handwritten Prescription BD dataset/Training/training_words/479.png,Baclofen,Baclofen,train
data/metadata/Doctor’s Handwritten Prescription BD dataset/Training/training_words/480.png,Baclon,Baclofen,train
data/metadata/Doctor’s Handwritten Prescription BD dataset/Training/training_words/481.png,Baclon,Baclofen,train
data/metadata/Doctor’s Handwritten Prescription BD dataset/Training/training_words/482.png,Baclon,Baclofen,train
data/metadata/Doctor’s Handwritten Prescription BD dataset/Training/training_words/483.png,Baclon,Baclofen,train
data/metadata/Doctor’s Handwritten Prescription BD dataset/Training/training_words/484.png,Baclon,Baclofen,train
data/metadata/Doctor’s Handwritten Prescription BD dataset/Training/training_words/485.png,Baclon,Baclofen,train
data/metadata/Doctor’s Handwritten Prescription BD dataset/Training/training_words/486.png,Baclon,Baclofen,train
data/metadata/Doctor’s Handwritten Prescription BD dataset/Training/training_words/487.png,Baclon,Baclofen,train
data/metadata/Doctor’s Handwritten Prescription BD dataset/Training/training_words/488.png,Baclon,Baclofen,train
data/metadata/Doctor’s Handwritten Prescription BD dataset/Training/training_words/489.png,Baclon,Baclofen,train
data/metadata/Doctor’s Handwritten Prescription BD dataset/Training/training_words/490.png,Baclon,Baclofen,train
data/metadata/Doctor’s Handwritten Prescription BD dataset/Training/training_words/491.png,Baclon,Baclofen,train
data/metadata/Doctor’s Handwritten Prescription BD dataset/Training/training_words/492.png,Baclon,Baclofen,train
data/metadata/Doctor’s Handwritten Prescription BD dataset/Training/training_words/493.png,Baclon,Baclofen,train
data/metadata/Doctor’s Handwritten Prescription BD dataset/Training/training_words/494.png,Baclon,Baclofen,train
data/metadata/Doctor’s Handwritten Prescription BD dataset/Training/training_words/495.png,Baclon,Baclofen,train
data/metadata/Doctor’s Handwritten Prescription BD dataset/Training/training_words/496.png,Baclon,Baclofen,train
data/metadata/Doctor’s Handwritten Prescription BD dataset/Training/training_words/497.png,Baclon,Baclofen,train
data/metadata/Doctor’s Handwritten Prescription BD dataset/Training/training_words/498.png,Baclon,Baclofen,train
data/metadata/Doctor’s Handwritten Prescription BD dataset/Training/training_words/499.png,Baclon,Baclofen,train
data/metadata/Doctor’s Handwritten Prescription BD dataset/Training/training_words/500.png,Baclon,Baclofen,train
data/metadata/Doctor’s Handwritten Prescription BD dataset/Training/training_words/501.png,Baclon,Baclofen,train
data/metadata/Doctor’s Handwritten Prescription BD dataset/Training/training_words/502.png,Baclon,Baclofen,train
data/metadata/Doctor’s Handwritten Prescription BD dataset/Training/training_words/503.png,Baclon,Baclofen,train
data/metadata/Doctor’s Handwritten Prescription BD dataset/Training/training_words/504.png,Baclon,Baclofen,train
data/metadata/Doctor’s Handwritten Prescription BD dataset/Training/training_words/505.png,Baclon,Baclofen,train
data/metadata/Doctor’s Handwritten Prescription BD dataset/Training/training_words/506.png,Baclon,Baclofen,train
data/metadata/Doctor’s Handwritten Prescription BD dataset/Training/training_words/507.png,Baclon,Baclofen,train
data/metadata/Doctor’s Handwritten Prescription BD dataset/Training/training_words/508.png,Baclon,Baclofen,train
data/metadata/Doctor’s Handwritten Prescription BD dataset/Training/training_words/509.png,Baclon,Baclofen,train
data/metadata/Doctor’s Handwritten Prescription BD dataset/Training/training_words/510.png,Baclon,Baclofen,train
data/metadata/Doctor’s Handwritten Prescription BD dataset/Training/training_words/511.png,Baclon,Baclofen,train
data/metadata/Doctor’s Handwritten Prescription BD dataset/Training/training_words/512.png,Baclon,Baclofen,train
data/metadata/Doctor’s Handwritten Prescription BD dataset/Training/training_words/513.png,Baclon,Baclofen,train
data/metadata/Doctor’s Handwritten Prescription BD dataset/Training/training_words/514.png,Baclon,Baclofen,train
data/metadata/Doctor’s Handwritten Prescription BD dataset/Training/training_words/515.png,Baclon,Baclofen,train
data/metadata/Doctor’s Handwritten Prescription BD dataset/Training/training_words/516.png,Baclon,Baclofen,train
data/metadata/Doctor’s Handwritten Prescription BD dataset/Training/training_words/517.png,Baclon,Baclofen,train
data/metadata/Doctor’s Handwritten Prescription BD dataset/Training/training_words/518.png,Baclon,Baclofen,train
data/metadata/Doctor’s Handwritten Prescription BD dataset/Training/training_words/519.png,Baclon,Baclofen,train
data/metadata/Doctor’s Handwritten Prescription BD dataset/Training/training_words/520.png,Bacmax,Baclofen,train
data/metadata/Doctor’s Handwritten Prescription BD dataset/Training/training_words/521.png,Bacmax,Baclofen,train
data/metadata/Doctor’s Handwritten Prescription BD dataset/Training/training_words/522.png,Bacmax,Baclofen,train
data/metadata/Doctor’s Handwritten Prescription BD dataset/Training/training_words/523.png,Bacmax,Baclofen,train
data/metadata/Doctor’s Handwritten Prescription BD dataset/Training/training_words/524.png,Bacmax,Baclofen,train
data/metadata/Doctor’s Handwritten Prescription BD dataset/Training/training_words/525.png,Bacmax,Baclofen,train
data/metadata/Doctor’s Handwritten Prescription BD dataset/Training/training_words/526.png,Bacmax,Baclofen,train
data/metadata/Doctor’s Handwritten Prescription BD dataset/Training/training_words/527.png,Bacmax,Baclofen,train
data/metadata/Doctor’s Handwritten Prescription BD dataset/Training/training_words/528.png,Bacmax,Baclofen,train
data/metadata/Doctor’s Handwritten Prescription BD dataset/Training/training_words/529.png,Bacmax,Baclofen,train
data/metadata/Doctor’s Handwritten Prescription BD dataset/Training/training_words/530.png,Bacmax,Baclofen,train
data/metadata/Doctor’s Handwritten Prescription BD dataset/Training/training_words/531.png,Bacmax,Baclofen,train
data/metadata/Doctor’s Handwritten Prescription BD dataset/Training/training_words/532.png,Bacmax,Baclofen,train
data/metadata/Doctor’s Handwritten Prescription BD dataset/Training/training_words/533.png,Bacmax,Baclofen,train
data/metadata/Doctor’s Handwritten Prescription BD dataset/Training/training_words/534.png,Bacmax,Baclofen,train
data/metadata/Doctor’s Handwritten Prescription BD dataset/Training/training_words/535.png,Bacmax,Baclofen,train
data/metadata/Doctor’s Handwritten Prescription BD dataset/Training/training_words/536.png,Bacmax,Baclofen,train
data/metadata/Doctor’s Handwritten Prescription BD dataset/Training/training_words/537.png,Bacmax,Baclofen,train
data/metadata/Doctor’s Handwritten Prescription BD dataset/Training/training_words/538.png,Bacmax,Baclofen,train
data/metadata/Doctor’s Handwritten Prescription BD dataset/Training/training_words/539.png,Bacmax,Baclofen,train
data/metadata/Doctor’s Handwritten Prescription BD dataset/Training/training_words/540.png,Bacmax,Baclofen,train
data/metadata/Doctor’s Handwritten Prescription BD dataset/Training/training_words/541.png,Bacmax,Baclofen,train
data/metadata/Doctor’s Handwritten Prescription BD dataset/Training/training_words/542.png,Bacmax,Baclofen,train
data/metadata/Doctor’s Handwritten Prescription BD dataset/Training/training_words/543.png,Bacmax,Baclofen,train
data/metadata/Doctor’s Handwritten Prescription BD dataset/Training/training_words/544.png,Bacmax,Baclofen,train
data/metadata/Doctor’s Handwritten Prescription BD dataset/Training/training_words/545.png,Bacmax,Baclofen,train
data/metadata/Doctor’s Handwritten Prescription BD dataset/Training/training_words/546.png,Bacmax,Baclofen,train
data/metadata/Doctor’s Handwritten Prescription BD dataset/Training/training_words/547.png,Bacmax,Baclofen,train
data/metadata/Doctor’s Handwritten Prescription BD dataset/Training/training_words/548.png,Bacmax,Baclofen,train
data/metadata/Doctor’s Handwritten Prescription BD dataset/Training/training_words/549.png,Bacmax,Baclofen,train
data/metadata/Doctor’s Handwritten Prescription BD dataset/Training/training_words/550.png,Bacmax,Baclofen,train
data/metadata/Doctor’s Handwritten Prescription BD dataset/Training/training_words/551.png,Bacmax,Baclofen,train
data/metadata/Doctor’s Handwritten Prescription BD dataset/Training/training_words/552.png,Bacmax,Baclofen,train
data/metadata/Doctor’s Handwritten Prescription BD dataset/Training/training_words/553.png,Bacmax,Baclofen,train
data/metadata/Doctor’s Handwritten Prescription BD dataset/Training/training_words/554.png,Bacmax,Baclofen,train
data/metadata/Doctor’s Handwritten Prescription BD dataset/Training/training_words/555.png,Bacmax,Baclofen,train
data/metadata/Doctor’s Handwritten Prescription BD dataset/Training/training_words/556.png,Bacmax,Baclofen,train
data/metadata/Doctor’s Handwritten Prescription BD dataset/Training/training_words/557.png,Bacmax,Baclofen,train
data/metadata/Doctor’s Handwritten Prescription BD dataset/Training/training_words/558.png,Bacmax,Baclofen,train
data/metadata/Doctor’s Handwritten Prescription BD dataset/Training/training_words/559.png,Bacmax,Baclofen,train
data/metadata/Doctor’s Handwritten Prescription BD dataset/Training/training_words/560.png,Beklo,Baclofen,train
data/metadata/Doctor’s Handwritten Prescription BD dataset/Training/training_words/561.png,Beklo,Baclofen,train
data/metadata/Doctor’s Handwritten Prescription BD dataset/Training/training_words/562.png,Beklo,Baclofen,train
data/metadata/Doctor’s Handwritten Prescription BD dataset/Training/training_words/563.png,Beklo,Baclofen,train
data/metadata/Doctor’s Handwritten Prescription BD dataset/Training/training_words/564.png,Beklo,Baclofen,train
data/metadata/Doctor’s Handwritten Prescription BD dataset/Training/training_words/565.png,Beklo,Baclofen,train
data/metadata/Doctor’s Handwritten Prescription BD dataset/Training/training_words/566.png,Beklo,Baclofen,train
data/metadata/Doctor’s Handwritten Prescription BD dataset/Training/training_words/567.png,Beklo,Baclofen,train
data/metadata/Doctor’s Handwritten Prescription BD dataset/Training/training_words/568.png,Beklo,Baclofen,train
data/metadata/Doctor’s Handwritten Prescription BD dataset/Training/training_words/569.png,Beklo,Baclofen,train
data/metadata/Doctor’s Handwritten Prescription BD dataset/Training/training_words/570.png,Beklo,Baclofen,train
data/metadata/Doctor’s Handwritten Prescription BD dataset/Training/training_words/571.png,Beklo,Baclofen,train
data/metadata/Doctor’s Handwritten Prescription BD dataset/Training/training_words/572.png,Beklo,Baclofen,train
data/metadata/Doctor’s Handwritten Prescription BD dataset/Training/training_words/573.png,Beklo,Baclofen,train
data/metadata/Doctor’s Handwritten Prescription BD dataset/Training/training_words/574.png,Beklo,Baclofen,train
data/metadata/Doctor’s Handwritten Prescription BD dataset/Training/training_words/575.png,Beklo,Baclofen,train
data/metadata/Doctor’s Handwritten Prescription BD dataset/Training/training_words/576.png,Beklo,Baclofen,train
data/metadata/Doctor’s Handwritten Prescription BD dataset/Training/training_words/577.png,Beklo,Baclofen,train
data/metadata/Doctor’s Handwritten Prescription BD dataset/Training/training_words/578.png,Beklo,Baclofen,train
data/metadata/Doctor’s Handwritten Prescription BD dataset/Training/training_words/579.png,Beklo,Baclofen,train
data/metadata/Doctor’s Handwritten Prescription BD dataset/Training/training_words/580.png,Beklo,Baclofen,train
data/metadata/Doctor’s Handwritten Prescription BD dataset/Training/training_words/581.png,Beklo,Baclofen,train
data/metadata/Doctor’s Handwritten Prescription BD dataset/Training/training_words/582.png,Beklo,Baclofen,train
data/metadata/Doctor’s Handwritten Prescription BD dataset/Training/training_words/583.png,Beklo,Baclofen,train
data/metadata/Doctor’s Handwritten Prescription BD dataset/Training/training_words/584.png,Beklo,Baclofen,train
data/metadata/Doctor’s Handwritten Prescription BD dataset/Training/training_words/585.png,Beklo,Baclofen,train
data/metadata/Doctor’s Handwritten Prescription BD dataset/Training/training_words/586.png,Beklo,Baclofen,train
data/metadata/Doctor’s Handwritten Prescription BD dataset/Training/training_words/587.png,Beklo,Baclofen,train
data/metadata/Doctor’s Handwritten Prescription BD dataset/Training/training_words/588.png,Beklo,Baclofen,train
data/metadata/Doctor’s Handwritten Prescription BD dataset/Training/training_words/589.png,Beklo,Baclofen,train
data/metadata/Doctor’s Handwritten Prescription BD dataset/Training/training_words/590.png,Beklo,Baclofen,train
data/metadata/Doctor’s Handwritten Prescription BD dataset/Training/training_words/591.png,Beklo,Baclofen,train
data/metadata/Doctor’s Handwritten Prescription BD dataset/Training/training_words/592.png,Beklo,Baclofen,train
data/metadata/Doctor’s Handwritten Prescription BD dataset/Training/training_words/593.png,Beklo,Baclofen,train
data/metadata/Doctor’s Handwritten Prescription BD dataset/Training/training_words/594.png,Beklo,Baclofen,train
data/metadata/Doctor’s Handwritten Prescription BD dataset/Training/training_words/595.png,Beklo,Baclofen,train
data/metadata/Doctor’s Handwritten Prescription BD dataset/Training/training_words/596.png,Beklo,Baclofen,train
data/metadata/Doctor’s Handwritten Prescription BD dataset/Training/training_words/597.png,Beklo,Baclofen,train
data/metadata/Doctor’s Handwritten Prescription BD dataset/Training/training_words/598.png,Beklo,Baclofen,train
data/metadata/Doctor’s Handwritten Prescription BD dataset/Training/training_words/599.png,Beklo,Baclofen,train
data/metadata/Doctor’s Handwritten Prescription BD dataset/Training/training_words/600.png,Bicozin,Vitamin B Complex + Zinc,train
data/metadata/Doctor’s Handwritten Prescription BD dataset/Training/training_words/601.png,Bicozin,Vitamin B Complex + Zinc,train
data/metadata/Doctor’s Handwritten Prescription BD dataset/Training/training_words/602.png,Bicozin,Vitamin B Complex + Zinc,train
data/metadata/Doctor’s Handwritten Prescription BD dataset/Training/training_words/603.png,Bicozin,Vitamin B Complex + Zinc,train
data/metadata/Doctor’s Handwritten Prescription BD dataset/Training/training_words/604.png,Bicozin,Vitamin B Complex + Zinc,train
data/metadata/Doctor’s Handwritten Prescription BD dataset/Training/training_words/605.png,Bicozin,Vitamin B Complex + Zinc,train
data/metadata/Doctor’s Handwritten Prescription BD dataset/Training/training_words/606.png,Bicozin,Vitamin B Complex + Zinc,train
data/metadata/Doctor’s Handwritten Prescription BD dataset/Training/training_words/607.png,Bicozin,Vitamin B Complex + Zinc,train
data/metadata/Doctor’s Handwritten Prescription BD dataset/Training/training_words/608.png,Bicozin,Vitamin B Complex + Zinc,train
data/metadata/Doctor’s Handwritten Prescription BD dataset/Training/training_words/609.png,Bicozin,Vitamin B Complex + Zinc,train
data/metadata/Doctor’s Handwritten Prescription BD dataset/Training/training_words/610.png,Bicozin,Vitamin B Complex + Zinc,train
data/metadata/Doctor’s Handwritten Prescription BD dataset/Training/training_words/611.png,Bicozin,Vitamin B Complex + Zinc,train
data/metadata/Doctor’s Handwritten Prescription BD dataset/Training/training_words/612.png,Bicozin,Vitamin B Complex + Zinc,train
data/metadata/Doctor’s Handwritten Prescription BD dataset/Training/training_words/613.png,Bicozin,Vitamin B Complex + Zinc,train
data/metadata/Doctor’s Handwritten Prescription BD dataset/Training/training_words/614.png,Bicozin,Vitamin B Complex + Zinc,train
data/metadata/Doctor’s Handwritten Prescription BD dataset/Training/training_words/615.png,Bicozin,Vitamin B Complex + Zinc,train
data/metadata/Doctor’s Handwritten Prescription BD dataset/Training/training_words/616.png,Bicozin,Vitamin B Complex + Zinc,train
data/metadata/Doctor’s Handwritten Prescription BD dataset/Training/training_words/617.png,Bicozin,Vitamin B Complex + Zinc,train
data/metadata/Doctor’s Handwritten Prescription BD dataset/Training/training_words/618.png,Bicozin,Vitamin B Complex + Zinc,train
data/metadata/Doctor’s Handwritten Prescription BD dataset/Training/training_words/619.png,Bicozin,Vitamin B Complex + Zinc,train
data/metadata/Doctor’s Handwritten Prescription BD dataset/Training/training_words/620.png,Bicozin,Vitamin B Complex + Zinc,train
data/metadata/Doctor’s Handwritten Prescription BD dataset/Training/training_words/621.png,Bicozin,Vitamin B Complex + Zinc,train
data/metadata/Doctor’s Handwritten Prescription BD dataset/Training/training_words/622.png,Bicozin,Vitamin B Complex + Zinc,train
data/metadata/Doctor’s Handwritten Prescription BD dataset/Training/training_words/623.png,Bicozin,Vitamin B Complex + Zinc,train
data/metadata/Doctor’s Handwritten Prescription BD dataset/Training/training_words/624.png,Bicozin,Vitamin B Complex + Zinc,train
data/metadata/Doctor’s Handwritten Prescription BD dataset/Training/training_words/625.png,Bicozin,Vitamin B Complex + Zinc,train
data/metadata/Doctor’s Handwritten Prescription BD dataset/Training/training_words/626.png,Bicozin,Vitamin B Complex + Zinc,train
data/metadata/Doctor’s Handwritten Prescription BD dataset/Training/training_words/627.png,Bicozin,Vitamin B Complex + Zinc,train
data/metadata/Doctor’s Handwritten Prescription BD dataset/Training/training_words/628.png,Bicozin,Vitamin B Complex + Zinc,train
data/metadata/Doctor’s Handwritten Prescription BD dataset/Training/training_words/629.png,Bicozin,Vitamin B Complex + Zinc,train
data/metadata/Doctor’s Handwritten Prescription BD dataset/Training/training_words/630.png,Bicozin,Vitamin B Complex + Zinc,train
data/metadata/Doctor’s Handwritten Prescription BD dataset/Training/training_words/631.png,Bicozin,Vitamin B Complex + Zinc,train
data/metadata/Doctor’s Handwritten Prescription BD dataset/Training/training_words/632.png,Bicozin,Vitamin B Complex + Zinc,train
data/metadata/Doctor’s Handwritten Prescription BD dataset/Training/training_words/633.png,Bicozin,Vitamin B Complex + Zinc,train
data/metadata/Doctor’s Handwritten Prescription BD dataset/Training/training_words/634.png,Bicozin,Vitamin B Complex + Zinc,train
data/metadata/Doctor’s Handwritten Prescription BD dataset/Training/training_words/635.png,Bicozin,Vitamin B Complex + Zinc,train
data/metadata/Doctor’s Handwritten Prescription BD dataset/Training/training_words/636.png,Bicozin,Vitamin B Complex + Zinc,train
data/metadata/Doctor’s Handwritten Prescription BD dataset/Training/training_words/637.png,Bicozin,Vitamin B Complex + Zinc,train
data/metadata/Doctor’s Handwritten Prescription BD dataset/Training/training_words/638.png,Bicozin,Vitamin B Complex + Zinc,train
data/metadata/Doctor’s Handwritten Prescription BD dataset/Training/training_words/639.png,Bicozin,Vitamin B Complex + Zinc,train
data/metadata/Doctor’s Handwritten Prescription BD dataset/Training/training_words/640.png,Canazole,Fluconazole,train
data/metadata/Doctor’s Handwritten Prescription BD dataset/Training/training_words/641.png,Canazole,Fluconazole,train
data/metadata/Doctor’s Handwritten Prescription BD dataset/Training/training_words/642.png,Canazole,Fluconazole,train
data/metadata/Doctor’s Handwritten Prescription BD dataset/Training/training_words/643.png,Canazole,Fluconazole,train
data/metadata/Doctor’s Handwritten Prescription BD dataset/Training/training_words/644.png,Canazole,Fluconazole,train
data/metadata/Doctor’s Handwritten Prescription BD dataset/Training/training_words/645.png,Canazole,Fluconazole,train
data/metadata/Doctor’s Handwritten Prescription BD dataset/Training/training_words/646.png,Canazole,Fluconazole,train
data/metadata/Doctor’s Handwritten Prescription BD dataset/Training/training_words/647.png,Canazole,Fluconazole,train
data/metadata/Doctor’s Handwritten Prescription BD dataset/Training/training_words/648.png,Canazole,Fluconazole,train
data/metadata/Doctor’s Handwritten Prescription BD dataset/Training/training_words/649.png,Canazole,Fluconazole,train
data/metadata/Doctor’s Handwritten Prescription BD dataset/Training/training_words/650.png,Canazole,Fluconazole,train
data/metadata/Doctor’s Handwritten Prescription BD dataset/Training/training_words/651.png,Canazole,Fluconazole,train
data/metadata/Doctor’s Handwritten Prescription BD dataset/Training/training_words/652.png,Canazole,Fluconazole,train
data/metadata/Doctor’s Handwritten Prescription BD dataset/Training/training_words/653.png,Canazole,Fluconazole,train
data/metadata/Doctor’s Handwritten Prescription BD dataset/Training/training_words/654.png,Canazole,Fluconazole,train
data/metadata/Doctor’s Handwritten Prescription BD dataset/Training/training_words/655.png,Canazole,Fluconazole,train
data/metadata/Doctor’s Handwritten Prescription BD dataset/Training/training_words/656.png,Canazole,Fluconazole,train
data/metadata/Doctor’s Handwritten Prescription BD dataset/Training/training_words/657.png,Canazole,Fluconazole,train
data/metadata/Doctor’s Handwritten Prescription BD dataset/Training/training_words/658.png,Canazole,Fluconazole,train
data/metadata/Doctor’s Handwritten Prescription BD dataset/Training/training_words/659.png,Canazole,Fluconazole,train
data/metadata/Doctor’s Handwritten Prescription BD dataset/Training/training_words/660.png,Canazole,Fluconazole,train
data/metadata/Doctor’s Handwritten Prescription BD dataset/Training/training_words/661.png,Canazole,Fluconazole,train
data/metadata/Doctor’s Handwritten Prescription BD dataset/Training/training_words/662.png,Canazole,Fluconazole,train
data/metadata/Doctor’s Handwritten Prescription BD dataset/Training/training_words/663.png,Canazole,Fluconazole,train
data/metadata/Doctor’s Handwritten Prescription BD dataset/Training/training_words/664.png,Canazole,Fluconazole,train
data/metadata/Doctor’s Handwritten Prescription BD dataset/Training/training_words/665.png,Canazole,Fluconazole,train
data/metadata/Doctor’s Handwritten Prescription BD dataset/Training/training_words/666.png,Canazole,Fluconazole,train
data/metadata/Doctor’s Handwritten Prescription BD dataset/Training/training_words/667.png,Canazole,Fluconazole,train
data/metadata/Doctor’s Handwritten Prescription BD dataset/Training/training_words/668.png,Canazole,Fluconazole,train
data/metadata/Doctor’s Handwritten Prescription BD dataset/Training/training_words/669.png,Canazole,Fluconazole,train
data/metadata/Doctor’s Handwritten Prescription BD dataset/Training/training_words/670.png,Canazole,Fluconazole,train
data/metadata/Doctor’s Handwritten Prescription BD dataset/Training/training_words/671.png,Canazole,Fluconazole,train
data/metadata/Doctor’s Handwritten Prescription BD dataset/Training/training_words/672.png,Canazole,Fluconazole,train
data/metadata/Doctor’s Handwritten Prescription BD dataset/Training/training_words/673.png,Canazole,Fluconazole,train
data/metadata/Doctor’s Handwritten Prescription BD dataset/Training/training_words/674.png,Canazole,Fluconazole,train
data/metadata/Doctor’s Handwritten Prescription BD dataset/Training/training_words/675.png,Canazole,Fluconazole,train
data/metadata/Doctor’s Handwritten Prescription BD dataset/Training/training_words/676.png,Canazole,Fluconazole,train
data/metadata/Doctor’s Handwritten Prescription BD dataset/Training/training_words/677.png,Canazole,Fluconazole,train
data/metadata/Doctor’s Handwritten Prescription BD dataset/Training/training_words/678.png,Canazole,Fluconazole,train
data/metadata/Doctor’s Handwritten Prescription BD dataset/Training/training_words/679.png,Canazole,Fluconazole,train
data/metadata/Doctor’s Handwritten Prescription BD dataset/Training/training_words/680.png,Candinil,Fluconazole,train
data/metadata/Doctor’s Handwritten Prescription BD dataset/Training/training_words/681.png,Candinil,Fluconazole,train
data/metadata/Doctor’s Handwritten Prescription BD dataset/Training/training_words/682.png,Candinil,Fluconazole,train
data/metadata/Doctor’s Handwritten Prescription BD dataset/Training/training_words/683.png,Candinil,Fluconazole,train
data/metadata/Doctor’s Handwritten Prescription BD dataset/Training/training_words/684.png,Candinil,Fluconazole,train
data/metadata/Doctor’s Handwritten Prescription BD dataset/Training/training_words/685.png,Candinil,Fluconazole,train
data/metadata/Doctor’s Handwritten Prescription BD dataset/Training/training_words/686.png,Candinil,Fluconazole,train
data/metadata/Doctor’s Handwritten Prescription BD dataset/Training/training_words/687.png,Candinil,Fluconazole,train
data/metadata/Doctor’s Handwritten Prescription BD dataset/Training/training_words/688.png,Candinil,Fluconazole,train
data/metadata/Doctor’s Handwritten Prescription BD dataset/Training/training_words/689.png,Candinil,Fluconazole,train
data/metadata/Doctor’s Handwritten Prescription BD dataset/Training/training_words/690.png,Candinil,Fluconazole,train
data/metadata/Doctor’s Handwritten Prescription BD dataset/Training/training_words/691.png,Candinil,Fluconazole,train
data/metadata/Doctor’s Handwritten Prescription BD dataset/Training/training_words/692.png,Candinil,Fluconazole,train
data/metadata/Doctor’s Handwritten Prescription BD dataset/Training/training_words/693.png,Candinil,Fluconazole,train
data/metadata/Doctor’s Handwritten Prescription BD dataset/Training/training_words/694.png,Candinil,Fluconazole,train
data/metadata/Doctor’s Handwritten Prescription BD dataset/Training/training_words/695.png,Candinil,Fluconazole,train
data/metadata/Doctor’s Handwritten Prescription BD dataset/Training/training_words/696.png,Candinil,Fluconazole,train
data/metadata/Doctor’s Handwritten Prescription BD dataset/Training/training_words/697.png,Candinil,Fluconazole,train
data/metadata/Doctor’s Handwritten Prescription BD dataset/Training/training_words/698.png,Candinil,Fluconazole,train
data/metadata/Doctor’s Handwritten Prescription BD dataset/Training/training_words/699.png,Candinil,Fluconazole,train
data/metadata/Doctor’s Handwritten Prescription BD dataset/Training/training_words/700.png,Candinil,Fluconazole,train
data/metadata/Doctor’s Handwritten Prescription BD dataset/Training/training_words/701.png,Candinil,Fluconazole,train
data/metadata/Doctor’s Handwritten Prescription BD dataset/Training/training_words/702.png,Candinil,Fluconazole,train
data/metadata/Doctor’s Handwritten Prescription BD dataset/Training/training_words/703.png,Candinil,Fluconazole,train
data/metadata/Doctor’s Handwritten Prescription BD dataset/Training/training_words/704.png,Candinil,Fluconazole,train
data/metadata/Doctor’s Handwritten Prescription BD dataset/Training/training_words/705.png,Candinil,Fluconazole,train
data/metadata/Doctor’s Handwritten Prescription BD dataset/Training/training_words/706.png,Candinil,Fluconazole,train
data/metadata/Doctor’s Handwritten Prescription BD dataset/Training/training_words/707.png,Candinil,Fluconazole,train
data/metadata/Doctor’s Handwritten Prescription BD dataset/Training/training_words/708.png,Candinil,Fluconazole,train
data/metadata/Doctor’s Handwritten Prescription BD dataset/Training/training_words/709.png,Candinil,Fluconazole,train
data/metadata/Doctor’s Handwritten Prescription BD dataset/Training/training_words/710.png,Candinil,Fluconazole,train
data/metadata/Doctor’s Handwritten Prescription BD dataset/Training/training_words/711.png,Candinil,Fluconazole,train
data/metadata/Doctor’s Handwritten Prescription BD dataset/Training/training_words/712.png,Candinil,Fluconazole,train
data/metadata/Doctor’s Handwritten Prescription BD dataset/Training/training_words/713.png,Candinil,Fluconazole,train
data/metadata/Doctor’s Handwritten Prescription BD dataset/Training/training_words/714.png,Candinil,Fluconazole,train
data/metadata/Doctor’s Handwritten Prescription BD dataset/Training/training_words/715.png,Candinil,Fluconazole,train
data/metadata/Doctor’s Handwritten Prescription BD dataset/Training/training_words/716.png,Candinil,Fluconazole,train
data/metadata/Doctor’s Handwritten Prescription BD dataset/Training/training_words/717.png,Candinil,Fluconazole,train
data/metadata/Doctor’s Handwritten Prescription BD dataset/Training/training_words/718.png,Candinil,Fluconazole,train
data/metadata/Doctor’s Handwritten Prescription BD dataset/Training/training_words/719.png,Candinil,Fluconazole,train
data/metadata/Doctor’s Handwritten Prescription BD dataset/Training/training_words/720.png,Cetisoft,Cetirizine Hydrochloride,train
data/metadata/Doctor’s Handwritten Prescription BD dataset/Training/training_words/721.png,Cetisoft,Cetirizine Hydrochloride,train
data/metadata/Doctor’s Handwritten Prescription BD dataset/Training/training_words/722.png,Cetisoft,Cetirizine Hydrochloride,train
data/metadata/Doctor’s Handwritten Prescription BD dataset/Training/training_words/723.png,Cetisoft,Cetirizine Hydrochloride,train
data/metadata/Doctor’s Handwritten Prescription BD dataset/Training/training_words/724.png,Cetisoft,Cetirizine Hydrochloride,train
data/metadata/Doctor’s Handwritten Prescription BD dataset/Training/training_words/725.png,Cetisoft,Cetirizine Hydrochloride,train
data/metadata/Doctor’s Handwritten Prescription BD dataset/Training/training_words/726.png,Cetisoft,Cetirizine Hydrochloride,train
data/metadata/Doctor’s Handwritten Prescription BD dataset/Training/training_words/727.png,Cetisoft,Cetirizine Hydrochloride,train
data/metadata/Doctor’s Handwritten Prescription BD dataset/Training/training_words/728.png,Cetisoft,Cetirizine Hydrochloride,train
data/metadata/Doctor’s Handwritten Prescription BD dataset/Training/training_words/729.png,Cetisoft,Cetirizine Hydrochloride,train
data/metadata/Doctor’s Handwritten Prescription BD dataset/Training/training_words/730.png,Cetisoft,Cetirizine Hydrochloride,train
data/metadata/Doctor’s Handwritten Prescription BD dataset/Training/training_words/731.png,Cetisoft,Cetirizine Hydrochloride,train
data/metadata/Doctor’s Handwritten Prescription BD dataset/Training/training_words/732.png,Cetisoft,Cetirizine Hydrochloride,train
data/metadata/Doctor’s Handwritten Prescription BD dataset/Training/training_words/733.png,Cetisoft,Cetirizine Hydrochloride,train
data/metadata/Doctor’s Handwritten Prescription BD dataset/Training/training_words/734.png,Cetisoft,Cetirizine Hydrochloride,train
data/metadata/Doctor’s Handwritten Prescription BD dataset/Training/training_words/735.png,Cetisoft,Cetirizine Hydrochloride,train
data/metadata/Doctor’s Handwritten Prescription BD dataset/Training/training_words/736.png,Cetisoft,Cetirizine Hydrochloride,train
data/metadata/Doctor’s Handwritten Prescription BD dataset/Training/training_words/737.png,Cetisoft,Cetirizine Hydrochloride,train
data/metadata/Doctor’s Handwritten Prescription BD dataset/Training/training_words/738.png,Cetisoft,Cetirizine Hydrochloride,train
data/metadata/Doctor’s Handwritten Prescription BD dataset/Training/training_words/739.png,Cetisoft,Cetirizine Hydrochloride,train
data/metadata/Doctor’s Handwritten Prescription BD dataset/Training/training_words/740.png,Cetisoft,Cetirizine Hydrochloride,train
data/metadata/Doctor’s Handwritten Prescription BD dataset/Training/training_words/741.png,Cetisoft,Cetirizine Hydrochloride,train
data/metadata/Doctor’s Handwritten Prescription BD dataset/Training/training_words/742.png,Cetisoft,Cetirizine Hydrochloride,train
data/metadata/Doctor’s Handwritten Prescription BD dataset/Training/training_words/743.png,Cetisoft,Cetirizine Hydrochloride,train
data/metadata/Doctor’s Handwritten Prescription BD dataset/Training/training_words/744.png,Cetisoft,Cetirizine Hydrochloride,train
data/metadata/Doctor’s Handwritten Prescription BD dataset/Training/training_words/745.png,Cetisoft,Cetirizine Hydrochloride,train
data/metadata/Doctor’s Handwritten Prescription BD dataset/Training/training_words/746.png,Cetisoft,Cetirizine Hydrochloride,train
data/metadata/Doctor’s Handwritten Prescription BD dataset/Training/training_words/747.png,Cetisoft,Cetirizine Hydrochloride,train
data/metadata/Doctor’s Handwritten Prescription BD dataset/Training/training_words/748.png,Cetisoft,Cetirizine Hydrochloride,train
data/metadata/Doctor’s Handwritten Prescription BD dataset/Training/training_words/749.png,Cetisoft,Cetirizine Hydrochloride,train
data/metadata/Doctor’s Handwritten Prescription BD dataset/Training/training_words/750.png,Cetisoft,Cetirizine Hydrochloride,train
data/metadata/Doctor’s Handwritten Prescription BD dataset/Training/training_words/751.png,Cetisoft,Cetirizine Hydrochloride,train
data/metadata/Doctor’s Handwritten Prescription BD dataset/Training/training_words/752.png,Cetisoft,Cetirizine Hydrochloride,train
data/metadata/Doctor’s Handwritten Prescription BD dataset/Training/training_words/753.png,Cetisoft,Cetirizine Hydrochloride,train
data/metadata/Doctor’s Handwritten Prescription BD dataset/Training/training_words/754.png,Cetisoft,Cetirizine Hydrochloride,train
data/metadata/Doctor’s Handwritten Prescription BD dataset/Training/training_words/755.png,Cetisoft,Cetirizine Hydrochloride,train
data/metadata/Doctor’s Handwritten Prescription BD dataset/Training/training_words/756.png,Cetisoft,Cetirizine Hydrochloride,train
data/metadata/Doctor’s Handwritten Prescription BD dataset/Training/training_words/757.png,Cetisoft,Cetirizine Hydrochloride,train
data/metadata/Doctor’s Handwritten Prescription BD dataset/Training/training_words/758.png,Cetisoft,Cetirizine Hydrochloride,train
data/metadata/Doctor’s Handwritten Prescription BD dataset/Training/training_words/759.png,Cetisoft,Cetirizine Hydrochloride,train
data/metadata/Doctor’s Handwritten Prescription BD dataset/Training/training_words/760.png,Conaz,Fluconazole,train
data/metadata/Doctor’s Handwritten Prescription BD dataset/Training/training_words/761.png,Conaz,Fluconazole,train
data/metadata/Doctor’s Handwritten Prescription BD dataset/Training/training_words/762.png,Conaz,Fluconazole,train
data/metadata/Doctor’s Handwritten Prescription BD dataset/Training/training_words/763.png,Conaz,Fluconazole,train
data/metadata/Doctor’s Handwritten Prescription BD dataset/Training/training_words/764.png,Conaz,Fluconazole,train
data/metadata/Doctor’s Handwritten Prescription BD dataset/Training/training_words/765.png,Conaz,Fluconazole,train
data/metadata/Doctor’s Handwritten Prescription BD dataset/Training/training_words/766.png,Conaz,Fluconazole,train
data/metadata/Doctor’s Handwritten Prescription BD dataset/Training/training_words/767.png,Conaz,Fluconazole,train
data/metadata/Doctor’s Handwritten Prescription BD dataset/Training/training_words/768.png,Conaz,Fluconazole,train
data/metadata/Doctor’s Handwritten Prescription BD dataset/Training/training_words/769.png,Conaz,Fluconazole,train
data/metadata/Doctor’s Handwritten Prescription BD dataset/Training/training_words/770.png,Conaz,Fluconazole,train
data/metadata/Doctor’s Handwritten Prescription BD dataset/Training/training_words/771.png,Conaz,Fluconazole,train
data/metadata/Doctor’s Handwritten Prescription BD dataset/Training/training_words/772.png,Conaz,Fluconazole,train
data/metadata/Doctor’s Handwritten Prescription BD dataset/Training/training_words/773.png,Conaz,Fluconazole,train
data/metadata/Doctor’s Handwritten Prescription BD dataset/Training/training_words/774.png,Conaz,Fluconazole,train
data/metadata/Doctor’s Handwritten Prescription BD dataset/Training/training_words/775.png,Conaz,Fluconazole,train
data/metadata/Doctor’s Handwritten Prescription BD dataset/Training/training_words/776.png,Conaz,Fluconazole,train
data/metadata/Doctor’s Handwritten Prescription BD dataset/Training/training_words/777.png,Conaz,Fluconazole,train
data/metadata/Doctor’s Handwritten Prescription BD dataset/Training/training_words/778.png,Conaz,Fluconazole,train
data/metadata/Doctor’s Handwritten Prescription BD dataset/Training/training_words/779.png,Conaz,Fluconazole,train
data/metadata/Doctor’s Handwritten Prescription BD dataset/Training/training_words/780.png,Conaz,Fluconazole,train
data/metadata/Doctor’s Handwritten Prescription BD dataset/Training/training_words/781.png,Conaz,Fluconazole,train
data/metadata/Doctor’s Handwritten Prescription BD dataset/Training/training_words/782.png,Conaz,Fluconazole,train
data/metadata/Doctor’s Handwritten Prescription BD dataset/Training/training_words/783.png,Conaz,Fluconazole,train
data/metadata/Doctor’s Handwritten Prescription BD dataset/Training/training_words/784.png,Conaz,Fluconazole,train
data/metadata/Doctor’s Handwritten Prescription BD dataset/Training/training_words/785.png,Conaz,Fluconazole,train
data/metadata/Doctor’s Handwritten Prescription BD dataset/Training/training_words/786.png,Conaz,Fluconazole,train
data/metadata/Doctor’s Handwritten Prescription BD dataset/Training/training_words/787.png,Conaz,Fluconazole,train
data/metadata/Doctor’s Handwritten Prescription BD dataset/Training/training_words/788.png,Conaz,Fluconazole,train
data/metadata/Doctor’s Handwritten Prescription BD dataset/Training/training_words/789.png,Conaz,Fluconazole,train
data/metadata/Doctor’s Handwritten Prescription BD dataset/Training/training_words/790.png,Conaz,Fluconazole,train
data/metadata/Doctor’s Handwritten Prescription BD dataset/Training/training_words/791.png,Conaz,Fluconazole,train
data/metadata/Doctor’s Handwritten Prescription BD dataset/Training/training_words/792.png,Conaz,Fluconazole,train
data/metadata/Doctor’s Handwritten Prescription BD dataset/Training/training_words/793.png,Conaz,Fluconazole,train
data/metadata/Doctor’s Handwritten Prescription BD dataset/Training/training_words/794.png,Conaz,Fluconazole,train
data/metadata/Doctor’s Handwritten Prescription BD dataset/Training/training_words/795.png,Conaz,Fluconazole,train
data/metadata/Doctor’s Handwritten Prescription BD dataset/Training/training_words/796.png,Conaz,Fluconazole,train
data/metadata/Doctor’s Handwritten Prescription BD dataset/Training/training_words/797.png,Conaz,Fluconazole,train
data/metadata/Doctor’s Handwritten Prescription BD dataset/Training/training_words/798.png,Conaz,Fluconazole,train
data/metadata/Doctor’s Handwritten Prescription BD dataset/Training/training_words/799.png,Conaz,Fluconazole,train
data/metadata/Doctor’s Handwritten Prescription BD dataset/Training/training_words/800.png,Dancel,Ketoconazole (Shampoo),train
data/metadata/Doctor’s Handwritten Prescription BD dataset/Training/training_words/801.png,Dancel,Ketoconazole (Shampoo),train
data/metadata/Doctor’s Handwritten Prescription BD dataset/Training/training_words/802.png,Dancel,Ketoconazole (Shampoo),train
data/metadata/Doctor’s Handwritten Prescription BD dataset/Training/training_words/803.png,Dancel,Ketoconazole (Shampoo),train
data/metadata/Doctor’s Handwritten Prescription BD dataset/Training/training_words/804.png,Dancel,Ketoconazole (Shampoo),train
data/metadata/Doctor’s Handwritten Prescription BD dataset/Training/training_words/805.png,Dancel,Ketoconazole (Shampoo),train
data/metadata/Doctor’s Handwritten Prescription BD dataset/Training/training_words/806.png,Dancel,Ketoconazole (Shampoo),train
data/metadata/Doctor’s Handwritten Prescription BD dataset/Training/training_words/807.png,Dancel,Ketoconazole (Shampoo),train
data/metadata/Doctor’s Handwritten Prescription BD dataset/Training/training_words/808.png,Dancel,Ketoconazole (Shampoo),train
data/metadata/Doctor’s Handwritten Prescription BD dataset/Training/training_words/809.png,Dancel,Ketoconazole (Shampoo),train
data/metadata/Doctor’s Handwritten Prescription BD dataset/Training/training_words/810.png,Dancel,Ketoconazole (Shampoo),train
data/metadata/Doctor’s Handwritten Prescription BD dataset/Training/training_words/811.png,Dancel,Ketoconazole (Shampoo),train
data/metadata/Doctor’s Handwritten Prescription BD dataset/Training/training_words/812.png,Dancel,Ketoconazole (Shampoo),train
data/metadata/Doctor’s Handwritten Prescription BD dataset/Training/training_words/813.png,Dancel,Ketoconazole (Shampoo),train
data/metadata/Doctor’s Handwritten Prescription BD dataset/Training/training_words/814.png,Dancel,Ketoconazole (Shampoo),train
data/metadata/Doctor’s Handwritten Prescription BD dataset/Training/training_words/815.png,Dancel,Ketoconazole (Shampoo),train
data/metadata/Doctor’s Handwritten Prescription BD dataset/Training/training_words/816.png,Dancel,Ketoconazole (Shampoo),train
data/metadata/Doctor’s Handwritten Prescription BD dataset/Training/training_words/817.png,Dancel,Ketoconazole (Shampoo),train
data/metadata/Doctor’s Handwritten Prescription BD dataset/Training/training_words/818.png,Dancel,Ketoconazole (Shampoo),train
data/metadata/Doctor’s Handwritten Prescription BD dataset/Training/training_words/819.png,Dancel,Ketoconazole (Shampoo),train
data/metadata/Doctor’s Handwritten Prescription BD dataset/Training/training_words/820.png,Dancel,Ketoconazole (Shampoo),train
data/metadata/Doctor’s Handwritten Prescription BD dataset/Training/training_words/821.png,Dancel,Ketoconazole (Shampoo),train
data/metadata/Doctor’s Handwritten Prescription BD dataset/Training/training_words/822.png,Dancel,Ketoconazole (Shampoo),train
data/metadata/Doctor’s Handwritten Prescription BD dataset/Training/training_words/823.png,Dancel,Ketoconazole (Shampoo),train
data/metadata/Doctor’s Handwritten Prescription BD dataset/Training/training_words/824.png,Dancel,Ketoconazole (Shampoo),train
data/metadata/Doctor’s Handwritten Prescription BD dataset/Training/training_words/825.png,Dancel,Ketoconazole (Shampoo),train
data/metadata/Doctor’s Handwritten Prescription BD dataset/Training/training_words/826.png,Dancel,Ketoconazole (Shampoo),train
data/metadata/Doctor’s Handwritten Prescription BD dataset/Training/training_words/827.png,Dancel,Ketoconazole (Shampoo),train
data/metadata/Doctor’s Handwritten Prescription BD dataset/Training/training_words/828.png,Dancel,Ketoconazole (Shampoo),train
data/metadata/Doctor’s Handwritten Prescription BD dataset/Training/training_words/829.png,Dancel,Ketoconazole (Shampoo),train
data/metadata/Doctor’s Handwritten Prescription BD dataset/Training/training_words/830.png,Dancel,Ketoconazole (Shampoo),train
data/metadata/Doctor’s Handwritten Prescription BD dataset/Training/training_words/831.png,Dancel,Ketoconazole (Shampoo),train
data/metadata/Doctor’s Handwritten Prescription BD dataset/Training/training_words/832.png,Dancel,Ketoconazole (Shampoo),train
data/metadata/Doctor’s Handwritten Prescription BD dataset/Training/training_words/833.png,Dancel,Ketoconazole (Shampoo),train
data/metadata/Doctor’s Handwritten Prescription BD dataset/Training/training_words/834.png,Dancel,Ketoconazole (Shampoo),train
data/metadata/Doctor’s Handwritten Prescription BD dataset/Training/training_words/835.png,Dancel,Ketoconazole (Shampoo),train
data/metadata/Doctor’s Handwritten Prescription BD dataset/Training/training_words/836.png,Dancel,Ketoconazole (Shampoo),train
data/metadata/Doctor’s Handwritten Prescription BD dataset/Training/training_words/837.png,Dancel,Ketoconazole (Shampoo),train
data/metadata/Doctor’s Handwritten Prescription BD dataset/Training/training_words/838.png,Dancel,Ketoconazole (Shampoo),train
data/metadata/Doctor’s Handwritten Prescription BD dataset/Training/training_words/839.png,Dancel,Ketoconazole (Shampoo),train
data/metadata/Doctor’s Handwritten Prescription BD dataset/Training/training_words/840.png,Denixil,Clonazepam,train
data/metadata/Doctor’s Handwritten Prescription BD dataset/Training/training_words/841.png,Denixil,Clonazepam,train
data/metadata/Doctor’s Handwritten Prescription BD dataset/Training/training_words/842.png,Denixil,Clonazepam,train
data/metadata/Doctor’s Handwritten Prescription BD dataset/Training/training_words/843.png,Denixil,Clonazepam,train
data/metadata/Doctor’s Handwritten Prescription BD dataset/Training/training_words/844.png,Denixil,Clonazepam,train
data/metadata/Doctor’s Handwritten Prescription BD dataset/Training/training_words/845.png,Denixil,Clonazepam,train
data/metadata/Doctor’s Handwritten Prescription BD dataset/Training/training_words/846.png,Denixil,Clonazepam,train
data/metadata/Doctor’s Handwritten Prescription BD dataset/Training/training_words/847.png,Denixil,Clonazepam,train
data/metadata/Doctor’s Handwritten Prescription BD dataset/Training/training_words/848.png,Denixil,Clonazepam,train
data/metadata/Doctor’s Handwritten Prescription BD dataset/Training/training_words/849.png,Denixil,Clonazepam,train
data/metadata/Doctor’s Handwritten Prescription BD dataset/Training/training_words/850.png,Denixil,Clonazepam,train
data/metadata/Doctor’s Handwritten Prescription BD dataset/Training/training_words/851.png,Denixil,Clonazepam,train
data/metadata/Doctor’s Handwritten Prescription BD dataset/Training/training_words/852.png,Denixil,Clonazepam,train
data/metadata/Doctor’s Handwritten Prescription BD dataset/Training/training_words/853.png,Denixil,Clonazepam,train
data/metadata/Doctor’s Handwritten Prescription BD dataset/Training/training_words/854.png,Denixil,Clonazepam,train
data/metadata/Doctor’s Handwritten Prescription BD dataset/Training/training_words/855.png,Denixil,Clonazepam,train
data/metadata/Doctor’s Handwritten Prescription BD dataset/Training/training_words/856.png,Denixil,Clonazepam,train
data/metadata/Doctor’s Handwritten Prescription BD dataset/Training/training_words/857.png,Denixil,Clonazepam,train
data/metadata/Doctor’s Handwritten Prescription BD dataset/Training/training_words/858.png,Denixil,Clonazepam,train
data/metadata/Doctor’s Handwritten Prescription BD dataset/Training/training_words/859.png,Denixil,Clonazepam,train
data/metadata/Doctor’s Handwritten Prescription BD dataset/Training/training_words/860.png,Denixil,Clonazepam,train
data/metadata/Doctor’s Handwritten Prescription BD dataset/Training/training_words/861.png,Denixil,Clonazepam,train
data/metadata/Doctor’s Handwritten Prescription BD dataset/Training/training_words/862.png,Denixil,Clonazepam,train
data/metadata/Doctor’s Handwritten Prescription BD dataset/Training/training_words/863.png,Denixil,Clonazepam,train
data/metadata/Doctor’s Handwritten Prescription BD dataset/Training/training_words/864.png,Denixil,Clonazepam,train
data/metadata/Doctor’s Handwritten Prescription BD dataset/Training/training_words/865.png,Denixil,Clonazepam,train
data/metadata/Doctor’s Handwritten Prescription BD dataset/Training/training_words/866.png,Denixil,Clonazepam,train
data/metadata/Doctor’s Handwritten Prescription BD dataset/Training/training_words/867.png,Denixil,Clonazepam,train
data/metadata/Doctor’s Handwritten Prescription BD dataset/Training/training_words/868.png,Denixil,Clonazepam,train
data/metadata/Doctor’s Handwritten Prescription BD dataset/Training/training_words/869.png,Denixil,Clonazepam,train
data/metadata/Doctor’s Handwritten Prescription BD dataset/Training/training_words/870.png,Denixil,Clonazepam,train
data/metadata/Doctor’s Handwritten Prescription BD dataset/Training/training_words/871.png,Denixil,Clonazepam,train
data/metadata/Doctor’s Handwritten Prescription BD dataset/Training/training_words/872.png,Denixil,Clonazepam,train
data/metadata/Doctor’s Handwritten Prescription BD dataset/Training/training_words/873.png,Denixil,Clonazepam,train
data/metadata/Doctor’s Handwritten Prescription BD dataset/Training/training_words/874.png,Denixil,Clonazepam,train
data/metadata/Doctor’s Handwritten Prescription BD dataset/Training/training_words/875.png,Denixil,Clonazepam,train
data/metadata/Doctor’s Handwritten Prescription BD dataset/Training/training_words/876.png,Denixil,Clonazepam,train
data/metadata/Doctor’s Handwritten Prescription BD dataset/Training/training_words/877.png,Denixil,Clonazepam,train
data/metadata/Doctor’s Handwritten Prescription BD dataset/Training/training_words/878.png,Denixil,Clonazepam,train
data/metadata/Doctor’s Handwritten Prescription BD dataset/Training/training_words/879.png,Denixil,Clonazepam,train
data/metadata/Doctor’s Handwritten Prescription BD dataset/Training/training_words/880.png,Diflu,Fluconazole,train
data/metadata/Doctor’s Handwritten Prescription BD dataset/Training/training_words/881.png,Diflu,Fluconazole,train
data/metadata/Doctor’s Handwritten Prescription BD dataset/Training/training_words/882.png,Diflu,Fluconazole,train
data/metadata/Doctor’s Handwritten Prescription BD dataset/Training/training_words/883.png,Diflu,Fluconazole,train
data/metadata/Doctor’s Handwritten Prescription BD dataset/Training/training_words/884.png,Diflu,Fluconazole,train
data/metadata/Doctor’s Handwritten Prescription BD dataset/Training/training_words/885.png,Diflu,Fluconazole,train
data/metadata/Doctor’s Handwritten Prescription BD dataset/Training/training_words/886.png,Diflu,Fluconazole,train
data/metadata/Doctor’s Handwritten Prescription BD dataset/Training/training_words/887.png,Diflu,Fluconazole,train
data/metadata/Doctor’s Handwritten Prescription BD dataset/Training/training_words/888.png,Diflu,Fluconazole,train
data/metadata/Doctor’s Handwritten Prescription BD dataset/Training/training_words/889.png,Diflu,Fluconazole,train
data/metadata/Doctor’s Handwritten Prescription BD dataset/Training/training_words/890.png,Diflu,Fluconazole,train
data/metadata/Doctor’s Handwritten Prescription BD dataset/Training/training_words/891.png,Diflu,Fluconazole,train
data/metadata/Doctor’s Handwritten Prescription BD dataset/Training/training_words/892.png,Diflu,Fluconazole,train
data/metadata/Doctor’s Handwritten Prescription BD dataset/Training/training_words/893.png,Diflu,Fluconazole,train
data/metadata/Doctor’s Handwritten Prescription BD dataset/Training/training_words/894.png,Diflu,Fluconazole,train
data/metadata/Doctor’s Handwritten Prescription BD dataset/Training/training_words/895.png,Diflu,Fluconazole,train
data/metadata/Doctor’s Handwritten Prescription BD dataset/Training/training_words/896.png,Diflu,Fluconazole,train
data/metadata/Doctor’s Handwritten Prescription BD dataset/Training/training_words/897.png,Diflu,Fluconazole,train
data/metadata/Doctor’s Handwritten Prescription BD dataset/Training/training_words/898.png,Diflu,Fluconazole,train
data/metadata/Doctor’s Handwritten Prescription BD dataset/Training/training_words/899.png,Diflu,Fluconazole,train
data/metadata/Doctor’s Handwritten Prescription BD dataset/Training/training_words/900.png,Diflu,Fluconazole,train
data/metadata/Doctor’s Handwritten Prescription BD dataset/Training/training_words/901.png,Diflu,Fluconazole,train
data/metadata/Doctor’s Handwritten Prescription BD dataset/Training/training_words/902.png,Diflu,Fluconazole,train
data/metadata/Doctor’s Handwritten Prescription BD dataset/Training/training_words/903.png,Diflu,Fluconazole,train
data/metadata/Doctor’s Handwritten Prescription BD dataset/Training/training_words/904.png,Diflu,Fluconazole,train
data/metadata/Doctor’s Handwritten Prescription BD dataset/Training/training_words/905.png,Diflu,Fluconazole,train
data/metadata/Doctor’s Handwritten Prescription BD dataset/Training/training_words/906.png,Diflu,Fluconazole,train
data/metadata/Doctor’s Handwritten Prescription BD dataset/Training/training_words/907.png,Diflu,Fluconazole,train
data/metadata/Doctor’s Handwritten Prescription BD dataset/Training/training_words/908.png,Diflu,Fluconazole,train
data/metadata/Doctor’s Handwritten Prescription BD dataset/Training/training_words/909.png,Diflu,Fluconazole,train
data/metadata/Doctor’s Handwritten Prescription BD dataset/Training/training_words/910.png,Diflu,Fluconazole,train
data/metadata/Doctor’s Handwritten Prescription BD dataset/Training/training_words/911.png,Diflu,Fluconazole,train
data/metadata/Doctor’s Handwritten Prescription BD dataset/Training/training_words/912.png,Diflu,Fluconazole,train
data/metadata/Doctor’s Handwritten Prescription BD dataset/Training/training_words/913.png,Diflu,Fluconazole,train
data/metadata/Doctor’s Handwritten Prescription BD dataset/Training/training_words/914.png,Diflu,Fluconazole,train
data/metadata/Doctor’s Handwritten Prescription BD dataset/Training/training_words/915.png,Diflu,Fluconazole,train
data/metadata/Doctor’s Handwritten Prescription BD dataset/Training/training_words/916.png,Diflu,Fluconazole,train
data/metadata/Doctor’s Handwritten Prescription BD dataset/Training/training_words/917.png,Diflu,Fluconazole,train
data/metadata/Doctor’s Handwritten Prescription BD dataset/Training/training_words/918.png,Diflu,Fluconazole,train
data/metadata/Doctor’s Handwritten Prescription BD dataset/Training/training_words/919.png,Diflu,Fluconazole,train
data/metadata/Doctor’s Handwritten Prescription BD dataset/Training/training_words/920.png,Dinafex,Fexofenadine Hydrochloride,train
data/metadata/Doctor’s Handwritten Prescription BD dataset/Training/training_words/921.png,Dinafex,Fexofenadine Hydrochloride,train
data/metadata/Doctor’s Handwritten Prescription BD dataset/Training/training_words/922.png,Dinafex,Fexofenadine Hydrochloride,train
data/metadata/Doctor’s Handwritten Prescription BD dataset/Training/training_words/923.png,Dinafex,Fexofenadine Hydrochloride,train
data/metadata/Doctor’s Handwritten Prescription BD dataset/Training/training_words/924.png,Dinafex,Fexofenadine Hydrochloride,train
data/metadata/Doctor’s Handwritten Prescription BD dataset/Training/training_words/925.png,Dinafex,Fexofenadine Hydrochloride,train
data/metadata/Doctor’s Handwritten Prescription BD dataset/Training/training_words/926.png,Dinafex,Fexofenadine Hydrochloride,train
data/metadata/Doctor’s Handwritten Prescription BD dataset/Training/training_words/927.png,Dinafex,Fexofenadine Hydrochloride,train
data/metadata/Doctor’s Handwritten Prescription BD dataset/Training/training_words/928.png,Dinafex,Fexofenadine Hydrochloride,train
data/metadata/Doctor’s Handwritten Prescription BD dataset/Training/training_words/929.png,Dinafex,Fexofenadine Hydrochloride,train
data/metadata/Doctor’s Handwritten Prescription BD dataset/Training/training_words/930.png,Dinafex,Fexofenadine Hydrochloride,train
data/metadata/Doctor’s Handwritten Prescription BD dataset/Training/training_words/931.png,Dinafex,Fexofenadine Hydrochloride,train
data/metadata/Doctor’s Handwritten Prescription BD dataset/Training/training_words/932.png,Dinafex,Fexofenadine Hydrochloride,train
data/metadata/Doctor’s Handwritten Prescription BD dataset/Training/training_words/933.png,Dinafex,Fexofenadine Hydrochloride,train
data/metadata/Doctor’s Handwritten Prescription BD dataset/Training/training_words/934.png,Dinafex,Fexofenadine Hydrochloride,train
data/metadata/Doctor’s Handwritten Prescription BD dataset/Training/training_words/935.png,Dinafex,Fexofenadine Hydrochloride,train
data/metadata/Doctor’s Handwritten Prescription BD dataset/Training/training_words/936.png,Dinafex,Fexofenadine Hydrochloride,train
data/metadata/Doctor’s Handwritten Prescription BD dataset/Training/training_words/937.png,Dinafex,Fexofenadine Hydrochloride,train
data/metadata/Doctor’s Handwritten Prescription BD dataset/Training/training_words/938.png,Dinafex,Fexofenadine Hydrochloride,train
data/metadata/Doctor’s Handwritten Prescription BD dataset/Training/training_words/939.png,Dinafex,Fexofenadine Hydrochloride,train
data/metadata/Doctor’s Handwritten Prescription BD dataset/Training/training_words/940.png,Dinafex,Fexofenadine Hydrochloride,train
data/metadata/Doctor’s Handwritten Prescription BD dataset/Training/training_words/941.png,Dinafex,Fexofenadine Hydrochloride,train
data/metadata/Doctor’s Handwritten Prescription BD dataset/Training/training_words/942.png,Dinafex,Fexofenadine Hydrochloride,train
data/metadata/Doctor’s Handwritten Prescription BD dataset/Training/training_words/943.png,Dinafex,Fexofenadine Hydrochloride,train
data/metadata/Doctor’s Handwritten Prescription BD dataset/Training/training_words/944.png,Dinafex,Fexofenadine Hydrochloride,train
data/metadata/Doctor’s Handwritten Prescription BD dataset/Training/training_words/945.png,Dinafex,Fexofenadine Hydrochloride,train
data/metadata/Doctor’s Handwritten Prescription BD dataset/Training/training_words/946.png,Dinafex,Fexofenadine Hydrochloride,train
data/metadata/Doctor’s Handwritten Prescription BD dataset/Training/training_words/947.png,Dinafex,Fexofenadine Hydrochloride,train
data/metadata/Doctor’s Handwritten Prescription BD dataset/Training/training_words/948.png,Dinafex,Fexofenadine Hydrochloride,train
data/metadata/Doctor’s Handwritten Prescription BD dataset/Training/training_words/949.png,Dinafex,Fexofenadine Hydrochloride,train
data/metadata/Doctor’s Handwritten Prescription BD dataset/Training/training_words/950.png,Dinafex,Fexofenadine Hydrochloride,train
data/metadata/Doctor’s Handwritten Prescription BD dataset/Training/training_words/951.png,Dinafex,Fexofenadine Hydrochloride,train
data/metadata/Doctor’s Handwritten Prescription BD dataset/Training/training_words/952.png,Dinafex,Fexofenadine Hydrochloride,train
data/metadata/Doctor’s Handwritten Prescription BD dataset/Training/training_words/953.png,Dinafex,Fexofenadine Hydrochloride,train
data/metadata/Doctor’s Handwritten Prescription BD dataset/Training/training_words/954.png,Dinafex,Fexofenadine Hydrochloride,train
data/metadata/Doctor’s Handwritten Prescription BD dataset/Training/training_words/955.png,Dinafex,Fexofenadine Hydrochloride,train
data/metadata/Doctor’s Handwritten Prescription BD dataset/Training/training_words/956.png,Dinafex,Fexofenadine Hydrochloride,train
data/metadata/Doctor’s Handwritten Prescription BD dataset/Training/training_words/957.png,Dinafex,Fexofenadine Hydrochloride,train
data/metadata/Doctor’s Handwritten Prescription BD dataset/Training/training_words/958.png,Dinafex,Fexofenadine Hydrochloride,train
data/metadata/Doctor’s Handwritten Prescription BD dataset/Training/training_words/959.png,Dinafex,Fexofenadine Hydrochloride,train
data/metadata/Doctor’s Handwritten Prescription BD dataset/Training/training_words/960.png,Disopan,Clonazepam,train
data/metadata/Doctor’s Handwritten Prescription BD dataset/Training/training_words/961.png,Disopan,Clonazepam,train
data/metadata/Doctor’s Handwritten Prescription BD dataset/Training/training_words/962.png,Disopan,Clonazepam,train
data/metadata/Doctor’s Handwritten Prescription BD dataset/Training/training_words/963.png,Disopan,Clonazepam,train
data/metadata/Doctor’s Handwritten Prescription BD dataset/Training/training_words/964.png,Disopan,Clonazepam,train
data/metadata/Doctor’s Handwritten Prescription BD dataset/Training/training_words/965.png,Disopan,Clonazepam,train
data/metadata/Doctor’s Handwritten Prescription BD dataset/Training/training_words/966.png,Disopan,Clonazepam,train
data/metadata/Doctor’s Handwritten Prescription BD dataset/Training/training_words/967.png,Disopan,Clonazepam,train
data/metadata/Doctor’s Handwritten Prescription BD dataset/Training/training_words/968.png,Disopan,Clonazepam,train
data/metadata/Doctor’s Handwritten Prescription BD dataset/Training/training_words/969.png,Disopan,Clonazepam,train
data/metadata/Doctor’s Handwritten Prescription BD dataset/Training/training_words/970.png,Disopan,Clonazepam,train
data/metadata/Doctor’s Handwritten Prescription BD dataset/Training/training_words/971.png,Disopan,Clonazepam,train
data/metadata/Doctor’s Handwritten Prescription BD dataset/Training/training_words/972.png,Disopan,Clonazepam,train
data/metadata/Doctor’s Handwritten Prescription BD dataset/Training/training_words/973.png,Disopan,Clonazepam,train
data/metadata/Doctor’s Handwritten Prescription BD dataset/Training/training_words/974.png,Disopan,Clonazepam,train
data/metadata/Doctor’s Handwritten Prescription BD dataset/Training/training_words/975.png,Disopan,Clonazepam,train
data/metadata/Doctor’s Handwritten Prescription BD dataset/Training/training_words/976.png,Disopan,Clonazepam,train
data/metadata/Doctor’s Handwritten Prescription BD dataset/Training/training_words/977.png,Disopan,Clonazepam,train
data/metadata/Doctor’s Handwritten Prescription BD dataset/Training/training_words/978.png,Disopan,Clonazepam,train
data/metadata/Doctor’s Handwritten Prescription BD dataset/Training/training_words/979.png,Disopan,Clonazepam,train
data/metadata/Doctor’s Handwritten Prescription BD dataset/Training/training_words/980.png,Disopan,Clonazepam,train
data/metadata/Doctor’s Handwritten Prescription BD dataset/Training/training_words/981.png,Disopan,Clonazepam,train
data/metadata/Doctor’s Handwritten Prescription BD dataset/Training/training_words/982.png,Disopan,Clonazepam,train
data/metadata/Doctor’s Handwritten Prescription BD dataset/Training/training_words/983.png,Disopan,Clonazepam,train
data/metadata/Doctor’s Handwritten Prescription BD dataset/Training/training_words/984.png,Disopan,Clonazepam,train
data/metadata/Doctor’s Handwritten Prescription BD dataset/Training/training_words/985.png,Disopan,Clonazepam,train
data/metadata/Doctor’s Handwritten Prescription BD dataset/Training/training_words/986.png,Disopan,Clonazepam,train
data/metadata/Doctor’s Handwritten Prescription BD dataset/Training/training_words/987.png,Disopan,Clonazepam,train
data/metadata/Doctor’s Handwritten Prescription BD dataset/Training/training_words/988.png,Disopan,Clonazepam,train
data/metadata/Doctor’s Handwritten Prescription BD dataset/Training/training_words/989.png,Disopan,Clonazepam,train
data/metadata/Doctor’s Handwritten Prescription BD dataset/Training/training_words/990.png,Disopan,Clonazepam,train
data/metadata/Doctor’s Handwritten Prescription BD dataset/Training/training_words/991.png,Disopan,Clonazepam,train
data/metadata/Doctor’s Handwritten Prescription BD dataset/Training/training_words/992.png,Disopan,Clonazepam,train
data/metadata/Doctor’s Handwritten Prescription BD dataset/Training/training_words/993.png,Disopan,Clonazepam,train
data/metadata/Doctor’s Handwritten Prescription BD dataset/Training/training_words/994.png,Disopan,Clonazepam,train
data/metadata/Doctor’s Handwritten Prescription BD dataset/Training/training_words/995.png,Disopan,Clonazepam,train
data/metadata/Doctor’s Handwritten Prescription BD dataset/Training/training_words/996.png,Disopan,Clonazepam,train
data/metadata/Doctor’s Handwritten Prescription BD dataset/Training/training_words/997.png,Disopan,Clonazepam,train
data/metadata/Doctor’s Handwritten Prescription BD dataset/Training/training_words/998.png,Disopan,Clonazepam,train
data/metadata/Doctor’s Handwritten Prescription BD dataset/Training/training_words/999.png,Disopan,Clonazepam,train
data/metadata/Doctor’s Handwritten Prescription BD dataset/Training/training_words/1000.png,Esonix,Esomeprazole,train
data/metadata/Doctor’s Handwritten Prescription BD dataset/Training/training_words/1001.png,Esonix,Esomeprazole,train
data/metadata/Doctor’s Handwritten Prescription BD dataset/Training/training_words/1002.png,Esonix,Esomeprazole,train
data/metadata/Doctor’s Handwritten Prescription BD dataset/Training/training_words/1003.png,Esonix,Esomeprazole,train
data/metadata/Doctor’s Handwritten Prescription BD dataset/Training/training_words/1004.png,Esonix,Esomeprazole,train
data/metadata/Doctor’s Handwritten Prescription BD dataset/Training/training_words/1005.png,Esonix,Esomeprazole,train
data/metadata/Doctor’s Handwritten Prescription BD dataset/Training/training_words/1006.png,Esonix,Esomeprazole,train
data/metadata/Doctor’s Handwritten Prescription BD dataset/Training/training_words/1007.png,Esonix,Esomeprazole,train
data/metadata/Doctor’s Handwritten Prescription BD dataset/Training/training_words/1008.png,Esonix,Esomeprazole,train
data/metadata/Doctor’s Handwritten Prescription BD dataset/Training/training_words/1009.png,Esonix,Esomeprazole,train
data/metadata/Doctor’s Handwritten Prescription BD dataset/Training/training_words/1010.png,Esonix,Esomeprazole,train
data/metadata/Doctor’s Handwritten Prescription BD dataset/Training/training_words/1011.png,Esonix,Esomeprazole,train
data/metadata/Doctor’s Handwritten Prescription BD dataset/Training/training_words/1012.png,Esonix,Esomeprazole,train
data/metadata/Doctor’s Handwritten Prescription BD dataset/Training/training_words/1013.png,Esonix,Esomeprazole,train
data/metadata/Doctor’s Handwritten Prescription BD dataset/Training/training_words/1014.png,Esonix,Esomeprazole,train
data/metadata/Doctor’s Handwritten Prescription BD dataset/Training/training_words/1015.png,Esonix,Esomeprazole,train
data/metadata/Doctor’s Handwritten Prescription BD dataset/Training/training_words/1016.png,Esonix,Esomeprazole,train
data/metadata/Doctor’s Handwritten Prescription BD dataset/Training/training_words/1017.png,Esonix,Esomeprazole,train
data/metadata/Doctor’s Handwritten Prescription BD dataset/Training/training_words/1018.png,Esonix,Esomeprazole,train
data/metadata/Doctor’s Handwritten Prescription BD dataset/Training/training_words/1019.png,Esonix,Esomeprazole,train
data/metadata/Doctor’s Handwritten Prescription BD dataset/Training/training_words/1020.png,Esonix,Esomeprazole,train
data/metadata/Doctor’s Handwritten Prescription BD dataset/Training/training_words/1021.png,Esonix,Esomeprazole,train
data/metadata/Doctor’s Handwritten Prescription BD dataset/Training/training_words/1022.png,Esonix,Esomeprazole,train
data/metadata/Doctor’s Handwritten Prescription BD dataset/Training/training_words/1023.png,Esonix,Esomeprazole,train
data/metadata/Doctor’s Handwritten Prescription BD dataset/Training/training_words/1024.png,Esonix,Esomeprazole,train
data/metadata/Doctor’s Handwritten Prescription BD dataset/Training/training_words/1025.png,Esonix,Esomeprazole,train
data/metadata/Doctor’s Handwritten Prescription BD dataset/Training/training_words/1026.png,Esonix,Esomeprazole,train
data/metadata/Doctor’s Handwritten Prescription BD dataset/Training/training_words/1027.png,Esonix,Esomeprazole,train
data/metadata/Doctor’s Handwritten Prescription BD dataset/Training/training_words/1028.png,Esonix,Esomeprazole,train
data/metadata/Doctor’s Handwritten Prescription BD dataset/Training/training_words/1029.png,Esonix,Esomeprazole,train
data/metadata/Doctor’s Handwritten Prescription BD dataset/Training/training_words/1030.png,Esonix,Esomeprazole,train
data/metadata/Doctor’s Handwritten Prescription BD dataset/Training/training_words/1031.png,Esonix,Esomeprazole,train
data/metadata/Doctor’s Handwritten Prescription BD dataset/Training/training_words/1032.png,Esonix,Esomeprazole,train
data/metadata/Doctor’s Handwritten Prescription BD dataset/Training/training_words/1033.png,Esonix,Esomeprazole,train
data/metadata/Doctor’s Handwritten Prescription BD dataset/Training/training_words/1034.png,Esonix,Esomeprazole,train
data/metadata/Doctor’s Handwritten Prescription BD dataset/Training/training_words/1035.png,Esonix,Esomeprazole,train
data/metadata/Doctor’s Handwritten Prescription BD dataset/Training/training_words/1036.png,Esonix,Esomeprazole,train
data/metadata/Doctor’s Handwritten Prescription BD dataset/Training/training_words/1037.png,Esonix,Esomeprazole,train
data/metadata/Doctor’s Handwritten Prescription BD dataset/Training/training_words/1038.png,Esonix,Esomeprazole,train
data/metadata/Doctor’s Handwritten Prescription BD dataset/Training/training_words/1039.png,Esonix,Esomeprazole,train
data/metadata/Doctor’s Handwritten Prescription BD dataset/Training/training_words/1040.png,Esoral,Esomeprazole,train
data/metadata/Doctor’s Handwritten Prescription BD dataset/Training/training_words/1041.png,Esoral,Esomeprazole,train
data/metadata/Doctor’s Handwritten Prescription BD dataset/Training/training_words/1042.png,Esoral,Esomeprazole,train
data/metadata/Doctor’s Handwritten Prescription BD dataset/Training/training_words/1043.png,Esoral,Esomeprazole,train
data/metadata/Doctor’s Handwritten Prescription BD dataset/Training/training_words/1044.png,Esoral,Esomeprazole,train
data/metadata/Doctor’s Handwritten Prescription BD dataset/Training/training_words/1045.png,Esoral,Esomeprazole,train
data/metadata/Doctor’s Handwritten Prescription BD dataset/Training/training_words/1046.png,Esoral,Esomeprazole,train
data/metadata/Doctor’s Handwritten Prescription BD dataset/Training/training_words/1047.png,Esoral,Esomeprazole,train
data/metadata/Doctor’s Handwritten Prescription BD dataset/Training/training_words/1048.png,Esoral,Esomeprazole,train
data/metadata/Doctor’s Handwritten Prescription BD dataset/Training/training_words/1049.png,Esoral,Esomeprazole,train
data/metadata/Doctor’s Handwritten Prescription BD dataset/Training/training_words/1050.png,Esoral,Esomeprazole,train
data/metadata/Doctor’s Handwritten Prescription BD dataset/Training/training_words/1051.png,Esoral,Esomeprazole,train
data/metadata/Doctor’s Handwritten Prescription BD dataset/Training/training_words/1052.png,Esoral,Esomeprazole,train
data/metadata/Doctor’s Handwritten Prescription BD dataset/Training/training_words/1053.png,Esoral,Esomeprazole,train
data/metadata/Doctor’s Handwritten Prescription BD dataset/Training/training_words/1054.png,Esoral,Esomeprazole,train
data/metadata/Doctor’s Handwritten Prescription BD dataset/Training/training_words/1055.png,Esoral,Esomeprazole,train
data/metadata/Doctor’s Handwritten Prescription BD dataset/Training/training_words/1056.png,Esoral,Esomeprazole,train
data/metadata/Doctor’s Handwritten Prescription BD dataset/Training/training_words/1057.png,Esoral,Esomeprazole,train
data/metadata/Doctor’s Handwritten Prescription BD dataset/Training/training_words/1058.png,Esoral,Esomeprazole,train
data/metadata/Doctor’s Handwritten Prescription BD dataset/Training/training_words/1059.png,Esoral,Esomeprazole,train
data/metadata/Doctor’s Handwritten Prescription BD dataset/Training/training_words/1060.png,Esoral,Esomeprazole,train
data/metadata/Doctor’s Handwritten Prescription BD dataset/Training/training_words/1061.png,Esoral,Esomeprazole,train
data/metadata/Doctor’s Handwritten Prescription BD dataset/Training/training_words/1062.png,Esoral,Esomeprazole,train
data/metadata/Doctor’s Handwritten Prescription BD dataset/Training/training_words/1063.png,Esoral,Esomeprazole,train
data/metadata/Doctor’s Handwritten Prescription BD dataset/Training/training_words/1064.png,Esoral,Esomeprazole,train
data/metadata/Doctor’s Handwritten Prescription BD dataset/Training/training_words/1065.png,Esoral,Esomeprazole,train
data/metadata/Doctor’s Handwritten Prescription BD dataset/Training/training_words/1066.png,Esoral,Esomeprazole,train
data/metadata/Doctor’s Handwritten Prescription BD dataset/Training/training_words/1067.png,Esoral,Esomeprazole,train
data/metadata/Doctor’s Handwritten Prescription BD dataset/Training/training_words/1068.png,Esoral,Esomeprazole,train
data/metadata/Doctor’s Handwritten Prescription BD dataset/Training/training_words/1069.png,Esoral,Esomeprazole,train
data/metadata/Doctor’s Handwritten Prescription BD dataset/Training/training_words/1070.png,Esoral,Esomeprazole,train
data/metadata/Doctor’s Handwritten Prescription BD dataset/Training/training_words/1071.png,Esoral,Esomeprazole,train
data/metadata/Doctor’s Handwritten Prescription BD dataset/Training/training_words/1072.png,Esoral,Esomeprazole,train
data/metadata/Doctor’s Handwritten Prescription BD dataset/Training/training_words/1073.png,Esoral,Esomeprazole,train
data/metadata/Doctor’s Handwritten Prescription BD dataset/Training/training_words/1074.png,Esoral,Esomeprazole,train
data/metadata/Doctor’s Handwritten Prescription BD dataset/Training/training_words/1075.png,Esoral,Esomeprazole,train
data/metadata/Doctor’s Handwritten Prescription BD dataset/Training/training_words/1076.png,Esoral,Esomeprazole,train
data/metadata/Doctor’s Handwritten Prescription BD dataset/Training/training_words/1077.png,Esoral,Esomeprazole,train
data/metadata/Doctor’s Handwritten Prescription BD dataset/Training/training_words/1078.png,Esoral,Esomeprazole,train
data/metadata/Doctor’s Handwritten Prescription BD dataset/Training/training_words/1079.png,Esoral,Esomeprazole,train
data/metadata/Doctor’s Handwritten Prescription BD dataset/Training/training_words/1080.png,Etizin,Cetirizine Hydrochloride,train
data/metadata/Doctor’s Handwritten Prescription BD dataset/Training/training_words/1081.png,Etizin,Cetirizine Hydrochloride,train
data/metadata/Doctor’s Handwritten Prescription BD dataset/Training/training_words/1082.png,Etizin,Cetirizine Hydrochloride,train
data/metadata/Doctor’s Handwritten Prescription BD dataset/Training/training_words/1083.png,Etizin,Cetirizine Hydrochloride,train
data/metadata/Doctor’s Handwritten Prescription BD dataset/Training/training_words/1084.png,Etizin,Cetirizine Hydrochloride,train
data/metadata/Doctor’s Handwritten Prescription BD dataset/Training/training_words/1085.png,Etizin,Cetirizine Hydrochloride,train
data/metadata/Doctor’s Handwritten Prescription BD dataset/Training/training_words/1086.png,Etizin,Cetirizine Hydrochloride,train
data/metadata/Doctor’s Handwritten Prescription BD dataset/Training/training_words/1087.png,Etizin,Cetirizine Hydrochloride,train
data/metadata/Doctor’s Handwritten Prescription BD dataset/Training/training_words/1088.png,Etizin,Cetirizine Hydrochloride,train
data/metadata/Doctor’s Handwritten Prescription BD dataset/Training/training_words/1089.png,Etizin,Cetirizine Hydrochloride,train
data/metadata/Doctor’s Handwritten Prescription BD dataset/Training/training_words/1090.png,Etizin,Cetirizine Hydrochloride,train
data/metadata/Doctor’s Handwritten Prescription BD dataset/Training/training_words/1091.png,Etizin,Cetirizine Hydrochloride,train
data/metadata/Doctor’s Handwritten Prescription BD dataset/Training/training_words/1092.png,Etizin,Cetirizine Hydrochloride,train
data/metadata/Doctor’s Handwritten Prescription BD dataset/Training/training_words/1093.png,Etizin,Cetirizine Hydrochloride,train
data/metadata/Doctor’s Handwritten Prescription BD dataset/Training/training_words/1094.png,Etizin,Cetirizine Hydrochloride,train
data/metadata/Doctor’s Handwritten Prescription BD dataset/Training/training_words/1095.png,Etizin,Cetirizine Hydrochloride,train
data/metadata/Doctor’s Handwritten Prescription BD dataset/Training/training_words/1096.png,Etizin,Cetirizine Hydrochloride,train
data/metadata/Doctor’s Handwritten Prescription BD dataset/Training/training_words/1097.png,Etizin,Cetirizine Hydrochloride,train
data/metadata/Doctor’s Handwritten Prescription BD dataset/Training/training_words/1098.png,Etizin,Cetirizine Hydrochloride,train
data/metadata/Doctor’s Handwritten Prescription BD dataset/Training/training_words/1099.png,Etizin,Cetirizine Hydrochloride,train
data/metadata/Doctor’s Handwritten Prescription BD dataset/Training/training_words/1100.png,Etizin,Cetirizine Hydrochloride,train
data/metadata/Doctor’s Handwritten Prescription BD dataset/Training/training_words/1101.png,Etizin,Cetirizine Hydrochloride,train
data/metadata/Doctor’s Handwritten Prescription BD dataset/Training/training_words/1102.png,Etizin,Cetirizine Hydrochloride,train
data/metadata/Doctor’s Handwritten Prescription BD dataset/Training/training_words/1103.png,Etizin,Cetirizine Hydrochloride,train
data/metadata/Doctor’s Handwritten Prescription BD dataset/Training/training_words/1104.png,Etizin,Cetirizine Hydrochloride,train
data/metadata/Doctor’s Handwritten Prescription BD dataset/Training/training_words/1105.png,Etizin,Cetirizine Hydrochloride,train
data/metadata/Doctor’s Handwritten Prescription BD dataset/Training/training_words/1106.png,Etizin,Cetirizine Hydrochloride,train
data/metadata/Doctor’s Handwritten Prescription BD dataset/Training/training_words/1107.png,Etizin,Cetirizine Hydrochloride,train
data/metadata/Doctor’s Handwritten Prescription BD dataset/Training/training_words/1108.png,Etizin,Cetirizine Hydrochloride,train
data/metadata/Doctor’s Handwritten Prescription BD dataset/Training/training_words/1109.png,Etizin,Cetirizine Hydrochloride,train
data/metadata/Doctor’s Handwritten Prescription BD dataset/Training/training_words/1110.png,Etizin,Cetirizine Hydrochloride,train
data/metadata/Doctor’s Handwritten Prescription BD dataset/Training/training_words/1111.png,Etizin,Cetirizine Hydrochloride,train
data/metadata/Doctor’s Handwritten Prescription BD dataset/Training/training_words/1112.png,Etizin,Cetirizine Hydrochloride,train
data/metadata/Doctor’s Handwritten Prescription BD dataset/Training/training_words/1113.png,Etizin,Cetirizine Hydrochloride,train
data/metadata/Doctor’s Handwritten Prescription BD dataset/Training/training_words/1114.png,Etizin,Cetirizine Hydrochloride,train
data/metadata/Doctor’s Handwritten Prescription BD dataset/Training/training_words/1115.png,Etizin,Cetirizine Hydrochloride,train
data/metadata/Doctor’s Handwritten Prescription BD dataset/Training/training_words/1116.png,Etizin,Cetirizine Hydrochloride,train
data/metadata/Doctor’s Handwritten Prescription BD dataset/Training/training_words/1117.png,Etizin,Cetirizine Hydrochloride,train
data/metadata/Doctor’s Handwritten Prescription BD dataset/Training/training_words/1118.png,Etizin,Cetirizine Hydrochloride,train
data/metadata/Doctor’s Handwritten Prescription BD dataset/Training/training_words/1119.png,Etizin,Cetirizine Hydrochloride,train
data/metadata/Doctor’s Handwritten Prescription BD dataset/Training/training_words/1120.png,Exium,Esomeprazole,train
data/metadata/Doctor’s Handwritten Prescription BD dataset/Training/training_words/1121.png,Exium,Esomeprazole,train
data/metadata/Doctor’s Handwritten Prescription BD dataset/Training/training_words/1122.png,Exium,Esomeprazole,train
data/metadata/Doctor’s Handwritten Prescription BD dataset/Training/training_words/1123.png,Exium,Esomeprazole,train
data/metadata/Doctor’s Handwritten Prescription BD dataset/Training/training_words/1124.png,Exium,Esomeprazole,train
data/metadata/Doctor’s Handwritten Prescription BD dataset/Training/training_words/1125.png,Exium,Esomeprazole,train
data/metadata/Doctor’s Handwritten Prescription BD dataset/Training/training_words/1126.png,Exium,Esomeprazole,train
data/metadata/Doctor’s Handwritten Prescription BD dataset/Training/training_words/1127.png,Exium,Esomeprazole,train
data/metadata/Doctor’s Handwritten Prescription BD dataset/Training/training_words/1128.png,Exium,Esomeprazole,train
data/metadata/Doctor’s Handwritten Prescription BD dataset/Training/training_words/1129.png,Exium,Esomeprazole,train
data/metadata/Doctor’s Handwritten Prescription BD dataset/Training/training_words/1130.png,Exium,Esomeprazole,train
data/metadata/Doctor’s Handwritten Prescription BD dataset/Training/training_words/1131.png,Exium,Esomeprazole,train
data/metadata/Doctor’s Handwritten Prescription BD dataset/Training/training_words/1132.png,Exium,Esomeprazole,train
data/metadata/Doctor’s Handwritten Prescription BD dataset/Training/training_words/1133.png,Exium,Esomeprazole,train
data/metadata/Doctor’s Handwritten Prescription BD dataset/Training/training_words/1134.png,Exium,Esomeprazole,train
data/metadata/Doctor’s Handwritten Prescription BD dataset/Training/training_words/1135.png,Exium,Esomeprazole,train
data/metadata/Doctor’s Handwritten Prescription BD dataset/Training/training_words/1136.png,Exium,Esomeprazole,train
data/metadata/Doctor’s Handwritten Prescription BD dataset/Training/training_words/1137.png,Exium,Esomeprazole,train
data/metadata/Doctor’s Handwritten Prescription BD dataset/Training/training_words/1138.png,Exium,Esomeprazole,train
data/metadata/Doctor’s Handwritten Prescription BD dataset/Training/training_words/1139.png,Exium,Esomeprazole,train
data/metadata/Doctor’s Handwritten Prescription BD dataset/Training/training_words/1140.png,Exium,Esomeprazole,train
data/metadata/Doctor’s Handwritten Prescription BD dataset/Training/training_words/1141.png,Exium,Esomeprazole,train
data/metadata/Doctor’s Handwritten Prescription BD dataset/Training/training_words/1142.png,Exium,Esomeprazole,train
data/metadata/Doctor’s Handwritten Prescription BD dataset/Training/training_words/1143.png,Exium,Esomeprazole,train
data/metadata/Doctor’s Handwritten Prescription BD dataset/Training/training_words/1144.png,Exium,Esomeprazole,train
data/metadata/Doctor’s Handwritten Prescription BD dataset/Training/training_words/1145.png,Exium,Esomeprazole,train
data/metadata/Doctor’s Handwritten Prescription BD dataset/Training/training_words/1146.png,Exium,Esomeprazole,train
data/metadata/Doctor’s Handwritten Prescription BD dataset/Training/training_words/1147.png,Exium,Esomeprazole,train
data/metadata/Doctor’s Handwritten Prescription BD dataset/Training/training_words/1148.png,Exium,Esomeprazole,train
data/metadata/Doctor’s Handwritten Prescription BD dataset/Training/training_words/1149.png,Exium,Esomeprazole,train
data/metadata/Doctor’s Handwritten Prescription BD dataset/Training/training_words/1150.png,Exium,Esomeprazole,train
data/metadata/Doctor’s Handwritten Prescription BD dataset/Training/training_words/1151.png,Exium,Esomeprazole,train
data/metadata/Doctor’s Handwritten Prescription BD dataset/Training/training_words/1152.png,Exium,Esomeprazole,train
data/metadata/Doctor’s Handwritten Prescription BD dataset/Training/training_words/1153.png,Exium,Esomeprazole,train
data/metadata/Doctor’s Handwritten Prescription BD dataset/Training/training_words/1154.png,Exium,Esomeprazole,train
data/metadata/Doctor’s Handwritten Prescription BD dataset/Training/training_words/1155.png,Exium,Esomeprazole,train
data/metadata/Doctor’s Handwritten Prescription BD dataset/Training/training_words/1156.png,Exium,Esomeprazole,train
data/metadata/Doctor’s Handwritten Prescription BD dataset/Training/training_words/1157.png,Exium,Esomeprazole,train
data/metadata/Doctor’s Handwritten Prescription BD dataset/Training/training_words/1158.png,Exium,Esomeprazole,train
data/metadata/Doctor’s Handwritten Prescription BD dataset/Training/training_words/1159.png,Exium,Esomeprazole,train
data/metadata/Doctor’s Handwritten Prescription BD dataset/Training/training_words/1160.png,Fenadin,Fexofenadine Hydrochloride,train
data/metadata/Doctor’s Handwritten Prescription BD dataset/Training/training_words/1161.png,Fenadin,Fexofenadine Hydrochloride,train
data/metadata/Doctor’s Handwritten Prescription BD dataset/Training/training_words/1162.png,Fenadin,Fexofenadine Hydrochloride,train
data/metadata/Doctor’s Handwritten Prescription BD dataset/Training/training_words/1163.png,Fenadin,Fexofenadine Hydrochloride,train
data/metadata/Doctor’s Handwritten Prescription BD dataset/Training/training_words/1164.png,Fenadin,Fexofenadine Hydrochloride,train
data/metadata/Doctor’s Handwritten Prescription BD dataset/Training/training_words/1165.png,Fenadin,Fexofenadine Hydrochloride,train
data/metadata/Doctor’s Handwritten Prescription BD dataset/Training/training_words/1166.png,Fenadin,Fexofenadine Hydrochloride,train
data/metadata/Doctor’s Handwritten Prescription BD dataset/Training/training_words/1167.png,Fenadin,Fexofenadine Hydrochloride,train
data/metadata/Doctor’s Handwritten Prescription BD dataset/Training/training_words/1168.png,Fenadin,Fexofenadine Hydrochloride,train
data/metadata/Doctor’s Handwritten Prescription BD dataset/Training/training_words/1169.png,Fenadin,Fexofenadine Hydrochloride,train
data/metadata/Doctor’s Handwritten Prescription BD dataset/Training/training_words/1170.png,Fenadin,Fexofenadine Hydrochloride,train
data/metadata/Doctor’s Handwritten Prescription BD dataset/Training/training_words/1171.png,Fenadin,Fexofenadine Hydrochloride,train
data/metadata/Doctor’s Handwritten Prescription BD dataset/Training/training_words/1172.png,Fenadin,Fexofenadine Hydrochloride,train
data/metadata/Doctor’s Handwritten Prescription BD dataset/Training/training_words/1173.png,Fenadin,Fexofenadine Hydrochloride,train
data/metadata/Doctor’s Handwritten Prescription BD dataset/Training/training_words/1174.png,Fenadin,Fexofenadine Hydrochloride,train
data/metadata/Doctor’s Handwritten Prescription BD dataset/Training/training_words/1175.png,Fenadin,Fexofenadine Hydrochloride,train
data/metadata/Doctor’s Handwritten Prescription BD dataset/Training/training_words/1176.png,Fenadin,Fexofenadine Hydrochloride,train
data/metadata/Doctor’s Handwritten Prescription BD dataset/Training/training_words/1177.png,Fenadin,Fexofenadine Hydrochloride,train
data/metadata/Doctor’s Handwritten Prescription BD dataset/Training/training_words/1178.png,Fenadin,Fexofenadine Hydrochloride,train
data/metadata/Doctor’s Handwritten Prescription BD dataset/Training/training_words/1179.png,Fenadin,Fexofenadine Hydrochloride,train
data/metadata/Doctor’s Handwritten Prescription BD dataset/Training/training_words/1180.png,Fenadin,Fexofenadine Hydrochloride,train
data/metadata/Doctor’s Handwritten Prescription BD dataset/Training/training_words/1181.png,Fenadin,Fexofenadine Hydrochloride,train
data/metadata/Doctor’s Handwritten Prescription BD dataset/Training/training_words/1182.png,Fenadin,Fexofenadine Hydrochloride,train
data/metadata/Doctor’s Handwritten Prescription BD dataset/Training/training_words/1183.png,Fenadin,Fexofenadine Hydrochloride,train
data/metadata/Doctor’s Handwritten Prescription BD dataset/Training/training_words/1184.png,Fenadin,Fexofenadine Hydrochloride,train
data/metadata/Doctor’s Handwritten Prescription BD dataset/Training/training_words/1185.png,Fenadin,Fexofenadine Hydrochloride,train
data/metadata/Doctor’s Handwritten Prescription BD dataset/Training/training_words/1186.png,Fenadin,Fexofenadine Hydrochloride,train
data/metadata/Doctor’s Handwritten Prescription BD dataset/Training/training_words/1187.png,Fenadin,Fexofenadine Hydrochloride,train
data/metadata/Doctor’s Handwritten Prescription BD dataset/Training/training_words/1188.png,Fenadin,Fexofenadine Hydrochloride,train
data/metadata/Doctor’s Handwritten Prescription BD dataset/Training/training_words/1189.png,Fenadin,Fexofenadine Hydrochloride,train
data/metadata/Doctor’s Handwritten Prescription BD dataset/Training/training_words/1190.png,Fenadin,Fexofenadine Hydrochloride,train
data/metadata/Doctor’s Handwritten Prescription BD dataset/Training/training_words/1191.png,Fenadin,Fexofenadine Hydrochloride,train
data/metadata/Doctor’s Handwritten Prescription BD dataset/Training/training_words/1192.png,Fenadin,Fexofenadine Hydrochloride,train
data/metadata/Doctor’s Handwritten Prescription BD dataset/Training/training_words/1193.png,Fenadin,Fexofenadine Hydrochloride,train
data/metadata/Doctor’s Handwritten Prescription BD dataset/Training/training_words/1194.png,Fenadin,Fexofenadine Hydrochloride,train
data/metadata/Doctor’s Handwritten Prescription BD dataset/Training/training_words/1195.png,Fenadin,Fexofenadine Hydrochloride,train
data/metadata/Doctor’s Handwritten Prescription BD dataset/Training/training_words/1196.png,Fenadin,Fexofenadine Hydrochloride,train
data/metadata/Doctor’s Handwritten Prescription BD dataset/Training/training_words/1197.png,Fenadin,Fexofenadine Hydrochloride,train
data/metadata/Doctor’s Handwritten Prescription BD dataset/Training/training_words/1198.png,Fenadin,Fexofenadine Hydrochloride,train
data/metadata/Doctor’s Handwritten Prescription BD dataset/Training/training_words/1199.png,Fenadin,Fexofenadine Hydrochloride,train
data/metadata/Doctor’s Handwritten Prescription BD dataset/Training/training_words/1200.png,Fexofast,Fexofenadine Hydrochloride,train
data/metadata/Doctor’s Handwritten Prescription BD dataset/Training/training_words/1201.png,Fexofast,Fexofenadine Hydrochloride,train
data/metadata/Doctor’s Handwritten Prescription BD dataset/Training/training_words/1202.png,Fexofast,Fexofenadine Hydrochloride,train
data/metadata/Doctor’s Handwritten Prescription BD dataset/Training/training_words/1203.png,Fexofast,Fexofenadine Hydrochloride,train
data/metadata/Doctor’s Handwritten Prescription BD dataset/Training/training_words/1204.png,Fexofast,Fexofenadine Hydrochloride,train
data/metadata/Doctor’s Handwritten Prescription BD dataset/Training/training_words/1205.png,Fexofast,Fexofenadine Hydrochloride,train
data/metadata/Doctor’s Handwritten Prescription BD dataset/Training/training_words/1206.png,Fexofast,Fexofenadine Hydrochloride,train
data/metadata/Doctor’s Handwritten Prescription BD dataset/Training/training_words/1207.png,Fexofast,Fexofenadine Hydrochloride,train
data/metadata/Doctor’s Handwritten Prescription BD dataset/Training/training_words/1208.png,Fexofast,Fexofenadine Hydrochloride,train
data/metadata/Doctor’s Handwritten Prescription BD dataset/Training/training_words/1209.png,Fexofast,Fexofenadine Hydrochloride,train
data/metadata/Doctor’s Handwritten Prescription BD dataset/Training/training_words/1210.png,Fexofast,Fexofenadine Hydrochloride,train
data/metadata/Doctor’s Handwritten Prescription BD dataset/Training/training_words/1211.png,Fexofast,Fexofenadine Hydrochloride,train
data/metadata/Doctor’s Handwritten Prescription BD dataset/Training/training_words/1212.png,Fexofast,Fexofenadine Hydrochloride,train
data/metadata/Doctor’s Handwritten Prescription BD dataset/Training/training_words/1213.png,Fexofast,Fexofenadine Hydrochloride,train
data/metadata/Doctor’s Handwritten Prescription BD dataset/Training/training_words/1214.png,Fexofast,Fexofenadine Hydrochloride,train
data/metadata/Doctor’s Handwritten Prescription BD dataset/Training/training_words/1215.png,Fexofast,Fexofenadine Hydrochloride,train
data/metadata/Doctor’s Handwritten Prescription BD dataset/Training/training_words/1216.png,Fexofast,Fexofenadine Hydrochloride,train
data/metadata/Doctor’s Handwritten Prescription BD dataset/Training/training_words/1217.png,Fexofast,Fexofenadine Hydrochloride,train
data/metadata/Doctor’s Handwritten Prescription BD dataset/Training/training_words/1218.png,Fexofast,Fexofenadine Hydrochloride,train
data/metadata/Doctor’s Handwritten Prescription BD dataset/Training/training_words/1219.png,Fexofast,Fexofenadine Hydrochloride,train
data/metadata/Doctor’s Handwritten Prescription BD dataset/Training/training_words/1220.png,Fexofast,Fexofenadine Hydrochloride,train
data/metadata/Doctor’s Handwritten Prescription BD dataset/Training/training_words/1221.png,Fexofast,Fexofenadine Hydrochloride,train
data/metadata/Doctor’s Handwritten Prescription BD dataset/Training/training_words/1222.png,Fexofast,Fexofenadine Hydrochloride,train
data/metadata/Doctor’s Handwritten Prescription BD dataset/Training/training_words/1223.png,Fexofast,Fexofenadine Hydrochloride,train
data/metadata/Doctor’s Handwritten Prescription BD dataset/Training/training_words/1224.png,Fexofast,Fexofenadine Hydrochloride,train
data/metadata/Doctor’s Handwritten Prescription BD dataset/Training/training_words/1225.png,Fexofast,Fexofenadine Hydrochloride,train
data/metadata/Doctor’s Handwritten Prescription BD dataset/Training/training_words/1226.png,Fexofast,Fexofenadine Hydrochloride,train
data/metadata/Doctor’s Handwritten Prescription BD dataset/Training/training_words/1227.png,Fexofast,Fexofenadine Hydrochloride,train
data/metadata/Doctor’s Handwritten Prescription BD dataset/Training/training_words/1228.png,Fexofast,Fexofenadine Hydrochloride,train
data/metadata/Doctor’s Handwritten Prescription BD dataset/Training/training_words/1229.png,Fexofast,Fexofenadine Hydrochloride,train
data/metadata/Doctor’s Handwritten Prescription BD dataset/Training/training_words/1230.png,Fexofast,Fexofenadine Hydrochloride,train
data/metadata/Doctor’s Handwritten Prescription BD dataset/Training/training_words/1231.png,Fexofast,Fexofenadine Hydrochloride,train
data/metadata/Doctor’s Handwritten Prescription BD dataset/Training/training_words/1232.png,Fexofast,Fexofenadine Hydrochloride,train
data/metadata/Doctor’s Handwritten Prescription BD dataset/Training/training_words/1233.png,Fexofast,Fexofenadine Hydrochloride,train
data/metadata/Doctor’s Handwritten Prescription BD dataset/Training/training_words/1234.png,Fexofast,Fexofenadine Hydrochloride,train
data/metadata/Doctor’s Handwritten Prescription BD dataset/Training/training_words/1235.png,Fexofast,Fexofenadine Hydrochloride,train
data/metadata/Doctor’s Handwritten Prescription BD dataset/Training/training_words/1236.png,Fexofast,Fexofenadine Hydrochloride,train
data/metadata/Doctor’s Handwritten Prescription BD dataset/Training/training_words/1237.png,Fexofast,Fexofenadine Hydrochloride,train
data/metadata/Doctor’s Handwritten Prescription BD dataset/Training/training_words/1238.png,Fexofast,Fexofenadine Hydrochloride,train
data/metadata/Doctor’s Handwritten Prescription BD dataset/Training/training_words/1239.png,Fexofast,Fexofenadine Hydrochloride,train
data/metadata/Doctor’s Handwritten Prescription BD dataset/Training/training_words/1240.png,Fexo,Fexofenadine Hydrochloride,train
data/metadata/Doctor’s Handwritten Prescription BD dataset/Training/training_words/1241.png,Fexo,Fexofenadine Hydrochloride,train
data/metadata/Doctor’s Handwritten Prescription BD dataset/Training/training_words/1242.png,Fexo,Fexofenadine Hydrochloride,train
data/metadata/Doctor’s Handwritten Prescription BD dataset/Training/training_words/1243.png,Fexo,Fexofenadine Hydrochloride,train
data/metadata/Doctor’s Handwritten Prescription BD dataset/Training/training_words/1244.png,Fexo,Fexofenadine Hydrochloride,train
data/metadata/Doctor’s Handwritten Prescription BD dataset/Training/training_words/1245.png,Fexo,Fexofenadine Hydrochloride,train
data/metadata/Doctor’s Handwritten Prescription BD dataset/Training/training_words/1246.png,Fexo,Fexofenadine Hydrochloride,train
data/metadata/Doctor’s Handwritten Prescription BD dataset/Training/training_words/1247.png,Fexo,Fexofenadine Hydrochloride,train
data/metadata/Doctor’s Handwritten Prescription BD dataset/Training/training_words/1248.png,Fexo,Fexofenadine Hydrochloride,train
data/metadata/Doctor’s Handwritten Prescription BD dataset/Training/training_words/1249.png,Fexo,Fexofenadine Hydrochloride,train
data/metadata/Doctor’s Handwritten Prescription BD dataset/Training/training_words/1250.png,Fexo,Fexofenadine Hydrochloride,train
data/metadata/Doctor’s Handwritten Prescription BD dataset/Training/training_words/1251.png,Fexo,Fexofenadine Hydrochloride,train
data/metadata/Doctor’s Handwritten Prescription BD dataset/Training/training_words/1252.png,Fexo,Fexofenadine Hydrochloride,train
data/metadata/Doctor’s Handwritten Prescription BD dataset/Training/training_words/1253.png,Fexo,Fexofenadine Hydrochloride,train
data/metadata/Doctor’s Handwritten Prescription BD dataset/Training/training_words/1254.png,Fexo,Fexofenadine Hydrochloride,train
data/metadata/Doctor’s Handwritten Prescription BD dataset/Training/training_words/1255.png,Fexo,Fexofenadine Hydrochloride,train
data/metadata/Doctor’s Handwritten Prescription BD dataset/Training/training_words/1256.png,Fexo,Fexofenadine Hydrochloride,train
data/metadata/Doctor’s Handwritten Prescription BD dataset/Training/training_words/1257.png,Fexo,Fexofenadine Hydrochloride,train
data/metadata/Doctor’s Handwritten Prescription BD dataset/Training/training_words/1258.png,Fexo,Fexofenadine Hydrochloride,train
data/metadata/Doctor’s Handwritten Prescription BD dataset/Training/training_words/1259.png,Fexo,Fexofenadine Hydrochloride,train
data/metadata/Doctor’s Handwritten Prescription BD dataset/Training/training_words/1260.png,Fexo,Fexofenadine Hydrochloride,train
data/metadata/Doctor’s Handwritten Prescription BD dataset/Training/training_words/1261.png,Fexo,Fexofenadine Hydrochloride,train
data/metadata/Doctor’s Handwritten Prescription BD dataset/Training/training_words/1262.png,Fexo,Fexofenadine Hydrochloride,train
data/metadata/Doctor’s Handwritten Prescription BD dataset/Training/training_words/1263.png,Fexo,Fexofenadine Hydrochloride,train
data/metadata/Doctor’s Handwritten Prescription BD dataset/Training/training_words/1264.png,Fexo,Fexofenadine Hydrochloride,train
data/metadata/Doctor’s Handwritten Prescription BD dataset/Training/training_words/1265.png,Fexo,Fexofenadine Hydrochloride,train
data/metadata/Doctor’s Handwritten Prescription BD dataset/Training/training_words/1266.png,Fexo,Fexofenadine Hydrochloride,train
data/metadata/Doctor’s Handwritten Prescription BD dataset/Training/training_words/1267.png,Fexo,Fexofenadine Hydrochloride,train
data/metadata/Doctor’s Handwritten Prescription BD dataset/Training/training_words/1268.png,Fexo,Fexofenadine Hydrochloride,train
data/metadata/Doctor’s Handwritten Prescription BD dataset/Training/training_words/1269.png,Fexo,Fexofenadine Hydrochloride,train
data/metadata/Doctor’s Handwritten Prescription BD dataset/Training/training_words/1270.png,Fexo,Fexofenadine Hydrochloride,train
data/metadata/Doctor’s Handwritten Prescription BD dataset/Training/training_words/1271.png,Fexo,Fexofenadine Hydrochloride,train
data/metadata/Doctor’s Handwritten Prescription BD dataset/Training/training_words/1272.png,Fexo,Fexofenadine Hydrochloride,train
data/metadata/Doctor’s Handwritten Prescription BD dataset/Training/training_words/1273.png,Fexo,Fexofenadine Hydrochloride,train
data/metadata/Doctor’s Handwritten Prescription BD dataset/Training/training_words/1274.png,Fexo,Fexofenadine Hydrochloride,train
data/metadata/Doctor’s Handwritten Prescription BD dataset/Training/training_words/1275.png,Fexo,Fexofenadine Hydrochloride,train
data/metadata/Doctor’s Handwritten Prescription BD dataset/Training/training_words/1276.png,Fexo,Fexofenadine Hydrochloride,train
data/metadata/Doctor’s Handwritten Prescription BD dataset/Training/training_words/1277.png,Fexo,Fexofenadine Hydrochloride,train
data/metadata/Doctor’s Handwritten Prescription BD dataset/Training/training_words/1278.png,Fexo,Fexofenadine Hydrochloride,train
data/metadata/Doctor’s Handwritten Prescription BD dataset/Training/training_words/1279.png,Fexo,Fexofenadine Hydrochloride,train
data/metadata/Doctor’s Handwritten Prescription BD dataset/Training/training_words/1280.png,Filmet,Metronidazole,train
data/metadata/Doctor’s Handwritten Prescription BD dataset/Training/training_words/1281.png,Filmet,Metronidazole,train
data/metadata/Doctor’s Handwritten Prescription BD dataset/Training/training_words/1282.png,Filmet,Metronidazole,train
data/metadata/Doctor’s Handwritten Prescription BD dataset/Training/training_words/1283.png,Filmet,Metronidazole,train
data/metadata/Doctor’s Handwritten Prescription BD dataset/Training/training_words/1284.png,Filmet,Metronidazole,train
data/metadata/Doctor’s Handwritten Prescription BD dataset/Training/training_words/1285.png,Filmet,Metronidazole,train
data/metadata/Doctor’s Handwritten Prescription BD dataset/Training/training_words/1286.png,Filmet,Metronidazole,train
data/metadata/Doctor’s Handwritten Prescription BD dataset/Training/training_words/1287.png,Filmet,Metronidazole,train
data/metadata/Doctor’s Handwritten Prescription BD dataset/Training/training_words/1288.png,Filmet,Metronidazole,train
data/metadata/Doctor’s Handwritten Prescription BD dataset/Training/training_words/1289.png,Filmet,Metronidazole,train
data/metadata/Doctor’s Handwritten Prescription BD dataset/Training/training_words/1290.png,Filmet,Metronidazole,train
data/metadata/Doctor’s Handwritten Prescription BD dataset/Training/training_words/1291.png,Filmet,Metronidazole,train
data/metadata/Doctor’s Handwritten Prescription BD dataset/Training/training_words/1292.png,Filmet,Metronidazole,train
data/metadata/Doctor’s Handwritten Prescription BD dataset/Training/training_words/1293.png,Filmet,Metronidazole,train
data/metadata/Doctor’s Handwritten Prescription BD dataset/Training/training_words/1294.png,Filmet,Metronidazole,train
data/metadata/Doctor’s Handwritten Prescription BD dataset/Training/training_words/1295.png,Filmet,Metronidazole,train
data/metadata/Doctor’s Handwritten Prescription BD dataset/Training/training_words/1296.png,Filmet,Metronidazole,train
data/metadata/Doctor’s Handwritten Prescription BD dataset/Training/training_words/1297.png,Filmet,Metronidazole,train
data/metadata/Doctor’s Handwritten Prescription BD dataset/Training/training_words/1298.png,Filmet,Metronidazole,train
data/metadata/Doctor’s Handwritten Prescription BD dataset/Training/training_words/1299.png,Filmet,Metronidazole,train
data/metadata/Doctor’s Handwritten Prescription BD dataset/Training/training_words/1300.png,Filmet,Metronidazole,train
data/metadata/Doctor’s Handwritten Prescription BD dataset/Training/training_words/1301.png,Filmet,Metronidazole,train
data/metadata/Doctor’s Handwritten Prescription BD dataset/Training/training_words/1302.png,Filmet,Metronidazole,train
data/metadata/Doctor’s Handwritten Prescription BD dataset/Training/training_words/1303.png,Filmet,Metronidazole,train
data/metadata/Doctor’s Handwritten Prescription BD dataset/Training/training_words/1304.png,Filmet,Metronidazole,train
data/metadata/Doctor’s Handwritten Prescription BD dataset/Training/training_words/1305.png,Filmet,Metronidazole,train
data/metadata/Doctor’s Handwritten Prescription BD dataset/Training/training_words/1306.png,Filmet,Metronidazole,train
data/metadata/Doctor’s Handwritten Prescription BD dataset/Training/training_words/1307.png,Filmet,Metronidazole,train
data/metadata/Doctor’s Handwritten Prescription BD dataset/Training/training_words/1308.png,Filmet,Metronidazole,train
data/metadata/Doctor’s Handwritten Prescription BD dataset/Training/training_words/1309.png,Filmet,Metronidazole,train
data/metadata/Doctor’s Handwritten Prescription BD dataset/Training/training_words/1310.png,Filmet,Metronidazole,train
data/metadata/Doctor’s Handwritten Prescription BD dataset/Training/training_words/1311.png,Filmet,Metronidazole,train
data/metadata/Doctor’s Handwritten Prescription BD dataset/Training/training_words/1312.png,Filmet,Metronidazole,train
data/metadata/Doctor’s Handwritten Prescription BD dataset/Training/training_words/1313.png,Filmet,Metronidazole,train
data/metadata/Doctor’s Handwritten Prescription BD dataset/Training/training_words/1314.png,Filmet,Metronidazole,train
data/metadata/Doctor’s Handwritten Prescription BD dataset/Training/training_words/1315.png,Filmet,Metronidazole,train
data/metadata/Doctor’s Handwritten Prescription BD dataset/Training/training_words/1316.png,Filmet,Metronidazole,train
data/metadata/Doctor’s Handwritten Prescription BD dataset/Training/training_words/1317.png,Filmet,Metronidazole,train
data/metadata/Doctor’s Handwritten Prescription BD dataset/Training/training_words/1318.png,Filmet,Metronidazole,train
data/metadata/Doctor’s Handwritten Prescription BD dataset/Training/training_words/1319.png,Filmet,Metronidazole,train
data/metadata/Doctor’s Handwritten Prescription BD dataset/Training/training_words/1320.png,Fixal,Fexofenadine Hydrochloride,train
data/metadata/Doctor’s Handwritten Prescription BD dataset/Training/training_words/1321.png,Fixal,Fexofenadine Hydrochloride,train
data/metadata/Doctor’s Handwritten Prescription BD dataset/Training/training_words/1322.png,Fixal,Fexofenadine Hydrochloride,train
data/metadata/Doctor’s Handwritten Prescription BD dataset/Training/training_words/1323.png,Fixal,Fexofenadine Hydrochloride,train
data/metadata/Doctor’s Handwritten Prescription BD dataset/Training/training_words/1324.png,Fixal,Fexofenadine Hydrochloride,train
data/metadata/Doctor’s Handwritten Prescription BD dataset/Training/training_words/1325.png,Fixal,Fexofenadine Hydrochloride,train
data/metadata/Doctor’s Handwritten Prescription BD dataset/Training/training_words/1326.png,Fixal,Fexofenadine Hydrochloride,train
data/metadata/Doctor’s Handwritten Prescription BD dataset/Training/training_words/1327.png,Fixal,Fexofenadine Hydrochloride,train
data/metadata/Doctor’s Handwritten Prescription BD dataset/Training/training_words/1328.png,Fixal,Fexofenadine Hydrochloride,train
data/metadata/Doctor’s Handwritten Prescription BD dataset/Training/training_words/1329.png,Fixal,Fexofenadine Hydrochloride,train
data/metadata/Doctor’s Handwritten Prescription BD dataset/Training/training_words/1330.png,Fixal,Fexofenadine Hydrochloride,train
data/metadata/Doctor’s Handwritten Prescription BD dataset/Training/training_words/1331.png,Fixal,Fexofenadine Hydrochloride,train
data/metadata/Doctor’s Handwritten Prescription BD dataset/Training/training_words/1332.png,Fixal,Fexofenadine Hydrochloride,train
data/metadata/Doctor’s Handwritten Prescription BD dataset/Training/training_words/1333.png,Fixal,Fexofenadine Hydrochloride,train
data/metadata/Doctor’s Handwritten Prescription BD dataset/Training/training_words/1334.png,Fixal,Fexofenadine Hydrochloride,train
data/metadata/Doctor’s Handwritten Prescription BD dataset/Training/training_words/1335.png,Fixal,Fexofenadine Hydrochloride,train
data/metadata/Doctor’s Handwritten Prescription BD dataset/Training/training_words/1336.png,Fixal,Fexofenadine Hydrochloride,train
data/metadata/Doctor’s Handwritten Prescription BD dataset/Training/training_words/1337.png,Fixal,Fexofenadine Hydrochloride,train
data/metadata/Doctor’s Handwritten Prescription BD dataset/Training/training_words/1338.png,Fixal,Fexofenadine Hydrochloride,train
data/metadata/Doctor’s Handwritten Prescription BD dataset/Training/training_words/1339.png,Fixal,Fexofenadine Hydrochloride,train
data/metadata/Doctor’s Handwritten Prescription BD dataset/Training/training_words/1340.png,Fixal,Fexofenadine Hydrochloride,train
data/metadata/Doctor’s Handwritten Prescription BD dataset/Training/training_words/1341.png,Fixal,Fexofenadine Hydrochloride,train
data/metadata/Doctor’s Handwritten Prescription BD dataset/Training/training_words/1342.png,Fixal,Fexofenadine Hydrochloride,train
data/metadata/Doctor’s Handwritten Prescription BD dataset/Training/training_words/1343.png,Fixal,Fexofenadine Hydrochloride,train
data/metadata/Doctor’s Handwritten Prescription BD dataset/Training/training_words/1344.png,Fixal,Fexofenadine Hydrochloride,train
data/metadata/Doctor’s Handwritten Prescription BD dataset/Training/training_words/1345.png,Fixal,Fexofenadine Hydrochloride,train
data/metadata/Doctor’s Handwritten Prescription BD dataset/Training/training_words/1346.png,Fixal,Fexofenadine Hydrochloride,train
data/metadata/Doctor’s Handwritten Prescription BD dataset/Training/training_words/1347.png,Fixal,Fexofenadine Hydrochloride,train
data/metadata/Doctor’s Handwritten Prescription BD dataset/Training/training_words/1348.png,Fixal,Fexofenadine Hydrochloride,train
data/metadata/Doctor’s Handwritten Prescription BD dataset/Training/training_words/1349.png,Fixal,Fexofenadine Hydrochloride,train
data/metadata/Doctor’s Handwritten Prescription BD dataset/Training/training_words/1350.png,Fixal,Fexofenadine Hydrochloride,train
data/metadata/Doctor’s Handwritten Prescription BD dataset/Training/training_words/1351.png,Fixal,Fexofenadine Hydrochloride,train
data/metadata/Doctor’s Handwritten Prescription BD dataset/Training/training_words/1352.png,Fixal,Fexofenadine Hydrochloride,train
data/metadata/Doctor’s Handwritten Prescription BD dataset/Training/training_words/1353.png,Fixal,Fexofenadine Hydrochloride,train
data/metadata/Doctor’s Handwritten Prescription BD dataset/Training/training_words/1354.png,Fixal,Fexofenadine Hydrochloride,train
data/metadata/Doctor’s Handwritten Prescription BD dataset/Training/training_words/1355.png,Fixal,Fexofenadine Hydrochloride,train
data/metadata/Doctor’s Handwritten Prescription BD dataset/Training/training_words/1356.png,Fixal,Fexofenadine Hydrochloride,train
data/metadata/Doctor’s Handwritten Prescription BD dataset/Training/training_words/1357.png,Fixal,Fexofenadine Hydrochloride,train
data/metadata/Doctor’s Handwritten Prescription BD dataset/Training/training_words/1358.png,Fixal,Fexofenadine Hydrochloride,train
data/metadata/Doctor’s Handwritten Prescription BD dataset/Training/training_words/1359.png,Fixal,Fexofenadine Hydrochloride,train
data/metadata/Doctor’s Handwritten Prescription BD dataset/Training/training_words/1360.png,Flamyd,Metronidazole,train
data/metadata/Doctor’s Handwritten Prescription BD dataset/Training/training_words/1361.png,Flamyd,Metronidazole,train
data/metadata/Doctor’s Handwritten Prescription BD dataset/Training/training_words/1362.png,Flamyd,Metronidazole,train
data/metadata/Doctor’s Handwritten Prescription BD dataset/Training/training_words/1363.png,Flamyd,Metronidazole,train
data/metadata/Doctor’s Handwritten Prescription BD dataset/Training/training_words/1364.png,Flamyd,Metronidazole,train
data/metadata/Doctor’s Handwritten Prescription BD dataset/Training/training_words/1365.png,Flamyd,Metronidazole,train
data/metadata/Doctor’s Handwritten Prescription BD dataset/Training/training_words/1366.png,Flamyd,Metronidazole,train
data/metadata/Doctor’s Handwritten Prescription BD dataset/Training/training_words/1367.png,Flamyd,Metronidazole,train
data/metadata/Doctor’s Handwritten Prescription BD dataset/Training/training_words/1368.png,Flamyd,Metronidazole,train
data/metadata/Doctor’s Handwritten Prescription BD dataset/Training/training_words/1369.png,Flamyd,Metronidazole,train
data/metadata/Doctor’s Handwritten Prescription BD dataset/Training/training_words/1370.png,Flamyd,Metronidazole,train
data/metadata/Doctor’s Handwritten Prescription BD dataset/Training/training_words/1371.png,Flamyd,Metronidazole,train
data/metadata/Doctor’s Handwritten Prescription BD dataset/Training/training_words/1372.png,Flamyd,Metronidazole,train
data/metadata/Doctor’s Handwritten Prescription BD dataset/Training/training_words/1373.png,Flamyd,Metronidazole,train
data/metadata/Doctor’s Handwritten Prescription BD dataset/Training/training_words/1374.png,Flamyd,Metronidazole,train
data/metadata/Doctor’s Handwritten Prescription BD dataset/Training/training_words/1375.png,Flamyd,Metronidazole,train
data/metadata/Doctor’s Handwritten Prescription BD dataset/Training/training_words/1376.png,Flamyd,Metronidazole,train
data/metadata/Doctor’s Handwritten Prescription BD dataset/Training/training_words/1377.png,Flamyd,Metronidazole,train
data/metadata/Doctor’s Handwritten Prescription BD dataset/Training/training_words/1378.png,Flamyd,Metronidazole,train
data/metadata/Doctor’s Handwritten Prescription BD dataset/Training/training_words/1379.png,Flamyd,Metronidazole,train
data/metadata/Doctor’s Handwritten Prescription BD dataset/Training/training_words/1380.png,Flamyd,Metronidazole,train
data/metadata/Doctor’s Handwritten Prescription BD dataset/Training/training_words/1381.png,Flamyd,Metronidazole,train
data/metadata/Doctor’s Handwritten Prescription BD dataset/Training/training_words/1382.png,Flamyd,Metronidazole,train
data/metadata/Doctor’s Handwritten Prescription BD dataset/Training/training_words/1383.png,Flamyd,Metronidazole,train
data/metadata/Doctor’s Handwritten Prescription BD dataset/Training/training_words/1384.png,Flamyd,Metronidazole,train
data/metadata/Doctor’s Handwritten Prescription BD dataset/Training/training_words/1385.png,Flamyd,Metronidazole,train
data/metadata/Doctor’s Handwritten Prescription BD dataset/Training/training_words/1386.png,Flamyd,Metronidazole,train
data/metadata/Doctor’s Handwritten Prescription BD dataset/Training/training_words/1387.png,Flamyd,Metronidazole,train
data/metadata/Doctor’s Handwritten Prescription BD dataset/Training/training_words/1388.png,Flamyd,Metronidazole,train
data/metadata/Doctor’s Handwritten Prescription BD dataset/Training/training_words/1389.png,Flamyd,Metronidazole,train
data/metadata/Doctor’s Handwritten Prescription BD dataset/Training/training_words/1390.png,Flamyd,Metronidazole,train
data/metadata/Doctor’s Handwritten Prescription BD dataset/Training/training_words/1391.png,Flamyd,Metronidazole,train
data/metadata/Doctor’s Handwritten Prescription BD dataset/Training/training_words/1392.png,Flamyd,Metronidazole,train
data/metadata/Doctor’s Handwritten Prescription BD dataset/Training/training_words/1393.png,Flamyd,Metronidazole,train
data/metadata/Doctor’s Handwritten Prescription BD dataset/Training/training_words/1394.png,Flamyd,Metronidazole,train
data/metadata/Doctor’s Handwritten Prescription BD dataset/Training/training_words/1395.png,Flamyd,Metronidazole,train
data/metadata/Doctor’s Handwritten Prescription BD dataset/Training/training_words/1396.png,Flamyd,Metronidazole,train
data/metadata/Doctor’s Handwritten Prescription BD dataset/Training/training_words/1397.png,Flamyd,Metronidazole,train
data/metadata/Doctor’s Handwritten Prescription BD dataset/Training/training_words/1398.png,Flamyd,Metronidazole,train
data/metadata/Doctor’s Handwritten Prescription BD dataset/Training/training_words/1399.png,Flamyd,Metronidazole,train
data/metadata/Doctor’s Handwritten Prescription BD dataset/Training/training_words/1400.png,Flexibac,Baclofen,train
data/metadata/Doctor’s Handwritten Prescription BD dataset/Training/training_words/1401.png,Flexibac,Baclofen,train
data/metadata/Doctor’s Handwritten Prescription BD dataset/Training/training_words/1402.png,Flexibac,Baclofen,train
data/metadata/Doctor’s Handwritten Prescription BD dataset/Training/training_words/1403.png,Flexibac,Baclofen,train
data/metadata/Doctor’s Handwritten Prescription BD dataset/Training/training_words/1404.png,Flexibac,Baclofen,train
data/metadata/Doctor’s Handwritten Prescription BD dataset/Training/training_words/1405.png,Flexibac,Baclofen,train
data/metadata/Doctor’s Handwritten Prescription BD dataset/Training/training_words/1406.png,Flexibac,Baclofen,train
data/metadata/Doctor’s Handwritten Prescription BD dataset/Training/training_words/1407.png,Flexibac,Baclofen,train
data/metadata/Doctor’s Handwritten Prescription BD dataset/Training/training_words/1408.png,Flexibac,Baclofen,train
data/metadata/Doctor’s Handwritten Prescription BD dataset/Training/training_words/1409.png,Flexibac,Baclofen,train
data/metadata/Doctor’s Handwritten Prescription BD dataset/Training/training_words/1410.png,Flexibac,Baclofen,train
data/metadata/Doctor’s Handwritten Prescription BD dataset/Training/training_words/1411.png,Flexibac,Baclofen,train
data/metadata/Doctor’s Handwritten Prescription BD dataset/Training/training_words/1412.png,Flexibac,Baclofen,train
data/metadata/Doctor’s Handwritten Prescription BD dataset/Training/training_words/1413.png,Flexibac,Baclofen,train
data/metadata/Doctor’s Handwritten Prescription BD dataset/Training/training_words/1414.png,Flexibac,Baclofen,train
data/metadata/Doctor’s Handwritten Prescription BD dataset/Training/training_words/1415.png,Flexibac,Baclofen,train
data/metadata/Doctor’s Handwritten Prescription BD dataset/Training/training_words/1416.png,Flexibac,Baclofen,train
data/metadata/Doctor’s Handwritten Prescription BD dataset/Training/training_words/1417.png,Flexibac,Baclofen,train
data/metadata/Doctor’s Handwritten Prescription BD dataset/Training/training_words/1418.png,Flexibac,Baclofen,train
data/metadata/Doctor’s Handwritten Prescription BD dataset/Training/training_words/1419.png,Flexibac,Baclofen,train
data/metadata/Doctor’s Handwritten Prescription BD dataset/Training/training_words/1420.png,Flexibac,Baclofen,train
data/metadata/Doctor’s Handwritten Prescription BD dataset/Training/training_words/1421.png,Flexibac,Baclofen,train
data/metadata/Doctor’s Handwritten Prescription BD dataset/Training/training_words/1422.png,Flexibac,Baclofen,train
data/metadata/Doctor’s Handwritten Prescription BD dataset/Training/training_words/1423.png,Flexibac,Baclofen,train
data/metadata/Doctor’s Handwritten Prescription BD dataset/Training/training_words/1424.png,Flexibac,Baclofen,train
data/metadata/Doctor’s Handwritten Prescription BD dataset/Training/training_words/1425.png,Flexibac,Baclofen,train
data/metadata/Doctor’s Handwritten Prescription BD dataset/Training/training_words/1426.png,Flexibac,Baclofen,train
data/metadata/Doctor’s Handwritten Prescription BD dataset/Training/training_words/1427.png,Flexibac,Baclofen,train
data/metadata/Doctor’s Handwritten Prescription BD dataset/Training/training_words/1428.png,Flexibac,Baclofen,train
data/metadata/Doctor’s Handwritten Prescription BD dataset/Training/training_words/1429.png,Flexibac,Baclofen,train
data/metadata/Doctor’s Handwritten Prescription BD dataset/Training/training_words/1430.png,Flexibac,Baclofen,train
data/metadata/Doctor’s Handwritten Prescription BD dataset/Training/training_words/1431.png,Flexibac,Baclofen,train
data/metadata/Doctor’s Handwritten Prescription BD dataset/Training/training_words/1432.png,Flexibac,Baclofen,train
data/metadata/Doctor’s Handwritten Prescription BD dataset/Training/training_words/1433.png,Flexibac,Baclofen,train
data/metadata/Doctor’s Handwritten Prescription BD dataset/Training/training_words/1434.png,Flexibac,Baclofen,train
data/metadata/Doctor’s Handwritten Prescription BD dataset/Training/training_words/1435.png,Flexibac,Baclofen,train
data/metadata/Doctor’s Handwritten Prescription BD dataset/Training/training_words/1436.png,Flexibac,Baclofen,train
data/metadata/Doctor’s Handwritten Prescription BD dataset/Training/training_words/1437.png,Flexibac,Baclofen,train
data/metadata/Doctor’s Handwritten Prescription BD dataset/Training/training_words/1438.png,Flexibac,Baclofen,train
data/metadata/Doctor’s Handwritten Prescription BD dataset/Training/training_words/1439.png,Flexibac,Baclofen,train
data/metadata/Doctor’s Handwritten Prescription BD dataset/Training/training_words/1440.png,Flexilax,Baclofen,train
data/metadata/Doctor’s Handwritten Prescription BD dataset/Training/training_words/1441.png,Flexilax,Baclofen,train
data/metadata/Doctor’s Handwritten Prescription BD dataset/Training/training_words/1442.png,Flexilax,Baclofen,train
data/metadata/Doctor’s Handwritten Prescription BD dataset/Training/training_words/1443.png,Flexilax,Baclofen,train
data/metadata/Doctor’s Handwritten Prescription BD dataset/Training/training_words/1444.png,Flexilax,Baclofen,train
data/metadata/Doctor’s Handwritten Prescription BD dataset/Training/training_words/1445.png,Flexilax,Baclofen,train
data/metadata/Doctor’s Handwritten Prescription BD dataset/Training/training_words/1446.png,Flexilax,Baclofen,train
data/metadata/Doctor’s Handwritten Prescription BD dataset/Training/training_words/1447.png,Flexilax,Baclofen,train
data/metadata/Doctor’s Handwritten Prescription BD dataset/Training/training_words/1448.png,Flexilax,Baclofen,train
data/metadata/Doctor’s Handwritten Prescription BD dataset/Training/training_words/1449.png,Flexilax,Baclofen,train
data/metadata/Doctor’s Handwritten Prescription BD dataset/Training/training_words/1450.png,Flexilax,Baclofen,train
data/metadata/Doctor’s Handwritten Prescription BD dataset/Training/training_words/1451.png,Flexilax,Baclofen,train
data/metadata/Doctor’s Handwritten Prescription BD dataset/Training/training_words/1452.png,Flexilax,Baclofen,train
data/metadata/Doctor’s Handwritten Prescription BD dataset/Training/training_words/1453.png,Flexilax,Baclofen,train
data/metadata/Doctor’s Handwritten Prescription BD dataset/Training/training_words/1454.png,Flexilax,Baclofen,train
data/metadata/Doctor’s Handwritten Prescription BD dataset/Training/training_words/1455.png,Flexilax,Baclofen,train
data/metadata/Doctor’s Handwritten Prescription BD dataset/Training/training_words/1456.png,Flexilax,Baclofen,train
data/metadata/Doctor’s Handwritten Prescription BD dataset/Training/training_words/1457.png,Flexilax,Baclofen,train
data/metadata/Doctor’s Handwritten Prescription BD dataset/Training/training_words/1458.png,Flexilax,Baclofen,train
data/metadata/Doctor’s Handwritten Prescription BD dataset/Training/training_words/1459.png,Flexilax,Baclofen,train
data/metadata/Doctor’s Handwritten Prescription BD dataset/Training/training_words/1460.png,Flexilax,Baclofen,train
data/metadata/Doctor’s Handwritten Prescription BD dataset/Training/training_words/1461.png,Flexilax,Baclofen,train
data/metadata/Doctor’s Handwritten Prescription BD dataset/Training/training_words/1462.png,Flexilax,Baclofen,train
data/metadata/Doctor’s Handwritten Prescription BD dataset/Training/training_words/1463.png,Flexilax,Baclofen,train
data/metadata/Doctor’s Handwritten Prescription BD dataset/Training/training_words/1464.png,Flexilax,Baclofen,train
data/metadata/Doctor’s Handwritten Prescription BD dataset/Training/training_words/1465.png,Flexilax,Baclofen,train
data/metadata/Doctor’s Handwritten Prescription BD dataset/Training/training_words/1466.png,Flexilax,Baclofen,train
data/metadata/Doctor’s Handwritten Prescription BD dataset/Training/training_words/1467.png,Flexilax,Baclofen,train
data/metadata/Doctor’s Handwritten Prescription BD dataset/Training/training_words/1468.png,Flexilax,Baclofen,train
data/metadata/Doctor’s Handwritten Prescription BD dataset/Training/training_words/1469.png,Flexilax,Baclofen,train
data/metadata/Doctor’s Handwritten Prescription BD dataset/Training/training_words/1470.png,Flexilax,Baclofen,train
data/metadata/Doctor’s Handwritten Prescription BD dataset/Training/training_words/1471.png,Flexilax,Baclofen,train
data/metadata/Doctor’s Handwritten Prescription BD dataset/Training/training_words/1472.png,Flexilax,Baclofen,train
data/metadata/Doctor’s Handwritten Prescription BD dataset/Training/training_words/1473.png,Flexilax,Baclofen,train
data/metadata/Doctor’s Handwritten Prescription BD dataset/Training/training_words/1474.png,Flexilax,Baclofen,train
data/metadata/Doctor’s Handwritten Prescription BD dataset/Training/training_words/1475.png,Flexilax,Baclofen,train
data/metadata/Doctor’s Handwritten Prescription BD dataset/Training/training_words/1476.png,Flexilax,Baclofen,train
data/metadata/Doctor’s Handwritten Prescription BD dataset/Training/training_words/1477.png,Flexilax,Baclofen,train
data/metadata/Doctor’s Handwritten Prescription BD dataset/Training/training_words/1478.png,Flexilax,Baclofen,train
data/metadata/Doctor’s Handwritten Prescription BD dataset/Training/training_words/1479.png,Flexilax,Baclofen,train
data/metadata/Doctor’s Handwritten Prescription BD dataset/Training/training_words/1480.png,Flugal,Fluconazole,train
data/metadata/Doctor’s Handwritten Prescription BD dataset/Training/training_words/1481.png,Flugal,Fluconazole,train
data/metadata/Doctor’s Handwritten Prescription BD dataset/Training/training_words/1482.png,Flugal,Fluconazole,train
data/metadata/Doctor’s Handwritten Prescription BD dataset/Training/training_words/1483.png,Flugal,Fluconazole,train
data/metadata/Doctor’s Handwritten Prescription BD dataset/Training/training_words/1484.png,Flugal,Fluconazole,train
data/metadata/Doctor’s Handwritten Prescription BD dataset/Training/training_words/1485.png,Flugal,Fluconazole,train
data/metadata/Doctor’s Handwritten Prescription BD dataset/Training/training_words/1486.png,Flugal,Fluconazole,train
data/metadata/Doctor’s Handwritten Prescription BD dataset/Training/training_words/1487.png,Flugal,Fluconazole,train
data/metadata/Doctor’s Handwritten Prescription BD dataset/Training/training_words/1488.png,Flugal,Fluconazole,train
data/metadata/Doctor’s Handwritten Prescription BD dataset/Training/training_words/1489.png,Flugal,Fluconazole,train
data/metadata/Doctor’s Handwritten Prescription BD dataset/Training/training_words/1490.png,Flugal,Fluconazole,train
data/metadata/Doctor’s Handwritten Prescription BD dataset/Training/training_words/1491.png,Flugal,Fluconazole,train
data/metadata/Doctor’s Handwritten Prescription BD dataset/Training/training_words/1492.png,Flugal,Fluconazole,train
data/metadata/Doctor’s Handwritten Prescription BD dataset/Training/training_words/1493.png,Flugal,Fluconazole,train
data/metadata/Doctor’s Handwritten Prescription BD dataset/Training/training_words/1494.png,Flugal,Fluconazole,train
data/metadata/Doctor’s Handwritten Prescription BD dataset/Training/training_words/1495.png,Flugal,Fluconazole,train
data/metadata/Doctor’s Handwritten Prescription BD dataset/Training/training_words/1496.png,Flugal,Fluconazole,train
data/metadata/Doctor’s Handwritten Prescription BD dataset/Training/training_words/1497.png,Flugal,Fluconazole,train
data/metadata/Doctor’s Handwritten Prescription BD dataset/Training/training_words/1498.png,Flugal,Fluconazole,train
data/metadata/Doctor’s Handwritten Prescription BD dataset/Training/training_words/1499.png,Flugal,Fluconazole,train
data/metadata/Doctor’s Handwritten Prescription BD dataset/Training/training_words/1500.png,Flugal,Fluconazole,train
data/metadata/Doctor’s Handwritten Prescription BD dataset/Training/training_words/1501.png,Flugal,Fluconazole,train
data/metadata/Doctor’s Handwritten Prescription BD dataset/Training/training_words/1502.png,Flugal,Fluconazole,train
data/metadata/Doctor’s Handwritten Prescription BD dataset/Training/training_words/1503.png,Flugal,Fluconazole,train
data/metadata/Doctor’s Handwritten Prescription BD dataset/Training/training_words/1504.png,Flugal,Fluconazole,train
data/metadata/Doctor’s Handwritten Prescription BD dataset/Training/training_words/1505.png,Flugal,Fluconazole,train
data/metadata/Doctor’s Handwritten Prescription BD dataset/Training/training_words/1506.png,Flugal,Fluconazole,train
data/metadata/Doctor’s Handwritten Prescription BD dataset/Training/training_words/1507.png,Flugal,Fluconazole,train
data/metadata/Doctor’s Handwritten Prescription BD dataset/Training/training_words/1508.png,Flugal,Fluconazole,train
data/metadata/Doctor’s Handwritten Prescription BD dataset/Training/training_words/1509.png,Flugal,Fluconazole,train
data/metadata/Doctor’s Handwritten Prescription BD dataset/Training/training_words/1510.png,Flugal,Fluconazole,train
data/metadata/Doctor’s Handwritten Prescription BD dataset/Training/training_words/1511.png,Flugal,Fluconazole,train
data/metadata/Doctor’s Handwritten Prescription BD dataset/Training/training_words/1512.png,Flugal,Fluconazole,train
data/metadata/Doctor’s Handwritten Prescription BD dataset/Training/training_words/1513.png,Flugal,Fluconazole,train
data/metadata/Doctor’s Handwritten Prescription BD dataset/Training/training_words/1514.png,Flugal,Fluconazole,train
data/metadata/Doctor’s Handwritten Prescription BD dataset/Training/training_words/1515.png,Flugal,Fluconazole,train
data/metadata/Doctor’s Handwritten Prescription BD dataset/Training/training_words/1516.png,Flugal,Fluconazole,train
data/metadata/Doctor’s Handwritten Prescription BD dataset/Training/training_words/1517.png,Flugal,Fluconazole,train
data/metadata/Doctor’s Handwritten Prescription BD dataset/Training/training_words/1518.png,Flugal,Fluconazole,train
data/metadata/Doctor’s Handwritten Prescription BD dataset/Training/training_words/1519.png,Flugal,Fluconazole,train
data/metadata/Doctor’s Handwritten Prescription BD dataset/Training/training_words/1520.png,Ketocon,Ketoconazole (Shampoo),train
data/metadata/Doctor’s Handwritten Prescription BD dataset/Training/training_words/1521.png,Ketocon,Ketoconazole (Shampoo),train
data/metadata/Doctor’s Handwritten Prescription BD dataset/Training/training_words/1522.png,Ketocon,Ketoconazole (Shampoo),train
data/metadata/Doctor’s Handwritten Prescription BD dataset/Training/training_words/1523.png,Ketocon,Ketoconazole (Shampoo),train
data/metadata/Doctor’s Handwritten Prescription BD dataset/Training/training_words/1524.png,Ketocon,Ketoconazole (Shampoo),train
data/metadata/Doctor’s Handwritten Prescription BD dataset/Training/training_words/1525.png,Ketocon,Ketoconazole (Shampoo),train
data/metadata/Doctor’s Handwritten Prescription BD dataset/Training/training_words/1526.png,Ketocon,Ketoconazole (Shampoo),train
data/metadata/Doctor’s Handwritten Prescription BD dataset/Training/training_words/1527.png,Ketocon,Ketoconazole (Shampoo),train
data/metadata/Doctor’s Handwritten Prescription BD dataset/Training/training_words/1528.png,Ketocon,Ketoconazole (Shampoo),train
data/metadata/Doctor’s Handwritten Prescription BD dataset/Training/training_words/1529.png,Ketocon,Ketoconazole (Shampoo),train
data/metadata/Doctor’s Handwritten Prescription BD dataset/Training/training_words/1530.png,Ketocon,Ketoconazole (Shampoo),train
data/metadata/Doctor’s Handwritten Prescription BD dataset/Training/training_words/1531.png,Ketocon,Ketoconazole (Shampoo),train
data/metadata/Doctor’s Handwritten Prescription BD dataset/Training/training_words/1532.png,Ketocon,Ketoconazole (Shampoo),train
data/metadata/Doctor’s Handwritten Prescription BD dataset/Training/training_words/1533.png,Ketocon,Ketoconazole (Shampoo),train
data/metadata/Doctor’s Handwritten Prescription BD dataset/Training/training_words/1534.png,Ketocon,Ketoconazole (Shampoo),train
data/metadata/Doctor’s Handwritten Prescription BD dataset/Training/training_words/1535.png,Ketocon,Ketoconazole (Shampoo),train
data/metadata/Doctor’s Handwritten Prescription BD dataset/Training/training_words/1536.png,Ketocon,Ketoconazole (Shampoo),train
data/metadata/Doctor’s Handwritten Prescription BD dataset/Training/training_words/1537.png,Ketocon,Ketoconazole (Shampoo),train
data/metadata/Doctor’s Handwritten Prescription BD dataset/Training/training_words/1538.png,Ketocon,Ketoconazole (Shampoo),train
data/metadata/Doctor’s Handwritten Prescription BD dataset/Training/training_words/1539.png,Ketocon,Ketoconazole (Shampoo),train
data/metadata/Doctor’s Handwritten Prescription BD dataset/Training/training_words/1540.png,Ketocon,Ketoconazole (Shampoo),train
data/metadata/Doctor’s Handwritten Prescription BD dataset/Training/training_words/1541.png,Ketocon,Ketoconazole (Shampoo),train
data/metadata/Doctor’s Handwritten Prescription BD dataset/Training/training_words/1542.png,Ketocon,Ketoconazole (Shampoo),train
data/metadata/Doctor’s Handwritten Prescription BD dataset/Training/training_words/1543.png,Ketocon,Ketoconazole (Shampoo),train
data/metadata/Doctor’s Handwritten Prescription BD dataset/Training/training_words/1544.png,Ketocon,Ketoconazole (Shampoo),train
data/metadata/Doctor’s Handwritten Prescription BD dataset/Training/training_words/1545.png,Ketocon,Ketoconazole (Shampoo),train
data/metadata/Doctor’s Handwritten Prescription BD dataset/Training/training_words/1546.png,Ketocon,Ketoconazole (Shampoo),train
data/metadata/Doctor’s Handwritten Prescription BD dataset/Training/training_words/1547.png,Ketocon,Ketoconazole (Shampoo),train
data/metadata/Doctor’s Handwritten Prescription BD dataset/Training/training_words/1548.png,Ketocon,Ketoconazole (Shampoo),train
data/metadata/Doctor’s Handwritten Prescription BD dataset/Training/training_words/1549.png,Ketocon,Ketoconazole (Shampoo),train
data/metadata/Doctor’s Handwritten Prescription BD dataset/Training/training_words/1550.png,Ketocon,Ketoconazole (Shampoo),train
data/metadata/Doctor’s Handwritten Prescription BD dataset/Training/training_words/1551.png,Ketocon,Ketoconazole (Shampoo),train
data/metadata/Doctor’s Handwritten Prescription BD dataset/Training/training_words/1552.png,Ketocon,Ketoconazole (Shampoo),train
data/metadata/Doctor’s Handwritten Prescription BD dataset/Training/training_words/1553.png,Ketocon,Ketoconazole (Shampoo),train
data/metadata/Doctor’s Handwritten Prescription BD dataset/Training/training_words/1554.png,Ketocon,Ketoconazole (Shampoo),train
data/metadata/Doctor’s Handwritten Prescription BD dataset/Training/training_words/1555.png,Ketocon,Ketoconazole (Shampoo),train
data/metadata/Doctor’s Handwritten Prescription BD dataset/Training/training_words/1556.png,Ketocon,Ketoconazole (Shampoo),train
data/metadata/Doctor’s Handwritten Prescription BD dataset/Training/training_words/1557.png,Ketocon,Ketoconazole (Shampoo),train
data/metadata/Doctor’s Handwritten Prescription BD dataset/Training/training_words/1558.png,Ketocon,Ketoconazole (Shampoo),train
data/metadata/Doctor’s Handwritten Prescription BD dataset/Training/training_words/1559.png,Ketocon,Ketoconazole (Shampoo),train
data/metadata/Doctor’s Handwritten Prescription BD dataset/Training/training_words/1560.png,Ketoral,Ketoconazole (Tablet),train
data/metadata/Doctor’s Handwritten Prescription BD dataset/Training/training_words/1561.png,Ketoral,Ketoconazole (Tablet),train
data/metadata/Doctor’s Handwritten Prescription BD dataset/Training/training_words/1562.png,Ketoral,Ketoconazole (Tablet),train
data/metadata/Doctor’s Handwritten Prescription BD dataset/Training/training_words/1563.png,Ketoral,Ketoconazole (Tablet),train
data/metadata/Doctor’s Handwritten Prescription BD dataset/Training/training_words/1564.png,Ketoral,Ketoconazole (Tablet),train
data/metadata/Doctor’s Handwritten Prescription BD dataset/Training/training_words/1565.png,Ketoral,Ketoconazole (Tablet),train
data/metadata/Doctor’s Handwritten Prescription BD dataset/Training/training_words/1566.png,Ketoral,Ketoconazole (Tablet),train
data/metadata/Doctor’s Handwritten Prescription BD dataset/Training/training_words/1567.png,Ketoral,Ketoconazole (Tablet),train
data/metadata/Doctor’s Handwritten Prescription BD dataset/Training/training_words/1568.png,Ketoral,Ketoconazole (Tablet),train
data/metadata/Doctor’s Handwritten Prescription BD dataset/Training/training_words/1569.png,Ketoral,Ketoconazole (Tablet),train
data/metadata/Doctor’s Handwritten Prescription BD dataset/Training/training_words/1570.png,Ketoral,Ketoconazole (Tablet),train
data/metadata/Doctor’s Handwritten Prescription BD dataset/Training/training_words/1571.png,Ketoral,Ketoconazole (Tablet),train
data/metadata/Doctor’s Handwritten Prescription BD dataset/Training/training_words/1572.png,Ketoral,Ketoconazole (Tablet),train
data/metadata/Doctor’s Handwritten Prescription BD dataset/Training/training_words/1573.png,Ketoral,Ketoconazole (Tablet),train
data/metadata/Doctor’s Handwritten Prescription BD dataset/Training/training_words/1574.png,Ketoral,Ketoconazole (Tablet),train
data/metadata/Doctor’s Handwritten Prescription BD dataset/Training/training_words/1575.png,Ketoral,Ketoconazole (Tablet),train
data/metadata/Doctor’s Handwritten Prescription BD dataset/Training/training_words/1576.png,Ketoral,Ketoconazole (Tablet),train
data/metadata/Doctor’s Handwritten Prescription BD dataset/Training/training_words/1577.png,Ketoral,Ketoconazole (Tablet),train
data/metadata/Doctor’s Handwritten Prescription BD dataset/Training/training_words/1578.png,Ketoral,Ketoconazole (Tablet),train
data/metadata/Doctor’s Handwritten Prescription BD dataset/Training/training_words/1579.png,Ketoral,Ketoconazole (Tablet),train
data/metadata/Doctor’s Handwritten Prescription BD dataset/Training/training_words/1580.png,Ketoral,Ketoconazole (Tablet),train
data/metadata/Doctor’s Handwritten Prescription BD dataset/Training/training_words/1581.png,Ketoral,Ketoconazole (Tablet),train
data/metadata/Doctor’s Handwritten Prescription BD dataset/Training/training_words/1582.png,Ketoral,Ketoconazole (Tablet),train
data/metadata/Doctor’s Handwritten Prescription BD dataset/Training/training_words/1583.png,Ketoral,Ketoconazole (Tablet),train
data/metadata/Doctor’s Handwritten Prescription BD dataset/Training/training_words/1584.png,Ketoral,Ketoconazole (Tablet),train
data/metadata/Doctor’s Handwritten Prescription BD dataset/Training/training_words/1585.png,Ketoral,Ketoconazole (Tablet),train
data/metadata/Doctor’s Handwritten Prescription BD dataset/Training/training_words/1586.png,Ketoral,Ketoconazole (Tablet),train
data/metadata/Doctor’s Handwritten Prescription BD dataset/Training/training_words/1587.png,Ketoral,Ketoconazole (Tablet),train
data/metadata/Doctor’s Handwritten Prescription BD dataset/Training/training_words/1588.png,Ketoral,Ketoconazole (Tablet),train
data/metadata/Doctor’s Handwritten Prescription BD dataset/Training/training_words/1589.png,Ketoral,Ketoconazole (Tablet),train
data/metadata/Doctor’s Handwritten Prescription BD dataset/Training/training_words/1590.png,Ketoral,Ketoconazole (Tablet),train
data/metadata/Doctor’s Handwritten Prescription BD dataset/Training/training_words/1591.png,Ketoral,Ketoconazole (Tablet),train
data/metadata/Doctor’s Handwritten Prescription BD dataset/Training/training_words/1592.png,Ketoral,Ketoconazole (Tablet),train
data/metadata/Doctor’s Handwritten Prescription BD dataset/Training/training_words/1593.png,Ketoral,Ketoconazole (Tablet),train
data/metadata/Doctor’s Handwritten Prescription BD dataset/Training/training_words/1594.png,Ketoral,Ketoconazole (Tablet),train
data/metadata/Doctor’s Handwritten Prescription BD dataset/Training/training_words/1595.png,Ketoral,Ketoconazole (Tablet),train
data/metadata/Doctor’s Handwritten Prescription BD dataset/Training/training_words/1596.png,Ketoral,Ketoconazole (Tablet),train
data/metadata/Doctor’s Handwritten Prescription BD dataset/Training/training_words/1597.png,Ketoral,Ketoconazole (Tablet),train
data/metadata/Doctor’s Handwritten Prescription BD dataset/Training/training_words/1598.png,Ketoral,Ketoconazole (Tablet),train
data/metadata/Doctor’s Handwritten Prescription BD dataset/Training/training_words/1599.png,Ketoral,Ketoconazole (Tablet),train
data/metadata/Doctor’s Handwritten Prescription BD dataset/Training/training_words/1600.png,Ketotab,Ketoconazole (Tablet),train
data/metadata/Doctor’s Handwritten Prescription BD dataset/Training/training_words/1601.png,Ketotab,Ketoconazole (Tablet),train
data/metadata/Doctor’s Handwritten Prescription BD dataset/Training/training_words/1602.png,Ketotab,Ketoconazole (Tablet),train
data/metadata/Doctor’s Handwritten Prescription BD dataset/Training/training_words/1603.png,Ketotab,Ketoconazole (Tablet),train
data/metadata/Doctor’s Handwritten Prescription BD dataset/Training/training_words/1604.png,Ketotab,Ketoconazole (Tablet),train
data/metadata/Doctor’s Handwritten Prescription BD dataset/Training/training_words/1605.png,Ketotab,Ketoconazole (Tablet),train
data/metadata/Doctor’s Handwritten Prescription BD dataset/Training/training_words/1606.png,Ketotab,Ketoconazole (Tablet),train
data/metadata/Doctor’s Handwritten Prescription BD dataset/Training/training_words/1607.png,Ketotab,Ketoconazole (Tablet),train
data/metadata/Doctor’s Handwritten Prescription BD dataset/Training/training_words/1608.png,Ketotab,Ketoconazole (Tablet),train
data/metadata/Doctor’s Handwritten Prescription BD dataset/Training/training_words/1609.png,Ketotab,Ketoconazole (Tablet),train
data/metadata/Doctor’s Handwritten Prescription BD dataset/Training/training_words/1610.png,Ketotab,Ketoconazole (Tablet),train
data/metadata/Doctor’s Handwritten Prescription BD dataset/Training/training_words/1611.png,Ketotab,Ketoconazole (Tablet),train
data/metadata/Doctor’s Handwritten Prescription BD dataset/Training/training_words/1612.png,Ketotab,Ketoconazole (Tablet),train
data/metadata/Doctor’s Handwritten Prescription BD dataset/Training/training_words/1613.png,Ketotab,Ketoconazole (Tablet),train
data/metadata/Doctor’s Handwritten Prescription BD dataset/Training/training_words/1614.png,Ketotab,Ketoconazole (Tablet),train
data/metadata/Doctor’s Handwritten Prescription BD dataset/Training/training_words/1615.png,Ketotab,Ketoconazole (Tablet),train
data/metadata/Doctor’s Handwritten Prescription BD dataset/Training/training_words/1616.png,Ketotab,Ketoconazole (Tablet),train
data/metadata/Doctor’s Handwritten Prescription BD dataset/Training/training_words/1617.png,Ketotab,Ketoconazole (Tablet),train
data/metadata/Doctor’s Handwritten Prescription BD dataset/Training/training_words/1618.png,Ketotab,Ketoconazole (Tablet),train
data/metadata/Doctor’s Handwritten Prescription BD dataset/Training/training_words/1619.png,Ketotab,Ketoconazole (Tablet),train
data/metadata/Doctor’s Handwritten Prescription BD dataset/Training/training_words/1620.png,Ketotab,Ketoconazole (Tablet),train
data/metadata/Doctor’s Handwritten Prescription BD dataset/Training/training_words/1621.png,Ketotab,Ketoconazole (Tablet),train
data/metadata/Doctor’s Handwritten Prescription BD dataset/Training/training_words/1622.png,Ketotab,Ketoconazole (Tablet),train
data/metadata/Doctor’s Handwritten Prescription BD dataset/Training/training_words/1623.png,Ketotab,Ketoconazole (Tablet),train
data/metadata/Doctor’s Handwritten Prescription BD dataset/Training/training_words/1624.png,Ketotab,Ketoconazole (Tablet),train
data/metadata/Doctor’s Handwritten Prescription BD dataset/Training/training_words/1625.png,Ketotab,Ketoconazole (Tablet),train
data/metadata/Doctor’s Handwritten Prescription BD dataset/Training/training_words/1626.png,Ketotab,Ketoconazole (Tablet),train
data/metadata/Doctor’s Handwritten Prescription BD dataset/Training/training_words/1627.png,Ketotab,Ketoconazole (Tablet),train
data/metadata/Doctor’s Handwritten Prescription BD dataset/Training/training_words/1628.png,Ketotab,Ketoconazole (Tablet),train
data/metadata/Doctor’s Handwritten Prescription BD dataset/Training/training_words/1629.png,Ketotab,Ketoconazole (Tablet),train
data/metadata/Doctor’s Handwritten Prescription BD dataset/Training/training_words/1630.png,Ketotab,Ketoconazole (Tablet),train
data/metadata/Doctor’s Handwritten Prescription BD dataset/Training/training_words/1631.png,Ketotab,Ketoconazole (Tablet),train
data/metadata/Doctor’s Handwritten Prescription BD dataset/Training/training_words/1632.png,Ketotab,Ketoconazole (Tablet),train
data/metadata/Doctor’s Handwritten Prescription BD dataset/Training/training_words/1633.png,Ketotab,Ketoconazole (Tablet),train
data/metadata/Doctor’s Handwritten Prescription BD dataset/Training/training_words/1634.png,Ketotab,Ketoconazole (Tablet),train
data/metadata/Doctor’s Handwritten Prescription BD dataset/Training/training_words/1635.png,Ketotab,Ketoconazole (Tablet),train
data/metadata/Doctor’s Handwritten Prescription BD dataset/Training/training_words/1636.png,Ketotab,Ketoconazole (Tablet),train
data/metadata/Doctor’s Handwritten Prescription BD dataset/Training/training_words/1637.png,Ketotab,Ketoconazole (Tablet),train
data/metadata/Doctor’s Handwritten Prescription BD dataset/Training/training_words/1638.png,Ketotab,Ketoconazole (Tablet),train
data/metadata/Doctor’s Handwritten Prescription BD dataset/Training/training_words/1639.png,Ketotab,Ketoconazole (Tablet),train
data/metadata/Doctor’s Handwritten Prescription BD dataset/Training/training_words/1640.png,Ketozol,Ketoconazole (Shampoo),train
data/metadata/Doctor’s Handwritten Prescription BD dataset/Training/training_words/1641.png,Ketozol,Ketoconazole (Shampoo),train
data/metadata/Doctor’s Handwritten Prescription BD dataset/Training/training_words/1642.png,Ketozol,Ketoconazole (Shampoo),train
data/metadata/Doctor’s Handwritten Prescription BD dataset/Training/training_words/1643.png,Ketozol,Ketoconazole (Shampoo),train
data/metadata/Doctor’s Handwritten Prescription BD dataset/Training/training_words/1644.png,Ketozol,Ketoconazole (Shampoo),train
data/metadata/Doctor’s Handwritten Prescription BD dataset/Training/training_words/1645.png,Ketozol,Ketoconazole (Shampoo),train
data/metadata/Doctor’s Handwritten Prescription BD dataset/Training/training_words/1646.png,Ketozol,Ketoconazole (Shampoo),train
data/metadata/Doctor’s Handwritten Prescription BD dataset/Training/training_words/1647.png,Ketozol,Ketoconazole (Shampoo),train
data/metadata/Doctor’s Handwritten Prescription BD dataset/Training/training_words/1648.png,Ketozol,Ketoconazole (Shampoo),train
data/metadata/Doctor’s Handwritten Prescription BD dataset/Training/training_words/1649.png,Ketozol,Ketoconazole (Shampoo),train
data/metadata/Doctor’s Handwritten Prescription BD dataset/Training/training_words/1650.png,Ketozol,Ketoconazole (Shampoo),train
data/metadata/Doctor’s Handwritten Prescription BD dataset/Training/training_words/1651.png,Ketozol,Ketoconazole (Shampoo),train
data/metadata/Doctor’s Handwritten Prescription BD dataset/Training/training_words/1652.png,Ketozol,Ketoconazole (Shampoo),train
data/metadata/Doctor’s Handwritten Prescription BD dataset/Training/training_words/1653.png,Ketozol,Ketoconazole (Shampoo),train
data/metadata/Doctor’s Handwritten Prescription BD dataset/Training/training_words/1654.png,Ketozol,Ketoconazole (Shampoo),train
data/metadata/Doctor’s Handwritten Prescription BD dataset/Training/training_words/1655.png,Ketozol,Ketoconazole (Shampoo),train
data/metadata/Doctor’s Handwritten Prescription BD dataset/Training/training_words/1656.png,Ketozol,Ketoconazole (Shampoo),train
data/metadata/Doctor’s Handwritten Prescription BD dataset/Training/training_words/1657.png,Ketozol,Ketoconazole (Shampoo),train
data/metadata/Doctor’s Handwritten Prescription BD dataset/Training/training_words/1658.png,Ketozol,Ketoconazole (Shampoo),train
data/metadata/Doctor’s Handwritten Prescription BD dataset/Training/training_words/1659.png,Ketozol,Ketoconazole (Shampoo),train
data/metadata/Doctor’s Handwritten Prescription BD dataset/Training/training_words/1660.png,Ketozol,Ketoconazole (Shampoo),train
data/metadata/Doctor’s Handwritten Prescription BD dataset/Training/training_words/1661.png,Ketozol,Ketoconazole (Shampoo),train
data/metadata/Doctor’s Handwritten Prescription BD dataset/Training/training_words/1662.png,Ketozol,Ketoconazole (Shampoo),train
data/metadata/Doctor’s Handwritten Prescription BD dataset/Training/training_words/1663.png,Ketozol,Ketoconazole (Shampoo),train
data/metadata/Doctor’s Handwritten Prescription BD dataset/Training/training_words/1664.png,Ketozol,Ketoconazole (Shampoo),train
data/metadata/Doctor’s Handwritten Prescription BD dataset/Training/training_words/1665.png,Ketozol,Ketoconazole (Shampoo),train
data/metadata/Doctor’s Handwritten Prescription BD dataset/Training/training_words/1666.png,Ketozol,Ketoconazole (Shampoo),train
data/metadata/Doctor’s Handwritten Prescription BD dataset/Training/training_words/1667.png,Ketozol,Ketoconazole (Shampoo),train
data/metadata/Doctor’s Handwritten Prescription BD dataset/Training/training_words/1668.png,Ketozol,Ketoconazole (Shampoo),train
data/metadata/Doctor’s Handwritten Prescription BD dataset/Training/training_words/1669.png,Ketozol,Ketoconazole (Shampoo),train
data/metadata/Doctor’s Handwritten Prescription BD dataset/Training/training_words/1670.png,Ketozol,Ketoconazole (Shampoo),train
data/metadata/Doctor’s Handwritten Prescription BD dataset/Training/training_words/1671.png,Ketozol,Ketoconazole (Shampoo),train
data/metadata/Doctor’s Handwritten Prescription BD dataset/Training/training_words/1672.png,Ketozol,Ketoconazole (Shampoo),train
data/metadata/Doctor’s Handwritten Prescription BD dataset/Training/training_words/1673.png,Ketozol,Ketoconazole (Shampoo),train
data/metadata/Doctor’s Handwritten Prescription BD dataset/Training/training_words/1674.png,Ketozol,Ketoconazole (Shampoo),train
data/metadata/Doctor’s Handwritten Prescription BD dataset/Training/training_words/1675.png,Ketozol,Ketoconazole (Shampoo),train
data/metadata/Doctor’s Handwritten Prescription BD dataset/Training/training_words/1676.png,Ketozol,Ketoconazole (Shampoo),train
data/metadata/Doctor’s Handwritten Prescription BD dataset/Training/training_words/1677.png,Ketozol,Ketoconazole (Shampoo),train
data/metadata/Doctor’s Handwritten Prescription BD dataset/Training/training_words/1678.png,Ketozol,Ketoconazole (Shampoo),train
data/metadata/Doctor’s Handwritten Prescription BD dataset/Training/training_words/1679.png,Ketozol,Ketoconazole (Shampoo),train
data/metadata/Doctor’s Handwritten Prescription BD dataset/Training/training_words/1680.png,Leptic,Clonazepam,train
data/metadata/Doctor’s Handwritten Prescription BD dataset/Training/training_words/1681.png,Leptic,Clonazepam,train
data/metadata/Doctor’s Handwritten Prescription BD dataset/Training/training_words/1682.png,Leptic,Clonazepam,train
data/metadata/Doctor’s Handwritten Prescription BD dataset/Training/training_words/1683.png,Leptic,Clonazepam,train
data/metadata/Doctor’s Handwritten Prescription BD dataset/Training/training_words/1684.png,Leptic,Clonazepam,train
data/metadata/Doctor’s Handwritten Prescription BD dataset/Training/training_words/1685.png,Leptic,Clonazepam,train
data/metadata/Doctor’s Handwritten Prescription BD dataset/Training/training_words/1686.png,Leptic,Clonazepam,train
data/metadata/Doctor’s Handwritten Prescription BD dataset/Training/training_words/1687.png,Leptic,Clonazepam,train
data/metadata/Doctor’s Handwritten Prescription BD dataset/Training/training_words/1688.png,Leptic,Clonazepam,train
data/metadata/Doctor’s Handwritten Prescription BD dataset/Training/training_words/1689.png,Leptic,Clonazepam,train
data/metadata/Doctor’s Handwritten Prescription BD dataset/Training/training_words/1690.png,Leptic,Clonazepam,train
data/metadata/Doctor’s Handwritten Prescription BD dataset/Training/training_words/1691.png,Leptic,Clonazepam,train
data/metadata/Doctor’s Handwritten Prescription BD dataset/Training/training_words/1692.png,Leptic,Clonazepam,train
data/metadata/Doctor’s Handwritten Prescription BD dataset/Training/training_words/1693.png,Leptic,Clonazepam,train
data/metadata/Doctor’s Handwritten Prescription BD dataset/Training/training_words/1694.png,Leptic,Clonazepam,train
data/metadata/Doctor’s Handwritten Prescription BD dataset/Training/training_words/1695.png,Leptic,Clonazepam,train
data/metadata/Doctor’s Handwritten Prescription BD dataset/Training/training_words/1696.png,Leptic,Clonazepam,train
data/metadata/Doctor’s Handwritten Prescription BD dataset/Training/training_words/1697.png,Leptic,Clonazepam,train
data/metadata/Doctor’s Handwritten Prescription BD dataset/Training/training_words/1698.png,Leptic,Clonazepam,train
data/metadata/Doctor’s Handwritten Prescription BD dataset/Training/training_words/1699.png,Leptic,Clonazepam,train
data/metadata/Doctor’s Handwritten Prescription BD dataset/Training/training_words/1700.png,Leptic,Clonazepam,train
data/metadata/Doctor’s Handwritten Prescription BD dataset/Training/training_words/1701.png,Leptic,Clonazepam,train
data/metadata/Doctor’s Handwritten Prescription BD dataset/Training/training_words/1702.png,Leptic,Clonazepam,train
data/metadata/Doctor’s Handwritten Prescription BD dataset/Training/training_words/1703.png,Leptic,Clonazepam,train
data/metadata/Doctor’s Handwritten Prescription BD dataset/Training/training_words/1704.png,Leptic,Clonazepam,train
data/metadata/Doctor’s Handwritten Prescription BD dataset/Training/training_words/1705.png,Leptic,Clonazepam,train
data/metadata/Doctor’s Handwritten Prescription BD dataset/Training/training_words/1706.png,Leptic,Clonazepam,train
data/metadata/Doctor’s Handwritten Prescription BD dataset/Training/training_words/1707.png,Leptic,Clonazepam,train
data/metadata/Doctor’s Handwritten Prescription BD dataset/Training/training_words/1708.png,Leptic,Clonazepam,train
data/metadata/Doctor’s Handwritten Prescription BD dataset/Training/training_words/1709.png,Leptic,Clonazepam,train
data/metadata/Doctor’s Handwritten Prescription BD dataset/Training/training_words/1710.png,Leptic,Clonazepam,train
data/metadata/Doctor’s Handwritten Prescription BD dataset/Training/training_words/1711.png,Leptic,Clonazepam,train
data/metadata/Doctor’s Handwritten Prescription BD dataset/Training/training_words/1712.png,Leptic,Clonazepam,train
data/metadata/Doctor’s Handwritten Prescription BD dataset/Training/training_words/1713.png,Leptic,Clonazepam,train
data/metadata/Doctor’s Handwritten Prescription BD dataset/Training/training_words/1714.png,Leptic,Clonazepam,train
data/metadata/Doctor’s Handwritten Prescription BD dataset/Training/training_words/1715.png,Leptic,Clonazepam,train
data/metadata/Doctor’s Handwritten Prescription BD dataset/Training/training_words/1716.png,Leptic,Clonazepam,train
data/metadata/Doctor’s Handwritten Prescription BD dataset/Training/training_words/1717.png,Leptic,Clonazepam,train
data/metadata/Doctor’s Handwritten Prescription BD dataset/Training/training_words/1718.png,Leptic,Clonazepam,train
data/metadata/Doctor’s Handwritten Prescription BD dataset/Training/training_words/1719.png,Leptic,Clonazepam,train
data/metadata/Doctor’s Handwritten Prescription BD dataset/Training/training_words/1720.png,Lucan-R,Fluconazole,train
data/metadata/Doctor’s Handwritten Prescription BD dataset/Training/training_words/1721.png,Lucan-R,Fluconazole,train
data/metadata/Doctor’s Handwritten Prescription BD dataset/Training/training_words/1722.png,Lucan-R,Fluconazole,train
data/metadata/Doctor’s Handwritten Prescription BD dataset/Training/training_words/1723.png,Lucan-R,Fluconazole,train
data/metadata/Doctor’s Handwritten Prescription BD dataset/Training/training_words/1724.png,Lucan-R,Fluconazole,train
data/metadata/Doctor’s Handwritten Prescription BD dataset/Training/training_words/1725.png,Lucan-R,Fluconazole,train
data/metadata/Doctor’s Handwritten Prescription BD dataset/Training/training_words/1726.png,Lucan-R,Fluconazole,train
data/metadata/Doctor’s Handwritten Prescription BD dataset/Training/training_words/1727.png,Lucan-R,Fluconazole,train
data/metadata/Doctor’s Handwritten Prescription BD dataset/Training/training_words/1728.png,Lucan-R,Fluconazole,train
data/metadata/Doctor’s Handwritten Prescription BD dataset/Training/training_words/1729.png,Lucan-R,Fluconazole,train
data/metadata/Doctor’s Handwritten Prescription BD dataset/Training/training_words/1730.png,Lucan-R,Fluconazole,train
data/metadata/Doctor’s Handwritten Prescription BD dataset/Training/training_words/1731.png,Lucan-R,Fluconazole,train
data/metadata/Doctor’s Handwritten Prescription BD dataset/Training/training_words/1732.png,Lucan-R,Fluconazole,train
data/metadata/Doctor’s Handwritten Prescription BD dataset/Training/training_words/1733.png,Lucan-R,Fluconazole,train
data/metadata/Doctor’s Handwritten Prescription BD dataset/Training/training_words/1734.png,Lucan-R,Fluconazole,train
data/metadata/Doctor’s Handwritten Prescription BD dataset/Training/training_words/1735.png,Lucan-R,Fluconazole,train
data/metadata/Doctor’s Handwritten Prescription BD dataset/Training/training_words/1736.png,Lucan-R,Fluconazole,train
data/metadata/Doctor’s Handwritten Prescription BD dataset/Training/training_words/1737.png,Lucan-R,Fluconazole,train
data/metadata/Doctor’s Handwritten Prescription BD dataset/Training/training_words/1738.png,Lucan-R,Fluconazole,train
data/metadata/Doctor’s Handwritten Prescription BD dataset/Training/training_words/1739.png,Lucan-R,Fluconazole,train
data/metadata/Doctor’s Handwritten Prescription BD dataset/Training/training_words/1740.png,Lucan-R,Fluconazole,train
data/metadata/Doctor’s Handwritten Prescription BD dataset/Training/training_words/1741.png,Lucan-R,Fluconazole,train
data/metadata/Doctor’s Handwritten Prescription BD dataset/Training/training_words/1742.png,Lucan-R,Fluconazole,train
data/metadata/Doctor’s Handwritten Prescription BD dataset/Training/training_words/1743.png,Lucan-R,Fluconazole,train
data/metadata/Doctor’s Handwritten Prescription BD dataset/Training/training_words/1744.png,Lucan-R,Fluconazole,train
data/metadata/Doctor’s Handwritten Prescription BD dataset/Training/training_words/1745.png,Lucan-R,Fluconazole,train
data/metadata/Doctor’s Handwritten Prescription BD dataset/Training/training_words/1746.png,Lucan-R,Fluconazole,train
data/metadata/Doctor’s Handwritten Prescription BD dataset/Training/training_words/1747.png,Lucan-R,Fluconazole,train
data/metadata/Doctor’s Handwritten Prescription BD dataset/Training/training_words/1748.png,Lucan-R,Fluconazole,train
data/metadata/Doctor’s Handwritten Prescription BD dataset/Training/training_words/1749.png,Lucan-R,Fluconazole,train
data/metadata/Doctor’s Handwritten Prescription BD dataset/Training/training_words/1750.png,Lucan-R,Fluconazole,train
data/metadata/Doctor’s Handwritten Prescription BD dataset/Training/training_words/1751.png,Lucan-R,Fluconazole,train
data/metadata/Doctor’s Handwritten Prescription BD dataset/Training/training_words/1752.png,Lucan-R,Fluconazole,train
data/metadata/Doctor’s Handwritten Prescription BD dataset/Training/training_words/1753.png,Lucan-R,Fluconazole,train
data/metadata/Doctor’s Handwritten Prescription BD dataset/Training/training_words/1754.png,Lucan-R,Fluconazole,train
data/metadata/Doctor’s Handwritten Prescription BD dataset/Training/training_words/1755.png,Lucan-R,Fluconazole,train
data/metadata/Doctor’s Handwritten Prescription BD dataset/Training/training_words/1756.png,Lucan-R,Fluconazole,train
data/metadata/Doctor’s Handwritten Prescription BD dataset/Training/training_words/1757.png,Lucan-R,Fluconazole,train
data/metadata/Doctor’s Handwritten Prescription BD dataset/Training/training_words/1758.png,Lucan-R,Fluconazole,train
data/metadata/Doctor’s Handwritten Prescription BD dataset/Training/training_words/1759.png,Lucan-R,Fluconazole,train
data/metadata/Doctor’s Handwritten Prescription BD dataset/Training/training_words/1760.png,Lumona,Montelukast Sodium,train
data/metadata/Doctor’s Handwritten Prescription BD dataset/Training/training_words/1761.png,Lumona,Montelukast Sodium,train
data/metadata/Doctor’s Handwritten Prescription BD dataset/Training/training_words/1762.png,Lumona,Montelukast Sodium,train
data/metadata/Doctor’s Handwritten Prescription BD dataset/Training/training_words/1763.png,Lumona,Montelukast Sodium,train
data/metadata/Doctor’s Handwritten Prescription BD dataset/Training/training_words/1764.png,Lumona,Montelukast Sodium,train
data/metadata/Doctor’s Handwritten Prescription BD dataset/Training/training_words/1765.png,Lumona,Montelukast Sodium,train
data/metadata/Doctor’s Handwritten Prescription BD dataset/Training/training_words/1766.png,Lumona,Montelukast Sodium,train
data/metadata/Doctor’s Handwritten Prescription BD dataset/Training/training_words/1767.png,Lumona,Montelukast Sodium,train
data/metadata/Doctor’s Handwritten Prescription BD dataset/Training/training_words/1768.png,Lumona,Montelukast Sodium,train
data/metadata/Doctor’s Handwritten Prescription BD dataset/Training/training_words/1769.png,Lumona,Montelukast Sodium,train
data/metadata/Doctor’s Handwritten Prescription BD dataset/Training/training_words/1770.png,Lumona,Montelukast Sodium,train
data/metadata/Doctor’s Handwritten Prescription BD dataset/Training/training_words/1771.png,Lumona,Montelukast Sodium,train
data/metadata/Doctor’s Handwritten Prescription BD dataset/Training/training_words/1772.png,Lumona,Montelukast Sodium,train
data/metadata/Doctor’s Handwritten Prescription BD dataset/Training/training_words/1773.png,Lumona,Montelukast Sodium,train
data/metadata/Doctor’s Handwritten Prescription BD dataset/Training/training_words/1774.png,Lumona,Montelukast Sodium,train
data/metadata/Doctor’s Handwritten Prescription BD dataset/Training/training_words/1775.png,Lumona,Montelukast Sodium,train
data/metadata/Doctor’s Handwritten Prescription BD dataset/Training/training_words/1776.png,Lumona,Montelukast Sodium,train
data/metadata/Doctor’s Handwritten Prescription BD dataset/Training/training_words/1777.png,Lumona,Montelukast Sodium,train
data/metadata/Doctor’s Handwritten Prescription BD dataset/Training/training_words/1778.png,Lumona,Montelukast Sodium,train
data/metadata/Doctor’s Handwritten Prescription BD dataset/Training/training_words/1779.png,Lumona,Montelukast Sodium,train
data/metadata/Doctor’s Handwritten Prescription BD dataset/Training/training_words/1780.png,Lumona,Montelukast Sodium,train
data/metadata/Doctor’s Handwritten Prescription BD dataset/Training/training_words/1781.png,Lumona,Montelukast Sodium,train
data/metadata/Doctor’s Handwritten Prescription BD dataset/Training/training_words/1782.png,Lumona,Montelukast Sodium,train
data/metadata/Doctor’s Handwritten Prescription BD dataset/Training/training_words/1783.png,Lumona,Montelukast Sodium,train
data/metadata/Doctor’s Handwritten Prescription BD dataset/Training/training_words/1784.png,Lumona,Montelukast Sodium,train
data/metadata/Doctor’s Handwritten Prescription BD dataset/Training/training_words/1785.png,Lumona,Montelukast Sodium,train
data/metadata/Doctor’s Handwritten Prescription BD dataset/Training/training_words/1786.png,Lumona,Montelukast Sodium,train
data/metadata/Doctor’s Handwritten Prescription BD dataset/Training/training_words/1787.png,Lumona,Montelukast Sodium,train
data/metadata/Doctor’s Handwritten Prescription BD dataset/Training/training_words/1788.png,Lumona,Montelukast Sodium,train
data/metadata/Doctor’s Handwritten Prescription BD dataset/Training/training_words/1789.png,Lumona,Montelukast Sodium,train
data/metadata/Doctor’s Handwritten Prescription BD dataset/Training/training_words/1790.png,Lumona,Montelukast Sodium,train
data/metadata/Doctor’s Handwritten Prescription BD dataset/Training/training_words/1791.png,Lumona,Montelukast Sodium,train
data/metadata/Doctor’s Handwritten Prescription BD dataset/Training/training_words/1792.png,Lumona,Montelukast Sodium,train
data/metadata/Doctor’s Handwritten Prescription BD dataset/Training/training_words/1793.png,Lumona,Montelukast Sodium,train
data/metadata/Doctor’s Handwritten Prescription BD dataset/Training/training_words/1794.png,Lumona,Montelukast Sodium,train
data/metadata/Doctor’s Handwritten Prescription BD dataset/Training/training_words/1795.png,Lumona,Montelukast Sodium,train
data/metadata/Doctor’s Handwritten Prescription BD dataset/Training/training_words/1796.png,Lumona,Montelukast Sodium,train
data/metadata/Doctor’s Handwritten Prescription BD dataset/Training/training_words/1797.png,Lumona,Montelukast Sodium,train
data/metadata/Doctor’s Handwritten Prescription BD dataset/Training/training_words/1798.png,Lumona,Montelukast Sodium,train
data/metadata/Doctor’s Handwritten Prescription BD dataset/Training/training_words/1799.png,Lumona,Montelukast Sodium,train
data/metadata/Doctor’s Handwritten Prescription BD dataset/Training/training_words/1800.png,M-Kast,Montelukast Sodium,train
data/metadata/Doctor’s Handwritten Prescription BD dataset/Training/training_words/1801.png,M-Kast,Montelukast Sodium,train
data/metadata/Doctor’s Handwritten Prescription BD dataset/Training/training_words/1802.png,M-Kast,Montelukast Sodium,train
data/metadata/Doctor’s Handwritten Prescription BD dataset/Training/training_words/1803.png,M-Kast,Montelukast Sodium,train
data/metadata/Doctor’s Handwritten Prescription BD dataset/Training/training_words/1804.png,M-Kast,Montelukast Sodium,train
data/metadata/Doctor’s Handwritten Prescription BD dataset/Training/training_words/1805.png,M-Kast,Montelukast Sodium,train
data/metadata/Doctor’s Handwritten Prescription BD dataset/Training/training_words/1806.png,M-Kast,Montelukast Sodium,train
data/metadata/Doctor’s Handwritten Prescription BD dataset/Training/training_words/1807.png,M-Kast,Montelukast Sodium,train
data/metadata/Doctor’s Handwritten Prescription BD dataset/Training/training_words/1808.png,M-Kast,Montelukast Sodium,train
data/metadata/Doctor’s Handwritten Prescription BD dataset/Training/training_words/1809.png,M-Kast,Montelukast Sodium,train
data/metadata/Doctor’s Handwritten Prescription BD dataset/Training/training_words/1810.png,M-Kast,Montelukast Sodium,train
data/metadata/Doctor’s Handwritten Prescription BD dataset/Training/training_words/1811.png,M-Kast,Montelukast Sodium,train
data/metadata/Doctor’s Handwritten Prescription BD dataset/Training/training_words/1812.png,M-Kast,Montelukast Sodium,train
data/metadata/Doctor’s Handwritten Prescription BD dataset/Training/training_words/1813.png,M-Kast,Montelukast Sodium,train
data/metadata/Doctor’s Handwritten Prescription BD dataset/Training/training_words/1814.png,M-Kast,Montelukast Sodium,train
data/metadata/Doctor’s Handwritten Prescription BD dataset/Training/training_words/1815.png,M-Kast,Montelukast Sodium,train
data/metadata/Doctor’s Handwritten Prescription BD dataset/Training/training_words/1816.png,M-Kast,Montelukast Sodium,train
data/metadata/Doctor’s Handwritten Prescription BD dataset/Training/training_words/1817.png,M-Kast,Montelukast Sodium,train
data/metadata/Doctor’s Handwritten Prescription BD dataset/Training/training_words/1818.png,M-Kast,Montelukast Sodium,train
data/metadata/Doctor’s Handwritten Prescription BD dataset/Training/training_words/1819.png,M-Kast,Montelukast Sodium,train
data/metadata/Doctor’s Handwritten Prescription BD dataset/Training/training_words/1820.png,M-Kast,Montelukast Sodium,train
data/metadata/Doctor’s Handwritten Prescription BD dataset/Training/training_words/1821.png,M-Kast,Montelukast Sodium,train
data/metadata/Doctor’s Handwritten Prescription BD dataset/Training/training_words/1822.png,M-Kast,Montelukast Sodium,train
data/metadata/Doctor’s Handwritten Prescription BD dataset/Training/training_words/1823.png,M-Kast,Montelukast Sodium,train
data/metadata/Doctor’s Handwritten Prescription BD dataset/Training/training_words/1824.png,M-Kast,Montelukast Sodium,train
data/metadata/Doctor’s Handwritten Prescription BD dataset/Training/training_words/1825.png,M-Kast,Montelukast Sodium,train
data/metadata/Doctor’s Handwritten Prescription BD dataset/Training/training_words/1826.png,M-Kast,Montelukast Sodium,train
data/metadata/Doctor’s Handwritten Prescription BD dataset/Training/training_words/1827.png,M-Kast,Montelukast Sodium,train
data/metadata/Doctor’s Handwritten Prescription BD dataset/Training/training_words/1828.png,M-Kast,Montelukast Sodium,train
data/metadata/Doctor’s Handwritten Prescription BD dataset/Training/training_words/1829.png,M-Kast,Montelukast Sodium,train
data/metadata/Doctor’s Handwritten Prescription BD dataset/Training/training_words/1830.png,M-Kast,Montelukast Sodium,train
data/metadata/Doctor’s Handwritten Prescription BD dataset/Training/training_words/1831.png,M-Kast,Montelukast Sodium,train
data/metadata/Doctor’s Handwritten Prescription BD dataset/Training/training_words/1832.png,M-Kast,Montelukast Sodium,train
data/metadata/Doctor’s Handwritten Prescription BD dataset/Training/training_words/1833.png,M-Kast,Montelukast Sodium,train
data/metadata/Doctor’s Handwritten Prescription BD dataset/Training/training_words/1834.png,M-Kast,Montelukast Sodium,train
data/metadata/Doctor’s Handwritten Prescription BD dataset/Training/training_words/1835.png,M-Kast,Montelukast Sodium,train
data/metadata/Doctor’s Handwritten Prescription BD dataset/Training/training_words/1836.png,M-Kast,Montelukast Sodium,train
data/metadata/Doctor’s Handwritten Prescription BD dataset/Training/training_words/1837.png,M-Kast,Montelukast Sodium,train
data/metadata/Doctor’s Handwritten Prescription BD dataset/Training/training_words/1838.png,M-Kast,Montelukast Sodium,train
data/metadata/Doctor’s Handwritten Prescription BD dataset/Training/training_words/1839.png,M-Kast,Montelukast Sodium,train
data/metadata/Doctor’s Handwritten Prescription BD dataset/Training/training_words/1840.png,Maxima,Esomeprazole,train
data/metadata/Doctor’s Handwritten Prescription BD dataset/Training/training_words/1841.png,Maxima,Esomeprazole,train
data/metadata/Doctor’s Handwritten Prescription BD dataset/Training/training_words/1842.png,Maxima,Esomeprazole,train
data/metadata/Doctor’s Handwritten Prescription BD dataset/Training/training_words/1843.png,Maxima,Esomeprazole,train
data/metadata/Doctor’s Handwritten Prescription BD dataset/Training/training_words/1844.png,Maxima,Esomeprazole,train
data/metadata/Doctor’s Handwritten Prescription BD dataset/Training/training_words/1845.png,Maxima,Esomeprazole,train
data/metadata/Doctor’s Handwritten Prescription BD dataset/Training/training_words/1846.png,Maxima,Esomeprazole,train
data/metadata/Doctor’s Handwritten Prescription BD dataset/Training/training_words/1847.png,Maxima,Esomeprazole,train
data/metadata/Doctor’s Handwritten Prescription BD dataset/Training/training_words/1848.png,Maxima,Esomeprazole,train
data/metadata/Doctor’s Handwritten Prescription BD dataset/Training/training_words/1849.png,Maxima,Esomeprazole,train
data/metadata/Doctor’s Handwritten Prescription BD dataset/Training/training_words/1850.png,Maxima,Esomeprazole,train
data/metadata/Doctor’s Handwritten Prescription BD dataset/Training/training_words/1851.png,Maxima,Esomeprazole,train
data/metadata/Doctor’s Handwritten Prescription BD dataset/Training/training_words/1852.png,Maxima,Esomeprazole,train
data/metadata/Doctor’s Handwritten Prescription BD dataset/Training/training_words/1853.png,Maxima,Esomeprazole,train
data/metadata/Doctor’s Handwritten Prescription BD dataset/Training/training_words/1854.png,Maxima,Esomeprazole,train
data/metadata/Doctor’s Handwritten Prescription BD dataset/Training/training_words/1855.png,Maxima,Esomeprazole,train
data/metadata/Doctor’s Handwritten Prescription BD dataset/Training/training_words/1856.png,Maxima,Esomeprazole,train
data/metadata/Doctor’s Handwritten Prescription BD dataset/Training/training_words/1857.png,Maxima,Esomeprazole,train
data/metadata/Doctor’s Handwritten Prescription BD dataset/Training/training_words/1858.png,Maxima,Esomeprazole,train
data/metadata/Doctor’s Handwritten Prescription BD dataset/Training/training_words/1859.png,Maxima,Esomeprazole,train
data/metadata/Doctor’s Handwritten Prescription BD dataset/Training/training_words/1860.png,Maxima,Esomeprazole,train
data/metadata/Doctor’s Handwritten Prescription BD dataset/Training/training_words/1861.png,Maxima,Esomeprazole,train
data/metadata/Doctor’s Handwritten Prescription BD dataset/Training/training_words/1862.png,Maxima,Esomeprazole,train
data/metadata/Doctor’s Handwritten Prescription BD dataset/Training/training_words/1863.png,Maxima,Esomeprazole,train
data/metadata/Doctor’s Handwritten Prescription BD dataset/Training/training_words/1864.png,Maxima,Esomeprazole,train
data/metadata/Doctor’s Handwritten Prescription BD dataset/Training/training_words/1865.png,Maxima,Esomeprazole,train
data/metadata/Doctor’s Handwritten Prescription BD dataset/Training/training_words/1866.png,Maxima,Esomeprazole,train
data/metadata/Doctor’s Handwritten Prescription BD dataset/Training/training_words/1867.png,Maxima,Esomeprazole,train
data/metadata/Doctor’s Handwritten Prescription BD dataset/Training/training_words/1868.png,Maxima,Esomeprazole,train
data/metadata/Doctor’s Handwritten Prescription BD dataset/Training/training_words/1869.png,Maxima,Esomeprazole,train
data/metadata/Doctor’s Handwritten Prescription BD dataset/Training/training_words/1870.png,Maxima,Esomeprazole,train
data/metadata/Doctor’s Handwritten Prescription BD dataset/Training/training_words/1871.png,Maxima,Esomeprazole,train
data/metadata/Doctor’s Handwritten Prescription BD dataset/Training/training_words/1872.png,Maxima,Esomeprazole,train
data/metadata/Doctor’s Handwritten Prescription BD dataset/Training/training_words/1873.png,Maxima,Esomeprazole,train
data/metadata/Doctor’s Handwritten Prescription BD dataset/Training/training_words/1874.png,Maxima,Esomeprazole,train
data/metadata/Doctor’s Handwritten Prescription BD dataset/Training/training_words/1875.png,Maxima,Esomeprazole,train
data/metadata/Doctor’s Handwritten Prescription BD dataset/Training/training_words/1876.png,Maxima,Esomeprazole,train
data/metadata/Doctor’s Handwritten Prescription BD dataset/Training/training_words/1877.png,Maxima,Esomeprazole,train
data/metadata/Doctor’s Handwritten Prescription BD dataset/Training/training_words/1878.png,Maxima,Esomeprazole,train
data/metadata/Doctor’s Handwritten Prescription BD dataset/Training/training_words/1879.png,Maxima,Esomeprazole,train
data/metadata/Doctor’s Handwritten Prescription BD dataset/Training/training_words/1880.png,Maxpro,Esomeprazole,train
data/metadata/Doctor’s Handwritten Prescription BD dataset/Training/training_words/1881.png,Maxpro,Esomeprazole,train
data/metadata/Doctor’s Handwritten Prescription BD dataset/Training/training_words/1882.png,Maxpro,Esomeprazole,train
data/metadata/Doctor’s Handwritten Prescription BD dataset/Training/training_words/1883.png,Maxpro,Esomeprazole,train
data/metadata/Doctor’s Handwritten Prescription BD dataset/Training/training_words/1884.png,Maxpro,Esomeprazole,train
data/metadata/Doctor’s Handwritten Prescription BD dataset/Training/training_words/1885.png,Maxpro,Esomeprazole,train
data/metadata/Doctor’s Handwritten Prescription BD dataset/Training/training_words/1886.png,Maxpro,Esomeprazole,train
data/metadata/Doctor’s Handwritten Prescription BD dataset/Training/training_words/1887.png,Maxpro,Esomeprazole,train
data/metadata/Doctor’s Handwritten Prescription BD dataset/Training/training_words/1888.png,Maxpro,Esomeprazole,train
data/metadata/Doctor’s Handwritten Prescription BD dataset/Training/training_words/1889.png,Maxpro,Esomeprazole,train
data/metadata/Doctor’s Handwritten Prescription BD dataset/Training/training_words/1890.png,Maxpro,Esomeprazole,train
data/metadata/Doctor’s Handwritten Prescription BD dataset/Training/training_words/1891.png,Maxpro,Esomeprazole,train
data/metadata/Doctor’s Handwritten Prescription BD dataset/Training/training_words/1892.png,Maxpro,Esomeprazole,train
data/metadata/Doctor’s Handwritten Prescription BD dataset/Training/training_words/1893.png,Maxpro,Esomeprazole,train
data/metadata/Doctor’s Handwritten Prescription BD dataset/Training/training_words/1894.png,Maxpro,Esomeprazole,train
data/metadata/Doctor’s Handwritten Prescription BD dataset/Training/training_words/1895.png,Maxpro,Esomeprazole,train
data/metadata/Doctor’s Handwritten Prescription BD dataset/Training/training_words/1896.png,Maxpro,Esomeprazole,train
data/metadata/Doctor’s Handwritten Prescription BD dataset/Training/training_words/1897.png,Maxpro,Esomeprazole,train
data/metadata/Doctor’s Handwritten Prescription BD dataset/Training/training_words/1898.png,Maxpro,Esomeprazole,train
data/metadata/Doctor’s Handwritten Prescription BD dataset/Training/training_words/1899.png,Maxpro,Esomeprazole,train
data/metadata/Doctor’s Handwritten Prescription BD dataset/Training/training_words/1900.png,Maxpro,Esomeprazole,train
data/metadata/Doctor’s Handwritten Prescription BD dataset/Training/training_words/1901.png,Maxpro,Esomeprazole,train
data/metadata/Doctor’s Handwritten Prescription BD dataset/Training/training_words/1902.png,Maxpro,Esomeprazole,train
data/metadata/Doctor’s Handwritten Prescription BD dataset/Training/training_words/1903.png,Maxpro,Esomeprazole,train
data/metadata/Doctor’s Handwritten Prescription BD dataset/Training/training_words/1904.png,Maxpro,Esomeprazole,train
data/metadata/Doctor’s Handwritten Prescription BD dataset/Training/training_words/1905.png,Maxpro,Esomeprazole,train
data/metadata/Doctor’s Handwritten Prescription BD dataset/Training/training_words/1906.png,Maxpro,Esomeprazole,train
data/metadata/Doctor’s Handwritten Prescription BD dataset/Training/training_words/1907.png,Maxpro,Esomeprazole,train
data/metadata/Doctor’s Handwritten Prescription BD dataset/Training/training_words/1908.png,Maxpro,Esomeprazole,train
data/metadata/Doctor’s Handwritten Prescription BD dataset/Training/training_words/1909.png,Maxpro,Esomeprazole,train
data/metadata/Doctor’s Handwritten Prescription BD dataset/Training/training_words/1910.png,Maxpro,Esomeprazole,train
data/metadata/Doctor’s Handwritten Prescription BD dataset/Training/training_words/1911.png,Maxpro,Esomeprazole,train
data/metadata/Doctor’s Handwritten Prescription BD dataset/Training/training_words/1912.png,Maxpro,Esomeprazole,train
data/metadata/Doctor’s Handwritten Prescription BD dataset/Training/training_words/1913.png,Maxpro,Esomeprazole,train
data/metadata/Doctor’s Handwritten Prescription BD dataset/Training/training_words/1914.png,Maxpro,Esomeprazole,train
data/metadata/Doctor’s Handwritten Prescription BD dataset/Training/training_words/1915.png,Maxpro,Esomeprazole,train
data/metadata/Doctor’s Handwritten Prescription BD dataset/Training/training_words/1916.png,Maxpro,Esomeprazole,train
data/metadata/Doctor’s Handwritten Prescription BD dataset/Training/training_words/1917.png,Maxpro,Esomeprazole,train
data/metadata/Doctor’s Handwritten Prescription BD dataset/Training/training_words/1918.png,Maxpro,Esomeprazole,train
data/metadata/Doctor’s Handwritten Prescription BD dataset/Training/training_words/1919.png,Maxpro,Esomeprazole,train
data/metadata/Doctor’s Handwritten Prescription BD dataset/Training/training_words/1920.png,Metro,Metronidazole,train
data/metadata/Doctor’s Handwritten Prescription BD dataset/Training/training_words/1921.png,Metro,Metronidazole,train
data/metadata/Doctor’s Handwritten Prescription BD dataset/Training/training_words/1922.png,Metro,Metronidazole,train
data/metadata/Doctor’s Handwritten Prescription BD dataset/Training/training_words/1923.png,Metro,Metronidazole,train
data/metadata/Doctor’s Handwritten Prescription BD dataset/Training/training_words/1924.png,Metro,Metronidazole,train
data/metadata/Doctor’s Handwritten Prescription BD dataset/Training/training_words/1925.png,Metro,Metronidazole,train
data/metadata/Doctor’s Handwritten Prescription BD dataset/Training/training_words/1926.png,Metro,Metronidazole,train
data/metadata/Doctor’s Handwritten Prescription BD dataset/Training/training_words/1927.png,Metro,Metronidazole,train
data/metadata/Doctor’s Handwritten Prescription BD dataset/Training/training_words/1928.png,Metro,Metronidazole,train
data/metadata/Doctor’s Handwritten Prescription BD dataset/Training/training_words/1929.png,Metro,Metronidazole,train
data/metadata/Doctor’s Handwritten Prescription BD dataset/Training/training_words/1930.png,Metro,Metronidazole,train
data/metadata/Doctor’s Handwritten Prescription BD dataset/Training/training_words/1931.png,Metro,Metronidazole,train
data/metadata/Doctor’s Handwritten Prescription BD dataset/Training/training_words/1932.png,Metro,Metronidazole,train
data/metadata/Doctor’s Handwritten Prescription BD dataset/Training/training_words/1933.png,Metro,Metronidazole,train
data/metadata/Doctor’s Handwritten Prescription BD dataset/Training/training_words/1934.png,Metro,Metronidazole,train
data/metadata/Doctor’s Handwritten Prescription BD dataset/Training/training_words/1935.png,Metro,Metronidazole,train
data/metadata/Doctor’s Handwritten Prescription BD dataset/Training/training_words/1936.png,Metro,Metronidazole,train
data/metadata/Doctor’s Handwritten Prescription BD dataset/Training/training_words/1937.png,Metro,Metronidazole,train
data/metadata/Doctor’s Handwritten Prescription BD dataset/Training/training_words/1938.png,Metro,Metronidazole,train
data/metadata/Doctor’s Handwritten Prescription BD dataset/Training/training_words/1939.png,Metro,Metronidazole,train
data/metadata/Doctor’s Handwritten Prescription BD dataset/Training/training_words/1940.png,Metro,Metronidazole,train
data/metadata/Doctor’s Handwritten Prescription BD dataset/Training/training_words/1941.png,Metro,Metronidazole,train
data/metadata/Doctor’s Handwritten Prescription BD dataset/Training/training_words/1942.png,Metro,Metronidazole,train
data/metadata/Doctor’s Handwritten Prescription BD dataset/Training/training_words/1943.png,Metro,Metronidazole,train
data/metadata/Doctor’s Handwritten Prescription BD dataset/Training/training_words/1944.png,Metro,Metronidazole,train
data/metadata/Doctor’s Handwritten Prescription BD dataset/Training/training_words/1945.png,Metro,Metronidazole,train
data/metadata/Doctor’s Handwritten Prescription BD dataset/Training/training_words/1946.png,Metro,Metronidazole,train
data/metadata/Doctor’s Handwritten Prescription BD dataset/Training/training_words/1947.png,Metro,Metronidazole,train
data/metadata/Doctor’s Handwritten Prescription BD dataset/Training/training_words/1948.png,Metro,Metronidazole,train
data/metadata/Doctor’s Handwritten Prescription BD dataset/Training/training_words/1949.png,Metro,Metronidazole,train
data/metadata/Doctor’s Handwritten Prescription BD dataset/Training/training_words/1950.png,Metro,Metronidazole,train
data/metadata/Doctor’s Handwritten Prescription BD dataset/Training/training_words/1951.png,Metro,Metronidazole,train
data/metadata/Doctor’s Handwritten Prescription BD dataset/Training/training_words/1952.png,Metro,Metronidazole,train
data/metadata/Doctor’s Handwritten Prescription BD dataset/Training/training_words/1953.png,Metro,Metronidazole,train
data/metadata/Doctor’s Handwritten Prescription BD dataset/Training/training_words/1954.png,Metro,Metronidazole,train
data/metadata/Doctor’s Handwritten Prescription BD dataset/Training/training_words/1955.png,Metro,Metronidazole,train
data/metadata/Doctor’s Handwritten Prescription BD dataset/Training/training_words/1956.png,Metro,Metronidazole,train
data/metadata/Doctor’s Handwritten Prescription BD dataset/Training/training_words/1957.png,Metro,Metronidazole,train
data/metadata/Doctor’s Handwritten Prescription BD dataset/Training/training_words/1958.png,Metro,Metronidazole,train
data/metadata/Doctor’s Handwritten Prescription BD dataset/Training/training_words/1959.png,Metro,Metronidazole,train
data/metadata/Doctor’s Handwritten Prescription BD dataset/Training/training_words/1960.png,Metsina,Metronidazole,train
data/metadata/Doctor’s Handwritten Prescription BD dataset/Training/training_words/1961.png,Metsina,Metronidazole,train
data/metadata/Doctor’s Handwritten Prescription BD dataset/Training/training_words/1962.png,Metsina,Metronidazole,train
data/metadata/Doctor’s Handwritten Prescription BD dataset/Training/training_words/1963.png,Metsina,Metronidazole,train
data/metadata/Doctor’s Handwritten Prescription BD dataset/Training/training_words/1964.png,Metsina,Metronidazole,train
data/metadata/Doctor’s Handwritten Prescription BD dataset/Training/training_words/1965.png,Metsina,Metronidazole,train
data/metadata/Doctor’s Handwritten Prescription BD dataset/Training/training_words/1966.png,Metsina,Metronidazole,train
data/metadata/Doctor’s Handwritten Prescription BD dataset/Training/training_words/1967.png,Metsina,Metronidazole,train
data/metadata/Doctor’s Handwritten Prescription BD dataset/Training/training_words/1968.png,Metsina,Metronidazole,train
data/metadata/Doctor’s Handwritten Prescription BD dataset/Training/training_words/1969.png,Metsina,Metronidazole,train
data/metadata/Doctor’s Handwritten Prescription BD dataset/Training/training_words/1970.png,Metsina,Metronidazole,train
data/metadata/Doctor’s Handwritten Prescription BD dataset/Training/training_words/1971.png,Metsina,Metronidazole,train
data/metadata/Doctor’s Handwritten Prescription BD dataset/Training/training_words/1972.png,Metsina,Metronidazole,train
data/metadata/Doctor’s Handwritten Prescription BD dataset/Training/training_words/1973.png,Metsina,Metronidazole,train
data/metadata/Doctor’s Handwritten Prescription BD dataset/Training/training_words/1974.png,Metsina,Metronidazole,train
data/metadata/Doctor’s Handwritten Prescription BD dataset/Training/training_words/1975.png,Metsina,Metronidazole,train
data/metadata/Doctor’s Handwritten Prescription BD dataset/Training/training_words/1976.png,Metsina,Metronidazole,train
data/metadata/Doctor’s Handwritten Prescription BD dataset/Training/training_words/1977.png,Metsina,Metronidazole,train
data/metadata/Doctor’s Handwritten Prescription BD dataset/Training/training_words/1978.png,Metsina,Metronidazole,train
data/metadata/Doctor’s Handwritten Prescription BD dataset/Training/training_words/1979.png,Metsina,Metronidazole,train
data/metadata/Doctor’s Handwritten Prescription BD dataset/Training/training_words/1980.png,Metsina,Metronidazole,train
data/metadata/Doctor’s Handwritten Prescription BD dataset/Training/training_words/1981.png,Metsina,Metronidazole,train
data/metadata/Doctor’s Handwritten Prescription BD dataset/Training/training_words/1982.png,Metsina,Metronidazole,train
data/metadata/Doctor’s Handwritten Prescription BD dataset/Training/training_words/1983.png,Metsina,Metronidazole,train
data/metadata/Doctor’s Handwritten Prescription BD dataset/Training/training_words/1984.png,Metsina,Metronidazole,train
data/metadata/Doctor’s Handwritten Prescription BD dataset/Training/training_words/1985.png,Metsina,Metronidazole,train
data/metadata/Doctor’s Handwritten Prescription BD dataset/Training/training_words/1986.png,Metsina,Metronidazole,train
data/metadata/Doctor’s Handwritten Prescription BD dataset/Training/training_words/1987.png,Metsina,Metronidazole,train
data/metadata/Doctor’s Handwritten Prescription BD dataset/Training/training_words/1988.png,Metsina,Metronidazole,train
data/metadata/Doctor’s Handwritten Prescription BD dataset/Training/training_words/1989.png,Metsina,Metronidazole,train
data/metadata/Doctor’s Handwritten Prescription BD dataset/Training/training_words/1990.png,Metsina,Metronidazole,train
data/metadata/Doctor’s Handwritten Prescription BD dataset/Training/training_words/1991.png,Metsina,Metronidazole,train
data/metadata/Doctor’s Handwritten Prescription BD dataset/Training/training_words/1992.png,Metsina,Metronidazole,train
data/metadata/Doctor’s Handwritten Prescription BD dataset/Training/training_words/1993.png,Metsina,Metronidazole,train
data/metadata/Doctor’s Handwritten Prescription BD dataset/Training/training_words/1994.png,Metsina,Metronidazole,train
data/metadata/Doctor’s Handwritten Prescription BD dataset/Training/training_words/1995.png,Metsina,Metronidazole,train
data/metadata/Doctor’s Handwritten Prescription BD dataset/Training/training_words/1996.png,Metsina,Metronidazole,train
data/metadata/Doctor’s Handwritten Prescription BD dataset/Training/training_words/1997.png,Metsina,Metronidazole,train
data/metadata/Doctor’s Handwritten Prescription BD dataset/Training/training_words/1998.png,Metsina,Metronidazole,train
data/metadata/Doctor’s Handwritten Prescription BD dataset/Training/training_words/1999.png,Metsina,Metronidazole,train
data/metadata/Doctor’s Handwritten Prescription BD dataset/Training/training_words/2000.png,Monas,Montelukast Sodium,train
data/metadata/Doctor’s Handwritten Prescription BD dataset/Training/training_words/2001.png,Monas,Montelukast Sodium,train
data/metadata/Doctor’s Handwritten Prescription BD dataset/Training/training_words/2002.png,Monas,Montelukast Sodium,train
data/metadata/Doctor’s Handwritten Prescription BD dataset/Training/training_words/2003.png,Monas,Montelukast Sodium,train
data/metadata/Doctor’s Handwritten Prescription BD dataset/Training/training_words/2004.png,Monas,Montelukast Sodium,train
data/metadata/Doctor’s Handwritten Prescription BD dataset/Training/training_words/2005.png,Monas,Montelukast Sodium,train
data/metadata/Doctor’s Handwritten Prescription BD dataset/Training/training_words/2006.png,Monas,Montelukast Sodium,train
data/metadata/Doctor’s Handwritten Prescription BD dataset/Training/training_words/2007.png,Monas,Montelukast Sodium,train
data/metadata/Doctor’s Handwritten Prescription BD dataset/Training/training_words/2008.png,Monas,Montelukast Sodium,train
data/metadata/Doctor’s Handwritten Prescription BD dataset/Training/training_words/2009.png,Monas,Montelukast Sodium,train
data/metadata/Doctor’s Handwritten Prescription BD dataset/Training/training_words/2010.png,Monas,Montelukast Sodium,train
data/metadata/Doctor’s Handwritten Prescription BD dataset/Training/training_words/2011.png,Monas,Montelukast Sodium,train
data/metadata/Doctor’s Handwritten Prescription BD dataset/Training/training_words/2012.png,Monas,Montelukast Sodium,train
data/metadata/Doctor’s Handwritten Prescription BD dataset/Training/training_words/2013.png,Monas,Montelukast Sodium,train
data/metadata/Doctor’s Handwritten Prescription BD dataset/Training/training_words/2014.png,Monas,Montelukast Sodium,train
data/metadata/Doctor’s Handwritten Prescription BD dataset/Training/training_words/2015.png,Monas,Montelukast Sodium,train
data/metadata/Doctor’s Handwritten Prescription BD dataset/Training/training_words/2016.png,Monas,Montelukast Sodium,train
data/metadata/Doctor’s Handwritten Prescription BD dataset/Training/training_words/2017.png,Monas,Montelukast Sodium,train
data/metadata/Doctor’s Handwritten Prescription BD dataset/Training/training_words/2018.png,Monas,Montelukast Sodium,train
data/metadata/Doctor’s Handwritten Prescription BD dataset/Training/training_words/2019.png,Monas,Montelukast Sodium,train
data/metadata/Doctor’s Handwritten Prescription BD dataset/Training/training_words/2020.png,Monas,Montelukast Sodium,train
data/metadata/Doctor’s Handwritten Prescription BD dataset/Training/training_words/2021.png,Monas,Montelukast Sodium,train
data/metadata/Doctor’s Handwritten Prescription BD dataset/Training/training_words/2022.png,Monas,Montelukast Sodium,train
data/metadata/Doctor’s Handwritten Prescription BD dataset/Training/training_words/2023.png,Monas,Montelukast Sodium,train
data/metadata/Doctor’s Handwritten Prescription BD dataset/Training/training_words/2024.png,Monas,Montelukast Sodium,train
data/metadata/Doctor’s Handwritten Prescription BD dataset/Training/training_words/2025.png,Monas,Montelukast Sodium,train
data/metadata/Doctor’s Handwritten Prescription BD dataset/Training/training_words/2026.png,Monas,Montelukast Sodium,train
data/metadata/Doctor’s Handwritten Prescription BD dataset/Training/training_words/2027.png,Monas,Montelukast Sodium,train
data/metadata/Doctor’s Handwritten Prescription BD dataset/Training/training_words/2028.png,Monas,Montelukast Sodium,train
data/metadata/Doctor’s Handwritten Prescription BD dataset/Training/training_words/2029.png,Monas,Montelukast Sodium,train
data/metadata/Doctor’s Handwritten Prescription BD dataset/Training/training_words/2030.png,Monas,Montelukast Sodium,train
data/metadata/Doctor’s Handwritten Prescription BD dataset/Training/training_words/2031.png,Monas,Montelukast Sodium,train
data/metadata/Doctor’s Handwritten Prescription BD dataset/Training/training_words/2032.png,Monas,Montelukast Sodium,train
data/metadata/Doctor’s Handwritten Prescription BD dataset/Training/training_words/2033.png,Monas,Montelukast Sodium,train
data/metadata/Doctor’s Handwritten Prescription BD dataset/Training/training_words/2034.png,Monas,Montelukast Sodium,train
data/metadata/Doctor’s Handwritten Prescription BD dataset/Training/training_words/2035.png,Monas,Montelukast Sodium,train
data/metadata/Doctor’s Handwritten Prescription BD dataset/Training/training_words/2036.png,Monas,Montelukast Sodium,train
data/metadata/Doctor’s Handwritten Prescription BD dataset/Training/training_words/2037.png,Monas,Montelukast Sodium,train
data/metadata/Doctor’s Handwritten Prescription BD dataset/Training/training_words/2038.png,Monas,Montelukast Sodium,train
data/metadata/Doctor’s Handwritten Prescription BD dataset/Training/training_words/2039.png,Monas,Montelukast Sodium,train
data/metadata/Doctor’s Handwritten Prescription BD dataset/Training/training_words/2040.png,Montair,Montelukast Sodium,train
data/metadata/Doctor’s Handwritten Prescription BD dataset/Training/training_words/2041.png,Montair,Montelukast Sodium,train
data/metadata/Doctor’s Handwritten Prescription BD dataset/Training/training_words/2042.png,Montair,Montelukast Sodium,train
data/metadata/Doctor’s Handwritten Prescription BD dataset/Training/training_words/2043.png,Montair,Montelukast Sodium,train
data/metadata/Doctor’s Handwritten Prescription BD dataset/Training/training_words/2044.png,Montair,Montelukast Sodium,train
data/metadata/Doctor’s Handwritten Prescription BD dataset/Training/training_words/2045.png,Montair,Montelukast Sodium,train
data/metadata/Doctor’s Handwritten Prescription BD dataset/Training/training_words/2046.png,Montair,Montelukast Sodium,train
data/metadata/Doctor’s Handwritten Prescription BD dataset/Training/training_words/2047.png,Montair,Montelukast Sodium,train
data/metadata/Doctor’s Handwritten Prescription BD dataset/Training/training_words/2048.png,Montair,Montelukast Sodium,train
data/metadata/Doctor’s Handwritten Prescription BD dataset/Training/training_words/2049.png,Montair,Montelukast Sodium,train
data/metadata/Doctor’s Handwritten Prescription BD dataset/Training/training_words/2050.png,Montair,Montelukast Sodium,train
data/metadata/Doctor’s Handwritten Prescription BD dataset/Training/training_words/2051.png,Montair,Montelukast Sodium,train
data/metadata/Doctor’s Handwritten Prescription BD dataset/Training/training_words/2052.png,Montair,Montelukast Sodium,train
data/metadata/Doctor’s Handwritten Prescription BD dataset/Training/training_words/2053.png,Montair,Montelukast Sodium,train
data/metadata/Doctor’s Handwritten Prescription BD dataset/Training/training_words/2054.png,Montair,Montelukast Sodium,train
data/metadata/Doctor’s Handwritten Prescription BD dataset/Training/training_words/2055.png,Montair,Montelukast Sodium,train
data/metadata/Doctor’s Handwritten Prescription BD dataset/Training/training_words/2056.png,Montair,Montelukast Sodium,train
data/metadata/Doctor’s Handwritten Prescription BD dataset/Training/training_words/2057.png,Montair,Montelukast Sodium,train
data/metadata/Doctor’s Handwritten Prescription BD dataset/Training/training_words/2058.png,Montair,Montelukast Sodium,train
data/metadata/Doctor’s Handwritten Prescription BD dataset/Training/training_words/2059.png,Montair,Montelukast Sodium,train
data/metadata/Doctor’s Handwritten Prescription BD dataset/Training/training_words/2060.png,Montair,Montelukast Sodium,train
data/metadata/Doctor’s Handwritten Prescription BD dataset/Training/training_words/2061.png,Montair,Montelukast Sodium,train
data/metadata/Doctor’s Handwritten Prescription BD dataset/Training/training_words/2062.png,Montair,Montelukast Sodium,train
data/metadata/Doctor’s Handwritten Prescription BD dataset/Training/training_words/2063.png,Montair,Montelukast Sodium,train
data/metadata/Doctor’s Handwritten Prescription BD dataset/Training/training_words/2064.png,Montair,Montelukast Sodium,train
data/metadata/Doctor’s Handwritten Prescription BD dataset/Training/training_words/2065.png,Montair,Montelukast Sodium,train
data/metadata/Doctor’s Handwritten Prescription BD dataset/Training/training_words/2066.png,Montair,Montelukast Sodium,train
data/metadata/Doctor’s Handwritten Prescription BD dataset/Training/training_words/2067.png,Montair,Montelukast Sodium,train
data/metadata/Doctor’s Handwritten Prescription BD dataset/Training/training_words/2068.png,Montair,Montelukast Sodium,train
data/metadata/Doctor’s Handwritten Prescription BD dataset/Training/training_words/2069.png,Montair,Montelukast Sodium,train
data/metadata/Doctor’s Handwritten Prescription BD dataset/Training/training_words/2070.png,Montair,Montelukast Sodium,train
data/metadata/Doctor’s Handwritten Prescription BD dataset/Training/training_words/2071.png,Montair,Montelukast Sodium,train
data/metadata/Doctor’s Handwritten Prescription BD dataset/Training/training_words/2072.png,Montair,Montelukast Sodium,train
data/metadata/Doctor’s Handwritten Prescription BD dataset/Training/training_words/2073.png,Montair,Montelukast Sodium,train
data/metadata/Doctor’s Handwritten Prescription BD dataset/Training/training_words/2074.png,Montair,Montelukast Sodium,train
data/metadata/Doctor’s Handwritten Prescription BD dataset/Training/training_words/2075.png,Montair,Montelukast Sodium,train
data/metadata/Doctor’s Handwritten Prescription BD dataset/Training/training_words/2076.png,Montair,Montelukast Sodium,train
data/metadata/Doctor’s Handwritten Prescription BD dataset/Training/training_words/2077.png,Montair,Montelukast Sodium,train
data/metadata/Doctor’s Handwritten Prescription BD dataset/Training/training_words/2078.png,Montair,Montelukast Sodium,train
data/metadata/Doctor’s Handwritten Prescription BD dataset/Training/training_words/2079.png,Montair,Montelukast Sodium,train
data/metadata/Doctor’s Handwritten Prescription BD dataset/Training/training_words/2080.png,Montene,Montelukast Sodium,train
data/metadata/Doctor’s Handwritten Prescription BD dataset/Training/training_words/2081.png,Montene,Montelukast Sodium,train
data/metadata/Doctor’s Handwritten Prescription BD dataset/Training/training_words/2082.png,Montene,Montelukast Sodium,train
data/metadata/Doctor’s Handwritten Prescription BD dataset/Training/training_words/2083.png,Montene,Montelukast Sodium,train
data/metadata/Doctor’s Handwritten Prescription BD dataset/Training/training_words/2084.png,Montene,Montelukast Sodium,train
data/metadata/Doctor’s Handwritten Prescription BD dataset/Training/training_words/2085.png,Montene,Montelukast Sodium,train
data/metadata/Doctor’s Handwritten Prescription BD dataset/Training/training_words/2086.png,Montene,Montelukast Sodium,train
data/metadata/Doctor’s Handwritten Prescription BD dataset/Training/training_words/2087.png,Montene,Montelukast Sodium,train
data/metadata/Doctor’s Handwritten Prescription BD dataset/Training/training_words/2088.png,Montene,Montelukast Sodium,train
data/metadata/Doctor’s Handwritten Prescription BD dataset/Training/training_words/2089.png,Montene,Montelukast Sodium,train
data/metadata/Doctor’s Handwritten Prescription BD dataset/Training/training_words/2090.png,Montene,Montelukast Sodium,train
data/metadata/Doctor’s Handwritten Prescription BD dataset/Training/training_words/2091.png,Montene,Montelukast Sodium,train
data/metadata/Doctor’s Handwritten Prescription BD dataset/Training/training_words/2092.png,Montene,Montelukast Sodium,train
data/metadata/Doctor’s Handwritten Prescription BD dataset/Training/training_words/2093.png,Montene,Montelukast Sodium,train
data/metadata/Doctor’s Handwritten Prescription BD dataset/Training/training_words/2094.png,Montene,Montelukast Sodium,train
data/metadata/Doctor’s Handwritten Prescription BD dataset/Training/training_words/2095.png,Montene,Montelukast Sodium,train
data/metadata/Doctor’s Handwritten Prescription BD dataset/Training/training_words/2096.png,Montene,Montelukast Sodium,train
data/metadata/Doctor’s Handwritten Prescription BD dataset/Training/training_words/2097.png,Montene,Montelukast Sodium,train
data/metadata/Doctor’s Handwritten Prescription BD dataset/Training/training_words/2098.png,Montene,Montelukast Sodium,train
data/metadata/Doctor’s Handwritten Prescription BD dataset/Training/training_words/2099.png,Montene,Montelukast Sodium,train
data/metadata/Doctor’s Handwritten Prescription BD dataset/Training/training_words/2100.png,Montene,Montelukast Sodium,train
data/metadata/Doctor’s Handwritten Prescription BD dataset/Training/training_words/2101.png,Montene,Montelukast Sodium,train
data/metadata/Doctor’s Handwritten Prescription BD dataset/Training/training_words/2102.png,Montene,Montelukast Sodium,train
data/metadata/Doctor’s Handwritten Prescription BD dataset/Training/training_words/2103.png,Montene,Montelukast Sodium,train
data/metadata/Doctor’s Handwritten Prescription BD dataset/Training/training_words/2104.png,Montene,Montelukast Sodium,train
data/metadata/Doctor’s Handwritten Prescription BD dataset/Training/training_words/2105.png,Montene,Montelukast Sodium,train
data/metadata/Doctor’s Handwritten Prescription BD dataset/Training/training_words/2106.png,Montene,Montelukast Sodium,train
data/metadata/Doctor’s Handwritten Prescription BD dataset/Training/training_words/2107.png,Montene,Montelukast Sodium,train
data/metadata/Doctor’s Handwritten Prescription BD dataset/Training/training_words/2108.png,Montene,Montelukast Sodium,train
data/metadata/Doctor’s Handwritten Prescription BD dataset/Training/training_words/2109.png,Montene,Montelukast Sodium,train
data/metadata/Doctor’s Handwritten Prescription BD dataset/Training/training_words/2110.png,Montene,Montelukast Sodium,train
data/metadata/Doctor’s Handwritten Prescription BD dataset/Training/training_words/2111.png,Montene,Montelukast Sodium,train
data/metadata/Doctor’s Handwritten Prescription BD dataset/Training/training_words/2112.png,Montene,Montelukast Sodium,train
data/metadata/Doctor’s Handwritten Prescription BD dataset/Training/training_words/2113.png,Montene,Montelukast Sodium,train
data/metadata/Doctor’s Handwritten Prescription BD dataset/Training/training_words/2114.png,Montene,Montelukast Sodium,train
data/metadata/Doctor’s Handwritten Prescription BD dataset/Training/training_words/2115.png,Montene,Montelukast Sodium,train
data/metadata/Doctor’s Handwritten Prescription BD dataset/Training/training_words/2116.png,Montene,Montelukast Sodium,train
data/metadata/Doctor’s Handwritten Prescription BD dataset/Training/training_words/2117.png,Montene,Montelukast Sodium,train
data/metadata/Doctor’s Handwritten Prescription BD dataset/Training/training_words/2118.png,Montene,Montelukast Sodium,train
data/metadata/Doctor’s Handwritten Prescription BD dataset/Training/training_words/2119.png,Montene,Montelukast Sodium,train
data/metadata/Doctor’s Handwritten Prescription BD dataset/Training/training_words/2120.png,Montex,Montelukast Sodium,train
data/metadata/Doctor’s Handwritten Prescription BD dataset/Training/training_words/2121.png,Montex,Montelukast Sodium,train
data/metadata/Doctor’s Handwritten Prescription BD dataset/Training/training_words/2122.png,Montex,Montelukast Sodium,train
data/metadata/Doctor’s Handwritten Prescription BD dataset/Training/training_words/2123.png,Montex,Montelukast Sodium,train
data/metadata/Doctor’s Handwritten Prescription BD dataset/Training/training_words/2124.png,Montex,Montelukast Sodium,train
data/metadata/Doctor’s Handwritten Prescription BD dataset/Training/training_words/2125.png,Montex,Montelukast Sodium,train
data/metadata/Doctor’s Handwritten Prescription BD dataset/Training/training_words/2126.png,Montex,Montelukast Sodium,train
data/metadata/Doctor’s Handwritten Prescription BD dataset/Training/training_words/2127.png,Montex,Montelukast Sodium,train
data/metadata/Doctor’s Handwritten Prescription BD dataset/Training/training_words/2128.png,Montex,Montelukast Sodium,train
data/metadata/Doctor’s Handwritten Prescription BD dataset/Training/training_words/2129.png,Montex,Montelukast Sodium,train
data/metadata/Doctor’s Handwritten Prescription BD dataset/Training/training_words/2130.png,Montex,Montelukast Sodium,train
data/metadata/Doctor’s Handwritten Prescription BD dataset/Training/training_words/2131.png,Montex,Montelukast Sodium,train
data/metadata/Doctor’s Handwritten Prescription BD dataset/Training/training_words/2132.png,Montex,Montelukast Sodium,train
data/metadata/Doctor’s Handwritten Prescription BD dataset/Training/training_words/2133.png,Montex,Montelukast Sodium,train
data/metadata/Doctor’s Handwritten Prescription BD dataset/Training/training_words/2134.png,Montex,Montelukast Sodium,train
data/metadata/Doctor’s Handwritten Prescription BD dataset/Training/training_words/2135.png,Montex,Montelukast Sodium,train
data/metadata/Doctor’s Handwritten Prescription BD dataset/Training/training_words/2136.png,Montex,Montelukast Sodium,train
data/metadata/Doctor’s Handwritten Prescription BD dataset/Training/training_words/2137.png,Montex,Montelukast Sodium,train
data/metadata/Doctor’s Handwritten Prescription BD dataset/Training/training_words/2138.png,Montex,Montelukast Sodium,train
data/metadata/Doctor’s Handwritten Prescription BD dataset/Training/training_words/2139.png,Montex,Montelukast Sodium,train
data/metadata/Doctor’s Handwritten Prescription BD dataset/Training/training_words/2140.png,Montex,Montelukast Sodium,train
data/metadata/Doctor’s Handwritten Prescription BD dataset/Training/training_words/2141.png,Montex,Montelukast Sodium,train
data/metadata/Doctor’s Handwritten Prescription BD dataset/Training/training_words/2142.png,Montex,Montelukast Sodium,train
data/metadata/Doctor’s Handwritten Prescription BD dataset/Training/training_words/2143.png,Montex,Montelukast Sodium,train
data/metadata/Doctor’s Handwritten Prescription BD dataset/Training/training_words/2144.png,Montex,Montelukast Sodium,train
data/metadata/Doctor’s Handwritten Prescription BD dataset/Training/training_words/2145.png,Montex,Montelukast Sodium,train
data/metadata/Doctor’s Handwritten Prescription BD dataset/Training/training_words/2146.png,Montex,Montelukast Sodium,train
data/metadata/Doctor’s Handwritten Prescription BD dataset/Training/training_words/2147.png,Montex,Montelukast Sodium,train
data/metadata/Doctor’s Handwritten Prescription BD dataset/Training/training_words/2148.png,Montex,Montelukast Sodium,train
data/metadata/Doctor’s Handwritten Prescription BD dataset/Training/training_words/2149.png,Montex,Montelukast Sodium,train
data/metadata/Doctor’s Handwritten Prescription BD dataset/Training/training_words/2150.png,Montex,Montelukast Sodium,train
data/metadata/Doctor’s Handwritten Prescription BD dataset/Training/training_words/2151.png,Montex,Montelukast Sodium,train
data/metadata/Doctor’s Handwritten Prescription BD dataset/Training/training_words/2152.png,Montex,Montelukast Sodium,train
data/metadata/Doctor’s Handwritten Prescription BD dataset/Training/training_words/2153.png,Montex,Montelukast Sodium,train
data/metadata/Doctor’s Handwritten Prescription BD dataset/Training/training_words/2154.png,Montex,Montelukast Sodium,train
data/metadata/Doctor’s Handwritten Prescription BD dataset/Training/training_words/2155.png,Montex,Montelukast Sodium,train
data/metadata/Doctor’s Handwritten Prescription BD dataset/Training/training_words/2156.png,Montex,Montelukast Sodium,train
data/metadata/Doctor’s Handwritten Prescription BD dataset/Training/training_words/2157.png,Montex,Montelukast Sodium,train
data/metadata/Doctor’s Handwritten Prescription BD dataset/Training/training_words/2158.png,Montex,Montelukast Sodium,train
data/metadata/Doctor’s Handwritten Prescription BD dataset/Training/training_words/2159.png,Montex,Montelukast Sodium,train
data/metadata/Doctor’s Handwritten Prescription BD dataset/Training/training_words/2160.png,Napa Extend,Paracetamol,train
data/metadata/Doctor’s Handwritten Prescription BD dataset/Training/training_words/2161.png,Napa Extend,Paracetamol,train
data/metadata/Doctor’s Handwritten Prescription BD dataset/Training/training_words/2162.png,Napa Extend,Paracetamol,train
data/metadata/Doctor’s Handwritten Prescription BD dataset/Training/training_words/2163.png,Napa Extend,Paracetamol,train
data/metadata/Doctor’s Handwritten Prescription BD dataset/Training/training_words/2164.png,Napa Extend,Paracetamol,train
data/metadata/Doctor’s Handwritten Prescription BD dataset/Training/training_words/2165.png,Napa Extend,Paracetamol,train
data/metadata/Doctor’s Handwritten Prescription BD dataset/Training/training_words/2166.png,Napa Extend,Paracetamol,train
data/metadata/Doctor’s Handwritten Prescription BD dataset/Training/training_words/2167.png,Napa Extend,Paracetamol,train
data/metadata/Doctor’s Handwritten Prescription BD dataset/Training/training_words/2168.png,Napa Extend,Paracetamol,train
data/metadata/Doctor’s Handwritten Prescription BD dataset/Training/training_words/2169.png,Napa Extend,Paracetamol,train
data/metadata/Doctor’s Handwritten Prescription BD dataset/Training/training_words/2170.png,Napa Extend,Paracetamol,train
data/metadata/Doctor’s Handwritten Prescription BD dataset/Training/training_words/2171.png,Napa Extend,Paracetamol,train
data/metadata/Doctor’s Handwritten Prescription BD dataset/Training/training_words/2172.png,Napa Extend,Paracetamol,train
data/metadata/Doctor’s Handwritten Prescription BD dataset/Training/training_words/2173.png,Napa Extend,Paracetamol,train
data/metadata/Doctor’s Handwritten Prescription BD dataset/Training/training_words/2174.png,Napa Extend,Paracetamol,train
data/metadata/Doctor’s Handwritten Prescription BD dataset/Training/training_words/2175.png,Napa Extend,Paracetamol,train
data/metadata/Doctor’s Handwritten Prescription BD dataset/Training/training_words/2176.png,Napa Extend,Paracetamol,train
data/metadata/Doctor’s Handwritten Prescription BD dataset/Training/training_words/2177.png,Napa Extend,Paracetamol,train
data/metadata/Doctor’s Handwritten Prescription BD dataset/Training/training_words/2178.png,Napa Extend,Paracetamol,train
data/metadata/Doctor’s Handwritten Prescription BD dataset/Training/training_words/2179.png,Napa Extend,Paracetamol,train
data/metadata/Doctor’s Handwritten Prescription BD dataset/Training/training_words/2180.png,Napa Extend,Paracetamol,train
data/metadata/Doctor’s Handwritten Prescription BD dataset/Training/training_words/2181.png,Napa Extend,Paracetamol,train
data/metadata/Doctor’s Handwritten Prescription BD dataset/Training/training_words/2182.png,Napa Extend,Paracetamol,train
data/metadata/Doctor’s Handwritten Prescription BD dataset/Training/training_words/2183.png,Napa Extend,Paracetamol,train
data/metadata/Doctor’s Handwritten Prescription BD dataset/Training/training_words/2184.png,Napa Extend,Paracetamol,train
data/metadata/Doctor’s Handwritten Prescription BD dataset/Training/training_words/2185.png,Napa Extend,Paracetamol,train
data/metadata/Doctor’s Handwritten Prescription BD dataset/Training/training_words/2186.png,Napa Extend,Paracetamol,train
data/metadata/Doctor’s Handwritten Prescription BD dataset/Training/training_words/2187.png,Napa Extend,Paracetamol,train
data/metadata/Doctor’s Handwritten Prescription BD dataset/Training/training_words/2188.png,Napa Extend,Paracetamol,train
data/metadata/Doctor’s Handwritten Prescription BD dataset/Training/training_words/2189.png,Napa Extend,Paracetamol,train
data/metadata/Doctor’s Handwritten Prescription BD dataset/Training/training_words/2190.png,Napa Extend,Paracetamol,train
data/metadata/Doctor’s Handwritten Prescription BD dataset/Training/training_words/2191.png,Napa Extend,Paracetamol,train
data/metadata/Doctor’s Handwritten Prescription BD dataset/Training/training_words/2192.png,Napa Extend,Paracetamol,train
data/metadata/Doctor’s Handwritten Prescription BD dataset/Training/training_words/2193.png,Napa Extend,Paracetamol,train
data/metadata/Doctor’s Handwritten Prescription BD dataset/Training/training_words/2194.png,Napa Extend,Paracetamol,train
data/metadata/Doctor’s Handwritten Prescription BD dataset/Training/training_words/2195.png,Napa Extend,Paracetamol,train
data/metadata/Doctor’s Handwritten Prescription BD dataset/Training/training_words/2196.png,Napa Extend,Paracetamol,train
data/metadata/Doctor’s Handwritten Prescription BD dataset/Training/training_words/2197.png,Napa Extend,Paracetamol,train
data/metadata/Doctor’s Handwritten Prescription BD dataset/Training/training_words/2198.png,Napa Extend,Paracetamol,train
data/metadata/Doctor’s Handwritten Prescription BD dataset/Training/training_words/2199.png,Napa Extend,Paracetamol,train
data/metadata/Doctor’s Handwritten Prescription BD dataset/Training/training_words/2200.png,Napa,Paracetamol,train
data/metadata/Doctor’s Handwritten Prescription BD dataset/Training/training_words/2201.png,Napa,Paracetamol,train
data/metadata/Doctor’s Handwritten Prescription BD dataset/Training/training_words/2202.png,Napa,Paracetamol,train
data/metadata/Doctor’s Handwritten Prescription BD dataset/Training/training_words/2203.png,Napa,Paracetamol,train
data/metadata/Doctor’s Handwritten Prescription BD dataset/Training/training_words/2204.png,Napa,Paracetamol,train
data/metadata/Doctor’s Handwritten Prescription BD dataset/Training/training_words/2205.png,Napa,Paracetamol,train
data/metadata/Doctor’s Handwritten Prescription BD dataset/Training/training_words/2206.png,Napa,Paracetamol,train
data/metadata/Doctor’s Handwritten Prescription BD dataset/Training/training_words/2207.png,Napa,Paracetamol,train
data/metadata/Doctor’s Handwritten Prescription BD dataset/Training/training_words/2208.png,Napa,Paracetamol,train
data/metadata/Doctor’s Handwritten Prescription BD dataset/Training/training_words/2209.png,Napa,Paracetamol,train
data/metadata/Doctor’s Handwritten Prescription BD dataset/Training/training_words/2210.png,Napa,Paracetamol,train
data/metadata/Doctor’s Handwritten Prescription BD dataset/Training/training_words/2211.png,Napa,Paracetamol,train
data/metadata/Doctor’s Handwritten Prescription BD dataset/Training/training_words/2212.png,Napa,Paracetamol,train
data/metadata/Doctor’s Handwritten Prescription BD dataset/Training/training_words/2213.png,Napa,Paracetamol,train
data/metadata/Doctor’s Handwritten Prescription BD dataset/Training/training_words/2214.png,Napa,Paracetamol,train
data/metadata/Doctor’s Handwritten Prescription BD dataset/Training/training_words/2215.png,Napa,Paracetamol,train
data/metadata/Doctor’s Handwritten Prescription BD dataset/Training/training_words/2216.png,Napa,Paracetamol,train
data/metadata/Doctor’s Handwritten Prescription BD dataset/Training/training_words/2217.png,Napa,Paracetamol,train
data/metadata/Doctor’s Handwritten Prescription BD dataset/Training/training_words/2218.png,Napa,Paracetamol,train
data/metadata/Doctor’s Handwritten Prescription BD dataset/Training/training_words/2219.png,Napa,Paracetamol,train
data/metadata/Doctor’s Handwritten Prescription BD dataset/Training/training_words/2220.png,Napa,Paracetamol,train
data/metadata/Doctor’s Handwritten Prescription BD dataset/Training/training_words/2221.png,Napa,Paracetamol,train
data/metadata/Doctor’s Handwritten Prescription BD dataset/Training/training_words/2222.png,Napa,Paracetamol,train
data/metadata/Doctor’s Handwritten Prescription BD dataset/Training/training_words/2223.png,Napa,Paracetamol,train
data/metadata/Doctor’s Handwritten Prescription BD dataset/Training/training_words/2224.png,Napa,Paracetamol,train
data/metadata/Doctor’s Handwritten Prescription BD dataset/Training/training_words/2225.png,Napa,Paracetamol,train
data/metadata/Doctor’s Handwritten Prescription BD dataset/Training/training_words/2226.png,Napa,Paracetamol,train
data/metadata/Doctor’s Handwritten Prescription BD dataset/Training/training_words/2227.png,Napa,Paracetamol,train
data/metadata/Doctor’s Handwritten Prescription BD dataset/Training/training_words/2228.png,Napa,Paracetamol,train
data/metadata/Doctor’s Handwritten Prescription BD dataset/Training/training_words/2229.png,Napa,Paracetamol,train
data/metadata/Doctor’s Handwritten Prescription BD dataset/Training/training_words/2230.png,Napa,Paracetamol,train
data/metadata/Doctor’s Handwritten Prescription BD dataset/Training/training_words/2231.png,Napa,Paracetamol,train
data/metadata/Doctor’s Handwritten Prescription BD dataset/Training/training_words/2232.png,Napa,Paracetamol,train
data/metadata/Doctor’s Handwritten Prescription BD dataset/Training/training_words/2233.png,Napa,Paracetamol,train
data/metadata/Doctor’s Handwritten Prescription BD dataset/Training/training_words/2234.png,Napa,Paracetamol,train
data/metadata/Doctor’s Handwritten Prescription BD dataset/Training/training_words/2235.png,Napa,Paracetamol,train
data/metadata/Doctor’s Handwritten Prescription BD dataset/Training/training_words/2236.png,Napa,Paracetamol,train
data/metadata/Doctor’s Handwritten Prescription BD dataset/Training/training_words/2237.png,Napa,Paracetamol,train
data/metadata/Doctor’s Handwritten Prescription BD dataset/Training/training_words/2238.png,Napa,Paracetamol,train
data/metadata/Doctor’s Handwritten Prescription BD dataset/Training/training_words/2239.png,Napa,Paracetamol,train
data/metadata/Doctor’s Handwritten Prescription BD dataset/Training/training_words/2240.png,Nexcap,Esomeprazole,train
data/metadata/Doctor’s Handwritten Prescription BD dataset/Training/training_words/2241.png,Nexcap,Esomeprazole,train
data/metadata/Doctor’s Handwritten Prescription BD dataset/Training/training_words/2242.png,Nexcap,Esomeprazole,train
data/metadata/Doctor’s Handwritten Prescription BD dataset/Training/training_words/2243.png,Nexcap,Esomeprazole,train
data/metadata/Doctor’s Handwritten Prescription BD dataset/Training/training_words/2244.png,Nexcap,Esomeprazole,train
data/metadata/Doctor’s Handwritten Prescription BD dataset/Training/training_words/2245.png,Nexcap,Esomeprazole,train
data/metadata/Doctor’s Handwritten Prescription BD dataset/Training/training_words/2246.png,Nexcap,Esomeprazole,train
data/metadata/Doctor’s Handwritten Prescription BD dataset/Training/training_words/2247.png,Nexcap,Esomeprazole,train
data/metadata/Doctor’s Handwritten Prescription BD dataset/Training/training_words/2248.png,Nexcap,Esomeprazole,train
data/metadata/Doctor’s Handwritten Prescription BD dataset/Training/training_words/2249.png,Nexcap,Esomeprazole,train
data/metadata/Doctor’s Handwritten Prescription BD dataset/Training/training_words/2250.png,Nexcap,Esomeprazole,train
data/metadata/Doctor’s Handwritten Prescription BD dataset/Training/training_words/2251.png,Nexcap,Esomeprazole,train
data/metadata/Doctor’s Handwritten Prescription BD dataset/Training/training_words/2252.png,Nexcap,Esomeprazole,train
data/metadata/Doctor’s Handwritten Prescription BD dataset/Training/training_words/2253.png,Nexcap,Esomeprazole,train
data/metadata/Doctor’s Handwritten Prescription BD dataset/Training/training_words/2254.png,Nexcap,Esomeprazole,train
data/metadata/Doctor’s Handwritten Prescription BD dataset/Training/training_words/2255.png,Nexcap,Esomeprazole,train
data/metadata/Doctor’s Handwritten Prescription BD dataset/Training/training_words/2256.png,Nexcap,Esomeprazole,train
data/metadata/Doctor’s Handwritten Prescription BD dataset/Training/training_words/2257.png,Nexcap,Esomeprazole,train
data/metadata/Doctor’s Handwritten Prescription BD dataset/Training/training_words/2258.png,Nexcap,Esomeprazole,train
data/metadata/Doctor’s Handwritten Prescription BD dataset/Training/training_words/2259.png,Nexcap,Esomeprazole,train
data/metadata/Doctor’s Handwritten Prescription BD dataset/Training/training_words/2260.png,Nexcap,Esomeprazole,train
data/metadata/Doctor’s Handwritten Prescription BD dataset/Training/training_words/2261.png,Nexcap,Esomeprazole,train
data/metadata/Doctor’s Handwritten Prescription BD dataset/Training/training_words/2262.png,Nexcap,Esomeprazole,train
data/metadata/Doctor’s Handwritten Prescription BD dataset/Training/training_words/2263.png,Nexcap,Esomeprazole,train
data/metadata/Doctor’s Handwritten Prescription BD dataset/Training/training_words/2264.png,Nexcap,Esomeprazole,train
data/metadata/Doctor’s Handwritten Prescription BD dataset/Training/training_words/2265.png,Nexcap,Esomeprazole,train
data/metadata/Doctor’s Handwritten Prescription BD dataset/Training/training_words/2266.png,Nexcap,Esomeprazole,train
data/metadata/Doctor’s Handwritten Prescription BD dataset/Training/training_words/2267.png,Nexcap,Esomeprazole,train
data/metadata/Doctor’s Handwritten Prescription BD dataset/Training/training_words/2268.png,Nexcap,Esomeprazole,train
data/metadata/Doctor’s Handwritten Prescription BD dataset/Training/training_words/2269.png,Nexcap,Esomeprazole,train
data/metadata/Doctor’s Handwritten Prescription BD dataset/Training/training_words/2270.png,Nexcap,Esomeprazole,train
data/metadata/Doctor’s Handwritten Prescription BD dataset/Training/training_words/2271.png,Nexcap,Esomeprazole,train
data/metadata/Doctor’s Handwritten Prescription BD dataset/Training/training_words/2272.png,Nexcap,Esomeprazole,train
data/metadata/Doctor’s Handwritten Prescription BD dataset/Training/training_words/2273.png,Nexcap,Esomeprazole,train
data/metadata/Doctor’s Handwritten Prescription BD dataset/Training/training_words/2274.png,Nexcap,Esomeprazole,train
data/metadata/Doctor’s Handwritten Prescription BD dataset/Training/training_words/2275.png,Nexcap,Esomeprazole,train
data/metadata/Doctor’s Handwritten Prescription BD dataset/Training/training_words/2276.png,Nexcap,Esomeprazole,train
data/metadata/Doctor’s Handwritten Prescription BD dataset/Training/training_words/2277.png,Nexcap,Esomeprazole,train
data/metadata/Doctor’s Handwritten Prescription BD dataset/Training/training_words/2278.png,Nexcap,Esomeprazole,train
data/metadata/Doctor’s Handwritten Prescription BD dataset/Training/training_words/2279.png,Nexcap,Esomeprazole,train
data/metadata/Doctor’s Handwritten Prescription BD dataset/Training/training_words/2280.png,Nexum,Esomeprazole,train
data/metadata/Doctor’s Handwritten Prescription BD dataset/Training/training_words/2281.png,Nexum,Esomeprazole,train
data/metadata/Doctor’s Handwritten Prescription BD dataset/Training/training_words/2282.png,Nexum,Esomeprazole,train
data/metadata/Doctor’s Handwritten Prescription BD dataset/Training/training_words/2283.png,Nexum,Esomeprazole,train
data/metadata/Doctor’s Handwritten Prescription BD dataset/Training/training_words/2284.png,Nexum,Esomeprazole,train
data/metadata/Doctor’s Handwritten Prescription BD dataset/Training/training_words/2285.png,Nexum,Esomeprazole,train
data/metadata/Doctor’s Handwritten Prescription BD dataset/Training/training_words/2286.png,Nexum,Esomeprazole,train
data/metadata/Doctor’s Handwritten Prescription BD dataset/Training/training_words/2287.png,Nexum,Esomeprazole,train
data/metadata/Doctor’s Handwritten Prescription BD dataset/Training/training_words/2288.png,Nexum,Esomeprazole,train
data/metadata/Doctor’s Handwritten Prescription BD dataset/Training/training_words/2289.png,Nexum,Esomeprazole,train
data/metadata/Doctor’s Handwritten Prescription BD dataset/Training/training_words/2290.png,Nexum,Esomeprazole,train
data/metadata/Doctor’s Handwritten Prescription BD dataset/Training/training_words/2291.png,Nexum,Esomeprazole,train
data/metadata/Doctor’s Handwritten Prescription BD dataset/Training/training_words/2292.png,Nexum,Esomeprazole,train
data/metadata/Doctor’s Handwritten Prescription BD dataset/Training/training_words/2293.png,Nexum,Esomeprazole,train
data/metadata/Doctor’s Handwritten Prescription BD dataset/Training/training_words/2294.png,Nexum,Esomeprazole,train
data/metadata/Doctor’s Handwritten Prescription BD dataset/Training/training_words/2295.png,Nexum,Esomeprazole,train
data/metadata/Doctor’s Handwritten Prescription BD dataset/Training/training_words/2296.png,Nexum,Esomeprazole,train
data/metadata/Doctor’s Handwritten Prescription BD dataset/Training/training_words/2297.png,Nexum,Esomeprazole,train
data/metadata/Doctor’s Handwritten Prescription BD dataset/Training/training_words/2298.png,Nexum,Esomeprazole,train
data/metadata/Doctor’s Handwritten Prescription BD dataset/Training/training_words/2299.png,Nexum,Esomeprazole,train
data/metadata/Doctor’s Handwritten Prescription BD dataset/Training/training_words/2300.png,Nexum,Esomeprazole,train
data/metadata/Doctor’s Handwritten Prescription BD dataset/Training/training_words/2301.png,Nexum,Esomeprazole,train
data/metadata/Doctor’s Handwritten Prescription BD dataset/Training/training_words/2302.png,Nexum,Esomeprazole,train
data/metadata/Doctor’s Handwritten Prescription BD dataset/Training/training_words/2303.png,Nexum,Esomeprazole,train
data/metadata/Doctor’s Handwritten Prescription BD dataset/Training/training_words/2304.png,Nexum,Esomeprazole,train
data/metadata/Doctor’s Handwritten Prescription BD dataset/Training/training_words/2305.png,Nexum,Esomeprazole,train
data/metadata/Doctor’s Handwritten Prescription BD dataset/Training/training_words/2306.png,Nexum,Esomeprazole,train
data/metadata/Doctor’s Handwritten Prescription BD dataset/Training/training_words/2307.png,Nexum,Esomeprazole,train
data/metadata/Doctor’s Handwritten Prescription BD dataset/Training/training_words/2308.png,Nexum,Esomeprazole,train
data/metadata/Doctor’s Handwritten Prescription BD dataset/Training/training_words/2309.png,Nexum,Esomeprazole,train
data/metadata/Doctor’s Handwritten Prescription BD dataset/Training/training_words/2310.png,Nexum,Esomeprazole,train
data/metadata/Doctor’s Handwritten Prescription BD dataset/Training/training_words/2311.png,Nexum,Esomeprazole,train
data/metadata/Doctor’s Handwritten Prescription BD dataset/Training/training_words/2312.png,Nexum,Esomeprazole,train
data/metadata/Doctor’s Handwritten Prescription BD dataset/Training/training_words/2313.png,Nexum,Esomeprazole,train
data/metadata/Doctor’s Handwritten Prescription BD dataset/Training/training_words/2314.png,Nexum,Esomeprazole,train
data/metadata/Doctor’s Handwritten Prescription BD dataset/Training/training_words/2315.png,Nexum,Esomeprazole,train
data/metadata/Doctor’s Handwritten Prescription BD dataset/Training/training_words/2316.png,Nexum,Esomeprazole,train
data/metadata/Doctor’s Handwritten Prescription BD dataset/Training/training_words/2317.png,Nexum,Esomeprazole,train
data/metadata/Doctor’s Handwritten Prescription BD dataset/Training/training_words/2318.png,Nexum,Esomeprazole,train
data/metadata/Doctor’s Handwritten Prescription BD dataset/Training/training_words/2319.png,Nexum,Esomeprazole,train
data/metadata/Doctor’s Handwritten Prescription BD dataset/Training/training_words/2320.png,Nidazyl,Metronidazole,train
data/metadata/Doctor’s Handwritten Prescription BD dataset/Training/training_words/2321.png,Nidazyl,Metronidazole,train
data/metadata/Doctor’s Handwritten Prescription BD dataset/Training/training_words/2322.png,Nidazyl,Metronidazole,train
data/metadata/Doctor’s Handwritten Prescription BD dataset/Training/training_words/2323.png,Nidazyl,Metronidazole,train
data/metadata/Doctor’s Handwritten Prescription BD dataset/Training/training_words/2324.png,Nidazyl,Metronidazole,train
data/metadata/Doctor’s Handwritten Prescription BD dataset/Training/training_words/2325.png,Nidazyl,Metronidazole,train
data/metadata/Doctor’s Handwritten Prescription BD dataset/Training/training_words/2326.png,Nidazyl,Metronidazole,train
data/metadata/Doctor’s Handwritten Prescription BD dataset/Training/training_words/2327.png,Nidazyl,Metronidazole,train
data/metadata/Doctor’s Handwritten Prescription BD dataset/Training/training_words/2328.png,Nidazyl,Metronidazole,train
data/metadata/Doctor’s Handwritten Prescription BD dataset/Training/training_words/2329.png,Nidazyl,Metronidazole,train
data/metadata/Doctor’s Handwritten Prescription BD dataset/Training/training_words/2330.png,Nidazyl,Metronidazole,train
data/metadata/Doctor’s Handwritten Prescription BD dataset/Training/training_words/2331.png,Nidazyl,Metronidazole,train
data/metadata/Doctor’s Handwritten Prescription BD dataset/Training/training_words/2332.png,Nidazyl,Metronidazole,train
data/metadata/Doctor’s Handwritten Prescription BD dataset/Training/training_words/2333.png,Nidazyl,Metronidazole,train
data/metadata/Doctor’s Handwritten Prescription BD dataset/Training/training_words/2334.png,Nidazyl,Metronidazole,train
data/metadata/Doctor’s Handwritten Prescription BD dataset/Training/training_words/2335.png,Nidazyl,Metronidazole,train
data/metadata/Doctor’s Handwritten Prescription BD dataset/Training/training_words/2336.png,Nidazyl,Metronidazole,train
data/metadata/Doctor’s Handwritten Prescription BD dataset/Training/training_words/2337.png,Nidazyl,Metronidazole,train
data/metadata/Doctor’s Handwritten Prescription BD dataset/Training/training_words/2338.png,Nidazyl,Metronidazole,train
data/metadata/Doctor’s Handwritten Prescription BD dataset/Training/training_words/2339.png,Nidazyl,Metronidazole,train
data/metadata/Doctor’s Handwritten Prescription BD dataset/Training/training_words/2340.png,Nidazyl,Metronidazole,train
data/metadata/Doctor’s Handwritten Prescription BD dataset/Training/training_words/2341.png,Nidazyl,Metronidazole,train
data/metadata/Doctor’s Handwritten Prescription BD dataset/Training/training_words/2342.png,Nidazyl,Metronidazole,train
data/metadata/Doctor’s Handwritten Prescription BD dataset/Training/training_words/2343.png,Nidazyl,Metronidazole,train
data/metadata/Doctor’s Handwritten Prescription BD dataset/Training/training_words/2344.png,Nidazyl,Metronidazole,train
data/metadata/Doctor’s Handwritten Prescription BD dataset/Training/training_words/2345.png,Nidazyl,Metronidazole,train
data/metadata/Doctor’s Handwritten Prescription BD dataset/Training/training_words/2346.png,Nidazyl,Metronidazole,train
data/metadata/Doctor’s Handwritten Prescription BD dataset/Training/training_words/2347.png,Nidazyl,Metronidazole,train
data/metadata/Doctor’s Handwritten Prescription BD dataset/Training/training_words/2348.png,Nidazyl,Metronidazole,train
data/metadata/Doctor’s Handwritten Prescription BD dataset/Training/training_words/2349.png,Nidazyl,Metronidazole,train
data/metadata/Doctor’s Handwritten Prescription BD dataset/Training/training_words/2350.png,Nidazyl,Metronidazole,train
data/metadata/Doctor’s Handwritten Prescription BD dataset/Training/training_words/2351.png,Nidazyl,Metronidazole,train
data/metadata/Doctor’s Handwritten Prescription BD dataset/Training/training_words/2352.png,Nidazyl,Metronidazole,train
data/metadata/Doctor’s Handwritten Prescription BD dataset/Training/training_words/2353.png,Nidazyl,Metronidazole,train
data/metadata/Doctor’s Handwritten Prescription BD dataset/Training/training_words/2354.png,Nidazyl,Metronidazole,train
data/metadata/Doctor’s Handwritten Prescription BD dataset/Training/training_words/2355.png,Nidazyl,Metronidazole,train
data/metadata/Doctor’s Handwritten Prescription BD dataset/Training/training_words/2356.png,Nidazyl,Metronidazole,train
data/metadata/Doctor’s Handwritten Prescription BD dataset/Training/training_words/2357.png,Nidazyl,Metronidazole,train
data/metadata/Doctor’s Handwritten Prescription BD dataset/Training/training_words/2358.png,Nidazyl,Metronidazole,train
data/metadata/Doctor’s Handwritten Prescription BD dataset/Training/training_words/2359.png,Nidazyl,Metronidazole,train
data/metadata/Doctor’s Handwritten Prescription BD dataset/Training/training_words/2360.png,Nizoder,Ketoconazole (Cream),train
data/metadata/Doctor’s Handwritten Prescription BD dataset/Training/training_words/2361.png,Nizoder,Ketoconazole (Cream),train
data/metadata/Doctor’s Handwritten Prescription BD dataset/Training/training_words/2362.png,Nizoder,Ketoconazole (Cream),train
data/metadata/Doctor’s Handwritten Prescription BD dataset/Training/training_words/2363.png,Nizoder,Ketoconazole (Cream),train
data/metadata/Doctor’s Handwritten Prescription BD dataset/Training/training_words/2364.png,Nizoder,Ketoconazole (Cream),train
data/metadata/Doctor’s Handwritten Prescription BD dataset/Training/training_words/2365.png,Nizoder,Ketoconazole (Cream),train
data/metadata/Doctor’s Handwritten Prescription BD dataset/Training/training_words/2366.png,Nizoder,Ketoconazole (Cream),train
data/metadata/Doctor’s Handwritten Prescription BD dataset/Training/training_words/2367.png,Nizoder,Ketoconazole (Cream),train
data/metadata/Doctor’s Handwritten Prescription BD dataset/Training/training_words/2368.png,Nizoder,Ketoconazole (Cream),train
data/metadata/Doctor’s Handwritten Prescription BD dataset/Training/training_words/2369.png,Nizoder,Ketoconazole (Cream),train
data/metadata/Doctor’s Handwritten Prescription BD dataset/Training/training_words/2370.png,Nizoder,Ketoconazole (Cream),train
data/metadata/Doctor’s Handwritten Prescription BD dataset/Training/training_words/2371.png,Nizoder,Ketoconazole (Cream),train
data/metadata/Doctor’s Handwritten Prescription BD dataset/Training/training_words/2372.png,Nizoder,Ketoconazole (Cream),train
data/metadata/Doctor’s Handwritten Prescription BD dataset/Training/training_words/2373.png,Nizoder,Ketoconazole (Cream),train
data/metadata/Doctor’s Handwritten Prescription BD dataset/Training/training_words/2374.png,Nizoder,Ketoconazole (Cream),train
data/metadata/Doctor’s Handwritten Prescription BD dataset/Training/training_words/2375.png,Nizoder,Ketoconazole (Cream),train
data/metadata/Doctor’s Handwritten Prescription BD dataset/Training/training_words/2376.png,Nizoder,Ketoconazole (Cream),train
data/metadata/Doctor’s Handwritten Prescription BD dataset/Training/training_words/2377.png,Nizoder,Ketoconazole (Cream),train
data/metadata/Doctor’s Handwritten Prescription BD dataset/Training/training_words/2378.png,Nizoder,Ketoconazole (Cream),train
data/metadata/Doctor’s Handwritten Prescription BD dataset/Training/training_words/2379.png,Nizoder,Ketoconazole (Cream),train
data/metadata/Doctor’s Handwritten Prescription BD dataset/Training/training_words/2380.png,Nizoder,Ketoconazole (Cream),train
data/metadata/Doctor’s Handwritten Prescription BD dataset/Training/training_words/2381.png,Nizoder,Ketoconazole (Cream),train
data/metadata/Doctor’s Handwritten Prescription BD dataset/Training/training_words/2382.png,Nizoder,Ketoconazole (Cream),train
data/metadata/Doctor’s Handwritten Prescription BD dataset/Training/training_words/2383.png,Nizoder,Ketoconazole (Cream),train
data/metadata/Doctor’s Handwritten Prescription BD dataset/Training/training_words/2384.png,Nizoder,Ketoconazole (Cream),train
data/metadata/Doctor’s Handwritten Prescription BD dataset/Training/training_words/2385.png,Nizoder,Ketoconazole (Cream),train
data/metadata/Doctor’s Handwritten Prescription BD dataset/Training/training_words/2386.png,Nizoder,Ketoconazole (Cream),train
data/metadata/Doctor’s Handwritten Prescription BD dataset/Training/training_words/2387.png,Nizoder,Ketoconazole (Cream),train
data/metadata/Doctor’s Handwritten Prescription BD dataset/Training/training_words/2388.png,Nizoder,Ketoconazole (Cream),train
data/metadata/Doctor’s Handwritten Prescription BD dataset/Training/training_words/2389.png,Nizoder,Ketoconazole (Cream),train
data/metadata/Doctor’s Handwritten Prescription BD dataset/Training/training_words/2390.png,Nizoder,Ketoconazole (Cream),train
data/metadata/Doctor’s Handwritten Prescription BD dataset/Training/training_words/2391.png,Nizoder,Ketoconazole (Cream),train
data/metadata/Doctor’s Handwritten Prescription BD dataset/Training/training_words/2392.png,Nizoder,Ketoconazole (Cream),train
data/metadata/Doctor’s Handwritten Prescription BD dataset/Training/training_words/2393.png,Nizoder,Ketoconazole (Cream),train
data/metadata/Doctor’s Handwritten Prescription BD dataset/Training/training_words/2394.png,Nizoder,Ketoconazole (Cream),train
data/metadata/Doctor’s Handwritten Prescription BD dataset/Training/training_words/2395.png,Nizoder,Ketoconazole (Cream),train
data/metadata/Doctor’s Handwritten Prescription BD dataset/Training/training_words/2396.png,Nizoder,Ketoconazole (Cream),train
data/metadata/Doctor’s Handwritten Prescription BD dataset/Training/training_words/2397.png,Nizoder,Ketoconazole (Cream),train
data/metadata/Doctor’s Handwritten Prescription BD dataset/Training/training_words/2398.png,Nizoder,Ketoconazole (Cream),train
data/metadata/Doctor’s Handwritten Prescription BD dataset/Training/training_words/2399.png,Nizoder,Ketoconazole (Cream),train
data/metadata/Doctor’s Handwritten Prescription BD dataset/Training/training_words/2400.png,Odmon,Montelukast Sodium,train
data/metadata/Doctor’s Handwritten Prescription BD dataset/Training/training_words/2401.png,Odmon,Montelukast Sodium,train
data/metadata/Doctor’s Handwritten Prescription BD dataset/Training/training_words/2402.png,Odmon,Montelukast Sodium,train
data/metadata/Doctor’s Handwritten Prescription BD dataset/Training/training_words/2403.png,Odmon,Montelukast Sodium,train
data/metadata/Doctor’s Handwritten Prescription BD dataset/Training/training_words/2404.png,Odmon,Montelukast Sodium,train
data/metadata/Doctor’s Handwritten Prescription BD dataset/Training/training_words/2405.png,Odmon,Montelukast Sodium,train
data/metadata/Doctor’s Handwritten Prescription BD dataset/Training/training_words/2406.png,Odmon,Montelukast Sodium,train
data/metadata/Doctor’s Handwritten Prescription BD dataset/Training/training_words/2407.png,Odmon,Montelukast Sodium,train
data/metadata/Doctor’s Handwritten Prescription BD dataset/Training/training_words/2408.png,Odmon,Montelukast Sodium,train
data/metadata/Doctor’s Handwritten Prescription BD dataset/Training/training_words/2409.png,Odmon,Montelukast Sodium,train
data/metadata/Doctor’s Handwritten Prescription BD dataset/Training/training_words/2410.png,Odmon,Montelukast Sodium,train
data/metadata/Doctor’s Handwritten Prescription BD dataset/Training/training_words/2411.png,Odmon,Montelukast Sodium,train
data/metadata/Doctor’s Handwritten Prescription BD dataset/Training/training_words/2412.png,Odmon,Montelukast Sodium,train
data/metadata/Doctor’s Handwritten Prescription BD dataset/Training/training_words/2413.png,Odmon,Montelukast Sodium,train
data/metadata/Doctor’s Handwritten Prescription BD dataset/Training/training_words/2414.png,Odmon,Montelukast Sodium,train
data/metadata/Doctor’s Handwritten Prescription BD dataset/Training/training_words/2415.png,Odmon,Montelukast Sodium,train
data/metadata/Doctor’s Handwritten Prescription BD dataset/Training/training_words/2416.png,Odmon,Montelukast Sodium,train
data/metadata/Doctor’s Handwritten Prescription BD dataset/Training/training_words/2417.png,Odmon,Montelukast Sodium,train
data/metadata/Doctor’s Handwritten Prescription BD dataset/Training/training_words/2418.png,Odmon,Montelukast Sodium,train
data/metadata/Doctor’s Handwritten Prescription BD dataset/Training/training_words/2419.png,Odmon,Montelukast Sodium,train
data/metadata/Doctor’s Handwritten Prescription BD dataset/Training/training_words/2420.png,Odmon,Montelukast Sodium,train
data/metadata/Doctor’s Handwritten Prescription BD dataset/Training/training_words/2421.png,Odmon,Montelukast Sodium,train
data/metadata/Doctor’s Handwritten Prescription BD dataset/Training/training_words/2422.png,Odmon,Montelukast Sodium,train
data/metadata/Doctor’s Handwritten Prescription BD dataset/Training/training_words/2423.png,Odmon,Montelukast Sodium,train
data/metadata/Doctor’s Handwritten Prescription BD dataset/Training/training_words/2424.png,Odmon,Montelukast Sodium,train
data/metadata/Doctor’s Handwritten Prescription BD dataset/Training/training_words/2425.png,Odmon,Montelukast Sodium,train
data/metadata/Doctor’s Handwritten Prescription BD dataset/Training/training_words/2426.png,Odmon,Montelukast Sodium,train
data/metadata/Doctor’s Handwritten Prescription BD dataset/Training/training_words/2427.png,Odmon,Montelukast Sodium,train
data/metadata/Doctor’s Handwritten Prescription BD dataset/Training/training_words/2428.png,Odmon,Montelukast Sodium,train
data/metadata/Doctor’s Handwritten Prescription BD dataset/Training/training_words/2429.png,Odmon,Montelukast Sodium,train
data/metadata/Doctor’s Handwritten Prescription BD dataset/Training/training_words/2430.png,Odmon,Montelukast Sodium,train
data/metadata/Doctor’s Handwritten Prescription BD dataset/Training/training_words/2431.png,Odmon,Montelukast Sodium,train
data/metadata/Doctor’s Handwritten Prescription BD dataset/Training/training_words/2432.png,Odmon,Montelukast Sodium,train
data/metadata/Doctor’s Handwritten Prescription BD dataset/Training/training_words/2433.png,Odmon,Montelukast Sodium,train
data/metadata/Doctor’s Handwritten Prescription BD dataset/Training/training_words/2434.png,Odmon,Montelukast Sodium,train
data/metadata/Doctor’s Handwritten Prescription BD dataset/Training/training_words/2435.png,Odmon,Montelukast Sodium,train
data/metadata/Doctor’s Handwritten Prescription BD dataset/Training/training_words/2436.png,Odmon,Montelukast Sodium,train
data/metadata/Doctor’s Handwritten Prescription BD dataset/Training/training_words/2437.png,Odmon,Montelukast Sodium,train
data/metadata/Doctor’s Handwritten Prescription BD dataset/Training/training_words/2438.png,Odmon,Montelukast Sodium,train
data/metadata/Doctor’s Handwritten Prescription BD dataset/Training/training_words/2439.png,Odmon,Montelukast Sodium,train
data/metadata/Doctor’s Handwritten Prescription BD dataset/Training/training_words/2440.png,Omastin,Fluconazole,train
data/metadata/Doctor’s Handwritten Prescription BD dataset/Training/training_words/2441.png,Omastin,Fluconazole,train
data/metadata/Doctor’s Handwritten Prescription BD dataset/Training/training_words/2442.png,Omastin,Fluconazole,train
data/metadata/Doctor’s Handwritten Prescription BD dataset/Training/training_words/2443.png,Omastin,Fluconazole,train
data/metadata/Doctor’s Handwritten Prescription BD dataset/Training/training_words/2444.png,Omastin,Fluconazole,train
data/metadata/Doctor’s Handwritten Prescription BD dataset/Training/training_words/2445.png,Omastin,Fluconazole,train
data/metadata/Doctor’s Handwritten Prescription BD dataset/Training/training_words/2446.png,Omastin,Fluconazole,train
data/metadata/Doctor’s Handwritten Prescription BD dataset/Training/training_words/2447.png,Omastin,Fluconazole,train
data/metadata/Doctor’s Handwritten Prescription BD dataset/Training/training_words/2448.png,Omastin,Fluconazole,train
data/metadata/Doctor’s Handwritten Prescription BD dataset/Training/training_words/2449.png,Omastin,Fluconazole,train
data/metadata/Doctor’s Handwritten Prescription BD dataset/Training/training_words/2450.png,Omastin,Fluconazole,train
data/metadata/Doctor’s Handwritten Prescription BD dataset/Training/training_words/2451.png,Omastin,Fluconazole,train
data/metadata/Doctor’s Handwritten Prescription BD dataset/Training/training_words/2452.png,Omastin,Fluconazole,train
data/metadata/Doctor’s Handwritten Prescription BD dataset/Training/training_words/2453.png,Omastin,Fluconazole,train
data/metadata/Doctor’s Handwritten Prescription BD dataset/Training/training_words/2454.png,Omastin,Fluconazole,train
data/metadata/Doctor’s Handwritten Prescription BD dataset/Training/training_words/2455.png,Omastin,Fluconazole,train
data/metadata/Doctor’s Handwritten Prescription BD dataset/Training/training_words/2456.png,Omastin,Fluconazole,train
data/metadata/Doctor’s Handwritten Prescription BD dataset/Training/training_words/2457.png,Omastin,Fluconazole,train
data/metadata/Doctor’s Handwritten Prescription BD dataset/Training/training_words/2458.png,Omastin,Fluconazole,train
data/metadata/Doctor’s Handwritten Prescription BD dataset/Training/training_words/2459.png,Omastin,Fluconazole,train
data/metadata/Doctor’s Handwritten Prescription BD dataset/Training/training_words/2460.png,Omastin,Fluconazole,train
data/metadata/Doctor’s Handwritten Prescription BD dataset/Training/training_words/2461.png,Omastin,Fluconazole,train
data/metadata/Doctor’s Handwritten Prescription BD dataset/Training/training_words/2462.png,Omastin,Fluconazole,train
data/metadata/Doctor’s Handwritten Prescription BD dataset/Training/training_words/2463.png,Omastin,Fluconazole,train
data/metadata/Doctor’s Handwritten Prescription BD dataset/Training/training_words/2464.png,Omastin,Fluconazole,train
data/metadata/Doctor’s Handwritten Prescription BD dataset/Training/training_words/2465.png,Omastin,Fluconazole,train
data/metadata/Doctor’s Handwritten Prescription BD dataset/Training/training_words/2466.png,Omastin,Fluconazole,train
data/metadata/Doctor’s Handwritten Prescription BD dataset/Training/training_words/2467.png,Omastin,Fluconazole,train
data/metadata/Doctor’s Handwritten Prescription BD dataset/Training/training_words/2468.png,Omastin,Fluconazole,train
data/metadata/Doctor’s Handwritten Prescription BD dataset/Training/training_words/2469.png,Omastin,Fluconazole,train
data/metadata/Doctor’s Handwritten Prescription BD dataset/Training/training_words/2470.png,Omastin,Fluconazole,train
data/metadata/Doctor’s Handwritten Prescription BD dataset/Training/training_words/2471.png,Omastin,Fluconazole,train
data/metadata/Doctor’s Handwritten Prescription BD dataset/Training/training_words/2472.png,Omastin,Fluconazole,train
data/metadata/Doctor’s Handwritten Prescription BD dataset/Training/training_words/2473.png,Omastin,Fluconazole,train
data/metadata/Doctor’s Handwritten Prescription BD dataset/Training/training_words/2474.png,Omastin,Fluconazole,train
data/metadata/Doctor’s Handwritten Prescription BD dataset/Training/training_words/2475.png,Omastin,Fluconazole,train
data/metadata/Doctor’s Handwritten Prescription BD dataset/Training/training_words/2476.png,Omastin,Fluconazole,train
data/metadata/Doctor’s Handwritten Prescription BD dataset/Training/training_words/2477.png,Omastin,Fluconazole,train
data/metadata/Doctor’s Handwritten Prescription BD dataset/Training/training_words/2478.png,Omastin,Fluconazole,train
data/metadata/Doctor’s Handwritten Prescription BD dataset/Training/training_words/2479.png,Omastin,Fluconazole,train
data/metadata/Doctor’s Handwritten Prescription BD dataset/Training/training_words/2480.png,Opton,Esomeprazole,train
data/metadata/Doctor’s Handwritten Prescription BD dataset/Training/training_words/2481.png,Opton,Esomeprazole,train
data/metadata/Doctor’s Handwritten Prescription BD dataset/Training/training_words/2482.png,Opton,Esomeprazole,train
data/metadata/Doctor’s Handwritten Prescription BD dataset/Training/training_words/2483.png,Opton,Esomeprazole,train
data/metadata/Doctor’s Handwritten Prescription BD dataset/Training/training_words/2484.png,Opton,Esomeprazole,train
data/metadata/Doctor’s Handwritten Prescription BD dataset/Training/training_words/2485.png,Opton,Esomeprazole,train
data/metadata/Doctor’s Handwritten Prescription BD dataset/Training/training_words/2486.png,Opton,Esomeprazole,train
data/metadata/Doctor’s Handwritten Prescription BD dataset/Training/training_words/2487.png,Opton,Esomeprazole,train
data/metadata/Doctor’s Handwritten Prescription BD dataset/Training/training_words/2488.png,Opton,Esomeprazole,train
data/metadata/Doctor’s Handwritten Prescription BD dataset/Training/training_words/2489.png,Opton,Esomeprazole,train
data/metadata/Doctor’s Handwritten Prescription BD dataset/Training/training_words/2490.png,Opton,Esomeprazole,train
data/metadata/Doctor’s Handwritten Prescription BD dataset/Training/training_words/2491.png,Opton,Esomeprazole,train
data/metadata/Doctor’s Handwritten Prescription BD dataset/Training/training_words/2492.png,Opton,Esomeprazole,train
data/metadata/Doctor’s Handwritten Prescription BD dataset/Training/training_words/2493.png,Opton,Esomeprazole,train
data/metadata/Doctor’s Handwritten Prescription BD dataset/Training/training_words/2494.png,Opton,Esomeprazole,train
data/metadata/Doctor’s Handwritten Prescription BD dataset/Training/training_words/2495.png,Opton,Esomeprazole,train
data/metadata/Doctor’s Handwritten Prescription BD dataset/Training/training_words/2496.png,Opton,Esomeprazole,train
data/metadata/Doctor’s Handwritten Prescription BD dataset/Training/training_words/2497.png,Opton,Esomeprazole,train
data/metadata/Doctor’s Handwritten Prescription BD dataset/Training/training_words/2498.png,Opton,Esomeprazole,train
data/metadata/Doctor’s Handwritten Prescription BD dataset/Training/training_words/2499.png,Opton,Esomeprazole,train
data/metadata/Doctor’s Handwritten Prescription BD dataset/Training/training_words/2500.png,Opton,Esomeprazole,train
data/metadata/Doctor’s Handwritten Prescription BD dataset/Training/training_words/2501.png,Opton,Esomeprazole,train
data/metadata/Doctor’s Handwritten Prescription BD dataset/Training/training_words/2502.png,Opton,Esomeprazole,train
data/metadata/Doctor’s Handwritten Prescription BD dataset/Training/training_words/2503.png,Opton,Esomeprazole,train
data/metadata/Doctor’s Handwritten Prescription BD dataset/Training/training_words/2504.png,Opton,Esomeprazole,train
data/metadata/Doctor’s Handwritten Prescription BD dataset/Training/training_words/2505.png,Opton,Esomeprazole,train
data/metadata/Doctor’s Handwritten Prescription BD dataset/Training/training_words/2506.png,Opton,Esomeprazole,train
data/metadata/Doctor’s Handwritten Prescription BD dataset/Training/training_words/2507.png,Opton,Esomeprazole,train
data/metadata/Doctor’s Handwritten Prescription BD dataset/Training/training_words/2508.png,Opton,Esomeprazole,train
data/metadata/Doctor’s Handwritten Prescription BD dataset/Training/training_words/2509.png,Opton,Esomeprazole,train
data/metadata/Doctor’s Handwritten Prescription BD dataset/Training/training_words/2510.png,Opton,Esomeprazole,train
data/metadata/Doctor’s Handwritten Prescription BD dataset/Training/training_words/2511.png,Opton,Esomeprazole,train
data/metadata/Doctor’s Handwritten Prescription BD dataset/Training/training_words/2512.png,Opton,Esomeprazole,train
data/metadata/Doctor’s Handwritten Prescription BD dataset/Training/training_words/2513.png,Opton,Esomeprazole,train
data/metadata/Doctor’s Handwritten Prescription BD dataset/Training/training_words/2514.png,Opton,Esomeprazole,train
data/metadata/Doctor’s Handwritten Prescription BD dataset/Training/training_words/2515.png,Opton,Esomeprazole,train
data/metadata/Doctor’s Handwritten Prescription BD dataset/Training/training_words/2516.png,Opton,Esomeprazole,train
data/metadata/Doctor’s Handwritten Prescription BD dataset/Training/training_words/2517.png,Opton,Esomeprazole,train
data/metadata/Doctor’s Handwritten Prescription BD dataset/Training/training_words/2518.png,Opton,Esomeprazole,train
data/metadata/Doctor’s Handwritten Prescription BD dataset/Training/training_words/2519.png,Opton,Esomeprazole,train
data/metadata/Doctor’s Handwritten Prescription BD dataset/Training/training_words/2520.png,Progut,Esomeprazole,train
data/metadata/Doctor’s Handwritten Prescription BD dataset/Training/training_words/2521.png,Progut,Esomeprazole,train
data/metadata/Doctor’s Handwritten Prescription BD dataset/Training/training_words/2522.png,Progut,Esomeprazole,train
data/metadata/Doctor’s Handwritten Prescription BD dataset/Training/training_words/2523.png,Progut,Esomeprazole,train
data/metadata/Doctor’s Handwritten Prescription BD dataset/Training/training_words/2524.png,Progut,Esomeprazole,train
data/metadata/Doctor’s Handwritten Prescription BD dataset/Training/training_words/2525.png,Progut,Esomeprazole,train
data/metadata/Doctor’s Handwritten Prescription BD dataset/Training/training_words/2526.png,Progut,Esomeprazole,train
data/metadata/Doctor’s Handwritten Prescription BD dataset/Training/training_words/2527.png,Progut,Esomeprazole,train
data/metadata/Doctor’s Handwritten Prescription BD dataset/Training/training_words/2528.png,Progut,Esomeprazole,train
data/metadata/Doctor’s Handwritten Prescription BD dataset/Training/training_words/2529.png,Progut,Esomeprazole,train
data/metadata/Doctor’s Handwritten Prescription BD dataset/Training/training_words/2530.png,Progut,Esomeprazole,train
data/metadata/Doctor’s Handwritten Prescription BD dataset/Training/training_words/2531.png,Progut,Esomeprazole,train
data/metadata/Doctor’s Handwritten Prescription BD dataset/Training/training_words/2532.png,Progut,Esomeprazole,train
data/metadata/Doctor’s Handwritten Prescription BD dataset/Training/training_words/2533.png,Progut,Esomeprazole,train
data/metadata/Doctor’s Handwritten Prescription BD dataset/Training/training_words/2534.png,Progut,Esomeprazole,train
data/metadata/Doctor’s Handwritten Prescription BD dataset/Training/training_words/2535.png,Progut,Esomeprazole,train
data/metadata/Doctor’s Handwritten Prescription BD dataset/Training/training_words/2536.png,Progut,Esomeprazole,train
data/metadata/Doctor’s Handwritten Prescription BD dataset/Training/training_words/2537.png,Progut,Esomeprazole,train
data/metadata/Doctor’s Handwritten Prescription BD dataset/Training/training_words/2538.png,Progut,Esomeprazole,train
data/metadata/Doctor’s Handwritten Prescription BD dataset/Training/training_words/2539.png,Progut,Esomeprazole,train
data/metadata/Doctor’s Handwritten Prescription BD dataset/Training/training_words/2540.png,Progut,Esomeprazole,train
data/metadata/Doctor’s Handwritten Prescription BD dataset/Training/training_words/2541.png,Progut,Esomeprazole,train
data/metadata/Doctor’s Handwritten Prescription BD dataset/Training/training_words/2542.png,Progut,Esomeprazole,train
data/metadata/Doctor’s Handwritten Prescription BD dataset/Training/training_words/2543.png,Progut,Esomeprazole,train
data/metadata/Doctor’s Handwritten Prescription BD dataset/Training/training_words/2544.png,Progut,Esomeprazole,train
data/metadata/Doctor’s Handwritten Prescription BD dataset/Training/training_words/2545.png,Progut,Esomeprazole,train
data/metadata/Doctor’s Handwritten Prescription BD dataset/Training/training_words/2546.png,Progut,Esomeprazole,train
data/metadata/Doctor’s Handwritten Prescription BD dataset/Training/training_words/2547.png,Progut,Esomeprazole,train
data/metadata/Doctor’s Handwritten Prescription BD dataset/Training/training_words/2548.png,Progut,Esomeprazole,train
data/metadata/Doctor’s Handwritten Prescription BD dataset/Training/training_words/2549.png,Progut,Esomeprazole,train
data/metadata/Doctor’s Handwritten Prescription BD dataset/Training/training_words/2550.png,Progut,Esomeprazole,train
data/metadata/Doctor’s Handwritten Prescription BD dataset/Training/training_words/2551.png,Progut,Esomeprazole,train
data/metadata/Doctor’s Handwritten Prescription BD dataset/Training/training_words/2552.png,Progut,Esomeprazole,train
data/metadata/Doctor’s Handwritten Prescription BD dataset/Training/training_words/2553.png,Progut,Esomeprazole,train
data/metadata/Doctor’s Handwritten Prescription BD dataset/Training/training_words/2554.png,Progut,Esomeprazole,train
data/metadata/Doctor’s Handwritten Prescription BD dataset/Training/training_words/2555.png,Progut,Esomeprazole,train
data/metadata/Doctor’s Handwritten Prescription BD dataset/Training/training_words/2556.png,Progut,Esomeprazole,train
data/metadata/Doctor’s Handwritten Prescription BD dataset/Training/training_words/2557.png,Progut,Esomeprazole,train
data/metadata/Doctor’s Handwritten Prescription BD dataset/Training/training_words/2558.png,Progut,Esomeprazole,train
data/metadata/Doctor’s Handwritten Prescription BD dataset/Training/training_words/2559.png,Progut,Esomeprazole,train
data/metadata/Doctor’s Handwritten Prescription BD dataset/Training/training_words/2560.png,Provair,Montelukast Sodium,train
data/metadata/Doctor’s Handwritten Prescription BD dataset/Training/training_words/2561.png,Provair,Montelukast Sodium,train
data/metadata/Doctor’s Handwritten Prescription BD dataset/Training/training_words/2562.png,Provair,Montelukast Sodium,train
data/metadata/Doctor’s Handwritten Prescription BD dataset/Training/training_words/2563.png,Provair,Montelukast Sodium,train
data/metadata/Doctor’s Handwritten Prescription BD dataset/Training/training_words/2564.png,Provair,Montelukast Sodium,train
data/metadata/Doctor’s Handwritten Prescription BD dataset/Training/training_words/2565.png,Provair,Montelukast Sodium,train
data/metadata/Doctor’s Handwritten Prescription BD dataset/Training/training_words/2566.png,Provair,Montelukast Sodium,train
data/metadata/Doctor’s Handwritten Prescription BD dataset/Training/training_words/2567.png,Provair,Montelukast Sodium,train
data/metadata/Doctor’s Handwritten Prescription BD dataset/Training/training_words/2568.png,Provair,Montelukast Sodium,train
data/metadata/Doctor’s Handwritten Prescription BD dataset/Training/training_words/2569.png,Provair,Montelukast Sodium,train
data/metadata/Doctor’s Handwritten Prescription BD dataset/Training/training_words/2570.png,Provair,Montelukast Sodium,train
data/metadata/Doctor’s Handwritten Prescription BD dataset/Training/training_words/2571.png,Provair,Montelukast Sodium,train
data/metadata/Doctor’s Handwritten Prescription BD dataset/Training/training_words/2572.png,Provair,Montelukast Sodium,train
data/metadata/Doctor’s Handwritten Prescription BD dataset/Training/training_words/2573.png,Provair,Montelukast Sodium,train
data/metadata/Doctor’s Handwritten Prescription BD dataset/Training/training_words/2574.png,Provair,Montelukast Sodium,train
data/metadata/Doctor’s Handwritten Prescription BD dataset/Training/training_words/2575.png,Provair,Montelukast Sodium,train
data/metadata/Doctor’s Handwritten Prescription BD dataset/Training/training_words/2576.png,Provair,Montelukast Sodium,train
data/metadata/Doctor’s Handwritten Prescription BD dataset/Training/training_words/2577.png,Provair,Montelukast Sodium,train
data/metadata/Doctor’s Handwritten Prescription BD dataset/Training/training_words/2578.png,Provair,Montelukast Sodium,train
data/metadata/Doctor’s Handwritten Prescription BD dataset/Training/training_words/2579.png,Provair,Montelukast Sodium,train
data/metadata/Doctor’s Handwritten Prescription BD dataset/Training/training_words/2580.png,Provair,Montelukast Sodium,train
data/metadata/Doctor’s Handwritten Prescription BD dataset/Training/training_words/2581.png,Provair,Montelukast Sodium,train
data/metadata/Doctor’s Handwritten Prescription BD dataset/Training/training_words/2582.png,Provair,Montelukast Sodium,train
data/metadata/Doctor’s Handwritten Prescription BD dataset/Training/training_words/2583.png,Provair,Montelukast Sodium,train
data/metadata/Doctor’s Handwritten Prescription BD dataset/Training/training_words/2584.png,Provair,Montelukast Sodium,train
data/metadata/Doctor’s Handwritten Prescription BD dataset/Training/training_words/2585.png,Provair,Montelukast Sodium,train
data/metadata/Doctor’s Handwritten Prescription BD dataset/Training/training_words/2586.png,Provair,Montelukast Sodium,train
data/metadata/Doctor’s Handwritten Prescription BD dataset/Training/training_words/2587.png,Provair,Montelukast Sodium,train
data/metadata/Doctor’s Handwritten Prescription BD dataset/Training/training_words/2588.png,Provair,Montelukast Sodium,train
data/metadata/Doctor’s Handwritten Prescription BD dataset/Training/training_words/2589.png,Provair,Montelukast Sodium,train
data/metadata/Doctor’s Handwritten Prescription BD dataset/Training/training_words/2590.png,Provair,Montelukast Sodium,train
data/metadata/Doctor’s Handwritten Prescription BD dataset/Training/training_words/2591.png,Provair,Montelukast Sodium,train
data/metadata/Doctor’s Handwritten Prescription BD dataset/Training/training_words/2592.png,Provair,Montelukast Sodium,train
data/metadata/Doctor’s Handwritten Prescription BD dataset/Training/training_words/2593.png,Provair,Montelukast Sodium,train
data/metadata/Doctor’s Handwritten Prescription BD dataset/Training/training_words/2594.png,Provair,Montelukast Sodium,train
data/metadata/Doctor’s Handwritten Prescription BD dataset/Training/training_words/2595.png,Provair,Montelukast Sodium,train
data/metadata/Doctor’s Handwritten Prescription BD dataset/Training/training_words/2596.png,Provair,Montelukast Sodium,train
data/metadata/Doctor’s Handwritten Prescription BD dataset/Training/training_words/2597.png,Provair,Montelukast Sodium,train
data/metadata/Doctor’s Handwritten Prescription BD dataset/Training/training_words/2598.png,Provair,Montelukast Sodium,train
data/metadata/Doctor’s Handwritten Prescription BD dataset/Training/training_words/2599.png,Provair,Montelukast Sodium,train
data/metadata/Doctor’s Handwritten Prescription BD dataset/Training/training_words/2600.png,Renova,Paracetamol,train
data/metadata/Doctor’s Handwritten Prescription BD dataset/Training/training_words/2601.png,Renova,Paracetamol,train
data/metadata/Doctor’s Handwritten Prescription BD dataset/Training/training_words/2602.png,Renova,Paracetamol,train
data/metadata/Doctor’s Handwritten Prescription BD dataset/Training/training_words/2603.png,Renova,Paracetamol,train
data/metadata/Doctor’s Handwritten Prescription BD dataset/Training/training_words/2604.png,Renova,Paracetamol,train
data/metadata/Doctor’s Handwritten Prescription BD dataset/Training/training_words/2605.png,Renova,Paracetamol,train
data/metadata/Doctor’s Handwritten Prescription BD dataset/Training/training_words/2606.png,Renova,Paracetamol,train
data/metadata/Doctor’s Handwritten Prescription BD dataset/Training/training_words/2607.png,Renova,Paracetamol,train
data/metadata/Doctor’s Handwritten Prescription BD dataset/Training/training_words/2608.png,Renova,Paracetamol,train
data/metadata/Doctor’s Handwritten Prescription BD dataset/Training/training_words/2609.png,Renova,Paracetamol,train
data/metadata/Doctor’s Handwritten Prescription BD dataset/Training/training_words/2610.png,Renova,Paracetamol,train
data/metadata/Doctor’s Handwritten Prescription BD dataset/Training/training_words/2611.png,Renova,Paracetamol,train
data/metadata/Doctor’s Handwritten Prescription BD dataset/Training/training_words/2612.png,Renova,Paracetamol,train
data/metadata/Doctor’s Handwritten Prescription BD dataset/Training/training_words/2613.png,Renova,Paracetamol,train
data/metadata/Doctor’s Handwritten Prescription BD dataset/Training/training_words/2614.png,Renova,Paracetamol,train
data/metadata/Doctor’s Handwritten Prescription BD dataset/Training/training_words/2615.png,Renova,Paracetamol,train
data/metadata/Doctor’s Handwritten Prescription BD dataset/Training/training_words/2616.png,Renova,Paracetamol,train
data/metadata/Doctor’s Handwritten Prescription BD dataset/Training/training_words/2617.png,Renova,Paracetamol,train
data/metadata/Doctor’s Handwritten Prescription BD dataset/Training/training_words/2618.png,Renova,Paracetamol,train
data/metadata/Doctor’s Handwritten Prescription BD dataset/Training/training_words/2619.png,Renova,Paracetamol,train
data/metadata/Doctor’s Handwritten Prescription BD dataset/Training/training_words/2620.png,Renova,Paracetamol,train
data/metadata/Doctor’s Handwritten Prescription BD dataset/Training/training_words/2621.png,Renova,Paracetamol,train
data/metadata/Doctor’s Handwritten Prescription BD dataset/Training/training_words/2622.png,Renova,Paracetamol,train
data/metadata/Doctor’s Handwritten Prescription BD dataset/Training/training_words/2623.png,Renova,Paracetamol,train
data/metadata/Doctor’s Handwritten Prescription BD dataset/Training/training_words/2624.png,Renova,Paracetamol,train
data/metadata/Doctor’s Handwritten Prescription BD dataset/Training/training_words/2625.png,Renova,Paracetamol,train
data/metadata/Doctor’s Handwritten Prescription BD dataset/Training/training_words/2626.png,Renova,Paracetamol,train
data/metadata/Doctor’s Handwritten Prescription BD dataset/Training/training_words/2627.png,Renova,Paracetamol,train
data/metadata/Doctor’s Handwritten Prescription BD dataset/Training/training_words/2628.png,Renova,Paracetamol,train
data/metadata/Doctor’s Handwritten Prescription BD dataset/Training/training_words/2629.png,Renova,Paracetamol,train
data/metadata/Doctor’s Handwritten Prescription BD dataset/Training/training_words/2630.png,Renova,Paracetamol,train
data/metadata/Doctor’s Handwritten Prescription BD dataset/Training/training_words/2631.png,Renova,Paracetamol,train
data/metadata/Doctor’s Handwritten Prescription BD dataset/Training/training_words/2632.png,Renova,Paracetamol,train
data/metadata/Doctor’s Handwritten Prescription BD dataset/Training/training_words/2633.png,Renova,Paracetamol,train
data/metadata/Doctor’s Handwritten Prescription BD dataset/Training/training_words/2634.png,Renova,Paracetamol,train
data/metadata/Doctor’s Handwritten Prescription BD dataset/Training/training_words/2635.png,Renova,Paracetamol,train
data/metadata/Doctor’s Handwritten Prescription BD dataset/Training/training_words/2636.png,Renova,Paracetamol,train
data/metadata/Doctor’s Handwritten Prescription BD dataset/Training/training_words/2637.png,Renova,Paracetamol,train
data/metadata/Doctor’s Handwritten Prescription BD dataset/Training/training_words/2638.png,Renova,Paracetamol,train
data/metadata/Doctor’s Handwritten Prescription BD dataset/Training/training_words/2639.png,Renova,Paracetamol,train
data/metadata/Doctor’s Handwritten Prescription BD dataset/Training/training_words/2640.png,Rhinil,Cetirizine Hydrochloride,train
data/metadata/Doctor’s Handwritten Prescription BD dataset/Training/training_words/2641.png,Rhinil,Cetirizine Hydrochloride,train
data/metadata/Doctor’s Handwritten Prescription BD dataset/Training/training_words/2642.png,Rhinil,Cetirizine Hydrochloride,train
data/metadata/Doctor’s Handwritten Prescription BD dataset/Training/training_words/2643.png,Rhinil,Cetirizine Hydrochloride,train
data/metadata/Doctor’s Handwritten Prescription BD dataset/Training/training_words/2644.png,Rhinil,Cetirizine Hydrochloride,train
data/metadata/Doctor’s Handwritten Prescription BD dataset/Training/training_words/2645.png,Rhinil,Cetirizine Hydrochloride,train
data/metadata/Doctor’s Handwritten Prescription BD dataset/Training/training_words/2646.png,Rhinil,Cetirizine Hydrochloride,train
data/metadata/Doctor’s Handwritten Prescription BD dataset/Training/training_words/2647.png,Rhinil,Cetirizine Hydrochloride,train
data/metadata/Doctor’s Handwritten Prescription BD dataset/Training/training_words/2648.png,Rhinil,Cetirizine Hydrochloride,train
data/metadata/Doctor’s Handwritten Prescription BD dataset/Training/training_words/2649.png,Rhinil,Cetirizine Hydrochloride,train
data/metadata/Doctor’s Handwritten Prescription BD dataset/Training/training_words/2650.png,Rhinil,Cetirizine Hydrochloride,train
data/metadata/Doctor’s Handwritten Prescription BD dataset/Training/training_words/2651.png,Rhinil,Cetirizine Hydrochloride,train
data/metadata/Doctor’s Handwritten Prescription BD dataset/Training/training_words/2652.png,Rhinil,Cetirizine Hydrochloride,train
data/metadata/Doctor’s Handwritten Prescription BD dataset/Training/training_words/2653.png,Rhinil,Cetirizine Hydrochloride,train
data/metadata/Doctor’s Handwritten Prescription BD dataset/Training/training_words/2654.png,Rhinil,Cetirizine Hydrochloride,train
data/metadata/Doctor’s Handwritten Prescription BD dataset/Training/training_words/2655.png,Rhinil,Cetirizine Hydrochloride,train
data/metadata/Doctor’s Handwritten Prescription BD dataset/Training/training_words/2656.png,Rhinil,Cetirizine Hydrochloride,train
data/metadata/Doctor’s Handwritten Prescription BD dataset/Training/training_words/2657.png,Rhinil,Cetirizine Hydrochloride,train
data/metadata/Doctor’s Handwritten Prescription BD dataset/Training/training_words/2658.png,Rhinil,Cetirizine Hydrochloride,train
data/metadata/Doctor’s Handwritten Prescription BD dataset/Training/training_words/2659.png,Rhinil,Cetirizine Hydrochloride,train
data/metadata/Doctor’s Handwritten Prescription BD dataset/Training/training_words/2660.png,Rhinil,Cetirizine Hydrochloride,train
data/metadata/Doctor’s Handwritten Prescription BD dataset/Training/training_words/2661.png,Rhinil,Cetirizine Hydrochloride,train
data/metadata/Doctor’s Handwritten Prescription BD dataset/Training/training_words/2662.png,Rhinil,Cetirizine Hydrochloride,train
data/metadata/Doctor’s Handwritten Prescription BD dataset/Training/training_words/2663.png,Rhinil,Cetirizine Hydrochloride,train
data/metadata/Doctor’s Handwritten Prescription BD dataset/Training/training_words/2664.png,Rhinil,Cetirizine Hydrochloride,train
data/metadata/Doctor’s Handwritten Prescription BD dataset/Training/training_words/2665.png,Rhinil,Cetirizine Hydrochloride,train
data/metadata/Doctor’s Handwritten Prescription BD dataset/Training/training_words/2666.png,Rhinil,Cetirizine Hydrochloride,train
data/metadata/Doctor’s Handwritten Prescription BD dataset/Training/training_words/2667.png,Rhinil,Cetirizine Hydrochloride,train
data/metadata/Doctor’s Handwritten Prescription BD dataset/Training/training_words/2668.png,Rhinil,Cetirizine Hydrochloride,train
data/metadata/Doctor’s Handwritten Prescription BD dataset/Training/training_words/2669.png,Rhinil,Cetirizine Hydrochloride,train
data/metadata/Doctor’s Handwritten Prescription BD dataset/Training/training_words/2670.png,Rhinil,Cetirizine Hydrochloride,train
data/metadata/Doctor’s Handwritten Prescription BD dataset/Training/training_words/2671.png,Rhinil,Cetirizine Hydrochloride,train
data/metadata/Doctor’s Handwritten Prescription BD dataset/Training/training_words/2672.png,Rhinil,Cetirizine Hydrochloride,train
data/metadata/Doctor’s Handwritten Prescription BD dataset/Training/training_words/2673.png,Rhinil,Cetirizine Hydrochloride,train
data/metadata/Doctor’s Handwritten Prescription BD dataset/Training/training_words/2674.png,Rhinil,Cetirizine Hydrochloride,train
data/metadata/Doctor’s Handwritten Prescription BD dataset/Training/training_words/2675.png,Rhinil,Cetirizine Hydrochloride,train
data/metadata/Doctor’s Handwritten Prescription BD dataset/Training/training_words/2676.png,Rhinil,Cetirizine Hydrochloride,train
data/metadata/Doctor’s Handwritten Prescription BD dataset/Training/training_words/2677.png,Rhinil,Cetirizine Hydrochloride,train
data/metadata/Doctor’s Handwritten Prescription BD dataset/Training/training_words/2678.png,Rhinil,Cetirizine Hydrochloride,train
data/metadata/Doctor’s Handwritten Prescription BD dataset/Training/training_words/2679.png,Rhinil,Cetirizine Hydrochloride,train
data/metadata/Doctor’s Handwritten Prescription BD dataset/Training/training_words/2680.png,Ritch,Fexofenadine Hydrochloride,train
data/metadata/Doctor’s Handwritten Prescription BD dataset/Training/training_words/2681.png,Ritch,Fexofenadine Hydrochloride,train
data/metadata/Doctor’s Handwritten Prescription BD dataset/Training/training_words/2682.png,Ritch,Fexofenadine Hydrochloride,train
data/metadata/Doctor’s Handwritten Prescription BD dataset/Training/training_words/2683.png,Ritch,Fexofenadine Hydrochloride,train
data/metadata/Doctor’s Handwritten Prescription BD dataset/Training/training_words/2684.png,Ritch,Fexofenadine Hydrochloride,train
data/metadata/Doctor’s Handwritten Prescription BD dataset/Training/training_words/2685.png,Ritch,Fexofenadine Hydrochloride,train
data/metadata/Doctor’s Handwritten Prescription BD dataset/Training/training_words/2686.png,Ritch,Fexofenadine Hydrochloride,train
data/metadata/Doctor’s Handwritten Prescription BD dataset/Training/training_words/2687.png,Ritch,Fexofenadine Hydrochloride,train
data/metadata/Doctor’s Handwritten Prescription BD dataset/Training/training_words/2688.png,Ritch,Fexofenadine Hydrochloride,train
data/metadata/Doctor’s Handwritten Prescription BD dataset/Training/training_words/2689.png,Ritch,Fexofenadine Hydrochloride,train
data/metadata/Doctor’s Handwritten Prescription BD dataset/Training/training_words/2690.png,Ritch,Fexofenadine Hydrochloride,train
data/metadata/Doctor’s Handwritten Prescription BD dataset/Training/training_words/2691.png,Ritch,Fexofenadine Hydrochloride,train
data/metadata/Doctor’s Handwritten Prescription BD dataset/Training/training_words/2692.png,Ritch,Fexofenadine Hydrochloride,train
data/metadata/Doctor’s Handwritten Prescription BD dataset/Training/training_words/2693.png,Ritch,Fexofenadine Hydrochloride,train
data/metadata/Doctor’s Handwritten Prescription BD dataset/Training/training_words/2694.png,Ritch,Fexofenadine Hydrochloride,train
data/metadata/Doctor’s Handwritten Prescription BD dataset/Training/training_words/2695.png,Ritch,Fexofenadine Hydrochloride,train
data/metadata/Doctor’s Handwritten Prescription BD dataset/Training/training_words/2696.png,Ritch,Fexofenadine Hydrochloride,train
data/metadata/Doctor’s Handwritten Prescription BD dataset/Training/training_words/2697.png,Ritch,Fexofenadine Hydrochloride,train
data/metadata/Doctor’s Handwritten Prescription BD dataset/Training/training_words/2698.png,Ritch,Fexofenadine Hydrochloride,train
data/metadata/Doctor’s Handwritten Prescription BD dataset/Training/training_words/2699.png,Ritch,Fexofenadine Hydrochloride,train
data/metadata/Doctor’s Handwritten Prescription BD dataset/Training/training_words/2700.png,Ritch,Fexofenadine Hydrochloride,train
data/metadata/Doctor’s Handwritten Prescription BD dataset/Training/training_words/2701.png,Ritch,Fexofenadine Hydrochloride,train
data/metadata/Doctor’s Handwritten Prescription BD dataset/Training/training_words/2702.png,Ritch,Fexofenadine Hydrochloride,train
data/metadata/Doctor’s Handwritten Prescription BD dataset/Training/training_words/2703.png,Ritch,Fexofenadine Hydrochloride,train
data/metadata/Doctor’s Handwritten Prescription BD dataset/Training/training_words/2704.png,Ritch,Fexofenadine Hydrochloride,train
data/metadata/Doctor’s Handwritten Prescription BD dataset/Training/training_words/2705.png,Ritch,Fexofenadine Hydrochloride,train
data/metadata/Doctor’s Handwritten Prescription BD dataset/Training/training_words/2706.png,Ritch,Fexofenadine Hydrochloride,train
data/metadata/Doctor’s Handwritten Prescription BD dataset/Training/training_words/2707.png,Ritch,Fexofenadine Hydrochloride,train
data/metadata/Doctor’s Handwritten Prescription BD dataset/Training/training_words/2708.png,Ritch,Fexofenadine Hydrochloride,train
data/metadata/Doctor’s Handwritten Prescription BD dataset/Training/training_words/2709.png,Ritch,Fexofenadine Hydrochloride,train
data/metadata/Doctor’s Handwritten Prescription BD dataset/Training/training_words/2710.png,Ritch,Fexofenadine Hydrochloride,train
data/metadata/Doctor’s Handwritten Prescription BD dataset/Training/training_words/2711.png,Ritch,Fexofenadine Hydrochloride,train
data/metadata/Doctor’s Handwritten Prescription BD dataset/Training/training_words/2712.png,Ritch,Fexofenadine Hydrochloride,train
data/metadata/Doctor’s Handwritten Prescription BD dataset/Training/training_words/2713.png,Ritch,Fexofenadine Hydrochloride,train
data/metadata/Doctor’s Handwritten Prescription BD dataset/Training/training_words/2714.png,Ritch,Fexofenadine Hydrochloride,train
data/metadata/Doctor’s Handwritten Prescription BD dataset/Training/training_words/2715.png,Ritch,Fexofenadine Hydrochloride,train
data/metadata/Doctor’s Handwritten Prescription BD dataset/Training/training_words/2716.png,Ritch,Fexofenadine Hydrochloride,train
data/metadata/Doctor’s Handwritten Prescription BD dataset/Training/training_words/2717.png,Ritch,Fexofenadine Hydrochloride,train
data/metadata/Doctor’s Handwritten Prescription BD dataset/Training/training_words/2718.png,Ritch,Fexofenadine Hydrochloride,train
data/metadata/Doctor’s Handwritten Prescription BD dataset/Training/training_words/2719.png,Ritch,Fexofenadine Hydrochloride,train
data/metadata/Doctor’s Handwritten Prescription BD dataset/Training/training_words/2720.png,Rivotril,Clonazepam,train
data/metadata/Doctor’s Handwritten Prescription BD dataset/Training/training_words/2721.png,Rivotril,Clonazepam,train
data/metadata/Doctor’s Handwritten Prescription BD dataset/Training/training_words/2722.png,Rivotril,Clonazepam,train
data/metadata/Doctor’s Handwritten Prescription BD dataset/Training/training_words/2723.png,Rivotril,Clonazepam,train
data/metadata/Doctor’s Handwritten Prescription BD dataset/Training/training_words/2724.png,Rivotril,Clonazepam,train
data/metadata/Doctor’s Handwritten Prescription BD dataset/Training/training_words/2725.png,Rivotril,Clonazepam,train
data/metadata/Doctor’s Handwritten Prescription BD dataset/Training/training_words/2726.png,Rivotril,Clonazepam,train
data/metadata/Doctor’s Handwritten Prescription BD dataset/Training/training_words/2727.png,Rivotril,Clonazepam,train
data/metadata/Doctor’s Handwritten Prescription BD dataset/Training/training_words/2728.png,Rivotril,Clonazepam,train
data/metadata/Doctor’s Handwritten Prescription BD dataset/Training/training_words/2729.png,Rivotril,Clonazepam,train
data/metadata/Doctor’s Handwritten Prescription BD dataset/Training/training_words/2730.png,Rivotril,Clonazepam,train
data/metadata/Doctor’s Handwritten Prescription BD dataset/Training/training_words/2731.png,Rivotril,Clonazepam,train
data/metadata/Doctor’s Handwritten Prescription BD dataset/Training/training_words/2732.png,Rivotril,Clonazepam,train
data/metadata/Doctor’s Handwritten Prescription BD dataset/Training/training_words/2733.png,Rivotril,Clonazepam,train
data/metadata/Doctor’s Handwritten Prescription BD dataset/Training/training_words/2734.png,Rivotril,Clonazepam,train
data/metadata/Doctor’s Handwritten Prescription BD dataset/Training/training_words/2735.png,Rivotril,Clonazepam,train
data/metadata/Doctor’s Handwritten Prescription BD dataset/Training/training_words/2736.png,Rivotril,Clonazepam,train
data/metadata/Doctor’s Handwritten Prescription BD dataset/Training/training_words/2737.png,Rivotril,Clonazepam,train
data/metadata/Doctor’s Handwritten Prescription BD dataset/Training/training_words/2738.png,Rivotril,Clonazepam,train
data/metadata/Doctor’s Handwritten Prescription BD dataset/Training/training_words/2739.png,Rivotril,Clonazepam,train
data/metadata/Doctor’s Handwritten Prescription BD dataset/Training/training_words/2740.png,Rivotril,Clonazepam,train
data/metadata/Doctor’s Handwritten Prescription BD dataset/Training/training_words/2741.png,Rivotril,Clonazepam,train
data/metadata/Doctor’s Handwritten Prescription BD dataset/Training/training_words/2742.png,Rivotril,Clonazepam,train
data/metadata/Doctor’s Handwritten Prescription BD dataset/Training/training_words/2743.png,Rivotril,Clonazepam,train
data/metadata/Doctor’s Handwritten Prescription BD dataset/Training/training_words/2744.png,Rivotril,Clonazepam,train
data/metadata/Doctor’s Handwritten Prescription BD dataset/Training/training_words/2745.png,Rivotril,Clonazepam,train
data/metadata/Doctor’s Handwritten Prescription BD dataset/Training/training_words/2746.png,Rivotril,Clonazepam,train
data/metadata/Doctor’s Handwritten Prescription BD dataset/Training/training_words/2747.png,Rivotril,Clonazepam,train
data/metadata/Doctor’s Handwritten Prescription BD dataset/Training/training_words/2748.png,Rivotril,Clonazepam,train
data/metadata/Doctor’s Handwritten Prescription BD dataset/Training/training_words/2749.png,Rivotril,Clonazepam,train
data/metadata/Doctor’s Handwritten Prescription BD dataset/Training/training_words/2750.png,Rivotril,Clonazepam,train
data/metadata/Doctor’s Handwritten Prescription BD dataset/Training/training_words/2751.png,Rivotril,Clonazepam,train
data/metadata/Doctor’s Handwritten Prescription BD dataset/Training/training_words/2752.png,Rivotril,Clonazepam,train
data/metadata/Doctor’s Handwritten Prescription BD dataset/Training/training_words/2753.png,Rivotril,Clonazepam,train
data/metadata/Doctor’s Handwritten Prescription BD dataset/Training/training_words/2754.png,Rivotril,Clonazepam,train
data/metadata/Doctor’s Handwritten Prescription BD dataset/Training/training_words/2755.png,Rivotril,Clonazepam,train
data/metadata/Doctor’s Handwritten Prescription BD dataset/Training/training_words/2756.png,Rivotril,Clonazepam,train
data/metadata/Doctor’s Handwritten Prescription BD dataset/Training/training_words/2757.png,Rivotril,Clonazepam,train
data/metadata/Doctor’s Handwritten Prescription BD dataset/Training/training_words/2758.png,Rivotril,Clonazepam,train
data/metadata/Doctor’s Handwritten Prescription BD dataset/Training/training_words/2759.png,Rivotril,Clonazepam,train
data/metadata/Doctor’s Handwritten Prescription BD dataset/Training/training_words/2760.png,Romycin,Azithromycin Dihydrate (Ophthalmic),train
data/metadata/Doctor’s Handwritten Prescription BD dataset/Training/training_words/2761.png,Romycin,Azithromycin Dihydrate (Ophthalmic),train
data/metadata/Doctor’s Handwritten Prescription BD dataset/Training/training_words/2762.png,Romycin,Azithromycin Dihydrate (Ophthalmic),train
data/metadata/Doctor’s Handwritten Prescription BD dataset/Training/training_words/2763.png,Romycin,Azithromycin Dihydrate (Ophthalmic),train
data/metadata/Doctor’s Handwritten Prescription BD dataset/Training/training_words/2764.png,Romycin,Azithromycin Dihydrate (Ophthalmic),train
data/metadata/Doctor’s Handwritten Prescription BD dataset/Training/training_words/2765.png,Romycin,Azithromycin Dihydrate (Ophthalmic),train
data/metadata/Doctor’s Handwritten Prescription BD dataset/Training/training_words/2766.png,Romycin,Azithromycin Dihydrate (Ophthalmic),train
data/metadata/Doctor’s Handwritten Prescription BD dataset/Training/training_words/2767.png,Romycin,Azithromycin Dihydrate (Ophthalmic),train
data/metadata/Doctor’s Handwritten Prescription BD dataset/Training/training_words/2768.png,Romycin,Azithromycin Dihydrate (Ophthalmic),train
data/metadata/Doctor’s Handwritten Prescription BD dataset/Training/training_words/2769.png,Romycin,Azithromycin Dihydrate (Ophthalmic),train
data/metadata/Doctor’s Handwritten Prescription BD dataset/Training/training_words/2770.png,Romycin,Azithromycin Dihydrate (Ophthalmic),train
data/metadata/Doctor’s Handwritten Prescription BD dataset/Training/training_words/2771.png,Romycin,Azithromycin Dihydrate (Ophthalmic),train
data/metadata/Doctor’s Handwritten Prescription BD dataset/Training/training_words/2772.png,Romycin,Azithromycin Dihydrate (Ophthalmic),train
data/metadata/Doctor’s Handwritten Prescription BD dataset/Training/training_words/2773.png,Romycin,Azithromycin Dihydrate (Ophthalmic),train
data/metadata/Doctor’s Handwritten Prescription BD dataset/Training/training_words/2774.png,Romycin,Azithromycin Dihydrate (Ophthalmic),train
data/metadata/Doctor’s Handwritten Prescription BD dataset/Training/training_words/2775.png,Romycin,Azithromycin Dihydrate (Ophthalmic),train
data/metadata/Doctor’s Handwritten Prescription BD dataset/Training/training_words/2776.png,Romycin,Azithromycin Dihydrate (Ophthalmic),train
data/metadata/Doctor’s Handwritten Prescription BD dataset/Training/training_words/2777.png,Romycin,Azithromycin Dihydrate (Ophthalmic),train
data/metadata/Doctor’s Handwritten Prescription BD dataset/Training/training_words/2778.png,Romycin,Azithromycin Dihydrate (Ophthalmic),train
data/metadata/Doctor’s Handwritten Prescription BD dataset/Training/training_words/2779.png,Romycin,Azithromycin Dihydrate (Ophthalmic),train
data/metadata/Doctor’s Handwritten Prescription BD dataset/Training/training_words/2780.png,Romycin,Azithromycin Dihydrate (Ophthalmic),train
data/metadata/Doctor’s Handwritten Prescription BD dataset/Training/training_words/2781.png,Romycin,Azithromycin Dihydrate (Ophthalmic),train
data/metadata/Doctor’s Handwritten Prescription BD dataset/Training/training_words/2782.png,Romycin,Azithromycin Dihydrate (Ophthalmic),train
data/metadata/Doctor’s Handwritten Prescription BD dataset/Training/training_words/2783.png,Romycin,Azithromycin Dihydrate (Ophthalmic),train
data/metadata/Doctor’s Handwritten Prescription BD dataset/Training/training_words/2784.png,Romycin,Azithromycin Dihydrate (Ophthalmic),train
data/metadata/Doctor’s Handwritten Prescription BD dataset/Training/training_words/2785.png,Romycin,Azithromycin Dihydrate (Ophthalmic),train
data/metadata/Doctor’s Handwritten Prescription BD dataset/Training/training_words/2786.png,Romycin,Azithromycin Dihydrate (Ophthalmic),train
data/metadata/Doctor’s Handwritten Prescription BD dataset/Training/training_words/2787.png,Romycin,Azithromycin Dihydrate (Ophthalmic),train
data/metadata/Doctor’s Handwritten Prescription BD dataset/Training/training_words/2788.png,Romycin,Azithromycin Dihydrate (Ophthalmic),train
data/metadata/Doctor’s Handwritten Prescription BD dataset/Training/training_words/2789.png,Romycin,Azithromycin Dihydrate (Ophthalmic),train
data/metadata/Doctor’s Handwritten Prescription BD dataset/Training/training_words/2790.png,Romycin,Azithromycin Dihydrate (Ophthalmic),train
data/metadata/Doctor’s Handwritten Prescription BD dataset/Training/training_words/2791.png,Romycin,Azithromycin Dihydrate (Ophthalmic),train
data/metadata/Doctor’s Handwritten Prescription BD dataset/Training/training_words/2792.png,Romycin,Azithromycin Dihydrate (Ophthalmic),train
data/metadata/Doctor’s Handwritten Prescription BD dataset/Training/training_words/2793.png,Romycin,Azithromycin Dihydrate (Ophthalmic),train
data/metadata/Doctor’s Handwritten Prescription BD dataset/Training/training_words/2794.png,Romycin,Azithromycin Dihydrate (Ophthalmic),train
data/metadata/Doctor’s Handwritten Prescription BD dataset/Training/training_words/2795.png,Romycin,Azithromycin Dihydrate (Ophthalmic),train
data/metadata/Doctor’s Handwritten Prescription BD dataset/Training/training_words/2796.png,Romycin,Azithromycin Dihydrate (Ophthalmic),train
data/metadata/Doctor’s Handwritten Prescription BD dataset/Training/training_words/2797.png,Romycin,Azithromycin Dihydrate (Ophthalmic),train
data/metadata/Doctor’s Handwritten Prescription BD dataset/Training/training_words/2798.png,Romycin,Azithromycin Dihydrate (Ophthalmic),train
data/metadata/Doctor’s Handwritten Prescription BD dataset/Training/training_words/2799.png,Romycin,Azithromycin Dihydrate (Ophthalmic),train
data/metadata/Doctor’s Handwritten Prescription BD dataset/Training/training_words/2800.png,Rozith,Azithromycin Dihydrate,train
data/metadata/Doctor’s Handwritten Prescription BD dataset/Training/training_words/2801.png,Rozith,Azithromycin Dihydrate,train
data/metadata/Doctor’s Handwritten Prescription BD dataset/Training/training_words/2802.png,Rozith,Azithromycin Dihydrate,train
data/metadata/Doctor’s Handwritten Prescription BD dataset/Training/training_words/2803.png,Rozith,Azithromycin Dihydrate,train
data/metadata/Doctor’s Handwritten Prescription BD dataset/Training/training_words/2804.png,Rozith,Azithromycin Dihydrate,train
data/metadata/Doctor’s Handwritten Prescription BD dataset/Training/training_words/2805.png,Rozith,Azithromycin Dihydrate,train
data/metadata/Doctor’s Handwritten Prescription BD dataset/Training/training_words/2806.png,Rozith,Azithromycin Dihydrate,train
data/metadata/Doctor’s Handwritten Prescription BD dataset/Training/training_words/2807.png,Rozith,Azithromycin Dihydrate,train
data/metadata/Doctor’s Handwritten Prescription BD dataset/Training/training_words/2808.png,Rozith,Azithromycin Dihydrate,train
data/metadata/Doctor’s Handwritten Prescription BD dataset/Training/training_words/2809.png,Rozith,Azithromycin Dihydrate,train
data/metadata/Doctor’s Handwritten Prescription BD dataset/Training/training_words/2810.png,Rozith,Azithromycin Dihydrate,train
data/metadata/Doctor’s Handwritten Prescription BD dataset/Training/training_words/2811.png,Rozith,Azithromycin Dihydrate,train
data/metadata/Doctor’s Handwritten Prescription BD dataset/Training/training_words/2812.png,Rozith,Azithromycin Dihydrate,train
data/metadata/Doctor’s Handwritten Prescription BD dataset/Training/training_words/2813.png,Rozith,Azithromycin Dihydrate,train
data/metadata/Doctor’s Handwritten Prescription BD dataset/Training/training_words/2814.png,Rozith,Azithromycin Dihydrate,train
data/metadata/Doctor’s Handwritten Prescription BD dataset/Training/training_words/2815.png,Rozith,Azithromycin Dihydrate,train
data/metadata/Doctor’s Handwritten Prescription BD dataset/Training/training_words/2816.png,Rozith,Azithromycin Dihydrate,train
data/metadata/Doctor’s Handwritten Prescription BD dataset/Training/training_words/2817.png,Rozith,Azithromycin Dihydrate,train
data/metadata/Doctor’s Handwritten Prescription BD dataset/Training/training_words/2818.png,Rozith,Azithromycin Dihydrate,train
data/metadata/Doctor’s Handwritten Prescription BD dataset/Training/training_words/2819.png,Rozith,Azithromycin Dihydrate,train
data/metadata/Doctor’s Handwritten Prescription BD dataset/Training/training_words/2820.png,Rozith,Azithromycin Dihydrate,train
data/metadata/Doctor’s Handwritten Prescription BD dataset/Training/training_words/2821.png,Rozith,Azithromycin Dihydrate,train
data/metadata/Doctor’s Handwritten Prescription BD dataset/Training/training_words/2822.png,Rozith,Azithromycin Dihydrate,train
data/metadata/Doctor’s Handwritten Prescription BD dataset/Training/training_words/2823.png,Rozith,Azithromycin Dihydrate,train
data/metadata/Doctor’s Handwritten Prescription BD dataset/Training/training_words/2824.png,Rozith,Azithromycin Dihydrate,train
data/metadata/Doctor’s Handwritten Prescription BD dataset/Training/training_words/2825.png,Rozith,Azithromycin Dihydrate,train
data/metadata/Doctor’s Handwritten Prescription BD dataset/Training/training_words/2826.png,Rozith,Azithromycin Dihydrate,train
data/metadata/Doctor’s Handwritten Prescription BD dataset/Training/training_words/2827.png,Rozith,Azithromycin Dihydrate,train
data/metadata/Doctor’s Handwritten Prescription BD dataset/Training/training_words/2828.png,Rozith,Azithromycin Dihydrate,train
data/metadata/Doctor’s Handwritten Prescription BD dataset/Training/training_words/2829.png,Rozith,Azithromycin Dihydrate,train
data/metadata/Doctor’s Handwritten Prescription BD dataset/Training/training_words/2830.png,Rozith,Azithromycin Dihydrate,train
data/metadata/Doctor’s Handwritten Prescription BD dataset/Training/training_words/2831.png,Rozith,Azithromycin Dihydrate,train
data/metadata/Doctor’s Handwritten Prescription BD dataset/Training/training_words/2832.png,Rozith,Azithromycin Dihydrate,train
data/metadata/Doctor’s Handwritten Prescription BD dataset/Training/training_words/2833.png,Rozith,Azithromycin Dihydrate,train
data/metadata/Doctor’s Handwritten Prescription BD dataset/Training/training_words/2834.png,Rozith,Azithromycin Dihydrate,train
data/metadata/Doctor’s Handwritten Prescription BD dataset/Training/training_words/2835.png,Rozith,Azithromycin Dihydrate,train
data/metadata/Doctor’s Handwritten Prescription BD dataset/Training/training_words/2836.png,Rozith,Azithromycin Dihydrate,train
data/metadata/Doctor’s Handwritten Prescription BD dataset/Training/training_words/2837.png,Rozith,Azithromycin Dihydrate,train
data/metadata/Doctor’s Handwritten Prescription BD dataset/Training/training_words/2838.png,Rozith,Azithromycin Dihydrate,train
data/metadata/Doctor’s Handwritten Prescription BD dataset/Training/training_words/2839.png,Rozith,Azithromycin Dihydrate,train
data/metadata/Doctor’s Handwritten Prescription BD dataset/Training/training_words/2840.png,Sergel,Esomeprazole,train
data/metadata/Doctor’s Handwritten Prescription BD dataset/Training/training_words/2841.png,Sergel,Esomeprazole,train
data/metadata/Doctor’s Handwritten Prescription BD dataset/Training/training_words/2842.png,Sergel,Esomeprazole,train
data/metadata/Doctor’s Handwritten Prescription BD dataset/Training/training_words/2843.png,Sergel,Esomeprazole,train
data/metadata/Doctor’s Handwritten Prescription BD dataset/Training/training_words/2844.png,Sergel,Esomeprazole,train
data/metadata/Doctor’s Handwritten Prescription BD dataset/Training/training_words/2845.png,Sergel,Esomeprazole,train
data/metadata/Doctor’s Handwritten Prescription BD dataset/Training/training_words/2846.png,Sergel,Esomeprazole,train
data/metadata/Doctor’s Handwritten Prescription BD dataset/Training/training_words/2847.png,Sergel,Esomeprazole,train
data/metadata/Doctor’s Handwritten Prescription BD dataset/Training/training_words/2848.png,Sergel,Esomeprazole,train
data/metadata/Doctor’s Handwritten Prescription BD dataset/Training/training_words/2849.png,Sergel,Esomeprazole,train
data/metadata/Doctor’s Handwritten Prescription BD dataset/Training/training_words/2850.png,Sergel,Esomeprazole,train
data/metadata/Doctor’s Handwritten Prescription BD dataset/Training/training_words/2851.png,Sergel,Esomeprazole,train
data/metadata/Doctor’s Handwritten Prescription BD dataset/Training/training_words/2852.png,Sergel,Esomeprazole,train
data/metadata/Doctor’s Handwritten Prescription BD dataset/Training/training_words/2853.png,Sergel,Esomeprazole,train
data/metadata/Doctor’s Handwritten Prescription BD dataset/Training/training_words/2854.png,Sergel,Esomeprazole,train
data/metadata/Doctor’s Handwritten Prescription BD dataset/Training/training_words/2855.png,Sergel,Esomeprazole,train
data/metadata/Doctor’s Handwritten Prescription BD dataset/Training/training_words/2856.png,Sergel,Esomeprazole,train
data/metadata/Doctor’s Handwritten Prescription BD dataset/Training/training_words/2857.png,Sergel,Esomeprazole,train
data/metadata/Doctor’s Handwritten Prescription BD dataset/Training/training_words/2858.png,Sergel,Esomeprazole,train
data/metadata/Doctor’s Handwritten Prescription BD dataset/Training/training_words/2859.png,Sergel,Esomeprazole,train
data/metadata/Doctor’s Handwritten Prescription BD dataset/Training/training_words/2860.png,Sergel,Esomeprazole,train
data/metadata/Doctor’s Handwritten Prescription BD dataset/Training/training_words/2861.png,Sergel,Esomeprazole,train
data/metadata/Doctor’s Handwritten Prescription BD dataset/Training/training_words/2862.png,Sergel,Esomeprazole,train
data/metadata/Doctor’s Handwritten Prescription BD dataset/Training/training_words/2863.png,Sergel,Esomeprazole,train
data/metadata/Doctor’s Handwritten Prescription BD dataset/Training/training_words/2864.png,Sergel,Esomeprazole,train
data/metadata/Doctor’s Handwritten Prescription BD dataset/Training/training_words/2865.png,Sergel,Esomeprazole,train
data/metadata/Doctor’s Handwritten Prescription BD dataset/Training/training_words/2866.png,Sergel,Esomeprazole,train
data/metadata/Doctor’s Handwritten Prescription BD dataset/Training/training_words/2867.png,Sergel,Esomeprazole,train
data/metadata/Doctor’s Handwritten Prescription BD dataset/Training/training_words/2868.png,Sergel,Esomeprazole,train
data/metadata/Doctor’s Handwritten Prescription BD dataset/Training/training_words/2869.png,Sergel,Esomeprazole,train
data/metadata/Doctor’s Handwritten Prescription BD dataset/Training/training_words/2870.png,Sergel,Esomeprazole,train
data/metadata/Doctor’s Handwritten Prescription BD dataset/Training/training_words/2871.png,Sergel,Esomeprazole,train
data/metadata/Doctor’s Handwritten Prescription BD dataset/Training/training_words/2872.png,Sergel,Esomeprazole,train
data/metadata/Doctor’s Handwritten Prescription BD dataset/Training/training_words/2873.png,Sergel,Esomeprazole,train
data/metadata/Doctor’s Handwritten Prescription BD dataset/Training/training_words/2874.png,Sergel,Esomeprazole,train
data/metadata/Doctor’s Handwritten Prescription BD dataset/Training/training_words/2875.png,Sergel,Esomeprazole,train
data/metadata/Doctor’s Handwritten Prescription BD dataset/Training/training_words/2876.png,Sergel,Esomeprazole,train
data/metadata/Doctor’s Handwritten Prescription BD dataset/Training/training_words/2877.png,Sergel,Esomeprazole,train
data/metadata/Doctor’s Handwritten Prescription BD dataset/Training/training_words/2878.png,Sergel,Esomeprazole,train
data/metadata/Doctor’s Handwritten Prescription BD dataset/Training/training_words/2879.png,Sergel,Esomeprazole,train
data/metadata/Doctor’s Handwritten Prescription BD dataset/Training/training_words/2880.png,Tamen,Paracetamol,train
data/metadata/Doctor’s Handwritten Prescription BD dataset/Training/training_words/2881.png,Tamen,Paracetamol,train
data/metadata/Doctor’s Handwritten Prescription BD dataset/Training/training_words/2882.png,Tamen,Paracetamol,train
data/metadata/Doctor’s Handwritten Prescription BD dataset/Training/training_words/2883.png,Tamen,Paracetamol,train
data/metadata/Doctor’s Handwritten Prescription BD dataset/Training/training_words/2884.png,Tamen,Paracetamol,train
data/metadata/Doctor’s Handwritten Prescription BD dataset/Training/training_words/2885.png,Tamen,Paracetamol,train
data/metadata/Doctor’s Handwritten Prescription BD dataset/Training/training_words/2886.png,Tamen,Paracetamol,train
data/metadata/Doctor’s Handwritten Prescription BD dataset/Training/training_words/2887.png,Tamen,Paracetamol,train
data/metadata/Doctor’s Handwritten Prescription BD dataset/Training/training_words/2888.png,Tamen,Paracetamol,train
data/metadata/Doctor’s Handwritten Prescription BD dataset/Training/training_words/2889.png,Tamen,Paracetamol,train
data/metadata/Doctor’s Handwritten Prescription BD dataset/Training/training_words/2890.png,Tamen,Paracetamol,train
data/metadata/Doctor’s Handwritten Prescription BD dataset/Training/training_words/2891.png,Tamen,Paracetamol,train
data/metadata/Doctor’s Handwritten Prescription BD dataset/Training/training_words/2892.png,Tamen,Paracetamol,train
data/metadata/Doctor’s Handwritten Prescription BD dataset/Training/training_words/2893.png,Tamen,Paracetamol,train
data/metadata/Doctor’s Handwritten Prescription BD dataset/Training/training_words/2894.png,Tamen,Paracetamol,train
data/metadata/Doctor’s Handwritten Prescription BD dataset/Training/training_words/2895.png,Tamen,Paracetamol,train
data/metadata/Doctor’s Handwritten Prescription BD dataset/Training/training_words/2896.png,Tamen,Paracetamol,train
data/metadata/Doctor’s Handwritten Prescription BD dataset/Training/training_words/2897.png,Tamen,Paracetamol,train
data/metadata/Doctor’s Handwritten Prescription BD dataset/Training/training_words/2898.png,Tamen,Paracetamol,train
data/metadata/Doctor’s Handwritten Prescription BD dataset/Training/training_words/2899.png,Tamen,Paracetamol,train
data/metadata/Doctor’s Handwritten Prescription BD dataset/Training/training_words/2900.png,Tamen,Paracetamol,train
data/metadata/Doctor’s Handwritten Prescription BD dataset/Training/training_words/2901.png,Tamen,Paracetamol,train
data/metadata/Doctor’s Handwritten Prescription BD dataset/Training/training_words/2902.png,Tamen,Paracetamol,train
data/metadata/Doctor’s Handwritten Prescription BD dataset/Training/training_words/2903.png,Tamen,Paracetamol,train
data/metadata/Doctor’s Handwritten Prescription BD dataset/Training/training_words/2904.png,Tamen,Paracetamol,train
data/metadata/Doctor’s Handwritten Prescription BD dataset/Training/training_words/2905.png,Tamen,Paracetamol,train
data/metadata/Doctor’s Handwritten Prescription BD dataset/Training/training_words/2906.png,Tamen,Paracetamol,train
data/metadata/Doctor’s Handwritten Prescription BD dataset/Training/training_words/2907.png,Tamen,Paracetamol,train
data/metadata/Doctor’s Handwritten Prescription BD dataset/Training/training_words/2908.png,Tamen,Paracetamol,train
data/metadata/Doctor’s Handwritten Prescription BD dataset/Training/training_words/2909.png,Tamen,Paracetamol,train
data/metadata/Doctor’s Handwritten Prescription BD dataset/Training/training_words/2910.png,Tamen,Paracetamol,train
data/metadata/Doctor’s Handwritten Prescription BD dataset/Training/training_words/2911.png,Tamen,Paracetamol,train
data/metadata/Doctor’s Handwritten Prescription BD dataset/Training/training_words/2912.png,Tamen,Paracetamol,train
data/metadata/Doctor’s Handwritten Prescription BD dataset/Training/training_words/2913.png,Tamen,Paracetamol,train
data/metadata/Doctor’s Handwritten Prescription BD dataset/Training/training_words/2914.png,Tamen,Paracetamol,train
data/metadata/Doctor’s Handwritten Prescription BD dataset/Training/training_words/2915.png,Tamen,Paracetamol,train
data/metadata/Doctor’s Handwritten Prescription BD dataset/Training/training_words/2916.png,Tamen,Paracetamol,train
data/metadata/Doctor’s Handwritten Prescription BD dataset/Training/training_words/2917.png,Tamen,Paracetamol,train
data/metadata/Doctor’s Handwritten Prescription BD dataset/Training/training_words/2918.png,Tamen,Paracetamol,train
data/metadata/Doctor’s Handwritten Prescription BD dataset/Training/training_words/2919.png,Tamen,Paracetamol,train
data/metadata/Doctor’s Handwritten Prescription BD dataset/Training/training_words/2920.png,Telfast,Fexofenadine Hydrochloride,train
data/metadata/Doctor’s Handwritten Prescription BD dataset/Training/training_words/2921.png,Telfast,Fexofenadine Hydrochloride,train
data/metadata/Doctor’s Handwritten Prescription BD dataset/Training/training_words/2922.png,Telfast,Fexofenadine Hydrochloride,train
data/metadata/Doctor’s Handwritten Prescription BD dataset/Training/training_words/2923.png,Telfast,Fexofenadine Hydrochloride,train
data/metadata/Doctor’s Handwritten Prescription BD dataset/Training/training_words/2924.png,Telfast,Fexofenadine Hydrochloride,train
data/metadata/Doctor’s Handwritten Prescription BD dataset/Training/training_words/2925.png,Telfast,Fexofenadine Hydrochloride,train
data/metadata/Doctor’s Handwritten Prescription BD dataset/Training/training_words/2926.png,Telfast,Fexofenadine Hydrochloride,train
data/metadata/Doctor’s Handwritten Prescription BD dataset/Training/training_words/2927.png,Telfast,Fexofenadine Hydrochloride,train
data/metadata/Doctor’s Handwritten Prescription BD dataset/Training/training_words/2928.png,Telfast,Fexofenadine Hydrochloride,train
data/metadata/Doctor’s Handwritten Prescription BD dataset/Training/training_words/2929.png,Telfast,Fexofenadine Hydrochloride,train
data/metadata/Doctor’s Handwritten Prescription BD dataset/Training/training_words/2930.png,Telfast,Fexofenadine Hydrochloride,train
data/metadata/Doctor’s Handwritten Prescription BD dataset/Training/training_words/2931.png,Telfast,Fexofenadine Hydrochloride,train
data/metadata/Doctor’s Handwritten Prescription BD dataset/Training/training_words/2932.png,Telfast,Fexofenadine Hydrochloride,train
data/metadata/Doctor’s Handwritten Prescription BD dataset/Training/training_words/2933.png,Telfast,Fexofenadine Hydrochloride,train
data/metadata/Doctor’s Handwritten Prescription BD dataset/Training/training_words/2934.png,Telfast,Fexofenadine Hydrochloride,train
data/metadata/Doctor’s Handwritten Prescription BD dataset/Training/training_words/2935.png,Telfast,Fexofenadine Hydrochloride,train
data/metadata/Doctor’s Handwritten Prescription BD dataset/Training/training_words/2936.png,Telfast,Fexofenadine Hydrochloride,train
data/metadata/Doctor’s Handwritten Prescription BD dataset/Training/training_words/2937.png,Telfast,Fexofenadine Hydrochloride,train
data/metadata/Doctor’s Handwritten Prescription BD dataset/Training/training_words/2938.png,Telfast,Fexofenadine Hydrochloride,train
data/metadata/Doctor’s Handwritten Prescription BD dataset/Training/training_words/2939.png,Telfast,Fexofenadine Hydrochloride,train
data/metadata/Doctor’s Handwritten Prescription BD dataset/Training/training_words/2940.png,Telfast,Fexofenadine Hydrochloride,train
data/metadata/Doctor’s Handwritten Prescription BD dataset/Training/training_words/2941.png,Telfast,Fexofenadine Hydrochloride,train
data/metadata/Doctor’s Handwritten Prescription BD dataset/Training/training_words/2942.png,Telfast,Fexofenadine Hydrochloride,train
data/metadata/Doctor’s Handwritten Prescription BD dataset/Training/training_words/2943.png,Telfast,Fexofenadine Hydrochloride,train
data/metadata/Doctor’s Handwritten Prescription BD dataset/Training/training_words/2944.png,Telfast,Fexofenadine Hydrochloride,train
data/metadata/Doctor’s Handwritten Prescription BD dataset/Training/training_words/2945.png,Telfast,Fexofenadine Hydrochloride,train
data/metadata/Doctor’s Handwritten Prescription BD dataset/Training/training_words/2946.png,Telfast,Fexofenadine Hydrochloride,train
data/metadata/Doctor’s Handwritten Prescription BD dataset/Training/training_words/2947.png,Telfast,Fexofenadine Hydrochloride,train
data/metadata/Doctor’s Handwritten Prescription BD dataset/Training/training_words/2948.png,Telfast,Fexofenadine Hydrochloride,train
data/metadata/Doctor’s Handwritten Prescription BD dataset/Training/training_words/2949.png,Telfast,Fexofenadine Hydrochloride,train
data/metadata/Doctor’s Handwritten Prescription BD dataset/Training/training_words/2950.png,Telfast,Fexofenadine Hydrochloride,train
data/metadata/Doctor’s Handwritten Prescription BD dataset/Training/training_words/2951.png,Telfast,Fexofenadine Hydrochloride,train
data/metadata/Doctor’s Handwritten Prescription BD dataset/Training/training_words/2952.png,Telfast,Fexofenadine Hydrochloride,train
data/metadata/Doctor’s Handwritten Prescription BD dataset/Training/training_words/2953.png,Telfast,Fexofenadine Hydrochloride,train
data/metadata/Doctor’s Handwritten Prescription BD dataset/Training/training_words/2954.png,Telfast,Fexofenadine Hydrochloride,train
data/metadata/Doctor’s Handwritten Prescription BD dataset/Training/training_words/2955.png,Telfast,Fexofenadine Hydrochloride,train
data/metadata/Doctor’s Handwritten Prescription BD dataset/Training/training_words/2956.png,Telfast,Fexofenadine Hydrochloride,train
data/metadata/Doctor’s Handwritten Prescription BD dataset/Training/training_words/2957.png,Telfast,Fexofenadine Hydrochloride,train
data/metadata/Doctor’s Handwritten Prescription BD dataset/Training/training_words/2958.png,Telfast,Fexofenadine Hydrochloride,train
data/metadata/Doctor’s Handwritten Prescription BD dataset/Training/training_words/2959.png,Telfast,Fexofenadine Hydrochloride,train
data/metadata/Doctor’s Handwritten Prescription BD dataset/Training/training_words/2960.png,Tridosil,Azithromycin Dihydrate,train
data/metadata/Doctor’s Handwritten Prescription BD dataset/Training/training_words/2961.png,Tridosil,Azithromycin Dihydrate,train
data/metadata/Doctor’s Handwritten Prescription BD dataset/Training/training_words/2962.png,Tridosil,Azithromycin Dihydrate,train
data/metadata/Doctor’s Handwritten Prescription BD dataset/Training/training_words/2963.png,Tridosil,Azithromycin Dihydrate,train
data/metadata/Doctor’s Handwritten Prescription BD dataset/Training/training_words/2964.png,Tridosil,Azithromycin Dihydrate,train
data/metadata/Doctor’s Handwritten Prescription BD dataset/Training/training_words/2965.png,Tridosil,Azithromycin Dihydrate,train
data/metadata/Doctor’s Handwritten Prescription BD dataset/Training/training_words/2966.png,Tridosil,Azithromycin Dihydrate,train
data/metadata/Doctor’s Handwritten Prescription BD dataset/Training/training_words/2967.png,Tridosil,Azithromycin Dihydrate,train
data/metadata/Doctor’s Handwritten Prescription BD dataset/Training/training_words/2968.png,Tridosil,Azithromycin Dihydrate,train
data/metadata/Doctor’s Handwritten Prescription BD dataset/Training/training_words/2969.png,Tridosil,Azithromycin Dihydrate,train
data/metadata/Doctor’s Handwritten Prescription BD dataset/Training/training_words/2970.png,Tridosil,Azithromycin Dihydrate,train
data/metadata/Doctor’s Handwritten Prescription BD dataset/Training/training_words/2971.png,Tridosil,Azithromycin Dihydrate,train
data/metadata/Doctor’s Handwritten Prescription BD dataset/Training/training_words/2972.png,Tridosil,Azithromycin Dihydrate,train
data/metadata/Doctor’s Handwritten Prescription BD dataset/Training/training_words/2973.png,Tridosil,Azithromycin Dihydrate,train
data/metadata/Doctor’s Handwritten Prescription BD dataset/Training/training_words/2974.png,Tridosil,Azithromycin Dihydrate,train
data/metadata/Doctor’s Handwritten Prescription BD dataset/Training/training_words/2975.png,Tridosil,Azithromycin Dihydrate,train
data/metadata/Doctor’s Handwritten Prescription BD dataset/Training/training_words/2976.png,Tridosil,Azithromycin Dihydrate,train
data/metadata/Doctor’s Handwritten Prescription BD dataset/Training/training_words/2977.png,Tridosil,Azithromycin Dihydrate,train
data/metadata/Doctor’s Handwritten Prescription BD dataset/Training/training_words/2978.png,Tridosil,Azithromycin Dihydrate,train
data/metadata/Doctor’s Handwritten Prescription BD dataset/Training/training_words/2979.png,Tridosil,Azithromycin Dihydrate,train
data/metadata/Doctor’s Handwritten Prescription BD dataset/Training/training_words/2980.png,Tridosil,Azithromycin Dihydrate,train
data/metadata/Doctor’s Handwritten Prescription BD dataset/Training/training_words/2981.png,Tridosil,Azithromycin Dihydrate,train
data/metadata/Doctor’s Handwritten Prescription BD dataset/Training/training_words/2982.png,Tridosil,Azithromycin Dihydrate,train
data/metadata/Doctor’s Handwritten Prescription BD dataset/Training/training_words/2983.png,Tridosil,Azithromycin Dihydrate,train
data/metadata/Doctor’s Handwritten Prescription BD dataset/Training/training_words/2984.png,Tridosil,Azithromycin Dihydrate,train
data/metadata/Doctor’s Handwritten Prescription BD dataset/Training/training_words/2985.png,Tridosil,Azithromycin Dihydrate,train
data/metadata/Doctor’s Handwritten Prescription BD dataset/Training/training_words/2986.png,Tridosil,Azithromycin Dihydrate,train
data/metadata/Doctor’s Handwritten Prescription BD dataset/Training/training_words/2987.png,Tridosil,Azithromycin Dihydrate,train
data/metadata/Doctor’s Handwritten Prescription BD dataset/Training/training_words/2988.png,Tridosil,Azithromycin Dihydrate,train
data/metadata/Doctor’s Handwritten Prescription BD dataset/Training/training_words/2989.png,Tridosil,Azithromycin Dihydrate,train
data/metadata/Doctor’s Handwritten Prescription BD dataset/Training/training_words/2990.png,Tridosil,Azithromycin Dihydrate,train
data/metadata/Doctor’s Handwritten Prescription BD dataset/Training/training_words/2991.png,Tridosil,Azithromycin Dihydrate,train
data/metadata/Doctor’s Handwritten Prescription BD dataset/Training/training_words/2992.png,Tridosil,Azithromycin Dihydrate,train
data/metadata/Doctor’s Handwritten Prescription BD dataset/Training/training_words/2993.png,Tridosil,Azithromycin Dihydrate,train
data/metadata/Doctor’s Handwritten Prescription BD dataset/Training/training_words/2994.png,Tridosil,Azithromycin Dihydrate,train
data/metadata/Doctor’s Handwritten Prescription BD dataset/Training/training_words/2995.png,Tridosil,Azithromycin Dihydrate,train
data/metadata/Doctor’s Handwritten Prescription BD dataset/Training/training_words/2996.png,Tridosil,Azithromycin Dihydrate,train
data/metadata/Doctor’s Handwritten Prescription BD dataset/Training/training_words/2997.png,Tridosil,Azithromycin Dihydrate,train
data/metadata/Doctor’s Handwritten Prescription BD dataset/Training/training_words/2998.png,Tridosil,Azithromycin Dihydrate,train
data/metadata/Doctor’s Handwritten Prescription BD dataset/Training/training_words/2999.png,Tridosil,Azithromycin Dihydrate,train
data/metadata/Doctor’s Handwritten Prescription BD dataset/Training/training_words/3000.png,Trilock,Montelukast Sodium,train
data/metadata/Doctor’s Handwritten Prescription BD dataset/Training/training_words/3001.png,Trilock,Montelukast Sodium,train
data/metadata/Doctor’s Handwritten Prescription BD dataset/Training/training_words/3002.png,Trilock,Montelukast Sodium,train
data/metadata/Doctor’s Handwritten Prescription BD dataset/Training/training_words/3003.png,Trilock,Montelukast Sodium,train
data/metadata/Doctor’s Handwritten Prescription BD dataset/Training/training_words/3004.png,Trilock,Montelukast Sodium,train
data/metadata/Doctor’s Handwritten Prescription BD dataset/Training/training_words/3005.png,Trilock,Montelukast Sodium,train
data/metadata/Doctor’s Handwritten Prescription BD dataset/Training/training_words/3006.png,Trilock,Montelukast Sodium,train
data/metadata/Doctor’s Handwritten Prescription BD dataset/Training/training_words/3007.png,Trilock,Montelukast Sodium,train
data/metadata/Doctor’s Handwritten Prescription BD dataset/Training/training_words/3008.png,Trilock,Montelukast Sodium,train
data/metadata/Doctor’s Handwritten Prescription BD dataset/Training/training_words/3009.png,Trilock,Montelukast Sodium,train
data/metadata/Doctor’s Handwritten Prescription BD dataset/Training/training_words/3010.png,Trilock,Montelukast Sodium,train
data/metadata/Doctor’s Handwritten Prescription BD dataset/Training/training_words/3011.png,Trilock,Montelukast Sodium,train
data/metadata/Doctor’s Handwritten Prescription BD dataset/Training/training_words/3012.png,Trilock,Montelukast Sodium,train
data/metadata/Doctor’s Handwritten Prescription BD dataset/Training/training_words/3013.png,Trilock,Montelukast Sodium,train
data/metadata/Doctor’s Handwritten Prescription BD dataset/Training/training_words/3014.png,Trilock,Montelukast Sodium,train
data/metadata/Doctor’s Handwritten Prescription BD dataset/Training/training_words/3015.png,Trilock,Montelukast Sodium,train
data/metadata/Doctor’s Handwritten Prescription BD dataset/Training/training_words/3016.png,Trilock,Montelukast Sodium,train
data/metadata/Doctor’s Handwritten Prescription BD dataset/Training/training_words/3017.png,Trilock,Montelukast Sodium,train
data/metadata/Doctor’s Handwritten Prescription BD dataset/Training/training_words/3018.png,Trilock,Montelukast Sodium,train
data/metadata/Doctor’s Handwritten Prescription BD dataset/Training/training_words/3019.png,Trilock,Montelukast Sodium,train
data/metadata/Doctor’s Handwritten Prescription BD dataset/Training/training_words/3020.png,Trilock,Montelukast Sodium,train
data/metadata/Doctor’s Handwritten Prescription BD dataset/Training/training_words/3021.png,Trilock,Montelukast Sodium,train
data/metadata/Doctor’s Handwritten Prescription BD dataset/Training/training_words/3022.png,Trilock,Montelukast Sodium,train
data/metadata/Doctor’s Handwritten Prescription BD dataset/Training/training_words/3023.png,Trilock,Montelukast Sodium,train
data/metadata/Doctor’s Handwritten Prescription BD dataset/Training/training_words/3024.png,Trilock,Montelukast Sodium,train
data/metadata/Doctor’s Handwritten Prescription BD dataset/Training/training_words/3025.png,Trilock,Montelukast Sodium,train
data/metadata/Doctor’s Handwritten Prescription BD dataset/Training/training_words/3026.png,Trilock,Montelukast Sodium,train
data/metadata/Doctor’s Handwritten Prescription BD dataset/Training/training_words/3027.png,Trilock,Montelukast Sodium,train
data/metadata/Doctor’s Handwritten Prescription BD dataset/Training/training_words/3028.png,Trilock,Montelukast Sodium,train
data/metadata/Doctor’s Handwritten Prescription BD dataset/Training/training_words/3029.png,Trilock,Montelukast Sodium,train
data/metadata/Doctor’s Handwritten Prescription BD dataset/Training/training_words/3030.png,Trilock,Montelukast Sodium,train
data/metadata/Doctor’s Handwritten Prescription BD dataset/Training/training_words/3031.png,Trilock,Montelukast Sodium,train
data/metadata/Doctor’s Handwritten Prescription BD dataset/Training/training_words/3032.png,Trilock,Montelukast Sodium,train
data/metadata/Doctor’s Handwritten Prescription BD dataset/Training/training_words/3033.png,Trilock,Montelukast Sodium,train
data/metadata/Doctor’s Handwritten Prescription BD dataset/Training/training_words/3034.png,Trilock,Montelukast Sodium,train
data/metadata/Doctor’s Handwritten Prescription BD dataset/Training/training_words/3035.png,Trilock,Montelukast Sodium,train
data/metadata/Doctor’s Handwritten Prescription BD dataset/Training/training_words/3036.png,Trilock,Montelukast Sodium,train
data/metadata/Doctor’s Handwritten Prescription BD dataset/Training/training_words/3037.png,Trilock,Montelukast Sodium,train
data/metadata/Doctor’s Handwritten Prescription BD dataset/Training/training_words/3038.png,Trilock,Montelukast Sodium,train
data/metadata/Doctor’s Handwritten Prescription BD dataset/Training/training_words/3039.png,Trilock,Montelukast Sodium,train
data/metadata/Doctor’s Handwritten Prescription BD dataset/Training/training_words/3040.png,Vifas,Fexofenadine Hydrochloride,train
data/metadata/Doctor’s Handwritten Prescription BD dataset/Training/training_words/3041.png,Vifas,Fexofenadine Hydrochloride,train
data/metadata/Doctor’s Handwritten Prescription BD dataset/Training/training_words/3042.png,Vifas,Fexofenadine Hydrochloride,train
data/metadata/Doctor’s Handwritten Prescription BD dataset/Training/training_words/3043.png,Vifas,Fexofenadine Hydrochloride,train
data/metadata/Doctor’s Handwritten Prescription BD dataset/Training/training_words/3044.png,Vifas,Fexofenadine Hydrochloride,train
data/metadata/Doctor’s Handwritten Prescription BD dataset/Training/training_words/3045.png,Vifas,Fexofenadine Hydrochloride,train
data/metadata/Doctor’s Handwritten Prescription BD dataset/Training/training_words/3046.png,Vifas,Fexofenadine Hydrochloride,train
data/metadata/Doctor’s Handwritten Prescription BD dataset/Training/training_words/3047.png,Vifas,Fexofenadine Hydrochloride,train
data/metadata/Doctor’s Handwritten Prescription BD dataset/Training/training_words/3048.png,Vifas,Fexofenadine Hydrochloride,train
data/metadata/Doctor’s Handwritten Prescription BD dataset/Training/training_words/3049.png,Vifas,Fexofenadine Hydrochloride,train
data/metadata/Doctor’s Handwritten Prescription BD dataset/Training/training_words/3050.png,Vifas,Fexofenadine Hydrochloride,train
data/metadata/Doctor’s Handwritten Prescription BD dataset/Training/training_words/3051.png,Vifas,Fexofenadine Hydrochloride,train
data/metadata/Doctor’s Handwritten Prescription BD dataset/Training/training_words/3052.png,Vifas,Fexofenadine Hydrochloride,train
data/metadata/Doctor’s Handwritten Prescription BD dataset/Training/training_words/3053.png,Vifas,Fexofenadine Hydrochloride,train
data/metadata/Doctor’s Handwritten Prescription BD dataset/Training/training_words/3054.png,Vifas,Fexofenadine Hydrochloride,train
data/metadata/Doctor’s Handwritten Prescription BD dataset/Training/training_words/3055.png,Vifas,Fexofenadine Hydrochloride,train
data/metadata/Doctor’s Handwritten Prescription BD dataset/Training/training_words/3056.png,Vifas,Fexofenadine Hydrochloride,train
data/metadata/Doctor’s Handwritten Prescription BD dataset/Training/training_words/3057.png,Vifas,Fexofenadine Hydrochloride,train
data/metadata/Doctor’s Handwritten Prescription BD dataset/Training/training_words/3058.png,Vifas,Fexofenadine Hydrochloride,train
data/metadata/Doctor’s Handwritten Prescription BD dataset/Training/training_words/3059.png,Vifas,Fexofenadine Hydrochloride,train
data/metadata/Doctor’s Handwritten Prescription BD dataset/Training/training_words/3060.png,Vifas,Fexofenadine Hydrochloride,train
data/metadata/Doctor’s Handwritten Prescription BD dataset/Training/training_words/3061.png,Vifas,Fexofenadine Hydrochloride,train
data/metadata/Doctor’s Handwritten Prescription BD dataset/Training/training_words/3062.png,Vifas,Fexofenadine Hydrochloride,train
data/metadata/Doctor’s Handwritten Prescription BD dataset/Training/training_words/3063.png,Vifas,Fexofenadine Hydrochloride,train
data/metadata/Doctor’s Handwritten Prescription BD dataset/Training/training_words/3064.png,Vifas,Fexofenadine Hydrochloride,train
data/metadata/Doctor’s Handwritten Prescription BD dataset/Training/training_words/3065.png,Vifas,Fexofenadine Hydrochloride,train
data/metadata/Doctor’s Handwritten Prescription BD dataset/Training/training_words/3066.png,Vifas,Fexofenadine Hydrochloride,train
data/metadata/Doctor’s Handwritten Prescription BD dataset/Training/training_words/3067.png,Vifas,Fexofenadine Hydrochloride,train
data/metadata/Doctor’s Handwritten Prescription BD dataset/Training/training_words/3068.png,Vifas,Fexofenadine Hydrochloride,train
data/metadata/Doctor’s Handwritten Prescription BD dataset/Training/training_words/3069.png,Vifas,Fexofenadine Hydrochloride,train
data/metadata/Doctor’s Handwritten Prescription BD dataset/Training/training_words/3070.png,Vifas,Fexofenadine Hydrochloride,train
data/metadata/Doctor’s Handwritten Prescription BD dataset/Training/training_words/3071.png,Vifas,Fexofenadine Hydrochloride,train
data/metadata/Doctor’s Handwritten Prescription BD dataset/Training/training_words/3072.png,Vifas,Fexofenadine Hydrochloride,train
data/metadata/Doctor’s Handwritten Prescription BD dataset/Training/training_words/3073.png,Vifas,Fexofenadine Hydrochloride,train
data/metadata/Doctor’s Handwritten Prescription BD dataset/Training/training_words/3074.png,Vifas,Fexofenadine Hydrochloride,train
data/metadata/Doctor’s Handwritten Prescription BD dataset/Training/training_words/3075.png,Vifas,Fexofenadine Hydrochloride,train
data/metadata/Doctor’s Handwritten Prescription BD dataset/Training/training_words/3076.png,Vifas,Fexofenadine Hydrochloride,train
data/metadata/Doctor’s Handwritten Prescription BD dataset/Training/training_words/3077.png,Vifas,Fexofenadine Hydrochloride,train
data/metadata/Doctor’s Handwritten Prescription BD dataset/Training/training_words/3078.png,Vifas,Fexofenadine Hydrochloride,train
data/metadata/Doctor’s Handwritten Prescription BD dataset/Training/training_words/3079.png,Vifas,Fexofenadine Hydrochloride,train
data/metadata/Doctor’s Handwritten Prescription BD dataset/Training/training_words/3080.png,Zithrin,Azithromycin Dihydrate,train
data/metadata/Doctor’s Handwritten Prescription BD dataset/Training/training_words/3081.png,Zithrin,Azithromycin Dihydrate,train
data/metadata/Doctor’s Handwritten Prescription BD dataset/Training/training_words/3082.png,Zithrin,Azithromycin Dihydrate,train
data/metadata/Doctor’s Handwritten Prescription BD dataset/Training/training_words/3083.png,Zithrin,Azithromycin Dihydrate,train
data/metadata/Doctor’s Handwritten Prescription BD dataset/Training/training_words/3084.png,Zithrin,Azithromycin Dihydrate,train
data/metadata/Doctor’s Handwritten Prescription BD dataset/Training/training_words/3085.png,Zithrin,Azithromycin Dihydrate,train
data/metadata/Doctor’s Handwritten Prescription BD dataset/Training/training_words/3086.png,Zithrin,Azithromycin Dihydrate,train
data/metadata/Doctor’s Handwritten Prescription BD dataset/Training/training_words/3087.png,Zithrin,Azithromycin Dihydrate,train
data/metadata/Doctor’s Handwritten Prescription BD dataset/Training/training_words/3088.png,Zithrin,Azithromycin Dihydrate,train
data/metadata/Doctor’s Handwritten Prescription BD dataset/Training/training_words/3089.png,Zithrin,Azithromycin Dihydrate,train
data/metadata/Doctor’s Handwritten Prescription BD dataset/Training/training_words/3090.png,Zithrin,Azithromycin Dihydrate,train
data/metadata/Doctor’s Handwritten Prescription BD dataset/Training/training_words/3091.png,Zithrin,Azithromycin Dihydrate,train
data/metadata/Doctor’s Handwritten Prescription BD dataset/Training/training_words/3092.png,Zithrin,Azithromycin Dihydrate,train
data/metadata/Doctor’s Handwritten Prescription BD dataset/Training/training_words/3093.png,Zithrin,Azithromycin Dihydrate,train
data/metadata/Doctor’s Handwritten Prescription BD dataset/Training/training_words/3094.png,Zithrin,Azithromycin Dihydrate,train
data/metadata/Doctor’s Handwritten Prescription BD dataset/Training/training_words/3095.png,Zithrin,Azithromycin Dihydrate,train
data/metadata/Doctor’s Handwritten Prescription BD dataset/Training/training_words/3096.png,Zithrin,Azithromycin Dihydrate,train
data/metadata/Doctor’s Handwritten Prescription BD dataset/Training/training_words/3097.png,Zithrin,Azithromycin Dihydrate,train
data/metadata/Doctor’s Handwritten Prescription BD dataset/Training/training_words/3098.png,Zithrin,Azithromycin Dihydrate,train
data/metadata/Doctor’s Handwritten Prescription BD dataset/Training/training_words/3099.png,Zithrin,Azithromycin Dihydrate,train
data/metadata/Doctor’s Handwritten Prescription BD dataset/Training/training_words/3100.png,Zithrin,Azithromycin Dihydrate,train
data/metadata/Doctor’s Handwritten Prescription BD dataset/Training/training_words/3101.png,Zithrin,Azithromycin Dihydrate,train
data/metadata/Doctor’s Handwritten Prescription BD dataset/Training/training_words/3102.png,Zithrin,Azithromycin Dihydrate,train
data/metadata/Doctor’s Handwritten Prescription BD dataset/Training/training_words/3103.png,Zithrin,Azithromycin Dihydrate,train
data/metadata/Doctor’s Handwritten Prescription BD dataset/Training/training_words/3104.png,Zithrin,Azithromycin Dihydrate,train
data/metadata/Doctor’s Handwritten Prescription BD dataset/Training/training_words/3105.png,Zithrin,Azithromycin Dihydrate,train
data/metadata/Doctor’s Handwritten Prescription BD dataset/Training/training_words/3106.png,Zithrin,Azithromycin Dihydrate,train
data/metadata/Doctor’s Handwritten Prescription BD dataset/Training/training_words/3107.png,Zithrin,Azithromycin Dihydrate,train
data/metadata/Doctor’s Handwritten Prescription BD dataset/Training/training_words/3108.png,Zithrin,Azithromycin Dihydrate,train
data/metadata/Doctor’s Handwritten Prescription BD dataset/Training/training_words/3109.png,Zithrin,Azithromycin Dihydrate,train
data/metadata/Doctor’s Handwritten Prescription BD dataset/Training/training_words/3110.png,Zithrin,Azithromycin Dihydrate,train
data/metadata/Doctor’s Handwritten Prescription BD dataset/Training/training_words/3111.png,Zithrin,Azithromycin Dihydrate,train
data/metadata/Doctor’s Handwritten Prescription BD dataset/Training/training_words/3112.png,Zithrin,Azithromycin Dihydrate,train
data/metadata/Doctor’s Handwritten Prescription BD dataset/Training/training_words/3113.png,Zithrin,Azithromycin Dihydrate,train
data/metadata/Doctor’s Handwritten Prescription BD dataset/Training/training_words/3114.png,Zithrin,Azithromycin Dihydrate,train
data/metadata/Doctor’s Handwritten Prescription BD dataset/Training/training_words/3115.png,Zithrin,Azithromycin Dihydrate,train
data/metadata/Doctor’s Handwritten Prescription BD dataset/Training/training_words/3116.png,Zithrin,Azithromycin Dihydrate,train
data/metadata/Doctor’s Handwritten Prescription BD dataset/Training/training_words/3117.png,Zithrin,Azithromycin Dihydrate,train
data/metadata/Doctor’s Handwritten Prescription BD dataset/Training/training_words/3118.png,Zithrin,Azithromycin Dihydrate,train
data/metadata/Doctor’s Handwritten Prescription BD dataset/Training/training_words/3119.png,Zithrin,Azithromycin Dihydrate,train
data/metadata/Doctor’s Handwritten Prescription BD dataset/Validation/validation_words/0.png,Aceta,Paracetamol,validation
data/metadata/Doctor’s Handwritten Prescription BD dataset/Validation/validation_words/1.png,Aceta,Paracetamol,validation
data/metadata/Doctor’s Handwritten Prescription BD dataset/Validation/validation_words/2.png,Aceta,Paracetamol,validation
data/metadata/Doctor’s Handwritten Prescription BD dataset/Validation/validation_words/3.png,Aceta,Paracetamol,validation
data/metadata/Doctor’s Handwritten Prescription BD dataset/Validation/validation_words/4.png,Aceta,Paracetamol,validation
data/metadata/Doctor’s Handwritten Prescription BD dataset/Validation/validation_words/5.png,Aceta,Paracetamol,validation
data/metadata/Doctor’s Handwritten Prescription BD dataset/Validation/validation_words/6.png,Aceta,Paracetamol,validation
data/metadata/Doctor’s Handwritten Prescription BD dataset/Validation/validation_words/7.png,Aceta,Paracetamol,validation
data/metadata/Doctor’s Handwritten Prescription BD dataset/Validation/validation_words/8.png,Aceta,Paracetamol,validation
data/metadata/Doctor’s Handwritten Prescription BD dataset/Validation/validation_words/9.png,Aceta,Paracetamol,validation
data/metadata/Doctor’s Handwritten Prescription BD dataset/Validation/validation_words/10.png,Ace,Paracetamol,validation
data/metadata/Doctor’s Handwritten Prescription BD dataset/Validation/validation_words/11.png,Ace,Paracetamol,validation
data/metadata/Doctor’s Handwritten Prescription BD dataset/Validation/validation_words/12.png,Ace,Paracetamol,validation
data/metadata/Doctor’s Handwritten Prescription BD dataset/Validation/validation_words/13.png,Ace,Paracetamol,validation
data/metadata/Doctor’s Handwritten Prescription BD dataset/Validation/validation_words/14.png,Ace,Paracetamol,validation
data/metadata/Doctor’s Handwritten Prescription BD dataset/Validation/validation_words/15.png,Ace,Paracetamol,validation
data/metadata/Doctor’s Handwritten Prescription BD dataset/Validation/validation_words/16.png,Ace,Paracetamol,validation
data/metadata/Doctor’s Handwritten Prescription BD dataset/Validation/validation_words/17.png,Ace,Paracetamol,validation
data/metadata/Doctor’s Handwritten Prescription BD dataset/Validation/validation_words/18.png,Ace,Paracetamol,validation
data/metadata/Doctor’s Handwritten Prescription BD dataset/Validation/validation_words/19.png,Ace,Paracetamol,validation
data/metadata/Doctor’s Handwritten Prescription BD dataset/Validation/validation_words/20.png,Alatrol,Cetirizine Hydrochloride,validation
data/metadata/Doctor’s Handwritten Prescription BD dataset/Validation/validation_words/21.png,Alatrol,Cetirizine Hydrochloride,validation
data/metadata/Doctor’s Handwritten Prescription BD dataset/Validation/validation_words/22.png,Alatrol,Cetirizine Hydrochloride,validation
data/metadata/Doctor’s Handwritten Prescription BD dataset/Validation/validation_words/23.png,Alatrol,Cetirizine Hydrochloride,validation
data/metadata/Doctor’s Handwritten Prescription BD dataset/Validation/validation_words/24.png,Alatrol,Cetirizine Hydrochloride,validation
data/metadata/Doctor’s Handwritten Prescription BD dataset/Validation/validation_words/25.png,Alatrol,Cetirizine Hydrochloride,validation
data/metadata/Doctor’s Handwritten Prescription BD dataset/Validation/validation_words/26.png,Alatrol,Cetirizine Hydrochloride,validation
data/metadata/Doctor’s Handwritten Prescription BD dataset/Validation/validation_words/27.png,Alatrol,Cetirizine Hydrochloride,validation
data/metadata/Doctor’s Handwritten Prescription BD dataset/Validation/validation_words/28.png,Alatrol,Cetirizine Hydrochloride,validation
data/metadata/Doctor’s Handwritten Prescription BD dataset/Validation/validation_words/29.png,Alatrol,Cetirizine Hydrochloride,validation
data/metadata/Doctor’s Handwritten Prescription BD dataset/Validation/validation_words/30.png,Amodis,Metronidazole,validation
data/metadata/Doctor’s Handwritten Prescription BD dataset/Validation/validation_words/31.png,Amodis,Metronidazole,validation
data/metadata/Doctor’s Handwritten Prescription BD dataset/Validation/validation_words/32.png,Amodis,Metronidazole,validation
data/metadata/Doctor’s Handwritten Prescription BD dataset/Validation/validation_words/33.png,Amodis,Metronidazole,validation
data/metadata/Doctor’s Handwritten Prescription BD dataset/Validation/validation_words/34.png,Amodis,Metronidazole,validation
data/metadata/Doctor’s Handwritten Prescription BD dataset/Validation/validation_words/35.png,Amodis,Metronidazole,validation
data/metadata/Doctor’s Handwritten Prescription BD dataset/Validation/validation_words/36.png,Amodis,Metronidazole,validation
data/metadata/Doctor’s Handwritten Prescription BD dataset/Validation/validation_words/37.png,Amodis,Metronidazole,validation
data/metadata/Doctor’s Handwritten Prescription BD dataset/Validation/validation_words/38.png,Amodis,Metronidazole,validation
data/metadata/Doctor’s Handwritten Prescription BD dataset/Validation/validation_words/39.png,Amodis,Metronidazole,validation
data/metadata/Doctor’s Handwritten Prescription BD dataset/Validation/validation_words/40.png,Atrizin,Cetirizine Hydrochloride,validation
data/metadata/Doctor’s Handwritten Prescription BD dataset/Validation/validation_words/41.png,Atrizin,Cetirizine Hydrochloride,validation
data/metadata/Doctor’s Handwritten Prescription BD dataset/Validation/validation_words/42.png,Atrizin,Cetirizine Hydrochloride,validation
data/metadata/Doctor’s Handwritten Prescription BD dataset/Validation/validation_words/43.png,Atrizin,Cetirizine Hydrochloride,validation
data/metadata/Doctor’s Handwritten Prescription BD dataset/Validation/validation_words/44.png,Atrizin,Cetirizine Hydrochloride,validation
data/metadata/Doctor’s Handwritten Prescription BD dataset/Validation/validation_words/45.png,Atrizin,Cetirizine Hydrochloride,validation
data/metadata/Doctor’s Handwritten Prescription BD dataset/Validation/validation_words/46.png,Atrizin,Cetirizine Hydrochloride,validation
data/metadata/Doctor’s Handwritten Prescription BD dataset/Validation/validation_words/47.png,Atrizin,Cetirizine Hydrochloride,validation
data/metadata/Doctor’s Handwritten Prescription BD dataset/Validation/validation_words/48.png,Atrizin,Cetirizine Hydrochloride,validation
data/metadata/Doctor’s Handwritten Prescription BD dataset/Validation/validation_words/49.png,Atrizin,Cetirizine Hydrochloride,validation
data/metadata/Doctor’s Handwritten Prescription BD dataset/Validation/validation_words/50.png,Axodin,Fexofenadine Hydrochloride,validation
data/metadata/Doctor’s Handwritten Prescription BD dataset/Validation/validation_words/51.png,Axodin,Fexofenadine Hydrochloride,validation
data/metadata/Doctor’s Handwritten Prescription BD dataset/Validation/validation_words/52.png,Axodin,Fexofenadine Hydrochloride,validation
data/metadata/Doctor’s Handwritten Prescription BD dataset/Validation/validation_words/53.png,Axodin,Fexofenadine Hydrochloride,validation
data/metadata/Doctor’s Handwritten Prescription BD dataset/Validation/validation_words/54.png,Axodin,Fexofenadine Hydrochloride,validation
data/metadata/Doctor’s Handwritten Prescription BD dataset/Validation/validation_words/55.png,Axodin,Fexofenadine Hydrochloride,validation
data/metadata/Doctor’s Handwritten Prescription BD dataset/Validation/validation_words/56.png,Axodin,Fexofenadine Hydrochloride,validation
data/metadata/Doctor’s Handwritten Prescription BD dataset/Validation/validation_words/57.png,Axodin,Fexofenadine Hydrochloride,validation
data/metadata/Doctor’s Handwritten Prescription BD dataset/Validation/validation_words/58.png,Axodin,Fexofenadine Hydrochloride,validation
data/metadata/Doctor’s Handwritten Prescription BD dataset/Validation/validation_words/59.png,Axodin,Fexofenadine Hydrochloride,validation
data/metadata/Doctor’s Handwritten Prescription BD dataset/Validation/validation_words/60.png,Azithrocin,Azithromycin Dihydrate,validation
data/metadata/Doctor’s Handwritten Prescription BD dataset/Validation/validation_words/61.png,Azithrocin,Azithromycin Dihydrate,validation
data/metadata/Doctor’s Handwritten Prescription BD dataset/Validation/validation_words/62.png,Azithrocin,Azithromycin Dihydrate,validation
data/metadata/Doctor’s Handwritten Prescription BD dataset/Validation/validation_words/63.png,Azithrocin,Azithromycin Dihydrate,validation
data/metadata/Doctor’s Handwritten Prescription BD dataset/Validation/validation_words/64.png,Azithrocin,Azithromycin Dihydrate,validation
data/metadata/Doctor’s Handwritten Prescription BD dataset/Validation/validation_words/65.png,Azithrocin,Azithromycin Dihydrate,validation
data/metadata/Doctor’s Handwritten Prescription BD dataset/Validation/validation_words/66.png,Azithrocin,Azithromycin Dihydrate,validation
data/metadata/Doctor’s Handwritten Prescription BD dataset/Validation/validation_words/67.png,Azithrocin,Azithromycin Dihydrate,validation
data/metadata/Doctor’s Handwritten Prescription BD dataset/Validation/validation_words/68.png,Azithrocin,Azithromycin Dihydrate,validation
data/metadata/Doctor’s Handwritten Prescription BD dataset/Validation/validation_words/69.png,Azithrocin,Azithromycin Dihydrate,validation
data/metadata/Doctor’s Handwritten Prescription BD dataset/Validation/validation_words/70.png,Azyth,Azithromycin Dihydrate,validation
data/metadata/Doctor’s Handwritten Prescription BD dataset/Validation/validation_words/71.png,Azyth,Azithromycin Dihydrate,validation
data/metadata/Doctor’s Handwritten Prescription BD dataset/Validation/validation_words/72.png,Azyth,Azithromycin Dihydrate,validation
data/metadata/Doctor’s Handwritten Prescription BD dataset/Validation/validation_words/73.png,Azyth,Azithromycin Dihydrate,validation
data/metadata/Doctor’s Handwritten Prescription BD dataset/Validation/validation_words/74.png,Azyth,Azithromycin Dihydrate,validation
data/metadata/Doctor’s Handwritten Prescription BD dataset/Validation/validation_words/75.png,Azyth,Azithromycin Dihydrate,validation
data/metadata/Doctor’s Handwritten Prescription BD dataset/Validation/validation_words/76.png,Azyth,Azithromycin Dihydrate,validation
data/metadata/Doctor’s Handwritten Prescription BD dataset/Validation/validation_words/77.png,Azyth,Azithromycin Dihydrate,validation
data/metadata/Doctor’s Handwritten Prescription BD dataset/Validation/validation_words/78.png,Azyth,Azithromycin Dihydrate,validation
data/metadata/Doctor’s Handwritten Prescription BD dataset/Validation/validation_words/79.png,Azyth,Azithromycin Dihydrate,validation
data/metadata/Doctor’s Handwritten Prescription BD dataset/Validation/validation_words/80.png,Az,Azithromycin Dihydrate,validation
data/metadata/Doctor’s Handwritten Prescription BD dataset/Validation/validation_words/81.png,Az,Azithromycin Dihydrate,validation
data/metadata/Doctor’s Handwritten Prescription BD dataset/Validation/validation_words/82.png,Az,Azithromycin Dihydrate,validation
data/metadata/Doctor’s Handwritten Prescription BD dataset/Validation/validation_words/83.png,Az,Azithromycin Dihydrate,validation
data/metadata/Doctor’s Handwritten Prescription BD dataset/Validation/validation_words/84.png,Az,Azithromycin Dihydrate,validation
data/metadata/Doctor’s Handwritten Prescription BD dataset/Validation/validation_words/85.png,Az,Azithromycin Dihydrate,validation
data/metadata/Doctor’s Handwritten Prescription BD dataset/Validation/validation_words/86.png,Az,Azithromycin Dihydrate,validation
data/metadata/Doctor’s Handwritten Prescription BD dataset/Validation/validation_words/87.png,Az,Azithromycin Dihydrate,validation
data/metadata/Doctor’s Handwritten Prescription BD dataset/Validation/validation_words/88.png,Az,Azithromycin Dihydrate,validation
data/metadata/Doctor’s Handwritten Prescription BD dataset/Validation/validation_words/89.png,Az,Azithromycin Dihydrate,validation
data/metadata/Doctor’s Handwritten Prescription BD dataset/Validation/validation_words/90.png,Bacaid,Baclofen,validation
data/metadata/Doctor’s Handwritten Prescription BD dataset/Validation/validation_words/91.png,Bacaid,Baclofen,validation
data/metadata/Doctor’s Handwritten Prescription BD dataset/Validation/validation_words/92.png,Bacaid,Baclofen,validation
data/metadata/Doctor’s Handwritten Prescription BD dataset/Validation/validation_words/93.png,Bacaid,Baclofen,validation
data/metadata/Doctor’s Handwritten Prescription BD dataset/Validation/validation_words/94.png,Bacaid,Baclofen,validation
data/metadata/Doctor’s Handwritten Prescription BD dataset/Validation/validation_words/95.png,Bacaid,Baclofen,validation
data/metadata/Doctor’s Handwritten Prescription BD dataset/Validation/validation_words/96.png,Bacaid,Baclofen,validation
data/metadata/Doctor’s Handwritten Prescription BD dataset/Validation/validation_words/97.png,Bacaid,Baclofen,validation
data/metadata/Doctor’s Handwritten Prescription BD dataset/Validation/validation_words/98.png,Bacaid,Baclofen,validation
data/metadata/Doctor’s Handwritten Prescription BD dataset/Validation/validation_words/99.png,Bacaid,Baclofen,validation
data/metadata/Doctor’s Handwritten Prescription BD dataset/Validation/validation_words/100.png,Backtone,Baclofen,validation
data/metadata/Doctor’s Handwritten Prescription BD dataset/Validation/validation_words/101.png,Backtone,Baclofen,validation
data/metadata/Doctor’s Handwritten Prescription BD dataset/Validation/validation_words/102.png,Backtone,Baclofen,validation
data/metadata/Doctor’s Handwritten Prescription BD dataset/Validation/validation_words/103.png,Backtone,Baclofen,validation
data/metadata/Doctor’s Handwritten Prescription BD dataset/Validation/validation_words/104.png,Backtone,Baclofen,validation
data/metadata/Doctor’s Handwritten Prescription BD dataset/Validation/validation_words/105.png,Backtone,Baclofen,validation
data/metadata/Doctor’s Handwritten Prescription BD dataset/Validation/validation_words/106.png,Backtone,Baclofen,validation
data/metadata/Doctor’s Handwritten Prescription BD dataset/Validation/validation_words/107.png,Backtone,Baclofen,validation
data/metadata/Doctor’s Handwritten Prescription BD dataset/Validation/validation_words/108.png,Backtone,Baclofen,validation
data/metadata/Doctor’s Handwritten Prescription BD dataset/Validation/validation_words/109.png,Backtone,Baclofen,validation
data/metadata/Doctor’s Handwritten Prescription BD dataset/Validation/validation_words/110.png,Baclofen,Baclofen,validation
data/metadata/Doctor’s Handwritten Prescription BD dataset/Validation/validation_words/111.png,Baclofen,Baclofen,validation
data/metadata/Doctor’s Handwritten Prescription BD dataset/Validation/validation_words/112.png,Baclofen,Baclofen,validation
data/metadata/Doctor’s Handwritten Prescription BD dataset/Validation/validation_words/113.png,Baclofen,Baclofen,validation
data/metadata/Doctor’s Handwritten Prescription BD dataset/Validation/validation_words/114.png,Baclofen,Baclofen,validation
data/metadata/Doctor’s Handwritten Prescription BD dataset/Validation/validation_words/115.png,Baclofen,Baclofen,validation
data/metadata/Doctor’s Handwritten Prescription BD dataset/Validation/validation_words/116.png,Baclofen,Baclofen,validation
data/metadata/Doctor’s Handwritten Prescription BD dataset/Validation/validation_words/117.png,Baclofen,Baclofen,validation
data/metadata/Doctor’s Handwritten Prescription BD dataset/Validation/validation_words/118.png,Baclofen,Baclofen,validation
data/metadata/Doctor’s Handwritten Prescription BD dataset/Validation/validation_words/119.png,Baclofen,Baclofen,validation
data/metadata/Doctor’s Handwritten Prescription BD dataset/Validation/validation_words/120.png,Baclon,Baclofen,validation
data/metadata/Doctor’s Handwritten Prescription BD dataset/Validation/validation_words/121.png,Baclon,Baclofen,validation
data/metadata/Doctor’s Handwritten Prescription BD dataset/Validation/validation_words/122.png,Baclon,Baclofen,validation
data/metadata/Doctor’s Handwritten Prescription BD dataset/Validation/validation_words/123.png,Baclon,Baclofen,validation
data/metadata/Doctor’s Handwritten Prescription BD dataset/Validation/validation_words/124.png,Baclon,Baclofen,validation
data/metadata/Doctor’s Handwritten Prescription BD dataset/Validation/validation_words/125.png,Baclon,Baclofen,validation
data/metadata/Doctor’s Handwritten Prescription BD dataset/Validation/validation_words/126.png,Baclon,Baclofen,validation
data/metadata/Doctor’s Handwritten Prescription BD dataset/Validation/validation_words/127.png,Baclon,Baclofen,validation
data/metadata/Doctor’s Handwritten Prescription BD dataset/Validation/validation_words/128.png,Baclon,Baclofen,validation
data/metadata/Doctor’s Handwritten Prescription BD dataset/Validation/validation_words/129.png,Baclon,Baclofen,validation
data/metadata/Doctor’s Handwritten Prescription BD dataset/Validation/validation_words/130.png,Bacmax,Baclofen,validation
data/metadata/Doctor’s Handwritten Prescription BD dataset/Validation/validation_words/131.png,Bacmax,Baclofen,validation
data/metadata/Doctor’s Handwritten Prescription BD dataset/Validation/validation_words/132.png,Bacmax,Baclofen,validation
data/metadata/Doctor’s Handwritten Prescription BD dataset/Validation/validation_words/133.png,Bacmax,Baclofen,validation
data/metadata/Doctor’s Handwritten Prescription BD dataset/Validation/validation_words/134.png,Bacmax,Baclofen,validation
data/metadata/Doctor’s Handwritten Prescription BD dataset/Validation/validation_words/135.png,Bacmax,Baclofen,validation
data/metadata/Doctor’s Handwritten Prescription BD dataset/Validation/validation_words/136.png,Bacmax,Baclofen,validation
data/metadata/Doctor’s Handwritten Prescription BD dataset/Validation/validation_words/137.png,Bacmax,Baclofen,validation
data/metadata/Doctor’s Handwritten Prescription BD dataset/Validation/validation_words/138.png,Bacmax,Baclofen,validation
data/metadata/Doctor’s Handwritten Prescription BD dataset/Validation/validation_words/139.png,Bacmax,Baclofen,validation
data/metadata/Doctor’s Handwritten Prescription BD dataset/Validation/validation_words/140.png,Beklo,Baclofen,validation
data/metadata/Doctor’s Handwritten Prescription BD dataset/Validation/validation_words/141.png,Beklo,Baclofen,validation
data/metadata/Doctor’s Handwritten Prescription BD dataset/Validation/validation_words/142.png,Beklo,Baclofen,validation
data/metadata/Doctor’s Handwritten Prescription BD dataset/Validation/validation_words/143.png,Beklo,Baclofen,validation
data/metadata/Doctor’s Handwritten Prescription BD dataset/Validation/validation_words/144.png,Beklo,Baclofen,validation
data/metadata/Doctor’s Handwritten Prescription BD dataset/Validation/validation_words/145.png,Beklo,Baclofen,validation
data/metadata/Doctor’s Handwritten Prescription BD dataset/Validation/validation_words/146.png,Beklo,Baclofen,validation
data/metadata/Doctor’s Handwritten Prescription BD dataset/Validation/validation_words/147.png,Beklo,Baclofen,validation
data/metadata/Doctor’s Handwritten Prescription BD dataset/Validation/validation_words/148.png,Beklo,Baclofen,validation
data/metadata/Doctor’s Handwritten Prescription BD dataset/Validation/validation_words/149.png,Beklo,Baclofen,validation
data/metadata/Doctor’s Handwritten Prescription BD dataset/Validation/validation_words/150.png,Bicozin,Vitamin B Complex + Zinc,validation
data/metadata/Doctor’s Handwritten Prescription BD dataset/Validation/validation_words/151.png,Bicozin,Vitamin B Complex + Zinc,validation
data/metadata/Doctor’s Handwritten Prescription BD dataset/Validation/validation_words/152.png,Bicozin,Vitamin B Complex + Zinc,validation
data/metadata/Doctor’s Handwritten Prescription BD dataset/Validation/validation_words/153.png,Bicozin,Vitamin B Complex + Zinc,validation
data/metadata/Doctor’s Handwritten Prescription BD dataset/Validation/validation_words/154.png,Bicozin,Vitamin B Complex + Zinc,validation
data/metadata/Doctor’s Handwritten Prescription BD dataset/Validation/validation_words/155.png,Bicozin,Vitamin B Complex + Zinc,validation
data/metadata/Doctor’s Handwritten Prescription BD dataset/Validation/validation_words/156.png,Bicozin,Vitamin B Complex + Zinc,validation
data/metadata/Doctor’s Handwritten Prescription BD dataset/Validation/validation_words/157.png,Bicozin,Vitamin B Complex + Zinc,validation
data/metadata/Doctor’s Handwritten Prescription BD dataset/Validation/validation_words/158.png,Bicozin,Vitamin B Complex + Zinc,validation
data/metadata/Doctor’s Handwritten Prescription BD dataset/Validation/validation_words/159.png,Bicozin,Vitamin B Complex + Zinc,validation
data/metadata/Doctor’s Handwritten Prescription BD dataset/Validation/validation_words/160.png,Canazole,Fluconazole,validation
data/metadata/Doctor’s Handwritten Prescription BD dataset/Validation/validation_words/161.png,Canazole,Fluconazole,validation
data/metadata/Doctor’s Handwritten Prescription BD dataset/Validation/validation_words/162.png,Canazole,Fluconazole,validation
data/metadata/Doctor’s Handwritten Prescription BD dataset/Validation/validation_words/163.png,Canazole,Fluconazole,validation
data/metadata/Doctor’s Handwritten Prescription BD dataset/Validation/validation_words/164.png,Canazole,Fluconazole,validation
data/metadata/Doctor’s Handwritten Prescription BD dataset/Validation/validation_words/165.png,Canazole,Fluconazole,validation
data/metadata/Doctor’s Handwritten Prescription BD dataset/Validation/validation_words/166.png,Canazole,Fluconazole,validation
data/metadata/Doctor’s Handwritten Prescription BD dataset/Validation/validation_words/167.png,Canazole,Fluconazole,validation
data/metadata/Doctor’s Handwritten Prescription BD dataset/Validation/validation_words/168.png,Canazole,Fluconazole,validation
data/metadata/Doctor’s Handwritten Prescription BD dataset/Validation/validation_words/169.png,Canazole,Fluconazole,validation
data/metadata/Doctor’s Handwritten Prescription BD dataset/Validation/validation_words/170.png,Candinil,Fluconazole,validation
data/metadata/Doctor’s Handwritten Prescription BD dataset/Validation/validation_words/171.png,Candinil,Fluconazole,validation
data/metadata/Doctor’s Handwritten Prescription BD dataset/Validation/validation_words/172.png,Candinil,Fluconazole,validation
data/metadata/Doctor’s Handwritten Prescription BD dataset/Validation/validation_words/173.png,Candinil,Fluconazole,validation
data/metadata/Doctor’s Handwritten Prescription BD dataset/Validation/validation_words/174.png,Candinil,Fluconazole,validation
data/metadata/Doctor’s Handwritten Prescription BD dataset/Validation/validation_words/175.png,Candinil,Fluconazole,validation
data/metadata/Doctor’s Handwritten Prescription BD dataset/Validation/validation_words/176.png,Candinil,Fluconazole,validation
data/metadata/Doctor’s Handwritten Prescription BD dataset/Validation/validation_words/177.png,Candinil,Fluconazole,validation
data/metadata/Doctor’s Handwritten Prescription BD dataset/Validation/validation_words/178.png,Candinil,Fluconazole,validation
data/metadata/Doctor’s Handwritten Prescription BD dataset/Validation/validation_words/179.png,Candinil,Fluconazole,validation
data/metadata/Doctor’s Handwritten Prescription BD dataset/Validation/validation_words/180.png,Cetisoft,Cetirizine Hydrochloride,validation
data/metadata/Doctor’s Handwritten Prescription BD dataset/Validation/validation_words/181.png,Cetisoft,Cetirizine Hydrochloride,validation
data/metadata/Doctor’s Handwritten Prescription BD dataset/Validation/validation_words/182.png,Cetisoft,Cetirizine Hydrochloride,validation
data/metadata/Doctor’s Handwritten Prescription BD dataset/Validation/validation_words/183.png,Cetisoft,Cetirizine Hydrochloride,validation
data/metadata/Doctor’s Handwritten Prescription BD dataset/Validation/validation_words/184.png,Cetisoft,Cetirizine Hydrochloride,validation
data/metadata/Doctor’s Handwritten Prescription BD dataset/Validation/validation_words/185.png,Cetisoft,Cetirizine Hydrochloride,validation
data/metadata/Doctor’s Handwritten Prescription BD dataset/Validation/validation_words/186.png,Cetisoft,Cetirizine Hydrochloride,validation
data/metadata/Doctor’s Handwritten Prescription BD dataset/Validation/validation_words/187.png,Cetisoft,Cetirizine Hydrochloride,validation
data/metadata/Doctor’s Handwritten Prescription BD dataset/Validation/validation_words/188.png,Cetisoft,Cetirizine Hydrochloride,validation
data/metadata/Doctor’s Handwritten Prescription BD dataset/Validation/validation_words/189.png,Cetisoft,Cetirizine Hydrochloride,validation
data/metadata/Doctor’s Handwritten Prescription BD dataset/Validation/validation_words/190.png,Conaz,Fluconazole,validation
data/metadata/Doctor’s Handwritten Prescription BD dataset/Validation/validation_words/191.png,Conaz,Fluconazole,validation
data/metadata/Doctor’s Handwritten Prescription BD dataset/Validation/validation_words/192.png,Conaz,Fluconazole,validation
data/metadata/Doctor’s Handwritten Prescription BD dataset/Validation/validation_words/193.png,Conaz,Fluconazole,validation
data/metadata/Doctor’s Handwritten Prescription BD dataset/Validation/validation_words/194.png,Conaz,Fluconazole,validation
data/metadata/Doctor’s Handwritten Prescription BD dataset/Validation/validation_words/195.png,Conaz,Fluconazole,validation
data/metadata/Doctor’s Handwritten Prescription BD dataset/Validation/validation_words/196.png,Conaz,Fluconazole,validation
data/metadata/Doctor’s Handwritten Prescription BD dataset/Validation/validation_words/197.png,Conaz,Fluconazole,validation
data/metadata/Doctor’s Handwritten Prescription BD dataset/Validation/validation_words/198.png,Conaz,Fluconazole,validation
data/metadata/Doctor’s Handwritten Prescription BD dataset/Validation/validation_words/199.png,Conaz,Fluconazole,validation
data/metadata/Doctor’s Handwritten Prescription BD dataset/Validation/validation_words/200.png,Dancel,Ketoconazole (Shampoo),validation
data/metadata/Doctor’s Handwritten Prescription BD dataset/Validation/validation_words/201.png,Dancel,Ketoconazole (Shampoo),validation
data/metadata/Doctor’s Handwritten Prescription BD dataset/Validation/validation_words/202.png,Dancel,Ketoconazole (Shampoo),validation
data/metadata/Doctor’s Handwritten Prescription BD dataset/Validation/validation_words/203.png,Dancel,Ketoconazole (Shampoo),validation
data/metadata/Doctor’s Handwritten Prescription BD dataset/Validation/validation_words/204.png,Dancel,Ketoconazole (Shampoo),validation
data/metadata/Doctor’s Handwritten Prescription BD dataset/Validation/validation_words/205.png,Dancel,Ketoconazole (Shampoo),validation
data/metadata/Doctor’s Handwritten Prescription BD dataset/Validation/validation_words/206.png,Dancel,Ketoconazole (Shampoo),validation
data/metadata/Doctor’s Handwritten Prescription BD dataset/Validation/validation_words/207.png,Dancel,Ketoconazole (Shampoo),validation
data/metadata/Doctor’s Handwritten Prescription BD dataset/Validation/validation_words/208.png,Dancel,Ketoconazole (Shampoo),validation
data/metadata/Doctor’s Handwritten Prescription BD dataset/Validation/validation_words/209.png,Dancel,Ketoconazole (Shampoo),validation
data/metadata/Doctor’s Handwritten Prescription BD dataset/Validation/validation_words/210.png,Denixil,Clonazepam,validation
data/metadata/Doctor’s Handwritten Prescription BD dataset/Validation/validation_words/211.png,Denixil,Clonazepam,validation
data/metadata/Doctor’s Handwritten Prescription BD dataset/Validation/validation_words/212.png,Denixil,Clonazepam,validation
data/metadata/Doctor’s Handwritten Prescription BD dataset/Validation/validation_words/213.png,Denixil,Clonazepam,validation
data/metadata/Doctor’s Handwritten Prescription BD dataset/Validation/validation_words/214.png,Denixil,Clonazepam,validation
data/metadata/Doctor’s Handwritten Prescription BD dataset/Validation/validation_words/215.png,Denixil,Clonazepam,validation
data/metadata/Doctor’s Handwritten Prescription BD dataset/Validation/validation_words/216.png,Denixil,Clonazepam,validation
data/metadata/Doctor’s Handwritten Prescription BD dataset/Validation/validation_words/217.png,Denixil,Clonazepam,validation
data/metadata/Doctor’s Handwritten Prescription BD dataset/Validation/validation_words/218.png,Denixil,Clonazepam,validation
data/metadata/Doctor’s Handwritten Prescription BD dataset/Validation/validation_words/219.png,Denixil,Clonazepam,validation
data/metadata/Doctor’s Handwritten Prescription BD dataset/Validation/validation_words/220.png,Diflu,Fluconazole,validation
data/metadata/Doctor’s Handwritten Prescription BD dataset/Validation/validation_words/221.png,Diflu,Fluconazole,validation
data/metadata/Doctor’s Handwritten Prescription BD dataset/Validation/validation_words/222.png,Diflu,Fluconazole,validation
data/metadata/Doctor’s Handwritten Prescription BD dataset/Validation/validation_words/223.png,Diflu,Fluconazole,validation
data/metadata/Doctor’s Handwritten Prescription BD dataset/Validation/validation_words/224.png,Diflu,Fluconazole,validation
data/metadata/Doctor’s Handwritten Prescription BD dataset/Validation/validation_words/225.png,Diflu,Fluconazole,validation
data/metadata/Doctor’s Handwritten Prescription BD dataset/Validation/validation_words/226.png,Diflu,Fluconazole,validation
data/metadata/Doctor’s Handwritten Prescription BD dataset/Validation/validation_words/227.png,Diflu,Fluconazole,validation
data/metadata/Doctor’s Handwritten Prescription BD dataset/Validation/validation_words/228.png,Diflu,Fluconazole,validation
data/metadata/Doctor’s Handwritten Prescription BD dataset/Validation/validation_words/229.png,Diflu,Fluconazole,validation
data/metadata/Doctor’s Handwritten Prescription BD dataset/Validation/validation_words/230.png,Dinafex,Fexofenadine Hydrochloride,validation
data/metadata/Doctor’s Handwritten Prescription BD dataset/Validation/validation_words/231.png,Dinafex,Fexofenadine Hydrochloride,validation
data/metadata/Doctor’s Handwritten Prescription BD dataset/Validation/validation_words/232.png,Dinafex,Fexofenadine Hydrochloride,validation
data/metadata/Doctor’s Handwritten Prescription BD dataset/Validation/validation_words/233.png,Dinafex,Fexofenadine Hydrochloride,validation
data/metadata/Doctor’s Handwritten Prescription BD dataset/Validation/validation_words/234.png,Dinafex,Fexofenadine Hydrochloride,validation
data/metadata/Doctor’s Handwritten Prescription BD dataset/Validation/validation_words/235.png,Dinafex,Fexofenadine Hydrochloride,validation
data/metadata/Doctor’s Handwritten Prescription BD dataset/Validation/validation_words/236.png,Dinafex,Fexofenadine Hydrochloride,validation
data/metadata/Doctor’s Handwritten Prescription BD dataset/Validation/validation_words/237.png,Dinafex,Fexofenadine Hydrochloride,validation
data/metadata/Doctor’s Handwritten Prescription BD dataset/Validation/validation_words/238.png,Dinafex,Fexofenadine Hydrochloride,validation
data/metadata/Doctor’s Handwritten Prescription BD dataset/Validation/validation_words/239.png,Dinafex,Fexofenadine Hydrochloride,validation
data/metadata/Doctor’s Handwritten Prescription BD dataset/Validation/validation_words/240.png,Disopan,Clonazepam,validation
data/metadata/Doctor’s Handwritten Prescription BD dataset/Validation/validation_words/241.png,Disopan,Clonazepam,validation
data/metadata/Doctor’s Handwritten Prescription BD dataset/Validation/validation_words/242.png,Disopan,Clonazepam,validation
data/metadata/Doctor’s Handwritten Prescription BD dataset/Validation/validation_words/243.png,Disopan,Clonazepam,validation
data/metadata/Doctor’s Handwritten Prescription BD dataset/Validation/validation_words/244.png,Disopan,Clonazepam,validation
data/metadata/Doctor’s Handwritten Prescription BD dataset/Validation/validation_words/245.png,Disopan,Clonazepam,validation
data/metadata/Doctor’s Handwritten Prescription BD dataset/Validation/validation_words/246.png,Disopan,Clonazepam,validation
data/metadata/Doctor’s Handwritten Prescription BD dataset/Validation/validation_words/247.png,Disopan,Clonazepam,validation
data/metadata/Doctor’s Handwritten Prescription BD dataset/Validation/validation_words/248.png,Disopan,Clonazepam,validation
data/metadata/Doctor’s Handwritten Prescription BD dataset/Validation/validation_words/249.png,Disopan,Clonazepam,validation
data/metadata/Doctor’s Handwritten Prescription BD dataset/Validation/validation_words/250.png,Esonix,Esomeprazole,validation
data/metadata/Doctor’s Handwritten Prescription BD dataset/Validation/validation_words/251.png,Esonix,Esomeprazole,validation
data/metadata/Doctor’s Handwritten Prescription BD dataset/Validation/validation_words/252.png,Esonix,Esomeprazole,validation
data/metadata/Doctor’s Handwritten Prescription BD dataset/Validation/validation_words/253.png,Esonix,Esomeprazole,validation
data/metadata/Doctor’s Handwritten Prescription BD dataset/Validation/validation_words/254.png,Esonix,Esomeprazole,validation
data/metadata/Doctor’s Handwritten Prescription BD dataset/Validation/validation_words/255.png,Esonix,Esomeprazole,validation
data/metadata/Doctor’s Handwritten Prescription BD dataset/Validation/validation_words/256.png,Esonix,Esomeprazole,validation
data/metadata/Doctor’s Handwritten Prescription BD dataset/Validation/validation_words/257.png,Esonix,Esomeprazole,validation
data/metadata/Doctor’s Handwritten Prescription BD dataset/Validation/validation_words/258.png,Esonix,Esomeprazole,validation
data/metadata/Doctor’s Handwritten Prescription BD dataset/Validation/validation_words/259.png,Esonix,Esomeprazole,validation
data/metadata/Doctor’s Handwritten Prescription BD dataset/Validation/validation_words/260.png,Esoral,Esomeprazole,validation
data/metadata/Doctor’s Handwritten Prescription BD dataset/Validation/validation_words/261.png,Esoral,Esomeprazole,validation
data/metadata/Doctor’s Handwritten Prescription BD dataset/Validation/validation_words/262.png,Esoral,Esomeprazole,validation
data/metadata/Doctor’s Handwritten Prescription BD dataset/Validation/validation_words/263.png,Esoral,Esomeprazole,validation
data/metadata/Doctor’s Handwritten Prescription BD dataset/Validation/validation_words/264.png,Esoral,Esomeprazole,validation
data/metadata/Doctor’s Handwritten Prescription BD dataset/Validation/validation_words/265.png,Esoral,Esomeprazole,validation
data/metadata/Doctor’s Handwritten Prescription BD dataset/Validation/validation_words/266.png,Esoral,Esomeprazole,validation
data/metadata/Doctor’s Handwritten Prescription BD dataset/Validation/validation_words/267.png,Esoral,Esomeprazole,validation
data/metadata/Doctor’s Handwritten Prescription BD dataset/Validation/validation_words/268.png,Esoral,Esomeprazole,validation
data/metadata/Doctor’s Handwritten Prescription BD dataset/Validation/validation_words/269.png,Esoral,Esomeprazole,validation
data/metadata/Doctor’s Handwritten Prescription BD dataset/Validation/validation_words/270.png,Etizin,Cetirizine Hydrochloride,validation
data/metadata/Doctor’s Handwritten Prescription BD dataset/Validation/validation_words/271.png,Etizin,Cetirizine Hydrochloride,validation
data/metadata/Doctor’s Handwritten Prescription BD dataset/Validation/validation_words/272.png,Etizin,Cetirizine Hydrochloride,validation
data/metadata/Doctor’s Handwritten Prescription BD dataset/Validation/validation_words/273.png,Etizin,Cetirizine Hydrochloride,validation
data/metadata/Doctor’s Handwritten Prescription BD dataset/Validation/validation_words/274.png,Etizin,Cetirizine Hydrochloride,validation
data/metadata/Doctor’s Handwritten Prescription BD dataset/Validation/validation_words/275.png,Etizin,Cetirizine Hydrochloride,validation
data/metadata/Doctor’s Handwritten Prescription BD dataset/Validation/validation_words/276.png,Etizin,Cetirizine Hydrochloride,validation
data/metadata/Doctor’s Handwritten Prescription BD dataset/Validation/validation_words/277.png,Etizin,Cetirizine Hydrochloride,validation
data/metadata/Doctor’s Handwritten Prescription BD dataset/Validation/validation_words/278.png,Etizin,Cetirizine Hydrochloride,validation
data/metadata/Doctor’s Handwritten Prescription BD dataset/Validation/validation_words/279.png,Etizin,Cetirizine Hydrochloride,validation
data/metadata/Doctor’s Handwritten Prescription BD dataset/Validation/validation_words/280.png,Exium,Esomeprazole,validation
data/metadata/Doctor’s Handwritten Prescription BD dataset/Validation/validation_words/281.png,Exium,Esomeprazole,validation
data/metadata/Doctor’s Handwritten Prescription BD dataset/Validation/validation_words/282.png,Exium,Esomeprazole,validation
data/metadata/Doctor’s Handwritten Prescription BD dataset/Validation/validation_words/283.png,Exium,Esomeprazole,validation
data/metadata/Doctor’s Handwritten Prescription BD dataset/Validation/validation_words/284.png,Exium,Esomeprazole,validation
data/metadata/Doctor’s Handwritten Prescription BD dataset/Validation/validation_words/285.png,Exium,Esomeprazole,validation
data/metadata/Doctor’s Handwritten Prescription BD dataset/Validation/validation_words/286.png,Exium,Esomeprazole,validation
data/metadata/Doctor’s Handwritten Prescription BD dataset/Validation/validation_words/287.png,Exium,Esomeprazole,validation
data/metadata/Doctor’s Handwritten Prescription BD dataset/Validation/validation_words/288.png,Exium,Esomeprazole,validation
data/metadata/Doctor’s Handwritten Prescription BD dataset/Validation/validation_words/289.png,Exium,Esomeprazole,validation
data/metadata/Doctor’s Handwritten Prescription BD dataset/Validation/validation_words/290.png,Fenadin,Fexofenadine Hydrochloride,validation
data/metadata/Doctor’s Handwritten Prescription BD dataset/Validation/validation_words/291.png,Fenadin,Fexofenadine Hydrochloride,validation
data/metadata/Doctor’s Handwritten Prescription BD dataset/Validation/validation_words/292.png,Fenadin,Fexofenadine Hydrochloride,validation
data/metadata/Doctor’s Handwritten Prescription BD dataset/Validation/validation_words/293.png,Fenadin,Fexofenadine Hydrochloride,validation
data/metadata/Doctor’s Handwritten Prescription BD dataset/Validation/validation_words/294.png,Fenadin,Fexofenadine Hydrochloride,validation
data/metadata/Doctor’s Handwritten Prescription BD dataset/Validation/validation_words/295.png,Fenadin,Fexofenadine Hydrochloride,validation
data/metadata/Doctor’s Handwritten Prescription BD dataset/Validation/validation_words/296.png,Fenadin,Fexofenadine Hydrochloride,validation
data/metadata/Doctor’s Handwritten Prescription BD dataset/Validation/validation_words/297.png,Fenadin,Fexofenadine Hydrochloride,validation
data/metadata/Doctor’s Handwritten Prescription BD dataset/Validation/validation_words/298.png,Fenadin,Fexofenadine Hydrochloride,validation
data/metadata/Doctor’s Handwritten Prescription BD dataset/Validation/validation_words/299.png,Fenadin,Fexofenadine Hydrochloride,validation
data/metadata/Doctor’s Handwritten Prescription BD dataset/Validation/validation_words/300.png,Fexofast,Fexofenadine Hydrochloride,validation
data/metadata/Doctor’s Handwritten Prescription BD dataset/Validation/validation_words/301.png,Fexofast,Fexofenadine Hydrochloride,validation
data/metadata/Doctor’s Handwritten Prescription BD dataset/Validation/validation_words/302.png,Fexofast,Fexofenadine Hydrochloride,validation
data/metadata/Doctor’s Handwritten Prescription BD dataset/Validation/validation_words/303.png,Fexofast,Fexofenadine Hydrochloride,validation
data/metadata/Doctor’s Handwritten Prescription BD dataset/Validation/validation_words/304.png,Fexofast,Fexofenadine Hydrochloride,validation
data/metadata/Doctor’s Handwritten Prescription BD dataset/Validation/validation_words/305.png,Fexofast,Fexofenadine Hydrochloride,validation
data/metadata/Doctor’s Handwritten Prescription BD dataset/Validation/validation_words/306.png,Fexofast,Fexofenadine Hydrochloride,validation
data/metadata/Doctor’s Handwritten Prescription BD dataset/Validation/validation_words/307.png,Fexofast,Fexofenadine Hydrochloride,validation
data/metadata/Doctor’s Handwritten Prescription BD dataset/Validation/validation_words/308.png,Fexofast,Fexofenadine Hydrochloride,validation
data/metadata/Doctor’s Handwritten Prescription BD dataset/Validation/validation_words/309.png,Fexofast,Fexofenadine Hydrochloride,validation
data/metadata/Doctor’s Handwritten Prescription BD dataset/Validation/validation_words/310.png,Fexo,Fexofenadine Hydrochloride,validation
data/metadata/Doctor’s Handwritten Prescription BD dataset/Validation/validation_words/311.png,Fexo,Fexofenadine Hydrochloride,validation
data/metadata/Doctor’s Handwritten Prescription BD dataset/Validation/validation_words/312.png,Fexo,Fexofenadine Hydrochloride,validation
data/metadata/Doctor’s Handwritten Prescription BD dataset/Validation/validation_words/313.png,Fexo,Fexofenadine Hydrochloride,validation
data/metadata/Doctor’s Handwritten Prescription BD dataset/Validation/validation_words/314.png,Fexo,Fexofenadine Hydrochloride,validation
data/metadata/Doctor’s Handwritten Prescription BD dataset/Validation/validation_words/315.png,Fexo,Fexofenadine Hydrochloride,validation
data/metadata/Doctor’s Handwritten Prescription BD dataset/Validation/validation_words/316.png,Fexo,Fexofenadine Hydrochloride,validation
data/metadata/Doctor’s Handwritten Prescription BD dataset/Validation/validation_words/317.png,Fexo,Fexofenadine Hydrochloride,validation
data/metadata/Doctor’s Handwritten Prescription BD dataset/Validation/validation_words/318.png,Fexo,Fexofenadine Hydrochloride,validation
data/metadata/Doctor’s Handwritten Prescription BD dataset/Validation/validation_words/319.png,Fexo,Fexofenadine Hydrochloride,validation
data/metadata/Doctor’s Handwritten Prescription BD dataset/Validation/validation_words/320.png,Filmet,Metronidazole,validation
data/metadata/Doctor’s Handwritten Prescription BD dataset/Validation/validation_words/321.png,Filmet,Metronidazole,validation
data/metadata/Doctor’s Handwritten Prescription BD dataset/Validation/validation_words/322.png,Filmet,Metronidazole,validation
data/metadata/Doctor’s Handwritten Prescription BD dataset/Validation/validation_words/323.png,Filmet,Metronidazole,validation
data/metadata/Doctor’s Handwritten Prescription BD dataset/Validation/validation_words/324.png,Filmet,Metronidazole,validation
data/metadata/Doctor’s Handwritten Prescription BD dataset/Validation/validation_words/325.png,Filmet,Metronidazole,validation
data/metadata/Doctor’s Handwritten Prescription BD dataset/Validation/validation_words/326.png,Filmet,Metronidazole,validation
data/metadata/Doctor’s Handwritten Prescription BD dataset/Validation/validation_words/327.png,Filmet,Metronidazole,validation
data/metadata/Doctor’s Handwritten Prescription BD dataset/Validation/validation_words/328.png,Filmet,Metronidazole,validation
data/metadata/Doctor’s Handwritten Prescription BD dataset/Validation/validation_words/329.png,Filmet,Metronidazole,validation
data/metadata/Doctor’s Handwritten Prescription BD dataset/Validation/validation_words/330.png,Fixal,Fexofenadine Hydrochloride,validation
data/metadata/Doctor’s Handwritten Prescription BD dataset/Validation/validation_words/331.png,Fixal,Fexofenadine Hydrochloride,validation
data/metadata/Doctor’s Handwritten Prescription BD dataset/Validation/validation_words/332.png,Fixal,Fexofenadine Hydrochloride,validation
data/metadata/Doctor’s Handwritten Prescription BD dataset/Validation/validation_words/333.png,Fixal,Fexofenadine Hydrochloride,validation
data/metadata/Doctor’s Handwritten Prescription BD dataset/Validation/validation_words/334.png,Fixal,Fexofenadine Hydrochloride,validation
data/metadata/Doctor’s Handwritten Prescription BD dataset/Validation/validation_words/335.png,Fixal,Fexofenadine Hydrochloride,validation
data/metadata/Doctor’s Handwritten Prescription BD dataset/Validation/validation_words/336.png,Fixal,Fexofenadine Hydrochloride,validation
data/metadata/Doctor’s Handwritten Prescription BD dataset/Validation/validation_words/337.png,Fixal,Fexofenadine Hydrochloride,validation
data/metadata/Doctor’s Handwritten Prescription BD dataset/Validation/validation_words/338.png,Fixal,Fexofenadine Hydrochloride,validation
data/metadata/Doctor’s Handwritten Prescription BD dataset/Validation/validation_words/339.png,Fixal,Fexofenadine Hydrochloride,validation
data/metadata/Doctor’s Handwritten Prescription BD dataset/Validation/validation_words/340.png,Flamyd,Metronidazole,validation
data/metadata/Doctor’s Handwritten Prescription BD dataset/Validation/validation_words/341.png,Flamyd,Metronidazole,validation
data/metadata/Doctor’s Handwritten Prescription BD dataset/Validation/validation_words/342.png,Flamyd,Metronidazole,validation
data/metadata/Doctor’s Handwritten Prescription BD dataset/Validation/validation_words/343.png,Flamyd,Metronidazole,validation
data/metadata/Doctor’s Handwritten Prescription BD dataset/Validation/validation_words/344.png,Flamyd,Metronidazole,validation
data/metadata/Doctor’s Handwritten Prescription BD dataset/Validation/validation_words/345.png,Flamyd,Metronidazole,validation
data/metadata/Doctor’s Handwritten Prescription BD dataset/Validation/validation_words/346.png,Flamyd,Metronidazole,validation
data/metadata/Doctor’s Handwritten Prescription BD dataset/Validation/validation_words/347.png,Flamyd,Metronidazole,validation
data/metadata/Doctor’s Handwritten Prescription BD dataset/Validation/validation_words/348.png,Flamyd,Metronidazole,validation
data/metadata/Doctor’s Handwritten Prescription BD dataset/Validation/validation_words/349.png,Flamyd,Metronidazole,validation
data/metadata/Doctor’s Handwritten Prescription BD dataset/Validation/validation_words/350.png,Flexibac,Baclofen,validation
data/metadata/Doctor’s Handwritten Prescription BD dataset/Validation/validation_words/351.png,Flexibac,Baclofen,validation
data/metadata/Doctor’s Handwritten Prescription BD dataset/Validation/validation_words/352.png,Flexibac,Baclofen,validation
data/metadata/Doctor’s Handwritten Prescription BD dataset/Validation/validation_words/353.png,Flexibac,Baclofen,validation
data/metadata/Doctor’s Handwritten Prescription BD dataset/Validation/validation_words/354.png,Flexibac,Baclofen,validation
data/metadata/Doctor’s Handwritten Prescription BD dataset/Validation/validation_words/355.png,Flexibac,Baclofen,validation
data/metadata/Doctor’s Handwritten Prescription BD dataset/Validation/validation_words/356.png,Flexibac,Baclofen,validation
data/metadata/Doctor’s Handwritten Prescription BD dataset/Validation/validation_words/357.png,Flexibac,Baclofen,validation
data/metadata/Doctor’s Handwritten Prescription BD dataset/Validation/validation_words/358.png,Flexibac,Baclofen,validation
data/metadata/Doctor’s Handwritten Prescription BD dataset/Validation/validation_words/359.png,Flexibac,Baclofen,validation
data/metadata/Doctor’s Handwritten Prescription BD dataset/Validation/validation_words/360.png,Flexilax,Baclofen,validation
data/metadata/Doctor’s Handwritten Prescription BD dataset/Validation/validation_words/361.png,Flexilax,Baclofen,validation
data/metadata/Doctor’s Handwritten Prescription BD dataset/Validation/validation_words/362.png,Flexilax,Baclofen,validation
data/metadata/Doctor’s Handwritten Prescription BD dataset/Validation/validation_words/363.png,Flexilax,Baclofen,validation
data/metadata/Doctor’s Handwritten Prescription BD dataset/Validation/validation_words/364.png,Flexilax,Baclofen,validation
data/metadata/Doctor’s Handwritten Prescription BD dataset/Validation/validation_words/365.png,Flexilax,Baclofen,validation
data/metadata/Doctor’s Handwritten Prescription BD dataset/Validation/validation_words/366.png,Flexilax,Baclofen,validation
data/metadata/Doctor’s Handwritten Prescription BD dataset/Validation/validation_words/367.png,Flexilax,Baclofen,validation
data/metadata/Doctor’s Handwritten Prescription BD dataset/Validation/validation_words/368.png,Flexilax,Baclofen,validation
data/metadata/Doctor’s Handwritten Prescription BD dataset/Validation/validation_words/369.png,Flexilax,Baclofen,validation
data/metadata/Doctor’s Handwritten Prescription BD dataset/Validation/validation_words/370.png,Flugal,Fluconazole,validation
data/metadata/Doctor’s Handwritten Prescription BD dataset/Validation/validation_words/371.png,Flugal,Fluconazole,validation
data/metadata/Doctor’s Handwritten Prescription BD dataset/Validation/validation_words/372.png,Flugal,Fluconazole,validation
data/metadata/Doctor’s Handwritten Prescription BD dataset/Validation/validation_words/373.png,Flugal,Fluconazole,validation
data/metadata/Doctor’s Handwritten Prescription BD dataset/Validation/validation_words/374.png,Flugal,Fluconazole,validation
data/metadata/Doctor’s Handwritten Prescription BD dataset/Validation/validation_words/375.png,Flugal,Fluconazole,validation
data/metadata/Doctor’s Handwritten Prescription BD dataset/Validation/validation_words/376.png,Flugal,Fluconazole,validation
data/metadata/Doctor’s Handwritten Prescription BD dataset/Validation/validation_words/377.png,Flugal,Fluconazole,validation
data/metadata/Doctor’s Handwritten Prescription BD dataset/Validation/validation_words/378.png,Flugal,Fluconazole,validation
data/metadata/Doctor’s Handwritten Prescription BD dataset/Validation/validation_words/379.png,Flugal,Fluconazole,validation
data/metadata/Doctor’s Handwritten Prescription BD dataset/Validation/validation_words/380.png,Ketocon,Ketoconazole (Shampoo),validation
data/metadata/Doctor’s Handwritten Prescription BD dataset/Validation/validation_words/381.png,Ketocon,Ketoconazole (Shampoo),validation
data/metadata/Doctor’s Handwritten Prescription BD dataset/Validation/validation_words/382.png,Ketocon,Ketoconazole (Shampoo),validation
data/metadata/Doctor’s Handwritten Prescription BD dataset/Validation/validation_words/383.png,Ketocon,Ketoconazole (Shampoo),validation
data/metadata/Doctor’s Handwritten Prescription BD dataset/Validation/validation_words/384.png,Ketocon,Ketoconazole (Shampoo),validation
data/metadata/Doctor’s Handwritten Prescription BD dataset/Validation/validation_words/385.png,Ketocon,Ketoconazole (Shampoo),validation
data/metadata/Doctor’s Handwritten Prescription BD dataset/Validation/validation_words/386.png,Ketocon,Ketoconazole (Shampoo),validation
data/metadata/Doctor’s Handwritten Prescription BD dataset/Validation/validation_words/387.png,Ketocon,Ketoconazole (Shampoo),validation
data/metadata/Doctor’s Handwritten Prescription BD dataset/Validation/validation_words/388.png,Ketocon,Ketoconazole (Shampoo),validation
data/metadata/Doctor’s Handwritten Prescription BD dataset/Validation/validation_words/389.png,Ketocon,Ketoconazole (Shampoo),validation
data/metadata/Doctor’s Handwritten Prescription BD dataset/Validation/validation_words/390.png,Ketoral,Ketoconazole (Tablet),validation
data/metadata/Doctor’s Handwritten Prescription BD dataset/Validation/validation_words/391.png,Ketoral,Ketoconazole (Tablet),validation
data/metadata/Doctor’s Handwritten Prescription BD dataset/Validation/validation_words/392.png,Ketoral,Ketoconazole (Tablet),validation
data/metadata/Doctor’s Handwritten Prescription BD dataset/Validation/validation_words/393.png,Ketoral,Ketoconazole (Tablet),validation
data/metadata/Doctor’s Handwritten Prescription BD dataset/Validation/validation_words/394.png,Ketoral,Ketoconazole (Tablet),validation
data/metadata/Doctor’s Handwritten Prescription BD dataset/Validation/validation_words/395.png,Ketoral,Ketoconazole (Tablet),validation
data/metadata/Doctor’s Handwritten Prescription BD dataset/Validation/validation_words/396.png,Ketoral,Ketoconazole (Tablet),validation
data/metadata/Doctor’s Handwritten Prescription BD dataset/Validation/validation_words/397.png,Ketoral,Ketoconazole (Tablet),validation
data/metadata/Doctor’s Handwritten Prescription BD dataset/Validation/validation_words/398.png,Ketoral,Ketoconazole (Tablet),validation
data/metadata/Doctor’s Handwritten Prescription BD dataset/Validation/validation_words/399.png,Ketoral,Ketoconazole (Tablet),validation
data/metadata/Doctor’s Handwritten Prescription BD dataset/Validation/validation_words/400.png,Ketotab,Ketoconazole (Tablet),validation
data/metadata/Doctor’s Handwritten Prescription BD dataset/Validation/validation_words/401.png,Ketotab,Ketoconazole (Tablet),validation
data/metadata/Doctor’s Handwritten Prescription BD dataset/Validation/validation_words/402.png,Ketotab,Ketoconazole (Tablet),validation
data/metadata/Doctor’s Handwritten Prescription BD dataset/Validation/validation_words/403.png,Ketotab,Ketoconazole (Tablet),validation
data/metadata/Doctor’s Handwritten Prescription BD dataset/Validation/validation_words/404.png,Ketotab,Ketoconazole (Tablet),validation
data/metadata/Doctor’s Handwritten Prescription BD dataset/Validation/validation_words/405.png,Ketotab,Ketoconazole (Tablet),validation
data/metadata/Doctor’s Handwritten Prescription BD dataset/Validation/validation_words/406.png,Ketotab,Ketoconazole (Tablet),validation
data/metadata/Doctor’s Handwritten Prescription BD dataset/Validation/validation_words/407.png,Ketotab,Ketoconazole (Tablet),validation
data/metadata/Doctor’s Handwritten Prescription BD dataset/Validation/validation_words/408.png,Ketotab,Ketoconazole (Tablet),validation
data/metadata/Doctor’s Handwritten Prescription BD dataset/Validation/validation_words/409.png,Ketotab,Ketoconazole (Tablet),validation
data/metadata/Doctor’s Handwritten Prescription BD dataset/Validation/validation_words/410.png,Ketozol,Ketoconazole (Shampoo),validation
data/metadata/Doctor’s Handwritten Prescription BD dataset/Validation/validation_words/411.png,Ketozol,Ketoconazole (Shampoo),validation
data/metadata/Doctor’s Handwritten Prescription BD dataset/Validation/validation_words/412.png,Ketozol,Ketoconazole (Shampoo),validation
data/metadata/Doctor’s Handwritten Prescription BD dataset/Validation/validation_words/413.png,Ketozol,Ketoconazole (Shampoo),validation
data/metadata/Doctor’s Handwritten Prescription BD dataset/Validation/validation_words/414.png,Ketozol,Ketoconazole (Shampoo),validation
data/metadata/Doctor’s Handwritten Prescription BD dataset/Validation/validation_words/415.png,Ketozol,Ketoconazole (Shampoo),validation
data/metadata/Doctor’s Handwritten Prescription BD dataset/Validation/validation_words/416.png,Ketozol,Ketoconazole (Shampoo),validation
data/metadata/Doctor’s Handwritten Prescription BD dataset/Validation/validation_words/417.png,Ketozol,Ketoconazole (Shampoo),validation
data/metadata/Doctor’s Handwritten Prescription BD dataset/Validation/validation_words/418.png,Ketozol,Ketoconazole (Shampoo),validation
data/metadata/Doctor’s Handwritten Prescription BD dataset/Validation/validation_words/419.png,Ketozol,Ketoconazole (Shampoo),validation
data/metadata/Doctor’s Handwritten Prescription BD dataset/Validation/validation_words/420.png,Leptic,Clonazepam,validation
data/metadata/Doctor’s Handwritten Prescription BD dataset/Validation/validation_words/421.png,Leptic,Clonazepam,validation
data/metadata/Doctor’s Handwritten Prescription BD dataset/Validation/validation_words/422.png,Leptic,Clonazepam,validation
data/metadata/Doctor’s Handwritten Prescription BD dataset/Validation/validation_words/423.png,Leptic,Clonazepam,validation
data/metadata/Doctor’s Handwritten Prescription BD dataset/Validation/validation_words/424.png,Leptic,Clonazepam,validation
data/metadata/Doctor’s Handwritten Prescription BD dataset/Validation/validation_words/425.png,Leptic,Clonazepam,validation
data/metadata/Doctor’s Handwritten Prescription BD dataset/Validation/validation_words/426.png,Leptic,Clonazepam,validation
data/metadata/Doctor’s Handwritten Prescription BD dataset/Validation/validation_words/427.png,Leptic,Clonazepam,validation
data/metadata/Doctor’s Handwritten Prescription BD dataset/Validation/validation_words/428.png,Leptic,Clonazepam,validation
data/metadata/Doctor’s Handwritten Prescription BD dataset/Validation/validation_words/429.png,Leptic,Clonazepam,validation
data/metadata/Doctor’s Handwritten Prescription BD dataset/Validation/validation_words/430.png,Lucan-R,Fluconazole,validation
data/metadata/Doctor’s Handwritten Prescription BD dataset/Validation/validation_words/431.png,Lucan-R,Fluconazole,validation
data/metadata/Doctor’s Handwritten Prescription BD dataset/Validation/validation_words/432.png,Lucan-R,Fluconazole,validation
data/metadata/Doctor’s Handwritten Prescription BD dataset/Validation/validation_words/433.png,Lucan-R,Fluconazole,validation
data/metadata/Doctor’s Handwritten Prescription BD dataset/Validation/validation_words/434.png,Lucan-R,Fluconazole,validation
data/metadata/Doctor’s Handwritten Prescription BD dataset/Validation/validation_words/435.png,Lucan-R,Fluconazole,validation
data/metadata/Doctor’s Handwritten Prescription BD dataset/Validation/validation_words/436.png,Lucan-R,Fluconazole,validation
data/metadata/Doctor’s Handwritten Prescription BD dataset/Validation/validation_words/437.png,Lucan-R,Fluconazole,validation
data/metadata/Doctor’s Handwritten Prescription BD dataset/Validation/validation_words/438.png,Lucan-R,Fluconazole,validation
data/metadata/Doctor’s Handwritten Prescription BD dataset/Validation/validation_words/439.png,Lucan-R,Fluconazole,validation
data/metadata/Doctor’s Handwritten Prescription BD dataset/Validation/validation_words/440.png,Lumona,Montelukast Sodium,validation
data/metadata/Doctor’s Handwritten Prescription BD dataset/Validation/validation_words/441.png,Lumona,Montelukast Sodium,validation
data/metadata/Doctor’s Handwritten Prescription BD dataset/Validation/validation_words/442.png,Lumona,Montelukast Sodium,validation
data/metadata/Doctor’s Handwritten Prescription BD dataset/Validation/validation_words/443.png,Lumona,Montelukast Sodium,validation
data/metadata/Doctor’s Handwritten Prescription BD dataset/Validation/validation_words/444.png,Lumona,Montelukast Sodium,validation
data/metadata/Doctor’s Handwritten Prescription BD dataset/Validation/validation_words/445.png,Lumona,Montelukast Sodium,validation
data/metadata/Doctor’s Handwritten Prescription BD dataset/Validation/validation_words/446.png,Lumona,Montelukast Sodium,validation
data/metadata/Doctor’s Handwritten Prescription BD dataset/Validation/validation_words/447.png,Lumona,Montelukast Sodium,validation
data/metadata/Doctor’s Handwritten Prescription BD dataset/Validation/validation_words/448.png,Lumona,Montelukast Sodium,validation
data/metadata/Doctor’s Handwritten Prescription BD dataset/Validation/validation_words/449.png,Lumona,Montelukast Sodium,validation
data/metadata/Doctor’s Handwritten Prescription BD dataset/Validation/validation_words/450.png,M-Kast,Montelukast Sodium,validation
data/metadata/Doctor’s Handwritten Prescription BD dataset/Validation/validation_words/451.png,M-Kast,Montelukast Sodium,validation
data/metadata/Doctor’s Handwritten Prescription BD dataset/Validation/validation_words/452.png,M-Kast,Montelukast Sodium,validation
data/metadata/Doctor’s Handwritten Prescription BD dataset/Validation/validation_words/453.png,M-Kast,Montelukast Sodium,validation
data/metadata/Doctor’s Handwritten Prescription BD dataset/Validation/validation_words/454.png,M-Kast,Montelukast Sodium,validation
data/metadata/Doctor’s Handwritten Prescription BD dataset/Validation/validation_words/455.png,M-Kast,Montelukast Sodium,validation
data/metadata/Doctor’s Handwritten Prescription BD dataset/Validation/validation_words/456.png,M-Kast,Montelukast Sodium,validation
data/metadata/Doctor’s Handwritten Prescription BD dataset/Validation/validation_words/457.png,M-Kast,Montelukast Sodium,validation
data/metadata/Doctor’s Handwritten Prescription BD dataset/Validation/validation_words/458.png,M-Kast,Montelukast Sodium,validation
data/metadata/Doctor’s Handwritten Prescription BD dataset/Validation/validation_words/459.png,M-Kast,Montelukast Sodium,validation
data/metadata/Doctor’s Handwritten Prescription BD dataset/Validation/validation_words/460.png,Maxima,Esomeprazole,validation
data/metadata/Doctor’s Handwritten Prescription BD dataset/Validation/validation_words/461.png,Maxima,Esomeprazole,validation
data/metadata/Doctor’s Handwritten Prescription BD dataset/Validation/validation_words/462.png,Maxima,Esomeprazole,validation
data/metadata/Doctor’s Handwritten Prescription BD dataset/Validation/validation_words/463.png,Maxima,Esomeprazole,validation
data/metadata/Doctor’s Handwritten Prescription BD dataset/Validation/validation_words/464.png,Maxima,Esomeprazole,validation
data/metadata/Doctor’s Handwritten Prescription BD dataset/Validation/validation_words/465.png,Maxima,Esomeprazole,validation
data/metadata/Doctor’s Handwritten Prescription BD dataset/Validation/validation_words/466.png,Maxima,Esomeprazole,validation
data/metadata/Doctor’s Handwritten Prescription BD dataset/Validation/validation_words/467.png,Maxima,Esomeprazole,validation
data/metadata/Doctor’s Handwritten Prescription BD dataset/Validation/validation_words/468.png,Maxima,Esomeprazole,validation
data/metadata/Doctor’s Handwritten Prescription BD dataset/Validation/validation_words/469.png,Maxima,Esomeprazole,validation
data/metadata/Doctor’s Handwritten Prescription BD dataset/Validation/validation_words/470.png,Maxpro,Esomeprazole,validation
data/metadata/Doctor’s Handwritten Prescription BD dataset/Validation/validation_words/471.png,Maxpro,Esomeprazole,validation
data/metadata/Doctor’s Handwritten Prescription BD dataset/Validation/validation_words/472.png,Maxpro,Esomeprazole,validation
data/metadata/Doctor’s Handwritten Prescription BD dataset/Validation/validation_words/473.png,Maxpro,Esomeprazole,validation
data/metadata/Doctor’s Handwritten Prescription BD dataset/Validation/validation_words/474.png,Maxpro,Esomeprazole,validation
data/metadata/Doctor’s Handwritten Prescription BD dataset/Validation/validation_words/475.png,Maxpro,Esomeprazole,validation
data/metadata/Doctor’s Handwritten Prescription BD dataset/Validation/validation_words/476.png,Maxpro,Esomeprazole,validation
data/metadata/Doctor’s Handwritten Prescription BD dataset/Validation/validation_words/477.png,Maxpro,Esomeprazole,validation
data/metadata/Doctor’s Handwritten Prescription BD dataset/Validation/validation_words/478.png,Maxpro,Esomeprazole,validation
data/metadata/Doctor’s Handwritten Prescription BD dataset/Validation/validation_words/479.png,Maxpro,Esomeprazole,validation
data/metadata/Doctor’s Handwritten Prescription BD dataset/Validation/validation_words/480.png,Metro,Metronidazole,validation
data/metadata/Doctor’s Handwritten Prescription BD dataset/Validation/validation_words/481.png,Metro,Metronidazole,validation
data/metadata/Doctor’s Handwritten Prescription BD dataset/Validation/validation_words/482.png,Metro,Metronidazole,validation
data/metadata/Doctor’s Handwritten Prescription BD dataset/Validation/validation_words/483.png,Metro,Metronidazole,validation
data/metadata/Doctor’s Handwritten Prescription BD dataset/Validation/validation_words/484.png,Metro,Metronidazole,validation
data/metadata/Doctor’s Handwritten Prescription BD dataset/Validation/validation_words/485.png,Metro,Metronidazole,validation
data/metadata/Doctor’s Handwritten Prescription BD dataset/Validation/validation_words/486.png,Metro,Metronidazole,validation
data/metadata/Doctor’s Handwritten Prescription BD dataset/Validation/validation_words/487.png,Metro,Metronidazole,validation
data/metadata/Doctor’s Handwritten Prescription BD dataset/Validation/validation_words/488.png,Metro,Metronidazole,validation
data/metadata/Doctor’s Handwritten Prescription BD dataset/Validation/validation_words/489.png,Metro,Metronidazole,validation
data/metadata/Doctor’s Handwritten Prescription BD dataset/Validation/validation_words/490.png,Metsina,Metronidazole,validation
data/metadata/Doctor’s Handwritten Prescription BD dataset/Validation/validation_words/491.png,Metsina,Metronidazole,validation
data/metadata/Doctor’s Handwritten Prescription BD dataset/Validation/validation_words/492.png,Metsina,Metronidazole,validation
data/metadata/Doctor’s Handwritten Prescription BD dataset/Validation/validation_words/493.png,Metsina,Metronidazole,validation
data/metadata/Doctor’s Handwritten Prescription BD dataset/Validation/validation_words/494.png,Metsina,Metronidazole,validation
data/metadata/Doctor’s Handwritten Prescription BD dataset/Validation/validation_words/495.png,Metsina,Metronidazole,validation
data/metadata/Doctor’s Handwritten Prescription BD dataset/Validation/validation_words/496.png,Metsina,Metronidazole,validation
data/metadata/Doctor’s Handwritten Prescription BD dataset/Validation/validation_words/497.png,Metsina,Metronidazole,validation
data/metadata/Doctor’s Handwritten Prescription BD dataset/Validation/validation_words/498.png,Metsina,Metronidazole,validation
data/metadata/Doctor’s Handwritten Prescription BD dataset/Validation/validation_words/499.png,Metsina,Metronidazole,validation
data/metadata/Doctor’s Handwritten Prescription BD dataset/Validation/validation_words/500.png,Monas,Montelukast Sodium,validation
data/metadata/Doctor’s Handwritten Prescription BD dataset/Validation/validation_words/501.png,Monas,Montelukast Sodium,validation
data/metadata/Doctor’s Handwritten Prescription BD dataset/Validation/validation_words/502.png,Monas,Montelukast Sodium,validation
data/metadata/Doctor’s Handwritten Prescription BD dataset/Validation/validation_words/503.png,Monas,Montelukast Sodium,validation
data/metadata/Doctor’s Handwritten Prescription BD dataset/Validation/validation_words/504.png,Monas,Montelukast Sodium,validation
data/metadata/Doctor’s Handwritten Prescription BD dataset/Validation/validation_words/505.png,Monas,Montelukast Sodium,validation
data/metadata/Doctor’s Handwritten Prescription BD dataset/Validation/validation_words/506.png,Monas,Montelukast Sodium,validation
data/metadata/Doctor’s Handwritten Prescription BD dataset/Validation/validation_words/507.png,Monas,Montelukast Sodium,validation
data/metadata/Doctor’s Handwritten Prescription BD dataset/Validation/validation_words/508.png,Monas,Montelukast Sodium,validation
data/metadata/Doctor’s Handwritten Prescription BD dataset/Validation/validation_words/509.png,Monas,Montelukast Sodium,validation
data/metadata/Doctor’s Handwritten Prescription BD dataset/Validation/validation_words/510.png,Montair,Montelukast Sodium,validation
data/metadata/Doctor’s Handwritten Prescription BD dataset/Validation/validation_words/511.png,Montair,Montelukast Sodium,validation
data/metadata/Doctor’s Handwritten Prescription BD dataset/Validation/validation_words/512.png,Montair,Montelukast Sodium,validation
data/metadata/Doctor’s Handwritten Prescription BD dataset/Validation/validation_words/513.png,Montair,Montelukast Sodium,validation
data/metadata/Doctor’s Handwritten Prescription BD dataset/Validation/validation_words/514.png,Montair,Montelukast Sodium,validation
data/metadata/Doctor’s Handwritten Prescription BD dataset/Validation/validation_words/515.png,Montair,Montelukast Sodium,validation
data/metadata/Doctor’s Handwritten Prescription BD dataset/Validation/validation_words/516.png,Montair,Montelukast Sodium,validation
data/metadata/Doctor’s Handwritten Prescription BD dataset/Validation/validation_words/517.png,Montair,Montelukast Sodium,validation
data/metadata/Doctor’s Handwritten Prescription BD dataset/Validation/validation_words/518.png,Montair,Montelukast Sodium,validation
data/metadata/Doctor’s Handwritten Prescription BD dataset/Validation/validation_words/519.png,Montair,Montelukast Sodium,validation
data/metadata/Doctor’s Handwritten Prescription BD dataset/Validation/validation_words/520.png,Montene,Montelukast Sodium,validation
data/metadata/Doctor’s Handwritten Prescription BD dataset/Validation/validation_words/521.png,Montene,Montelukast Sodium,validation
data/metadata/Doctor’s Handwritten Prescription BD dataset/Validation/validation_words/522.png,Montene,Montelukast Sodium,validation
data/metadata/Doctor’s Handwritten Prescription BD dataset/Validation/validation_words/523.png,Montene,Montelukast Sodium,validation
data/metadata/Doctor’s Handwritten Prescription BD dataset/Validation/validation_words/524.png,Montene,Montelukast Sodium,validation
data/metadata/Doctor’s Handwritten Prescription BD dataset/Validation/validation_words/525.png,Montene,Montelukast Sodium,validation
data/metadata/Doctor’s Handwritten Prescription BD dataset/Validation/validation_words/526.png,Montene,Montelukast Sodium,validation
data/metadata/Doctor’s Handwritten Prescription BD dataset/Validation/validation_words/527.png,Montene,Montelukast Sodium,validation
data/metadata/Doctor’s Handwritten Prescription BD dataset/Validation/validation_words/528.png,Montene,Montelukast Sodium,validation
data/metadata/Doctor’s Handwritten Prescription BD dataset/Validation/validation_words/529.png,Montene,Montelukast Sodium,validation
data/metadata/Doctor’s Handwritten Prescription BD dataset/Validation/validation_words/530.png,Montex,Montelukast Sodium,validation
data/metadata/Doctor’s Handwritten Prescription BD dataset/Validation/validation_words/531.png,Montex,Montelukast Sodium,validation
data/metadata/Doctor’s Handwritten Prescription BD dataset/Validation/validation_words/532.png,Montex,Montelukast Sodium,validation
data/metadata/Doctor’s Handwritten Prescription BD dataset/Validation/validation_words/533.png,Montex,Montelukast Sodium,validation
data/metadata/Doctor’s Handwritten Prescription BD dataset/Validation/validation_words/534.png,Montex,Montelukast Sodium,validation
data/metadata/Doctor’s Handwritten Prescription BD dataset/Validation/validation_words/535.png,Montex,Montelukast Sodium,validation
data/metadata/Doctor’s Handwritten Prescription BD dataset/Validation/validation_words/536.png,Montex,Montelukast Sodium,validation
data/metadata/Doctor’s Handwritten Prescription BD dataset/Validation/validation_words/537.png,Montex,Montelukast Sodium,validation
data/metadata/Doctor’s Handwritten Prescription BD dataset/Validation/validation_words/538.png,Montex,Montelukast Sodium,validation
data/metadata/Doctor’s Handwritten Prescription BD dataset/Validation/validation_words/539.png,Montex,Montelukast Sodium,validation
data/metadata/Doctor’s Handwritten Prescription BD dataset/Validation/validation_words/540.png,Napa Extend,Paracetamol,validation
data/metadata/Doctor’s Handwritten Prescription BD dataset/Validation/validation_words/541.png,Napa Extend,Paracetamol,validation
data/metadata/Doctor’s Handwritten Prescription BD dataset/Validation/validation_words/542.png,Napa Extend,Paracetamol,validation
data/metadata/Doctor’s Handwritten Prescription BD dataset/Validation/validation_words/543.png,Napa Extend,Paracetamol,validation
data/metadata/Doctor’s Handwritten Prescription BD dataset/Validation/validation_words/544.png,Napa Extend,Paracetamol,validation
data/metadata/Doctor’s Handwritten Prescription BD dataset/Validation/validation_words/545.png,Napa Extend,Paracetamol,validation
data/metadata/Doctor’s Handwritten Prescription BD dataset/Validation/validation_words/546.png,Napa Extend,Paracetamol,validation
data/metadata/Doctor’s Handwritten Prescription BD dataset/Validation/validation_words/547.png,Napa Extend,Paracetamol,validation
data/metadata/Doctor’s Handwritten Prescription BD dataset/Validation/validation_words/548.png,Napa Extend,Paracetamol,validation
data/metadata/Doctor’s Handwritten Prescription BD dataset/Validation/validation_words/549.png,Napa Extend,Paracetamol,validation
data/metadata/Doctor’s Handwritten Prescription BD dataset/Validation/validation_words/550.png,Napa,Paracetamol,validation
data/metadata/Doctor’s Handwritten Prescription BD dataset/Validation/validation_words/551.png,Napa,Paracetamol,validation
data/metadata/Doctor’s Handwritten Prescription BD dataset/Validation/validation_words/552.png,Napa,Paracetamol,validation
data/metadata/Doctor’s Handwritten Prescription BD dataset/Validation/validation_words/553.png,Napa,Paracetamol,validation
data/metadata/Doctor’s Handwritten Prescription BD dataset/Validation/validation_words/554.png,Napa,Paracetamol,validation
data/metadata/Doctor’s Handwritten Prescription BD dataset/Validation/validation_words/555.png,Napa,Paracetamol,validation
data/metadata/Doctor’s Handwritten Prescription BD dataset/Validation/validation_words/556.png,Napa,Paracetamol,validation
data/metadata/Doctor’s Handwritten Prescription BD dataset/Validation/validation_words/557.png,Napa,Paracetamol,validation
data/metadata/Doctor’s Handwritten Prescription BD dataset/Validation/validation_words/558.png,Napa,Paracetamol,validation
data/metadata/Doctor’s Handwritten Prescription BD dataset/Validation/validation_words/559.png,Napa,Paracetamol,validation
data/metadata/Doctor’s Handwritten Prescription BD dataset/Validation/validation_words/560.png,Nexcap,Esomeprazole,validation
data/metadata/Doctor’s Handwritten Prescription BD dataset/Validation/validation_words/561.png,Nexcap,Esomeprazole,validation
data/metadata/Doctor’s Handwritten Prescription BD dataset/Validation/validation_words/562.png,Nexcap,Esomeprazole,validation
data/metadata/Doctor’s Handwritten Prescription BD dataset/Validation/validation_words/563.png,Nexcap,Esomeprazole,validation
data/metadata/Doctor’s Handwritten Prescription BD dataset/Validation/validation_words/564.png,Nexcap,Esomeprazole,validation
data/metadata/Doctor’s Handwritten Prescription BD dataset/Validation/validation_words/565.png,Nexcap,Esomeprazole,validation
data/metadata/Doctor’s Handwritten Prescription BD dataset/Validation/validation_words/566.png,Nexcap,Esomeprazole,validation
data/metadata/Doctor’s Handwritten Prescription BD dataset/Validation/validation_words/567.png,Nexcap,Esomeprazole,validation
data/metadata/Doctor’s Handwritten Prescription BD dataset/Validation/validation_words/568.png,Nexcap,Esomeprazole,validation
data/metadata/Doctor’s Handwritten Prescription BD dataset/Validation/validation_words/569.png,Nexcap,Esomeprazole,validation
data/metadata/Doctor’s Handwritten Prescription BD dataset/Validation/validation_words/570.png,Nexum,Esomeprazole,validation
data/metadata/Doctor’s Handwritten Prescription BD dataset/Validation/validation_words/571.png,Nexum,Esomeprazole,validation
data/metadata/Doctor’s Handwritten Prescription BD dataset/Validation/validation_words/572.png,Nexum,Esomeprazole,validation
data/metadata/Doctor’s Handwritten Prescription BD dataset/Validation/validation_words/573.png,Nexum,Esomeprazole,validation
data/metadata/Doctor’s Handwritten Prescription BD dataset/Validation/validation_words/574.png,Nexum,Esomeprazole,validation
data/metadata/Doctor’s Handwritten Prescription BD dataset/Validation/validation_words/575.png,Nexum,Esomeprazole,validation
data/metadata/Doctor’s Handwritten Prescription BD dataset/Validation/validation_words/576.png,Nexum,Esomeprazole,validation
data/metadata/Doctor’s Handwritten Prescription BD dataset/Validation/validation_words/577.png,Nexum,Esomeprazole,validation
data/metadata/Doctor’s Handwritten Prescription BD dataset/Validation/validation_words/578.png,Nexum,Esomeprazole,validation
data/metadata/Doctor’s Handwritten Prescription BD dataset/Validation/validation_words/579.png,Nexum,Esomeprazole,validation
data/metadata/Doctor’s Handwritten Prescription BD dataset/Validation/validation_words/580.png,Nidazyl,Metronidazole,validation
data/metadata/Doctor’s Handwritten Prescription BD dataset/Validation/validation_words/581.png,Nidazyl,Metronidazole,validation
data/metadata/Doctor’s Handwritten Prescription BD dataset/Validation/validation_words/582.png,Nidazyl,Metronidazole,validation
data/metadata/Doctor’s Handwritten Prescription BD dataset/Validation/validation_words/583.png,Nidazyl,Metronidazole,validation
data/metadata/Doctor’s Handwritten Prescription BD dataset/Validation/validation_words/584.png,Nidazyl,Metronidazole,validation
data/metadata/Doctor’s Handwritten Prescription BD dataset/Validation/validation_words/585.png,Nidazyl,Metronidazole,validation
data/metadata/Doctor’s Handwritten Prescription BD dataset/Validation/validation_words/586.png,Nidazyl,Metronidazole,validation
data/metadata/Doctor’s Handwritten Prescription BD dataset/Validation/validation_words/587.png,Nidazyl,Metronidazole,validation
data/metadata/Doctor’s Handwritten Prescription BD dataset/Validation/validation_words/588.png,Nidazyl,Metronidazole,validation
data/metadata/Doctor’s Handwritten Prescription BD dataset/Validation/validation_words/589.png,Nidazyl,Metronidazole,validation
data/metadata/Doctor’s Handwritten Prescription BD dataset/Validation/validation_words/590.png,Nizoder,Ketoconazole (Cream),validation
data/metadata/Doctor’s Handwritten Prescription BD dataset/Validation/validation_words/591.png,Nizoder,Ketoconazole (Cream),validation
data/metadata/Doctor’s Handwritten Prescription BD dataset/Validation/validation_words/592.png,Nizoder,Ketoconazole (Cream),validation
data/metadata/Doctor’s Handwritten Prescription BD dataset/Validation/validation_words/593.png,Nizoder,Ketoconazole (Cream),validation
data/metadata/Doctor’s Handwritten Prescription BD dataset/Validation/validation_words/594.png,Nizoder,Ketoconazole (Cream),validation
data/metadata/Doctor’s Handwritten Prescription BD dataset/Validation/validation_words/595.png,Nizoder,Ketoconazole (Cream),validation
data/metadata/Doctor’s Handwritten Prescription BD dataset/Validation/validation_words/596.png,Nizoder,Ketoconazole (Cream),validation
data/metadata/Doctor’s Handwritten Prescription BD dataset/Validation/validation_words/597.png,Nizoder,Ketoconazole (Cream),validation
data/metadata/Doctor’s Handwritten Prescription BD dataset/Validation/validation_words/598.png,Nizoder,Ketoconazole (Cream),validation
data/metadata/Doctor’s Handwritten Prescription BD dataset/Validation/validation_words/599.png,Nizoder,Ketoconazole (Cream),validation
data/metadata/Doctor’s Handwritten Prescription BD dataset/Validation/validation_words/600.png,Odmon,Montelukast Sodium,validation
data/metadata/Doctor’s Handwritten Prescription BD dataset/Validation/validation_words/601.png,Odmon,Montelukast Sodium,validation
data/metadata/Doctor’s Handwritten Prescription BD dataset/Validation/validation_words/602.png,Odmon,Montelukast Sodium,validation
data/metadata/Doctor’s Handwritten Prescription BD dataset/Validation/validation_words/603.png,Odmon,Montelukast Sodium,validation
data/metadata/Doctor’s Handwritten Prescription BD dataset/Validation/validation_words/604.png,Odmon,Montelukast Sodium,validation
data/metadata/Doctor’s Handwritten Prescription BD dataset/Validation/validation_words/605.png,Odmon,Montelukast Sodium,validation
data/metadata/Doctor’s Handwritten Prescription BD dataset/Validation/validation_words/606.png,Odmon,Montelukast Sodium,validation
data/metadata/Doctor’s Handwritten Prescription BD dataset/Validation/validation_words/607.png,Odmon,Montelukast Sodium,validation
data/metadata/Doctor’s Handwritten Prescription BD dataset/Validation/validation_words/608.png,Odmon,Montelukast Sodium,validation
data/metadata/Doctor’s Handwritten Prescription BD dataset/Validation/validation_words/609.png,Odmon,Montelukast Sodium,validation
data/metadata/Doctor’s Handwritten Prescription BD dataset/Validation/validation_words/610.png,Omastin,Fluconazole,validation
data/metadata/Doctor’s Handwritten Prescription BD dataset/Validation/validation_words/611.png,Omastin,Fluconazole,validation
data/metadata/Doctor’s Handwritten Prescription BD dataset/Validation/validation_words/612.png,Omastin,Fluconazole,validation
data/metadata/Doctor’s Handwritten Prescription BD dataset/Validation/validation_words/613.png,Omastin,Fluconazole,validation
data/metadata/Doctor’s Handwritten Prescription BD dataset/Validation/validation_words/614.png,Omastin,Fluconazole,validation
data/metadata/Doctor’s Handwritten Prescription BD dataset/Validation/validation_words/615.png,Omastin,Fluconazole,validation
data/metadata/Doctor’s Handwritten Prescription BD dataset/Validation/validation_words/616.png,Omastin,Fluconazole,validation
data/metadata/Doctor’s Handwritten Prescription BD dataset/Validation/validation_words/617.png,Omastin,Fluconazole,validation
data/metadata/Doctor’s Handwritten Prescription BD dataset/Validation/validation_words/618.png,Omastin,Fluconazole,validation
data/metadata/Doctor’s Handwritten Prescription BD dataset/Validation/validation_words/619.png,Omastin,Fluconazole,validation
data/metadata/Doctor’s Handwritten Prescription BD dataset/Validation/validation_words/620.png,Opton,Esomeprazole,validation
data/metadata/Doctor’s Handwritten Prescription BD dataset/Validation/validation_words/621.png,Opton,Esomeprazole,validation
data/metadata/Doctor’s Handwritten Prescription BD dataset/Validation/validation_words/622.png,Opton,Esomeprazole,validation
data/metadata/Doctor’s Handwritten Prescription BD dataset/Validation/validation_words/623.png,Opton,Esomeprazole,validation
data/metadata/Doctor’s Handwritten Prescription BD dataset/Validation/validation_words/624.png,Opton,Esomeprazole,validation
data/metadata/Doctor’s Handwritten Prescription BD dataset/Validation/validation_words/625.png,Opton,Esomeprazole,validation
data/metadata/Doctor’s Handwritten Prescription BD dataset/Validation/validation_words/626.png,Opton,Esomeprazole,validation
data/metadata/Doctor’s Handwritten Prescription BD dataset/Validation/validation_words/627.png,Opton,Esomeprazole,validation
data/metadata/Doctor’s Handwritten Prescription BD dataset/Validation/validation_words/628.png,Opton,Esomeprazole,validation
data/metadata/Doctor’s Handwritten Prescription BD dataset/Validation/validation_words/629.png,Opton,Esomeprazole,validation
data/metadata/Doctor’s Handwritten Prescription BD dataset/Validation/validation_words/630.png,Progut,Esomeprazole,validation
data/metadata/Doctor’s Handwritten Prescription BD dataset/Validation/validation_words/631.png,Progut,Esomeprazole,validation
data/metadata/Doctor’s Handwritten Prescription BD dataset/Validation/validation_words/632.png,Progut,Esomeprazole,validation
data/metadata/Doctor’s Handwritten Prescription BD dataset/Validation/validation_words/633.png,Progut,Esomeprazole,validation
data/metadata/Doctor’s Handwritten Prescription BD dataset/Validation/validation_words/634.png,Progut,Esomeprazole,validation
data/metadata/Doctor’s Handwritten Prescription BD dataset/Validation/validation_words/635.png,Progut,Esomeprazole,validation
data/metadata/Doctor’s Handwritten Prescription BD dataset/Validation/validation_words/636.png,Progut,Esomeprazole,validation
data/metadata/Doctor’s Handwritten Prescription BD dataset/Validation/validation_words/637.png,Progut,Esomeprazole,validation
data/metadata/Doctor’s Handwritten Prescription BD dataset/Validation/validation_words/638.png,Progut,Esomeprazole,validation
data/metadata/Doctor’s Handwritten Prescription BD dataset/Validation/validation_words/639.png,Progut,Esomeprazole,validation
data/metadata/Doctor’s Handwritten Prescription BD dataset/Validation/validation_words/640.png,Provair,Montelukast Sodium,validation
data/metadata/Doctor’s Handwritten Prescription BD dataset/Validation/validation_words/641.png,Provair,Montelukast Sodium,validation
data/metadata/Doctor’s Handwritten Prescription BD dataset/Validation/validation_words/642.png,Provair,Montelukast Sodium,validation
data/metadata/Doctor’s Handwritten Prescription BD dataset/Validation/validation_words/643.png,Provair,Montelukast Sodium,validation
data/metadata/Doctor’s Handwritten Prescription BD dataset/Validation/validation_words/644.png,Provair,Montelukast Sodium,validation
data/metadata/Doctor’s Handwritten Prescription BD dataset/Validation/validation_words/645.png,Provair,Montelukast Sodium,validation
data/metadata/Doctor’s Handwritten Prescription BD dataset/Validation/validation_words/646.png,Provair,Montelukast Sodium,validation
data/metadata/Doctor’s Handwritten Prescription BD dataset/Validation/validation_words/647.png,Provair,Montelukast Sodium,validation
data/metadata/Doctor’s Handwritten Prescription BD dataset/Validation/validation_words/648.png,Provair,Montelukast Sodium,validation
data/metadata/Doctor’s Handwritten Prescription BD dataset/Validation/validation_words/649.png,Provair,Montelukast Sodium,validation
data/metadata/Doctor’s Handwritten Prescription BD dataset/Validation/validation_words/650.png,Renova,Paracetamol,validation
data/metadata/Doctor’s Handwritten Prescription BD dataset/Validation/validation_words/651.png,Renova,Paracetamol,validation
data/metadata/Doctor’s Handwritten Prescription BD dataset/Validation/validation_words/652.png,Renova,Paracetamol,validation
data/metadata/Doctor’s Handwritten Prescription BD dataset/Validation/validation_words/653.png,Renova,Paracetamol,validation
data/metadata/Doctor’s Handwritten Prescription BD dataset/Validation/validation_words/654.png,Renova,Paracetamol,validation
data/metadata/Doctor’s Handwritten Prescription BD dataset/Validation/validation_words/655.png,Renova,Paracetamol,validation
data/metadata/Doctor’s Handwritten Prescription BD dataset/Validation/validation_words/656.png,Renova,Paracetamol,validation
data/metadata/Doctor’s Handwritten Prescription BD dataset/Validation/validation_words/657.png,Renova,Paracetamol,validation
data/metadata/Doctor’s Handwritten Prescription BD dataset/Validation/validation_words/658.png,Renova,Paracetamol,validation
data/metadata/Doctor’s Handwritten Prescription BD dataset/Validation/validation_words/659.png,Renova,Paracetamol,validation
data/metadata/Doctor’s Handwritten Prescription BD dataset/Validation/validation_words/660.png,Rhinil,Cetirizine Hydrochloride,validation
data/metadata/Doctor’s Handwritten Prescription BD dataset/Validation/validation_words/661.png,Rhinil,Cetirizine Hydrochloride,validation
data/metadata/Doctor’s Handwritten Prescription BD dataset/Validation/validation_words/662.png,Rhinil,Cetirizine Hydrochloride,validation
data/metadata/Doctor’s Handwritten Prescription BD dataset/Validation/validation_words/663.png,Rhinil,Cetirizine Hydrochloride,validation
data/metadata/Doctor’s Handwritten Prescription BD dataset/Validation/validation_words/664.png,Rhinil,Cetirizine Hydrochloride,validation
data/metadata/Doctor’s Handwritten Prescription BD dataset/Validation/validation_words/665.png,Rhinil,Cetirizine Hydrochloride,validation
data/metadata/Doctor’s Handwritten Prescription BD dataset/Validation/validation_words/666.png,Rhinil,Cetirizine Hydrochloride,validation
data/metadata/Doctor’s Handwritten Prescription BD dataset/Validation/validation_words/667.png,Rhinil,Cetirizine Hydrochloride,validation
data/metadata/Doctor’s Handwritten Prescription BD dataset/Validation/validation_words/668.png,Rhinil,Cetirizine Hydrochloride,validation
data/metadata/Doctor’s Handwritten Prescription BD dataset/Validation/validation_words/669.png,Rhinil,Cetirizine Hydrochloride,validation
data/metadata/Doctor’s Handwritten Prescription BD dataset/Validation/validation_words/670.png,Ritch,Fexofenadine Hydrochloride,validation
data/metadata/Doctor’s Handwritten Prescription BD dataset/Validation/validation_words/671.png,Ritch,Fexofenadine Hydrochloride,validation
data/metadata/Doctor’s Handwritten Prescription BD dataset/Validation/validation_words/672.png,Ritch,Fexofenadine Hydrochloride,validation
data/metadata/Doctor’s Handwritten Prescription BD dataset/Validation/validation_words/673.png,Ritch,Fexofenadine Hydrochloride,validation
data/metadata/Doctor’s Handwritten Prescription BD dataset/Validation/validation_words/674.png,Ritch,Fexofenadine Hydrochloride,validation
data/metadata/Doctor’s Handwritten Prescription BD dataset/Validation/validation_words/675.png,Ritch,Fexofenadine Hydrochloride,validation
data/metadata/Doctor’s Handwritten Prescription BD dataset/Validation/validation_words/676.png,Ritch,Fexofenadine Hydrochloride,validation
data/metadata/Doctor’s Handwritten Prescription BD dataset/Validation/validation_words/677.png,Ritch,Fexofenadine Hydrochloride,validation
data/metadata/Doctor’s Handwritten Prescription BD dataset/Validation/validation_words/678.png,Ritch,Fexofenadine Hydrochloride,validation
data/metadata/Doctor’s Handwritten Prescription BD dataset/Validation/validation_words/679.png,Ritch,Fexofenadine Hydrochloride,validation
data/metadata/Doctor’s Handwritten Prescription BD dataset/Validation/validation_words/680.png,Rivotril,Clonazepam,validation
data/metadata/Doctor’s Handwritten Prescription BD dataset/Validation/validation_words/681.png,Rivotril,Clonazepam,validation
data/metadata/Doctor’s Handwritten Prescription BD dataset/Validation/validation_words/682.png,Rivotril,Clonazepam,validation
data/metadata/Doctor’s Handwritten Prescription BD dataset/Validation/validation_words/683.png,Rivotril,Clonazepam,validation
data/metadata/Doctor’s Handwritten Prescription BD dataset/Validation/validation_words/684.png,Rivotril,Clonazepam,validation
data/metadata/Doctor’s Handwritten Prescription BD dataset/Validation/validation_words/685.png,Rivotril,Clonazepam,validation
data/metadata/Doctor’s Handwritten Prescription BD dataset/Validation/validation_words/686.png,Rivotril,Clonazepam,validation
data/metadata/Doctor’s Handwritten Prescription BD dataset/Validation/validation_words/687.png,Rivotril,Clonazepam,validation
data/metadata/Doctor’s Handwritten Prescription BD dataset/Validation/validation_words/688.png,Rivotril,Clonazepam,validation
data/metadata/Doctor’s Handwritten Prescription BD dataset/Validation/validation_words/689.png,Rivotril,Clonazepam,validation
data/metadata/Doctor’s Handwritten Prescription BD dataset/Validation/validation_words/690.png,Romycin,Azithromycin Dihydrate (Ophthalmic),validation
data/metadata/Doctor’s Handwritten Prescription BD dataset/Validation/validation_words/691.png,Romycin,Azithromycin Dihydrate (Ophthalmic),validation
data/metadata/Doctor’s Handwritten Prescription BD dataset/Validation/validation_words/692.png,Romycin,Azithromycin Dihydrate (Ophthalmic),validation
data/metadata/Doctor’s Handwritten Prescription BD dataset/Validation/validation_words/693.png,Romycin,Azithromycin Dihydrate (Ophthalmic),validation
data/metadata/Doctor’s Handwritten Prescription BD dataset/Validation/validation_words/694.png,Romycin,Azithromycin Dihydrate (Ophthalmic),validation
data/metadata/Doctor’s Handwritten Prescription BD dataset/Validation/validation_words/695.png,Romycin,Azithromycin Dihydrate (Ophthalmic),validation
data/metadata/Doctor’s Handwritten Prescription BD dataset/Validation/validation_words/696.png,Romycin,Azithromycin Dihydrate (Ophthalmic),validation
data/metadata/Doctor’s Handwritten Prescription BD dataset/Validation/validation_words/697.png,Romycin,Azithromycin Dihydrate (Ophthalmic),validation
data/metadata/Doctor’s Handwritten Prescription BD dataset/Validation/validation_words/698.png,Romycin,Azithromycin Dihydrate (Ophthalmic),validation
data/metadata/Doctor’s Handwritten Prescription BD dataset/Validation/validation_words/699.png,Romycin,Azithromycin Dihydrate (Ophthalmic),validation
data/metadata/Doctor’s Handwritten Prescription BD dataset/Validation/validation_words/700.png,Rozith,Azithromycin Dihydrate,validation
data/metadata/Doctor’s Handwritten Prescription BD dataset/Validation/validation_words/701.png,Rozith,Azithromycin Dihydrate,validation
data/metadata/Doctor’s Handwritten Prescription BD dataset/Validation/validation_words/702.png,Rozith,Azithromycin Dihydrate,validation
data/metadata/Doctor’s Handwritten Prescription BD dataset/Validation/validation_words/703.png,Rozith,Azithromycin Dihydrate,validation
data/metadata/Doctor’s Handwritten Prescription BD dataset/Validation/validation_words/704.png,Rozith,Azithromycin Dihydrate,validation
data/metadata/Doctor’s Handwritten Prescription BD dataset/Validation/validation_words/705.png,Rozith,Azithromycin Dihydrate,validation
data/metadata/Doctor’s Handwritten Prescription BD dataset/Validation/validation_words/706.png,Rozith,Azithromycin Dihydrate,validation
data/metadata/Doctor’s Handwritten Prescription BD dataset/Validation/validation_words/707.png,Rozith,Azithromycin Dihydrate,validation
data/metadata/Doctor’s Handwritten Prescription BD dataset/Validation/validation_words/708.png,Rozith,Azithromycin Dihydrate,validation
data/metadata/Doctor’s Handwritten Prescription BD dataset/Validation/validation_words/709.png,Rozith,Azithromycin Dihydrate,validation
data/metadata/Doctor’s Handwritten Prescription BD dataset/Validation/validation_words/710.png,Sergel,Esomeprazole,validation
data/metadata/Doctor’s Handwritten Prescription BD dataset/Validation/validation_words/711.png,Sergel,Esomeprazole,validation
data/metadata/Doctor’s Handwritten Prescription BD dataset/Validation/validation_words/712.png,Sergel,Esomeprazole,validation
data/metadata/Doctor’s Handwritten Prescription BD dataset/Validation/validation_words/713.png,Sergel,Esomeprazole,validation
data/metadata/Doctor’s Handwritten Prescription BD dataset/Validation/validation_words/714.png,Sergel,Esomeprazole,validation
data/metadata/Doctor’s Handwritten Prescription BD dataset/Validation/validation_words/715.png,Sergel,Esomeprazole,validation
data/metadata/Doctor’s Handwritten Prescription BD dataset/Validation/validation_words/716.png,Sergel,Esomeprazole,validation
data/metadata/Doctor’s Handwritten Prescription BD dataset/Validation/validation_words/717.png,Sergel,Esomeprazole,validation
data/metadata/Doctor’s Handwritten Prescription BD dataset/Validation/validation_words/718.png,Sergel,Esomeprazole,validation
data/metadata/Doctor’s Handwritten Prescription BD dataset/Validation/validation_words/719.png,Sergel,Esomeprazole,validation
data/metadata/Doctor’s Handwritten Prescription BD dataset/Validation/validation_words/720.png,Tamen,Paracetamol,validation
data/metadata/Doctor’s Handwritten Prescription BD dataset/Validation/validation_words/721.png,Tamen,Paracetamol,validation
data/metadata/Doctor’s Handwritten Prescription BD dataset/Validation/validation_words/722.png,Tamen,Paracetamol,validation
data/metadata/Doctor’s Handwritten Prescription BD dataset/Validation/validation_words/723.png,Tamen,Paracetamol,validation
data/metadata/Doctor’s Handwritten Prescription BD dataset/Validation/validation_words/724.png,Tamen,Paracetamol,validation
data/metadata/Doctor’s Handwritten Prescription BD dataset/Validation/validation_words/725.png,Tamen,Paracetamol,validation
data/metadata/Doctor’s Handwritten Prescription BD dataset/Validation/validation_words/726.png,Tamen,Paracetamol,validation
data/metadata/Doctor’s Handwritten Prescription BD dataset/Validation/validation_words/727.png,Tamen,Paracetamol,validation
data/metadata/Doctor’s Handwritten Prescription BD dataset/Validation/validation_words/728.png,Tamen,Paracetamol,validation
data/metadata/Doctor’s Handwritten Prescription BD dataset/Validation/validation_words/729.png,Tamen,Paracetamol,validation
data/metadata/Doctor’s Handwritten Prescription BD dataset/Validation/validation_words/730.png,Telfast,Fexofenadine Hydrochloride,validation
data/metadata/Doctor’s Handwritten Prescription BD dataset/Validation/validation_words/731.png,Telfast,Fexofenadine Hydrochloride,validation
data/metadata/Doctor’s Handwritten Prescription BD dataset/Validation/validation_words/732.png,Telfast,Fexofenadine Hydrochloride,validation
data/metadata/Doctor’s Handwritten Prescription BD dataset/Validation/validation_words/733.png,Telfast,Fexofenadine Hydrochloride,validation
data/metadata/Doctor’s Handwritten Prescription BD dataset/Validation/validation_words/734.png,Telfast,Fexofenadine Hydrochloride,validation
data/metadata/Doctor’s Handwritten Prescription BD dataset/Validation/validation_words/735.png,Telfast,Fexofenadine Hydrochloride,validation
data/metadata/Doctor’s Handwritten Prescription BD dataset/Validation/validation_words/736.png,Telfast,Fexofenadine Hydrochloride,validation
data/metadata/Doctor’s Handwritten Prescription BD dataset/Validation/validation_words/737.png,Telfast,Fexofenadine Hydrochloride,validation
data/metadata/Doctor’s Handwritten Prescription BD dataset/Validation/validation_words/738.png,Telfast,Fexofenadine Hydrochloride,validation
data/metadata/Doctor’s Handwritten Prescription BD dataset/Validation/validation_words/739.png,Telfast,Fexofenadine Hydrochloride,validation
data/metadata/Doctor’s Handwritten Prescription BD dataset/Validation/validation_words/740.png,Tridosil,Azithromycin Dihydrate,validation
data/metadata/Doctor’s Handwritten Prescription BD dataset/Validation/validation_words/741.png,Tridosil,Azithromycin Dihydrate,validation
data/metadata/Doctor’s Handwritten Prescription BD dataset/Validation/validation_words/742.png,Tridosil,Azithromycin Dihydrate,validation
data/metadata/Doctor’s Handwritten Prescription BD dataset/Validation/validation_words/743.png,Tridosil,Azithromycin Dihydrate,validation
data/metadata/Doctor’s Handwritten Prescription BD dataset/Validation/validation_words/744.png,Tridosil,Azithromycin Dihydrate,validation
data/metadata/Doctor’s Handwritten Prescription BD dataset/Validation/validation_words/745.png,Tridosil,Azithromycin Dihydrate,validation
data/metadata/Doctor’s Handwritten Prescription BD dataset/Validation/validation_words/746.png,Tridosil,Azithromycin Dihydrate,validation
data/metadata/Doctor’s Handwritten Prescription BD dataset/Validation/validation_words/747.png,Tridosil,Azithromycin Dihydrate,validation
data/metadata/Doctor’s Handwritten Prescription BD dataset/Validation/validation_words/748.png,Tridosil,Azithromycin Dihydrate,validation
data/metadata/Doctor’s Handwritten Prescription BD dataset/Validation/validation_words/749.png,Tridosil,Azithromycin Dihydrate,validation
data/metadata/Doctor’s Handwritten Prescription BD dataset/Validation/validation_words/750.png,Trilock,Montelukast Sodium,validation
data/metadata/Doctor’s Handwritten Prescription BD dataset/Validation/validation_words/751.png,Trilock,Montelukast Sodium,validation
data/metadata/Doctor’s Handwritten Prescription BD dataset/Validation/validation_words/752.png,Trilock,Montelukast Sodium,validation
data/metadata/Doctor’s Handwritten Prescription BD dataset/Validation/validation_words/753.png,Trilock,Montelukast Sodium,validation
data/metadata/Doctor’s Handwritten Prescription BD dataset/Validation/validation_words/754.png,Trilock,Montelukast Sodium,validation
data/metadata/Doctor’s Handwritten Prescription BD dataset/Validation/validation_words/755.png,Trilock,Montelukast Sodium,validation
data/metadata/Doctor’s Handwritten Prescription BD dataset/Validation/validation_words/756.png,Trilock,Montelukast Sodium,validation
data/metadata/Doctor’s Handwritten Prescription BD dataset/Validation/validation_words/757.png,Trilock,Montelukast Sodium,validation
data/metadata/Doctor’s Handwritten Prescription BD dataset/Validation/validation_words/758.png,Trilock,Montelukast Sodium,validation
data/metadata/Doctor’s Handwritten Prescription BD dataset/Validation/validation_words/759.png,Trilock,Montelukast Sodium,validation
data/metadata/Doctor’s Handwritten Prescription BD dataset/Validation/validation_words/760.png,Vifas,Fexofenadine Hydrochloride,validation
data/metadata/Doctor’s Handwritten Prescription BD dataset/Validation/validation_words/761.png,Vifas,Fexofenadine Hydrochloride,validation
data/metadata/Doctor’s Handwritten Prescription BD dataset/Validation/validation_words/762.png,Vifas,Fexofenadine Hydrochloride,validation
data/metadata/Doctor’s Handwritten Prescription BD dataset/Validation/validation_words/763.png,Vifas,Fexofenadine Hydrochloride,validation
data/metadata/Doctor’s Handwritten Prescription BD dataset/Validation/validation_words/764.png,Vifas,Fexofenadine Hydrochloride,validation
data/metadata/Doctor’s Handwritten Prescription BD dataset/Validation/validation_words/765.png,Vifas,Fexofenadine Hydrochloride,validation
data/metadata/Doctor’s Handwritten Prescription BD dataset/Validation/validation_words/766.png,Vifas,Fexofenadine Hydrochloride,validation
data/metadata/Doctor’s Handwritten Prescription BD dataset/Validation/validation_words/767.png,Vifas,Fexofenadine Hydrochloride,validation
data/metadata/Doctor’s Handwritten Prescription BD dataset/Validation/validation_words/768.png,Vifas,Fexofenadine Hydrochloride,validation
data/metadata/Doctor’s Handwritten Prescription BD dataset/Validation/validation_words/769.png,Vifas,Fexofenadine Hydrochloride,validation
data/metadata/Doctor’s Handwritten Prescription BD dataset/Validation/validation_words/770.png,Zithrin,Azithromycin Dihydrate,validation
data/metadata/Doctor’s Handwritten Prescription BD dataset/Validation/validation_words/771.png,Zithrin,Azithromycin Dihydrate,validation
data/metadata/Doctor’s Handwritten Prescription BD dataset/Validation/validation_words/772.png,Zithrin,Azithromycin Dihydrate,validation
data/metadata/Doctor’s Handwritten Prescription BD dataset/Validation/validation_words/773.png,Zithrin,Azithromycin Dihydrate,validation
data/metadata/Doctor’s Handwritten Prescription BD dataset/Validation/validation_words/774.png,Zithrin,Azithromycin Dihydrate,validation
data/metadata/Doctor’s Handwritten Prescription BD dataset/Validation/validation_words/775.png,Zithrin,Azithromycin Dihydrate,validation
data/metadata/Doctor’s Handwritten Prescription BD dataset/Validation/validation_words/776.png,Zithrin,Azithromycin Dihydrate,validation
data/metadata/Doctor’s Handwritten Prescription BD dataset/Validation/validation_words/777.png,Zithrin,Azithromycin Dihydrate,validation
data/metadata/Doctor’s Handwritten Prescription BD dataset/Validation/validation_words/778.png,Zithrin,Azithromycin Dihydrate,validation
data/metadata/Doctor’s Handwritten Prescription BD dataset/Validation/validation_words/779.png,Zithrin,Azithromycin Dihydrate,validation
data/metadata/Doctor’s Handwritten Prescription BD dataset/Testing/testing_words/0.png,Aceta,Paracetamol,test
data/metadata/Doctor’s Handwritten Prescription BD dataset/Testing/testing_words/1.png,Aceta,Paracetamol,test
data/metadata/Doctor’s Handwritten Prescription BD dataset/Testing/testing_words/2.png,Aceta,Paracetamol,test
data/metadata/Doctor’s Handwritten Prescription BD dataset/Testing/testing_words/3.png,Aceta,Paracetamol,test
data/metadata/Doctor’s Handwritten Prescription BD dataset/Testing/testing_words/4.png,Aceta,Paracetamol,test
data/metadata/Doctor’s Handwritten Prescription BD dataset/Testing/testing_words/5.png,Aceta,Paracetamol,test
data/metadata/Doctor’s Handwritten Prescription BD dataset/Testing/testing_words/6.png,Aceta,Paracetamol,test
data/metadata/Doctor’s Handwritten Prescription BD dataset/Testing/testing_words/7.png,Aceta,Paracetamol,test
data/metadata/Doctor’s Handwritten Prescription BD dataset/Testing/testing_words/8.png,Aceta,Paracetamol,test
data/metadata/Doctor’s Handwritten Prescription BD dataset/Testing/testing_words/9.png,Aceta,Paracetamol,test
data/metadata/Doctor’s Handwritten Prescription BD dataset/Testing/testing_words/10.png,Ace,Paracetamol,test
data/metadata/Doctor’s Handwritten Prescription BD dataset/Testing/testing_words/11.png,Ace,Paracetamol,test
data/metadata/Doctor’s Handwritten Prescription BD dataset/Testing/testing_words/12.png,Ace,Paracetamol,test
data/metadata/Doctor’s Handwritten Prescription BD dataset/Testing/testing_words/13.png,Ace,Paracetamol,test
data/metadata/Doctor’s Handwritten Prescription BD dataset/Testing/testing_words/14.png,Ace,Paracetamol,test
data/metadata/Doctor’s Handwritten Prescription BD dataset/Testing/testing_words/15.png,Ace,Paracetamol,test
data/metadata/Doctor’s Handwritten Prescription BD dataset/Testing/testing_words/16.png,Ace,Paracetamol,test
data/metadata/Doctor’s Handwritten Prescription BD dataset/Testing/testing_words/17.png,Ace,Paracetamol,test
data/metadata/Doctor’s Handwritten Prescription BD dataset/Testing/testing_words/18.png,Ace,Paracetamol,test
data/metadata/Doctor’s Handwritten Prescription BD dataset/Testing/testing_words/19.png,Ace,Paracetamol,test
data/metadata/Doctor’s Handwritten Prescription BD dataset/Testing/testing_words/20.png,Alatrol,Cetirizine Hydrochloride,test
data/metadata/Doctor’s Handwritten Prescription BD dataset/Testing/testing_words/21.png,Alatrol,Cetirizine Hydrochloride,test
data/metadata/Doctor’s Handwritten Prescription BD dataset/Testing/testing_words/22.png,Alatrol,Cetirizine Hydrochloride,test
data/metadata/Doctor’s Handwritten Prescription BD dataset/Testing/testing_words/23.png,Alatrol,Cetirizine Hydrochloride,test
data/metadata/Doctor’s Handwritten Prescription BD dataset/Testing/testing_words/24.png,Alatrol,Cetirizine Hydrochloride,test
data/metadata/Doctor’s Handwritten Prescription BD dataset/Testing/testing_words/25.png,Alatrol,Cetirizine Hydrochloride,test
data/metadata/Doctor’s Handwritten Prescription BD dataset/Testing/testing_words/26.png,Alatrol,Cetirizine Hydrochloride,test
data/metadata/Doctor’s Handwritten Prescription BD dataset/Testing/testing_words/27.png,Alatrol,Cetirizine Hydrochloride,test
data/metadata/Doctor’s Handwritten Prescription BD dataset/Testing/testing_words/28.png,Alatrol,Cetirizine Hydrochloride,test
data/metadata/Doctor’s Handwritten Prescription BD dataset/Testing/testing_words/29.png,Alatrol,Cetirizine Hydrochloride,test
data/metadata/Doctor’s Handwritten Prescription BD dataset/Testing/testing_words/30.png,Amodis,Metronidazole,test
data/metadata/Doctor’s Handwritten Prescription BD dataset/Testing/testing_words/31.png,Amodis,Metronidazole,test
data/metadata/Doctor’s Handwritten Prescription BD dataset/Testing/testing_words/32.png,Amodis,Metronidazole,test
data/metadata/Doctor’s Handwritten Prescription BD dataset/Testing/testing_words/33.png,Amodis,Metronidazole,test
data/metadata/Doctor’s Handwritten Prescription BD dataset/Testing/testing_words/34.png,Amodis,Metronidazole,test
data/metadata/Doctor’s Handwritten Prescription BD dataset/Testing/testing_words/35.png,Amodis,Metronidazole,test
data/metadata/Doctor’s Handwritten Prescription BD dataset/Testing/testing_words/36.png,Amodis,Metronidazole,test
data/metadata/Doctor’s Handwritten Prescription BD dataset/Testing/testing_words/37.png,Amodis,Metronidazole,test
data/metadata/Doctor’s Handwritten Prescription BD dataset/Testing/testing_words/38.png,Amodis,Metronidazole,test
data/metadata/Doctor’s Handwritten Prescription BD dataset/Testing/testing_words/39.png,Amodis,Metronidazole,test
data/metadata/Doctor’s Handwritten Prescription BD dataset/Testing/testing_words/40.png,Atrizin,Cetirizine Hydrochloride,test
data/metadata/Doctor’s Handwritten Prescription BD dataset/Testing/testing_words/41.png,Atrizin,Cetirizine Hydrochloride,test
data/metadata/Doctor’s Handwritten Prescription BD dataset/Testing/testing_words/42.png,Atrizin,Cetirizine Hydrochloride,test
data/metadata/Doctor’s Handwritten Prescription BD dataset/Testing/testing_words/43.png,Atrizin,Cetirizine Hydrochloride,test
data/metadata/Doctor’s Handwritten Prescription BD dataset/Testing/testing_words/44.png,Atrizin,Cetirizine Hydrochloride,test
data/metadata/Doctor’s Handwritten Prescription BD dataset/Testing/testing_words/45.png,Atrizin,Cetirizine Hydrochloride,test
data/metadata/Doctor’s Handwritten Prescription BD dataset/Testing/testing_words/46.png,Atrizin,Cetirizine Hydrochloride,test
data/metadata/Doctor’s Handwritten Prescription BD dataset/Testing/testing_words/47.png,Atrizin,Cetirizine Hydrochloride,test
data/metadata/Doctor’s Handwritten Prescription BD dataset/Testing/testing_words/48.png,Atrizin,Cetirizine Hydrochloride,test
data/metadata/Doctor’s Handwritten Prescription BD dataset/Testing/testing_words/49.png,Atrizin,Cetirizine Hydrochloride,test
data/metadata/Doctor’s Handwritten Prescription BD dataset/Testing/testing_words/50.png,Axodin,Fexofenadine Hydrochloride,test
data/metadata/Doctor’s Handwritten Prescription BD dataset/Testing/testing_words/51.png,Axodin,Fexofenadine Hydrochloride,test
data/metadata/Doctor’s Handwritten Prescription BD dataset/Testing/testing_words/52.png,Axodin,Fexofenadine Hydrochloride,test
data/metadata/Doctor’s Handwritten Prescription BD dataset/Testing/testing_words/53.png,Axodin,Fexofenadine Hydrochloride,test
data/metadata/Doctor’s Handwritten Prescription BD dataset/Testing/testing_words/54.png,Axodin,Fexofenadine Hydrochloride,test
data/metadata/Doctor’s Handwritten Prescription BD dataset/Testing/testing_words/55.png,Axodin,Fexofenadine Hydrochloride,test
data/metadata/Doctor’s Handwritten Prescription BD dataset/Testing/testing_words/56.png,Axodin,Fexofenadine Hydrochloride,test
data/metadata/Doctor’s Handwritten Prescription BD dataset/Testing/testing_words/57.png,Axodin,Fexofenadine Hydrochloride,test
data/metadata/Doctor’s Handwritten Prescription BD dataset/Testing/testing_words/58.png,Axodin,Fexofenadine Hydrochloride,test
data/metadata/Doctor’s Handwritten Prescription BD dataset/Testing/testing_words/59.png,Axodin,Fexofenadine Hydrochloride,test
data/metadata/Doctor’s Handwritten Prescription BD dataset/Testing/testing_words/60.png,Azithrocin,Azithromycin Dihydrate,test
data/metadata/Doctor’s Handwritten Prescription BD dataset/Testing/testing_words/61.png,Azithrocin,Azithromycin Dihydrate,test
data/metadata/Doctor’s Handwritten Prescription BD dataset/Testing/testing_words/62.png,Azithrocin,Azithromycin Dihydrate,test
data/metadata/Doctor’s Handwritten Prescription BD dataset/Testing/testing_words/63.png,Azithrocin,Azithromycin Dihydrate,test
data/metadata/Doctor’s Handwritten Prescription BD dataset/Testing/testing_words/64.png,Azithrocin,Azithromycin Dihydrate,test
data/metadata/Doctor’s Handwritten Prescription BD dataset/Testing/testing_words/65.png,Azithrocin,Azithromycin Dihydrate,test
data/metadata/Doctor’s Handwritten Prescription BD dataset/Testing/testing_words/66.png,Azithrocin,Azithromycin Dihydrate,test
data/metadata/Doctor’s Handwritten Prescription BD dataset/Testing/testing_words/67.png,Azithrocin,Azithromycin Dihydrate,test
data/metadata/Doctor’s Handwritten Prescription BD dataset/Testing/testing_words/68.png,Azithrocin,Azithromycin Dihydrate,test
data/metadata/Doctor’s Handwritten Prescription BD dataset/Testing/testing_words/69.png,Azithrocin,Azithromycin Dihydrate,test
data/metadata/Doctor’s Handwritten Prescription BD dataset/Testing/testing_words/70.png,Azyth,Azithromycin Dihydrate,test
data/metadata/Doctor’s Handwritten Prescription BD dataset/Testing/testing_words/71.png,Azyth,Azithromycin Dihydrate,test
data/metadata/Doctor’s Handwritten Prescription BD dataset/Testing/testing_words/72.png,Azyth,Azithromycin Dihydrate,test
data/metadata/Doctor’s Handwritten Prescription BD dataset/Testing/testing_words/73.png,Azyth,Azithromycin Dihydrate,test
data/metadata/Doctor’s Handwritten Prescription BD dataset/Testing/testing_words/74.png,Azyth,Azithromycin Dihydrate,test
data/metadata/Doctor’s Handwritten Prescription BD dataset/Testing/testing_words/75.png,Azyth,Azithromycin Dihydrate,test
data/metadata/Doctor’s Handwritten Prescription BD dataset/Testing/testing_words/76.png,Azyth,Azithromycin Dihydrate,test
data/metadata/Doctor’s Handwritten Prescription BD dataset/Testing/testing_words/77.png,Azyth,Azithromycin Dihydrate,test
data/metadata/Doctor’s Handwritten Prescription BD dataset/Testing/testing_words/78.png,Azyth,Azithromycin Dihydrate,test
data/metadata/Doctor’s Handwritten Prescription BD dataset/Testing/testing_words/79.png,Azyth,Azithromycin Dihydrate,test
data/metadata/Doctor’s Handwritten Prescription BD dataset/Testing/testing_words/80.png,Az,Azithromycin Dihydrate,test
data/metadata/Doctor’s Handwritten Prescription BD dataset/Testing/testing_words/81.png,Az,Azithromycin Dihydrate,test
data/metadata/Doctor’s Handwritten Prescription BD dataset/Testing/testing_words/82.png,Az,Azithromycin Dihydrate,test
data/metadata/Doctor’s Handwritten Prescription BD dataset/Testing/testing_words/83.png,Az,Azithromycin Dihydrate,test
data/metadata/Doctor’s Handwritten Prescription BD dataset/Testing/testing_words/84.png,Az,Azithromycin Dihydrate,test
data/metadata/Doctor’s Handwritten Prescription BD dataset/Testing/testing_words/85.png,Az,Azithromycin Dihydrate,test
data/metadata/Doctor’s Handwritten Prescription BD dataset/Testing/testing_words/86.png,Az,Azithromycin Dihydrate,test
data/metadata/Doctor’s Handwritten Prescription BD dataset/Testing/testing_words/87.png,Az,Azithromycin Dihydrate,test
data/metadata/Doctor’s Handwritten Prescription BD dataset/Testing/testing_words/88.png,Az,Azithromycin Dihydrate,test
data/metadata/Doctor’s Handwritten Prescription BD dataset/Testing/testing_words/89.png,Az,Azithromycin Dihydrate,test
data/metadata/Doctor’s Handwritten Prescription BD dataset/Testing/testing_words/90.png,Bacaid,Baclofen,test
data/metadata/Doctor’s Handwritten Prescription BD dataset/Testing/testing_words/91.png,Bacaid,Baclofen,test
data/metadata/Doctor’s Handwritten Prescription BD dataset/Testing/testing_words/92.png,Bacaid,Baclofen,test
data/metadata/Doctor’s Handwritten Prescription BD dataset/Testing/testing_words/93.png,Bacaid,Baclofen,test
data/metadata/Doctor’s Handwritten Prescription BD dataset/Testing/testing_words/94.png,Bacaid,Baclofen,test
data/metadata/Doctor’s Handwritten Prescription BD dataset/Testing/testing_words/95.png,Bacaid,Baclofen,test
data/metadata/Doctor’s Handwritten Prescription BD dataset/Testing/testing_words/96.png,Bacaid,Baclofen,test
data/metadata/Doctor’s Handwritten Prescription BD dataset/Testing/testing_words/97.png,Bacaid,Baclofen,test
data/metadata/Doctor’s Handwritten Prescription BD dataset/Testing/testing_words/98.png,Bacaid,Baclofen,test
data/metadata/Doctor’s Handwritten Prescription BD dataset/Testing/testing_words/99.png,Bacaid,Baclofen,test
data/metadata/Doctor’s Handwritten Prescription BD dataset/Testing/testing_words/100.png,Backtone,Baclofen,test
data/metadata/Doctor’s Handwritten Prescription BD dataset/Testing/testing_words/101.png,Backtone,Baclofen,test
data/metadata/Doctor’s Handwritten Prescription BD dataset/Testing/testing_words/102.png,Backtone,Baclofen,test
data/metadata/Doctor’s Handwritten Prescription BD dataset/Testing/testing_words/103.png,Backtone,Baclofen,test
data/metadata/Doctor’s Handwritten Prescription BD dataset/Testing/testing_words/104.png,Backtone,Baclofen,test
data/metadata/Doctor’s Handwritten Prescription BD dataset/Testing/testing_words/105.png,Backtone,Baclofen,test
data/metadata/Doctor’s Handwritten Prescription BD dataset/Testing/testing_words/106.png,Backtone,Baclofen,test
data/metadata/Doctor’s Handwritten Prescription BD dataset/Testing/testing_words/107.png,Backtone,Baclofen,test
data/metadata/Doctor’s Handwritten Prescription BD dataset/Testing/testing_words/108.png,Backtone,Baclofen,test
data/metadata/Doctor’s Handwritten Prescription BD dataset/Testing/testing_words/109.png,Backtone,Baclofen,test
data/metadata/Doctor’s Handwritten Prescription BD dataset/Testing/testing_words/110.png,Baclofen,Baclofen,test
data/metadata/Doctor’s Handwritten Prescription BD dataset/Testing/testing_words/111.png,Baclofen,Baclofen,test
data/metadata/Doctor’s Handwritten Prescription BD dataset/Testing/testing_words/112.png,Baclofen,Baclofen,test
data/metadata/Doctor’s Handwritten Prescription BD dataset/Testing/testing_words/113.png,Baclofen,Baclofen,test
data/metadata/Doctor’s Handwritten Prescription BD dataset/Testing/testing_words/114.png,Baclofen,Baclofen,test
data/metadata/Doctor’s Handwritten Prescription BD dataset/Testing/testing_words/115.png,Baclofen,Baclofen,test
data/metadata/Doctor’s Handwritten Prescription BD dataset/Testing/testing_words/116.png,Baclofen,Baclofen,test
data/metadata/Doctor’s Handwritten Prescription BD dataset/Testing/testing_words/117.png,Baclofen,Baclofen,test
data/metadata/Doctor’s Handwritten Prescription BD dataset/Testing/testing_words/118.png,Baclofen,Baclofen,test
data/metadata/Doctor’s Handwritten Prescription BD dataset/Testing/testing_words/119.png,Baclofen,Baclofen,test
data/metadata/Doctor’s Handwritten Prescription BD dataset/Testing/testing_words/120.png,Baclon,Baclofen,test
data/metadata/Doctor’s Handwritten Prescription BD dataset/Testing/testing_words/121.png,Baclon,Baclofen,test
data/metadata/Doctor’s Handwritten Prescription BD dataset/Testing/testing_words/122.png,Baclon,Baclofen,test
data/metadata/Doctor’s Handwritten Prescription BD dataset/Testing/testing_words/123.png,Baclon,Baclofen,test
data/metadata/Doctor’s Handwritten Prescription BD dataset/Testing/testing_words/124.png,Baclon,Baclofen,test
data/metadata/Doctor’s Handwritten Prescription BD dataset/Testing/testing_words/125.png,Baclon,Baclofen,test
data/metadata/Doctor’s Handwritten Prescription BD dataset/Testing/testing_words/126.png,Baclon,Baclofen,test
data/metadata/Doctor’s Handwritten Prescription BD dataset/Testing/testing_words/127.png,Baclon,Baclofen,test
data/metadata/Doctor’s Handwritten Prescription BD dataset/Testing/testing_words/128.png,Baclon,Baclofen,test
data/metadata/Doctor’s Handwritten Prescription BD dataset/Testing/testing_words/129.png,Baclon,Baclofen,test
data/metadata/Doctor’s Handwritten Prescription BD dataset/Testing/testing_words/130.png,Bacmax,Baclofen,test
data/metadata/Doctor’s Handwritten Prescription BD dataset/Testing/testing_words/131.png,Bacmax,Baclofen,test
data/metadata/Doctor’s Handwritten Prescription BD dataset/Testing/testing_words/132.png,Bacmax,Baclofen,test
data/metadata/Doctor’s Handwritten Prescription BD dataset/Testing/testing_words/133.png,Bacmax,Baclofen,test
data/metadata/Doctor’s Handwritten Prescription BD dataset/Testing/testing_words/134.png,Bacmax,Baclofen,test
data/metadata/Doctor’s Handwritten Prescription BD dataset/Testing/testing_words/135.png,Bacmax,Baclofen,test
data/metadata/Doctor’s Handwritten Prescription BD dataset/Testing/testing_words/136.png,Bacmax,Baclofen,test
data/metadata/Doctor’s Handwritten Prescription BD dataset/Testing/testing_words/137.png,Bacmax,Baclofen,test
data/metadata/Doctor’s Handwritten Prescription BD dataset/Testing/testing_words/138.png,Bacmax,Baclofen,test
data/metadata/Doctor’s Handwritten Prescription BD dataset/Testing/testing_words/139.png,Bacmax,Baclofen,test
data/metadata/Doctor’s Handwritten Prescription BD dataset/Testing/testing_words/140.png,Beklo,Baclofen,test
data/metadata/Doctor’s Handwritten Prescription BD dataset/Testing/testing_words/141.png,Beklo,Baclofen,test
data/metadata/Doctor’s Handwritten Prescription BD dataset/Testing/testing_words/142.png,Beklo,Baclofen,test
data/metadata/Doctor’s Handwritten Prescription BD dataset/Testing/testing_words/143.png,Beklo,Baclofen,test
data/metadata/Doctor’s Handwritten Prescription BD dataset/Testing/testing_words/144.png,Beklo,Baclofen,test
data/metadata/Doctor’s Handwritten Prescription BD dataset/Testing/testing_words/145.png,Beklo,Baclofen,test
data/metadata/Doctor’s Handwritten Prescription BD dataset/Testing/testing_words/146.png,Beklo,Baclofen,test
data/metadata/Doctor’s Handwritten Prescription BD dataset/Testing/testing_words/147.png,Beklo,Baclofen,test
data/metadata/Doctor’s Handwritten Prescription BD dataset/Testing/testing_words/148.png,Beklo,Baclofen,test
data/metadata/Doctor’s Handwritten Prescription BD dataset/Testing/testing_words/149.png,Beklo,Baclofen,test
data/metadata/Doctor’s Handwritten Prescription BD dataset/Testing/testing_words/150.png,Bicozin,Vitamin B Complex + Zinc,test
data/metadata/Doctor’s Handwritten Prescription BD dataset/Testing/testing_words/151.png,Bicozin,Vitamin B Complex + Zinc,test
data/metadata/Doctor’s Handwritten Prescription BD dataset/Testing/testing_words/152.png,Bicozin,Vitamin B Complex + Zinc,test
data/metadata/Doctor’s Handwritten Prescription BD dataset/Testing/testing_words/153.png,Bicozin,Vitamin B Complex + Zinc,test
data/metadata/Doctor’s Handwritten Prescription BD dataset/Testing/testing_words/154.png,Bicozin,Vitamin B Complex + Zinc,test
data/metadata/Doctor’s Handwritten Prescription BD dataset/Testing/testing_words/155.png,Bicozin,Vitamin B Complex + Zinc,test
data/metadata/Doctor’s Handwritten Prescription BD dataset/Testing/testing_words/156.png,Bicozin,Vitamin B Complex + Zinc,test
data/metadata/Doctor’s Handwritten Prescription BD dataset/Testing/testing_words/157.png,Bicozin,Vitamin B Complex + Zinc,test
data/metadata/Doctor’s Handwritten Prescription BD dataset/Testing/testing_words/158.png,Bicozin,Vitamin B Complex + Zinc,test
data/metadata/Doctor’s Handwritten Prescription BD dataset/Testing/testing_words/159.png,Bicozin,Vitamin B Complex + Zinc,test
data/metadata/Doctor’s Handwritten Prescription BD dataset/Testing/testing_words/160.png,Canazole,Fluconazole,test
data/metadata/Doctor’s Handwritten Prescription BD dataset/Testing/testing_words/161.png,Canazole,Fluconazole,test
data/metadata/Doctor’s Handwritten Prescription BD dataset/Testing/testing_words/162.png,Canazole,Fluconazole,test
data/metadata/Doctor’s Handwritten Prescription BD dataset/Testing/testing_words/163.png,Canazole,Fluconazole,test
data/metadata/Doctor’s Handwritten Prescription BD dataset/Testing/testing_words/164.png,Canazole,Fluconazole,test
data/metadata/Doctor’s Handwritten Prescription BD dataset/Testing/testing_words/165.png,Canazole,Fluconazole,test
data/metadata/Doctor’s Handwritten Prescription BD dataset/Testing/testing_words/166.png,Canazole,Fluconazole,test
data/metadata/Doctor’s Handwritten Prescription BD dataset/Testing/testing_words/167.png,Canazole,Fluconazole,test
data/metadata/Doctor’s Handwritten Prescription BD dataset/Testing/testing_words/168.png,Canazole,Fluconazole,test
data/metadata/Doctor’s Handwritten Prescription BD dataset/Testing/testing_words/169.png,Canazole,Fluconazole,test
data/metadata/Doctor’s Handwritten Prescription BD dataset/Testing/testing_words/170.png,Candinil,Fluconazole,test
data/metadata/Doctor’s Handwritten Prescription BD dataset/Testing/testing_words/171.png,Candinil,Fluconazole,test
data/metadata/Doctor’s Handwritten Prescription BD dataset/Testing/testing_words/172.png,Candinil,Fluconazole,test
data/metadata/Doctor’s Handwritten Prescription BD dataset/Testing/testing_words/173.png,Candinil,Fluconazole,test
data/metadata/Doctor’s Handwritten Prescription BD dataset/Testing/testing_words/174.png,Candinil,Fluconazole,test
data/metadata/Doctor’s Handwritten Prescription BD dataset/Testing/testing_words/175.png,Candinil,Fluconazole,test
data/metadata/Doctor’s Handwritten Prescription BD dataset/Testing/testing_words/176.png,Candinil,Fluconazole,test
data/metadata/Doctor’s Handwritten Prescription BD dataset/Testing/testing_words/177.png,Candinil,Fluconazole,test
data/metadata/Doctor’s Handwritten Prescription BD dataset/Testing/testing_words/178.png,Candinil,Fluconazole,test
data/metadata/Doctor’s Handwritten Prescription BD dataset/Testing/testing_words/179.png,Candinil,Fluconazole,test
data/metadata/Doctor’s Handwritten Prescription BD dataset/Testing/testing_words/180.png,Cetisoft,Cetirizine Hydrochloride,test
data/metadata/Doctor’s Handwritten Prescription BD dataset/Testing/testing_words/181.png,Cetisoft,Cetirizine Hydrochloride,test
data/metadata/Doctor’s Handwritten Prescription BD dataset/Testing/testing_words/182.png,Cetisoft,Cetirizine Hydrochloride,test
data/metadata/Doctor’s Handwritten Prescription BD dataset/Testing/testing_words/183.png,Cetisoft,Cetirizine Hydrochloride,test
data/metadata/Doctor’s Handwritten Prescription BD dataset/Testing/testing_words/184.png,Cetisoft,Cetirizine Hydrochloride,test
data/metadata/Doctor’s Handwritten Prescription BD dataset/Testing/testing_words/185.png,Cetisoft,Cetirizine Hydrochloride,test
data/metadata/Doctor’s Handwritten Prescription BD dataset/Testing/testing_words/186.png,Cetisoft,Cetirizine Hydrochloride,test
data/metadata/Doctor’s Handwritten Prescription BD dataset/Testing/testing_words/187.png,Cetisoft,Cetirizine Hydrochloride,test
data/metadata/Doctor’s Handwritten Prescription BD dataset/Testing/testing_words/188.png,Cetisoft,Cetirizine Hydrochloride,test
data/metadata/Doctor’s Handwritten Prescription BD dataset/Testing/testing_words/189.png,Cetisoft,Cetirizine Hydrochloride,test
data/metadata/Doctor’s Handwritten Prescription BD dataset/Testing/testing_words/190.png,Conaz,Fluconazole,test
data/metadata/Doctor’s Handwritten Prescription BD dataset/Testing/testing_words/191.png,Conaz,Fluconazole,test
data/metadata/Doctor’s Handwritten Prescription BD dataset/Testing/testing_words/192.png,Conaz,Fluconazole,test
data/metadata/Doctor’s Handwritten Prescription BD dataset/Testing/testing_words/193.png,Conaz,Fluconazole,test
data/metadata/Doctor’s Handwritten Prescription BD dataset/Testing/testing_words/194.png,Conaz,Fluconazole,test
data/metadata/Doctor’s Handwritten Prescription BD dataset/Testing/testing_words/195.png,Conaz,Fluconazole,test
data/metadata/Doctor’s Handwritten Prescription BD dataset/Testing/testing_words/196.png,Conaz,Fluconazole,test
data/metadata/Doctor’s Handwritten Prescription BD dataset/Testing/testing_words/197.png,Conaz,Fluconazole,test
data/metadata/Doctor’s Handwritten Prescription BD dataset/Testing/testing_words/198.png,Conaz,Fluconazole,test
data/metadata/Doctor’s Handwritten Prescription BD dataset/Testing/testing_words/199.png,Conaz,Fluconazole,test
data/metadata/Doctor’s Handwritten Prescription BD dataset/Testing/testing_words/200.png,Dancel,Ketoconazole (Shampoo),test
data/metadata/Doctor’s Handwritten Prescription BD dataset/Testing/testing_words/201.png,Dancel,Ketoconazole (Shampoo),test
data/metadata/Doctor’s Handwritten Prescription BD dataset/Testing/testing_words/202.png,Dancel,Ketoconazole (Shampoo),test
data/metadata/Doctor’s Handwritten Prescription BD dataset/Testing/testing_words/203.png,Dancel,Ketoconazole (Shampoo),test
data/metadata/Doctor’s Handwritten Prescription BD dataset/Testing/testing_words/204.png,Dancel,Ketoconazole (Shampoo),test
data/metadata/Doctor’s Handwritten Prescription BD dataset/Testing/testing_words/205.png,Dancel,Ketoconazole (Shampoo),test
data/metadata/Doctor’s Handwritten Prescription BD dataset/Testing/testing_words/206.png,Dancel,Ketoconazole (Shampoo),test
data/metadata/Doctor’s Handwritten Prescription BD dataset/Testing/testing_words/207.png,Dancel,Ketoconazole (Shampoo),test
data/metadata/Doctor’s Handwritten Prescription BD dataset/Testing/testing_words/208.png,Dancel,Ketoconazole (Shampoo),test
data/metadata/Doctor’s Handwritten Prescription BD dataset/Testing/testing_words/209.png,Dancel,Ketoconazole (Shampoo),test
data/metadata/Doctor’s Handwritten Prescription BD dataset/Testing/testing_words/210.png,Denixil,Clonazepam,test
data/metadata/Doctor’s Handwritten Prescription BD dataset/Testing/testing_words/211.png,Denixil,Clonazepam,test
data/metadata/Doctor’s Handwritten Prescription BD dataset/Testing/testing_words/212.png,Denixil,Clonazepam,test
data/metadata/Doctor’s Handwritten Prescription BD dataset/Testing/testing_words/213.png,Denixil,Clonazepam,test
data/metadata/Doctor’s Handwritten Prescription BD dataset/Testing/testing_words/214.png,Denixil,Clonazepam,test
data/metadata/Doctor’s Handwritten Prescription BD dataset/Testing/testing_words/215.png,Denixil,Clonazepam,test
data/metadata/Doctor’s Handwritten Prescription BD dataset/Testing/testing_words/216.png,Denixil,Clonazepam,test
data/metadata/Doctor’s Handwritten Prescription BD dataset/Testing/testing_words/217.png,Denixil,Clonazepam,test
data/metadata/Doctor’s Handwritten Prescription BD dataset/Testing/testing_words/218.png,Denixil,Clonazepam,test
data/metadata/Doctor’s Handwritten Prescription BD dataset/Testing/testing_words/219.png,Denixil,Clonazepam,test
data/metadata/Doctor’s Handwritten Prescription BD dataset/Testing/testing_words/220.png,Diflu,Fluconazole,test
data/metadata/Doctor’s Handwritten Prescription BD dataset/Testing/testing_words/221.png,Diflu,Fluconazole,test
data/metadata/Doctor’s Handwritten Prescription BD dataset/Testing/testing_words/222.png,Diflu,Fluconazole,test
data/metadata/Doctor’s Handwritten Prescription BD dataset/Testing/testing_words/223.png,Diflu,Fluconazole,test
data/metadata/Doctor’s Handwritten Prescription BD dataset/Testing/testing_words/224.png,Diflu,Fluconazole,test
data/metadata/Doctor’s Handwritten Prescription BD dataset/Testing/testing_words/225.png,Diflu,Fluconazole,test
data/metadata/Doctor’s Handwritten Prescription BD dataset/Testing/testing_words/226.png,Diflu,Fluconazole,test
data/metadata/Doctor’s Handwritten Prescription BD dataset/Testing/testing_words/227.png,Diflu,Fluconazole,test
data/metadata/Doctor’s Handwritten Prescription BD dataset/Testing/testing_words/228.png,Diflu,Fluconazole,test
data/metadata/Doctor’s Handwritten Prescription BD dataset/Testing/testing_words/229.png,Diflu,Fluconazole,test
data/metadata/Doctor’s Handwritten Prescription BD dataset/Testing/testing_words/230.png,Dinafex,Fexofenadine Hydrochloride,test
data/metadata/Doctor’s Handwritten Prescription BD dataset/Testing/testing_words/231.png,Dinafex,Fexofenadine Hydrochloride,test
data/metadata/Doctor’s Handwritten Prescription BD dataset/Testing/testing_words/232.png,Dinafex,Fexofenadine Hydrochloride,test
data/metadata/Doctor’s Handwritten Prescription BD dataset/Testing/testing_words/233.png,Dinafex,Fexofenadine Hydrochloride,test
data/metadata/Doctor’s Handwritten Prescription BD dataset/Testing/testing_words/234.png,Dinafex,Fexofenadine Hydrochloride,test
data/metadata/Doctor’s Handwritten Prescription BD dataset/Testing/testing_words/235.png,Dinafex,Fexofenadine Hydrochloride,test
data/metadata/Doctor’s Handwritten Prescription BD dataset/Testing/testing_words/236.png,Dinafex,Fexofenadine Hydrochloride,test
data/metadata/Doctor’s Handwritten Prescription BD dataset/Testing/testing_words/237.png,Dinafex,Fexofenadine Hydrochloride,test
data/metadata/Doctor’s Handwritten Prescription BD dataset/Testing/testing_words/238.png,Dinafex,Fexofenadine Hydrochloride,test
data/metadata/Doctor’s Handwritten Prescription BD dataset/Testing/testing_words/239.png,Dinafex,Fexofenadine Hydrochloride,test
data/metadata/Doctor’s Handwritten Prescription BD dataset/Testing/testing_words/240.png,Disopan,Clonazepam,test
data/metadata/Doctor’s Handwritten Prescription BD dataset/Testing/testing_words/241.png,Disopan,Clonazepam,test
data/metadata/Doctor’s Handwritten Prescription BD dataset/Testing/testing_words/242.png,Disopan,Clonazepam,test
data/metadata/Doctor’s Handwritten Prescription BD dataset/Testing/testing_words/243.png,Disopan,Clonazepam,test
data/metadata/Doctor’s Handwritten Prescription BD dataset/Testing/testing_words/244.png,Disopan,Clonazepam,test
data/metadata/Doctor’s Handwritten Prescription BD dataset/Testing/testing_words/245.png,Disopan,Clonazepam,test
data/metadata/Doctor’s Handwritten Prescription BD dataset/Testing/testing_words/246.png,Disopan,Clonazepam,test
data/metadata/Doctor’s Handwritten Prescription BD dataset/Testing/testing_words/247.png,Disopan,Clonazepam,test
data/metadata/Doctor’s Handwritten Prescription BD dataset/Testing/testing_words/248.png,Disopan,Clonazepam,test
data/metadata/Doctor’s Handwritten Prescription BD dataset/Testing/testing_words/249.png,Disopan,Clonazepam,test
data/metadata/Doctor’s Handwritten Prescription BD dataset/Testing/testing_words/250.png,Esonix,Esomeprazole,test
data/metadata/Doctor’s Handwritten Prescription BD dataset/Testing/testing_words/251.png,Esonix,Esomeprazole,test
data/metadata/Doctor’s Handwritten Prescription BD dataset/Testing/testing_words/252.png,Esonix,Esomeprazole,test
data/metadata/Doctor’s Handwritten Prescription BD dataset/Testing/testing_words/253.png,Esonix,Esomeprazole,test
data/metadata/Doctor’s Handwritten Prescription BD dataset/Testing/testing_words/254.png,Esonix,Esomeprazole,test
data/metadata/Doctor’s Handwritten Prescription BD dataset/Testing/testing_words/255.png,Esonix,Esomeprazole,test
data/metadata/Doctor’s Handwritten Prescription BD dataset/Testing/testing_words/256.png,Esonix,Esomeprazole,test
data/metadata/Doctor’s Handwritten Prescription BD dataset/Testing/testing_words/257.png,Esonix,Esomeprazole,test
data/metadata/Doctor’s Handwritten Prescription BD dataset/Testing/testing_words/258.png,Esonix,Esomeprazole,test
data/metadata/Doctor’s Handwritten Prescription BD dataset/Testing/testing_words/259.png,Esonix,Esomeprazole,test
data/metadata/Doctor’s Handwritten Prescription BD dataset/Testing/testing_words/260.png,Esoral,Esomeprazole,test
data/metadata/Doctor’s Handwritten Prescription BD dataset/Testing/testing_words/261.png,Esoral,Esomeprazole,test
data/metadata/Doctor’s Handwritten Prescription BD dataset/Testing/testing_words/262.png,Esoral,Esomeprazole,test
data/metadata/Doctor’s Handwritten Prescription BD dataset/Testing/testing_words/263.png,Esoral,Esomeprazole,test
data/metadata/Doctor’s Handwritten Prescription BD dataset/Testing/testing_words/264.png,Esoral,Esomeprazole,test
data/metadata/Doctor’s Handwritten Prescription BD dataset/Testing/testing_words/265.png,Esoral,Esomeprazole,test
data/metadata/Doctor’s Handwritten Prescription BD dataset/Testing/testing_words/266.png,Esoral,Esomeprazole,test
data/metadata/Doctor’s Handwritten Prescription BD dataset/Testing/testing_words/267.png,Esoral,Esomeprazole,test
data/metadata/Doctor’s Handwritten Prescription BD dataset/Testing/testing_words/268.png,Esoral,Esomeprazole,test
data/metadata/Doctor’s Handwritten Prescription BD dataset/Testing/testing_words/269.png,Esoral,Esomeprazole,test
data/metadata/Doctor’s Handwritten Prescription BD dataset/Testing/testing_words/270.png,Etizin,Cetirizine Hydrochloride,test
data/metadata/Doctor’s Handwritten Prescription BD dataset/Testing/testing_words/271.png,Etizin,Cetirizine Hydrochloride,test
data/metadata/Doctor’s Handwritten Prescription BD dataset/Testing/testing_words/272.png,Etizin,Cetirizine Hydrochloride,test
data/metadata/Doctor’s Handwritten Prescription BD dataset/Testing/testing_words/273.png,Etizin,Cetirizine Hydrochloride,test
data/metadata/Doctor’s Handwritten Prescription BD dataset/Testing/testing_words/274.png,Etizin,Cetirizine Hydrochloride,test
data/metadata/Doctor’s Handwritten Prescription BD dataset/Testing/testing_words/275.png,Etizin,Cetirizine Hydrochloride,test
data/metadata/Doctor’s Handwritten Prescription BD dataset/Testing/testing_words/276.png,Etizin,Cetirizine Hydrochloride,test
data/metadata/Doctor’s Handwritten Prescription BD dataset/Testing/testing_words/277.png,Etizin,Cetirizine Hydrochloride,test
data/metadata/Doctor’s Handwritten Prescription BD dataset/Testing/testing_words/278.png,Etizin,Cetirizine Hydrochloride,test
data/metadata/Doctor’s Handwritten Prescription BD dataset/Testing/testing_words/279.png,Etizin,Cetirizine Hydrochloride,test
data/metadata/Doctor’s Handwritten Prescription BD dataset/Testing/testing_words/280.png,Exium,Esomeprazole,test
data/metadata/Doctor’s Handwritten Prescription BD dataset/Testing/testing_words/281.png,Exium,Esomeprazole,test
data/metadata/Doctor’s Handwritten Prescription BD dataset/Testing/testing_words/282.png,Exium,Esomeprazole,test
data/metadata/Doctor’s Handwritten Prescription BD dataset/Testing/testing_words/283.png,Exium,Esomeprazole,test
data/metadata/Doctor’s Handwritten Prescription BD dataset/Testing/testing_words/284.png,Exium,Esomeprazole,test
data/metadata/Doctor’s Handwritten Prescription BD dataset/Testing/testing_words/285.png,Exium,Esomeprazole,test
data/metadata/Doctor’s Handwritten Prescription BD dataset/Testing/testing_words/286.png,Exium,Esomeprazole,test
data/metadata/Doctor’s Handwritten Prescription BD dataset/Testing/testing_words/287.png,Exium,Esomeprazole,test
data/metadata/Doctor’s Handwritten Prescription BD dataset/Testing/testing_words/288.png,Exium,Esomeprazole,test
data/metadata/Doctor’s Handwritten Prescription BD dataset/Testing/testing_words/289.png,Exium,Esomeprazole,test
data/metadata/Doctor’s Handwritten Prescription BD dataset/Testing/testing_words/290.png,Fenadin,Fexofenadine Hydrochloride,test
data/metadata/Doctor’s Handwritten Prescription BD dataset/Testing/testing_words/291.png,Fenadin,Fexofenadine Hydrochloride,test
data/metadata/Doctor’s Handwritten Prescription BD dataset/Testing/testing_words/292.png,Fenadin,Fexofenadine Hydrochloride,test
data/metadata/Doctor’s Handwritten Prescription BD dataset/Testing/testing_words/293.png,Fenadin,Fexofenadine Hydrochloride,test
data/metadata/Doctor’s Handwritten Prescription BD dataset/Testing/testing_words/294.png,Fenadin,Fexofenadine Hydrochloride,test
data/metadata/Doctor’s Handwritten Prescription BD dataset/Testing/testing_words/295.png,Fenadin,Fexofenadine Hydrochloride,test
data/metadata/Doctor’s Handwritten Prescription BD dataset/Testing/testing_words/296.png,Fenadin,Fexofenadine Hydrochloride,test
data/metadata/Doctor’s Handwritten Prescription BD dataset/Testing/testing_words/297.png,Fenadin,Fexofenadine Hydrochloride,test
data/metadata/Doctor’s Handwritten Prescription BD dataset/Testing/testing_words/298.png,Fenadin,Fexofenadine Hydrochloride,test
data/metadata/Doctor’s Handwritten Prescription BD dataset/Testing/testing_words/299.png,Fenadin,Fexofenadine Hydrochloride,test
data/metadata/Doctor’s Handwritten Prescription BD dataset/Testing/testing_words/300.png,Fexofast,Fexofenadine Hydrochloride,test
data/metadata/Doctor’s Handwritten Prescription BD dataset/Testing/testing_words/301.png,Fexofast,Fexofenadine Hydrochloride,test
data/metadata/Doctor’s Handwritten Prescription BD dataset/Testing/testing_words/302.png,Fexofast,Fexofenadine Hydrochloride,test
data/metadata/Doctor’s Handwritten Prescription BD dataset/Testing/testing_words/303.png,Fexofast,Fexofenadine Hydrochloride,test
data/metadata/Doctor’s Handwritten Prescription BD dataset/Testing/testing_words/304.png,Fexofast,Fexofenadine Hydrochloride,test
data/metadata/Doctor’s Handwritten Prescription BD dataset/Testing/testing_words/305.png,Fexofast,Fexofenadine Hydrochloride,test
data/metadata/Doctor’s Handwritten Prescription BD dataset/Testing/testing_words/306.png,Fexofast,Fexofenadine Hydrochloride,test
data/metadata/Doctor’s Handwritten Prescription BD dataset/Testing/testing_words/307.png,Fexofast,Fexofenadine Hydrochloride,test
data/metadata/Doctor’s Handwritten Prescription BD dataset/Testing/testing_words/308.png,Fexofast,Fexofenadine Hydrochloride,test
data/metadata/Doctor’s Handwritten Prescription BD dataset/Testing/testing_words/309.png,Fexofast,Fexofenadine Hydrochloride,test
data/metadata/Doctor’s Handwritten Prescription BD dataset/Testing/testing_words/310.png,Fexo,Fexofenadine Hydrochloride,test
data/metadata/Doctor’s Handwritten Prescription BD dataset/Testing/testing_words/311.png,Fexo,Fexofenadine Hydrochloride,test
data/metadata/Doctor’s Handwritten Prescription BD dataset/Testing/testing_words/312.png,Fexo,Fexofenadine Hydrochloride,test
data/metadata/Doctor’s Handwritten Prescription BD dataset/Testing/testing_words/313.png,Fexo,Fexofenadine Hydrochloride,test
data/metadata/Doctor’s Handwritten Prescription BD dataset/Testing/testing_words/314.png,Fexo,Fexofenadine Hydrochloride,test
data/metadata/Doctor’s Handwritten Prescription BD dataset/Testing/testing_words/315.png,Fexo,Fexofenadine Hydrochloride,test
data/metadata/Doctor’s Handwritten Prescription BD dataset/Testing/testing_words/316.png,Fexo,Fexofenadine Hydrochloride,test
data/metadata/Doctor’s Handwritten Prescription BD dataset/Testing/testing_words/317.png,Fexo,Fexofenadine Hydrochloride,test
data/metadata/Doctor’s Handwritten Prescription BD dataset/Testing/testing_words/318.png,Fexo,Fexofenadine Hydrochloride,test
data/metadata/Doctor’s Handwritten Prescription BD dataset/Testing/testing_words/319.png,Fexo,Fexofenadine Hydrochloride,test
data/metadata/Doctor’s Handwritten Prescription BD dataset/Testing/testing_words/320.png,Filmet,Metronidazole,test
data/metadata/Doctor’s Handwritten Prescription BD dataset/Testing/testing_words/321.png,Filmet,Metronidazole,test
data/metadata/Doctor’s Handwritten Prescription BD dataset/Testing/testing_words/322.png,Filmet,Metronidazole,test
data/metadata/Doctor’s Handwritten Prescription BD dataset/Testing/testing_words/323.png,Filmet,Metronidazole,test
data/metadata/Doctor’s Handwritten Prescription BD dataset/Testing/testing_words/324.png,Filmet,Metronidazole,test
data/metadata/Doctor’s Handwritten Prescription BD dataset/Testing/testing_words/325.png,Filmet,Metronidazole,test
data/metadata/Doctor’s Handwritten Prescription BD dataset/Testing/testing_words/326.png,Filmet,Metronidazole,test
data/metadata/Doctor’s Handwritten Prescription BD dataset/Testing/testing_words/327.png,Filmet,Metronidazole,test
data/metadata/Doctor’s Handwritten Prescription BD dataset/Testing/testing_words/328.png,Filmet,Metronidazole,test
data/metadata/Doctor’s Handwritten Prescription BD dataset/Testing/testing_words/329.png,Filmet,Metronidazole,test
data/metadata/Doctor’s Handwritten Prescription BD dataset/Testing/testing_words/330.png,Fixal,Fexofenadine Hydrochloride,test
data/metadata/Doctor’s Handwritten Prescription BD dataset/Testing/testing_words/331.png,Fixal,Fexofenadine Hydrochloride,test
data/metadata/Doctor’s Handwritten Prescription BD dataset/Testing/testing_words/332.png,Fixal,Fexofenadine Hydrochloride,test
data/metadata/Doctor’s Handwritten Prescription BD dataset/Testing/testing_words/333.png,Fixal,Fexofenadine Hydrochloride,test
data/metadata/Doctor’s Handwritten Prescription BD dataset/Testing/testing_words/334.png,Fixal,Fexofenadine Hydrochloride,test
data/metadata/Doctor’s Handwritten Prescription BD dataset/Testing/testing_words/335.png,Fixal,Fexofenadine Hydrochloride,test
data/metadata/Doctor’s Handwritten Prescription BD dataset/Testing/testing_words/336.png,Fixal,Fexofenadine Hydrochloride,test
data/metadata/Doctor’s Handwritten Prescription BD dataset/Testing/testing_words/337.png,Fixal,Fexofenadine Hydrochloride,test
data/metadata/Doctor’s Handwritten Prescription BD dataset/Testing/testing_words/338.png,Fixal,Fexofenadine Hydrochloride,test
data/metadata/Doctor’s Handwritten Prescription BD dataset/Testing/testing_words/339.png,Fixal,Fexofenadine Hydrochloride,test
data/metadata/Doctor’s Handwritten Prescription BD dataset/Testing/testing_words/340.png,Flamyd,Metronidazole,test
data/metadata/Doctor’s Handwritten Prescription BD dataset/Testing/testing_words/341.png,Flamyd,Metronidazole,test
data/metadata/Doctor’s Handwritten Prescription BD dataset/Testing/testing_words/342.png,Flamyd,Metronidazole,test
data/metadata/Doctor’s Handwritten Prescription BD dataset/Testing/testing_words/343.png,Flamyd,Metronidazole,test
data/metadata/Doctor’s Handwritten Prescription BD dataset/Testing/testing_words/344.png,Flamyd,Metronidazole,test
data/metadata/Doctor’s Handwritten Prescription BD dataset/Testing/testing_words/345.png,Flamyd,Metronidazole,test
data/metadata/Doctor’s Handwritten Prescription BD dataset/Testing/testing_words/346.png,Flamyd,Metronidazole,test
data/metadata/Doctor’s Handwritten Prescription BD dataset/Testing/testing_words/347.png,Flamyd,Metronidazole,test
data/metadata/Doctor’s Handwritten Prescription BD dataset/Testing/testing_words/348.png,Flamyd,Metronidazole,test
data/metadata/Doctor’s Handwritten Prescription BD dataset/Testing/testing_words/349.png,Flamyd,Metronidazole,test
data/metadata/Doctor’s Handwritten Prescription BD dataset/Testing/testing_words/350.png,Flexibac,Baclofen,test
data/metadata/Doctor’s Handwritten Prescription BD dataset/Testing/testing_words/351.png,Flexibac,Baclofen,test
data/metadata/Doctor’s Handwritten Prescription BD dataset/Testing/testing_words/352.png,Flexibac,Baclofen,test
data/metadata/Doctor’s Handwritten Prescription BD dataset/Testing/testing_words/353.png,Flexibac,Baclofen,test
data/metadata/Doctor’s Handwritten Prescription BD dataset/Testing/testing_words/354.png,Flexibac,Baclofen,test
data/metadata/Doctor’s Handwritten Prescription BD dataset/Testing/testing_words/355.png,Flexibac,Baclofen,test
data/metadata/Doctor’s Handwritten Prescription BD dataset/Testing/testing_words/356.png,Flexibac,Baclofen,test
data/metadata/Doctor’s Handwritten Prescription BD dataset/Testing/testing_words/357.png,Flexibac,Baclofen,test
data/metadata/Doctor’s Handwritten Prescription BD dataset/Testing/testing_words/358.png,Flexibac,Baclofen,test
data/metadata/Doctor’s Handwritten Prescription BD dataset/Testing/testing_words/359.png,Flexibac,Baclofen,test
data/metadata/Doctor’s Handwritten Prescription BD dataset/Testing/testing_words/360.png,Flexilax,Baclofen,test
data/metadata/Doctor’s Handwritten Prescription BD dataset/Testing/testing_words/361.png,Flexilax,Baclofen,test
data/metadata/Doctor’s Handwritten Prescription BD dataset/Testing/testing_words/362.png,Flexilax,Baclofen,test
data/metadata/Doctor’s Handwritten Prescription BD dataset/Testing/testing_words/363.png,Flexilax,Baclofen,test
data/metadata/Doctor’s Handwritten Prescription BD dataset/Testing/testing_words/364.png,Flexilax,Baclofen,test
data/metadata/Doctor’s Handwritten Prescription BD dataset/Testing/testing_words/365.png,Flexilax,Baclofen,test
data/metadata/Doctor’s Handwritten Prescription BD dataset/Testing/testing_words/366.png,Flexilax,Baclofen,test
data/metadata/Doctor’s Handwritten Prescription BD dataset/Testing/testing_words/367.png,Flexilax,Baclofen,test
data/metadata/Doctor’s Handwritten Prescription BD dataset/Testing/testing_words/368.png,Flexilax,Baclofen,test
data/metadata/Doctor’s Handwritten Prescription BD dataset/Testing/testing_words/369.png,Flexilax,Baclofen,test
data/metadata/Doctor’s Handwritten Prescription BD dataset/Testing/testing_words/370.png,Flugal,Fluconazole,test
data/metadata/Doctor’s Handwritten Prescription BD dataset/Testing/testing_words/371.png,Flugal,Fluconazole,test
data/metadata/Doctor’s Handwritten Prescription BD dataset/Testing/testing_words/372.png,Flugal,Fluconazole,test
data/metadata/Doctor’s Handwritten Prescription BD dataset/Testing/testing_words/373.png,Flugal,Fluconazole,test
data/metadata/Doctor’s Handwritten Prescription BD dataset/Testing/testing_words/374.png,Flugal,Fluconazole,test
data/metadata/Doctor’s Handwritten Prescription BD dataset/Testing/testing_words/375.png,Flugal,Fluconazole,test
data/metadata/Doctor’s Handwritten Prescription BD dataset/Testing/testing_words/376.png,Flugal,Fluconazole,test
data/metadata/Doctor’s Handwritten Prescription BD dataset/Testing/testing_words/377.png,Flugal,Fluconazole,test
data/metadata/Doctor’s Handwritten Prescription BD dataset/Testing/testing_words/378.png,Flugal,Fluconazole,test
data/metadata/Doctor’s Handwritten Prescription BD dataset/Testing/testing_words/379.png,Flugal,Fluconazole,test
data/metadata/Doctor’s Handwritten Prescription BD dataset/Testing/testing_words/380.png,Ketocon,Ketoconazole (Shampoo),test
data/metadata/Doctor’s Handwritten Prescription BD dataset/Testing/testing_words/381.png,Ketocon,Ketoconazole (Shampoo),test
data/metadata/Doctor’s Handwritten Prescription BD dataset/Testing/testing_words/382.png,Ketocon,Ketoconazole (Shampoo),test
data/metadata/Doctor’s Handwritten Prescription BD dataset/Testing/testing_words/383.png,Ketocon,Ketoconazole (Shampoo),test
data/metadata/Doctor’s Handwritten Prescription BD dataset/Testing/testing_words/384.png,Ketocon,Ketoconazole (Shampoo),test
data/metadata/Doctor’s Handwritten Prescription BD dataset/Testing/testing_words/385.png,Ketocon,Ketoconazole (Shampoo),test
data/metadata/Doctor’s Handwritten Prescription BD dataset/Testing/testing_words/386.png,Ketocon,Ketoconazole (Shampoo),test
data/metadata/Doctor’s Handwritten Prescription BD dataset/Testing/testing_words/387.png,Ketocon,Ketoconazole (Shampoo),test
data/metadata/Doctor’s Handwritten Prescription BD dataset/Testing/testing_words/388.png,Ketocon,Ketoconazole (Shampoo),test
data/metadata/Doctor’s Handwritten Prescription BD dataset/Testing/testing_words/389.png,Ketocon,Ketoconazole (Shampoo),test
data/metadata/Doctor’s Handwritten Prescription BD dataset/Testing/testing_words/390.png,Ketoral,Ketoconazole (Tablet),test
data/metadata/Doctor’s Handwritten Prescription BD dataset/Testing/testing_words/391.png,Ketoral,Ketoconazole (Tablet),test
data/metadata/Doctor’s Handwritten Prescription BD dataset/Testing/testing_words/392.png,Ketoral,Ketoconazole (Tablet),test
data/metadata/Doctor’s Handwritten Prescription BD dataset/Testing/testing_words/393.png,Ketoral,Ketoconazole (Tablet),test
data/metadata/Doctor’s Handwritten Prescription BD dataset/Testing/testing_words/394.png,Ketoral,Ketoconazole (Tablet),test
data/metadata/Doctor’s Handwritten Prescription BD dataset/Testing/testing_words/395.png,Ketoral,Ketoconazole (Tablet),test
data/metadata/Doctor’s Handwritten Prescription BD dataset/Testing/testing_words/396.png,Ketoral,Ketoconazole (Tablet),test
data/metadata/Doctor’s Handwritten Prescription BD dataset/Testing/testing_words/397.png,Ketoral,Ketoconazole (Tablet),test
data/metadata/Doctor’s Handwritten Prescription BD dataset/Testing/testing_words/398.png,Ketoral,Ketoconazole (Tablet),test
data/metadata/Doctor’s Handwritten Prescription BD dataset/Testing/testing_words/399.png,Ketoral,Ketoconazole (Tablet),test
data/metadata/Doctor’s Handwritten Prescription BD dataset/Testing/testing_words/400.png,Ketotab,Ketoconazole (Tablet),test
data/metadata/Doctor’s Handwritten Prescription BD dataset/Testing/testing_words/401.png,Ketotab,Ketoconazole (Tablet),test
data/metadata/Doctor’s Handwritten Prescription BD dataset/Testing/testing_words/402.png,Ketotab,Ketoconazole (Tablet),test
data/metadata/Doctor’s Handwritten Prescription BD dataset/Testing/testing_words/403.png,Ketotab,Ketoconazole (Tablet),test
data/metadata/Doctor’s Handwritten Prescription BD dataset/Testing/testing_words/404.png,Ketotab,Ketoconazole (Tablet),test
data/metadata/Doctor’s Handwritten Prescription BD dataset/Testing/testing_words/405.png,Ketotab,Ketoconazole (Tablet),test
data/metadata/Doctor’s Handwritten Prescription BD dataset/Testing/testing_words/406.png,Ketotab,Ketoconazole (Tablet),test
data/metadata/Doctor’s Handwritten Prescription BD dataset/Testing/testing_words/407.png,Ketotab,Ketoconazole (Tablet),test
data/metadata/Doctor’s Handwritten Prescription BD dataset/Testing/testing_words/408.png,Ketotab,Ketoconazole (Tablet),test
data/metadata/Doctor’s Handwritten Prescription BD dataset/Testing/testing_words/409.png,Ketotab,Ketoconazole (Tablet),test
data/metadata/Doctor’s Handwritten Prescription BD dataset/Testing/testing_words/410.png,Ketozol,Ketoconazole (Shampoo),test
data/metadata/Doctor’s Handwritten Prescription BD dataset/Testing/testing_words/411.png,Ketozol,Ketoconazole (Shampoo),test
data/metadata/Doctor’s Handwritten Prescription BD dataset/Testing/testing_words/412.png,Ketozol,Ketoconazole (Shampoo),test
data/metadata/Doctor’s Handwritten Prescription BD dataset/Testing/testing_words/413.png,Ketozol,Ketoconazole (Shampoo),test
data/metadata/Doctor’s Handwritten Prescription BD dataset/Testing/testing_words/414.png,Ketozol,Ketoconazole (Shampoo),test
data/metadata/Doctor’s Handwritten Prescription BD dataset/Testing/testing_words/415.png,Ketozol,Ketoconazole (Shampoo),test
data/metadata/Doctor’s Handwritten Prescription BD dataset/Testing/testing_words/416.png,Ketozol,Ketoconazole (Shampoo),test
data/metadata/Doctor’s Handwritten Prescription BD dataset/Testing/testing_words/417.png,Ketozol,Ketoconazole (Shampoo),test
data/metadata/Doctor’s Handwritten Prescription BD dataset/Testing/testing_words/418.png,Ketozol,Ketoconazole (Shampoo),test
data/metadata/Doctor’s Handwritten Prescription BD dataset/Testing/testing_words/419.png,Ketozol,Ketoconazole (Shampoo),test
data/metadata/Doctor’s Handwritten Prescription BD dataset/Testing/testing_words/420.png,Leptic,Clonazepam,test
data/metadata/Doctor’s Handwritten Prescription BD dataset/Testing/testing_words/421.png,Leptic,Clonazepam,test
data/metadata/Doctor’s Handwritten Prescription BD dataset/Testing/testing_words/422.png,Leptic,Clonazepam,test
data/metadata/Doctor’s Handwritten Prescription BD dataset/Testing/testing_words/423.png,Leptic,Clonazepam,test
data/metadata/Doctor’s Handwritten Prescription BD dataset/Testing/testing_words/424.png,Leptic,Clonazepam,test
data/metadata/Doctor’s Handwritten Prescription BD dataset/Testing/testing_words/425.png,Leptic,Clonazepam,test
data/metadata/Doctor’s Handwritten Prescription BD dataset/Testing/testing_words/426.png,Leptic,Clonazepam,test
data/metadata/Doctor’s Handwritten Prescription BD dataset/Testing/testing_words/427.png,Leptic,Clonazepam,test
data/metadata/Doctor’s Handwritten Prescription BD dataset/Testing/testing_words/428.png,Leptic,Clonazepam,test
data/metadata/Doctor’s Handwritten Prescription BD dataset/Testing/testing_words/429.png,Leptic,Clonazepam,test
data/metadata/Doctor’s Handwritten Prescription BD dataset/Testing/testing_words/430.png,Lucan-R,Fluconazole,test
data/metadata/Doctor’s Handwritten Prescription BD dataset/Testing/testing_words/431.png,Lucan-R,Fluconazole,test
data/metadata/Doctor’s Handwritten Prescription BD dataset/Testing/testing_words/432.png,Lucan-R,Fluconazole,test
data/metadata/Doctor’s Handwritten Prescription BD dataset/Testing/testing_words/433.png,Lucan-R,Fluconazole,test
data/metadata/Doctor’s Handwritten Prescription BD dataset/Testing/testing_words/434.png,Lucan-R,Fluconazole,test
data/metadata/Doctor’s Handwritten Prescription BD dataset/Testing/testing_words/435.png,Lucan-R,Fluconazole,test
data/metadata/Doctor’s Handwritten Prescription BD dataset/Testing/testing_words/436.png,Lucan-R,Fluconazole,test
data/metadata/Doctor’s Handwritten Prescription BD dataset/Testing/testing_words/437.png,Lucan-R,Fluconazole,test
data/metadata/Doctor’s Handwritten Prescription BD dataset/Testing/testing_words/438.png,Lucan-R,Fluconazole,test
data/metadata/Doctor’s Handwritten Prescription BD dataset/Testing/testing_words/439.png,Lucan-R,Fluconazole,test
data/metadata/Doctor’s Handwritten Prescription BD dataset/Testing/testing_words/440.png,Lumona,Montelukast Sodium,test
data/metadata/Doctor’s Handwritten Prescription BD dataset/Testing/testing_words/441.png,Lumona,Montelukast Sodium,test
data/metadata/Doctor’s Handwritten Prescription BD dataset/Testing/testing_words/442.png,Lumona,Montelukast Sodium,test
data/metadata/Doctor’s Handwritten Prescription BD dataset/Testing/testing_words/443.png,Lumona,Montelukast Sodium,test
data/metadata/Doctor’s Handwritten Prescription BD dataset/Testing/testing_words/444.png,Lumona,Montelukast Sodium,test
data/metadata/Doctor’s Handwritten Prescription BD dataset/Testing/testing_words/445.png,Lumona,Montelukast Sodium,test
data/metadata/Doctor’s Handwritten Prescription BD dataset/Testing/testing_words/446.png,Lumona,Montelukast Sodium,test
data/metadata/Doctor’s Handwritten Prescription BD dataset/Testing/testing_words/447.png,Lumona,Montelukast Sodium,test
data/metadata/Doctor’s Handwritten Prescription BD dataset/Testing/testing_words/448.png,Lumona,Montelukast Sodium,test
data/metadata/Doctor’s Handwritten Prescription BD dataset/Testing/testing_words/449.png,Lumona,Montelukast Sodium,test
data/metadata/Doctor’s Handwritten Prescription BD dataset/Testing/testing_words/450.png,M-Kast,Montelukast Sodium,test
data/metadata/Doctor’s Handwritten Prescription BD dataset/Testing/testing_words/451.png,M-Kast,Montelukast Sodium,test
data/metadata/Doctor’s Handwritten Prescription BD dataset/Testing/testing_words/452.png,M-Kast,Montelukast Sodium,test
data/metadata/Doctor’s Handwritten Prescription BD dataset/Testing/testing_words/453.png,M-Kast,Montelukast Sodium,test
data/metadata/Doctor’s Handwritten Prescription BD dataset/Testing/testing_words/454.png,M-Kast,Montelukast Sodium,test
data/metadata/Doctor’s Handwritten Prescription BD dataset/Testing/testing_words/455.png,M-Kast,Montelukast Sodium,test
data/metadata/Doctor’s Handwritten Prescription BD dataset/Testing/testing_words/456.png,M-Kast,Montelukast Sodium,test
data/metadata/Doctor’s Handwritten Prescription BD dataset/Testing/testing_words/457.png,M-Kast,Montelukast Sodium,test
data/metadata/Doctor’s Handwritten Prescription BD dataset/Testing/testing_words/458.png,M-Kast,Montelukast Sodium,test
data/metadata/Doctor’s Handwritten Prescription BD dataset/Testing/testing_words/459.png,M-Kast,Montelukast Sodium,test
data/metadata/Doctor’s Handwritten Prescription BD dataset/Testing/testing_words/460.png,Maxima,Esomeprazole,test
data/metadata/Doctor’s Handwritten Prescription BD dataset/Testing/testing_words/461.png,Maxima,Esomeprazole,test
data/metadata/Doctor’s Handwritten Prescription BD dataset/Testing/testing_words/462.png,Maxima,Esomeprazole,test
data/metadata/Doctor’s Handwritten Prescription BD dataset/Testing/testing_words/463.png,Maxima,Esomeprazole,test
data/metadata/Doctor’s Handwritten Prescription BD dataset/Testing/testing_words/464.png,Maxima,Esomeprazole,test
data/metadata/Doctor’s Handwritten Prescription BD dataset/Testing/testing_words/465.png,Maxima,Esomeprazole,test
data/metadata/Doctor’s Handwritten Prescription BD dataset/Testing/testing_words/466.png,Maxima,Esomeprazole,test
data/metadata/Doctor’s Handwritten Prescription BD dataset/Testing/testing_words/467.png,Maxima,Esomeprazole,test
data/metadata/Doctor’s Handwritten Prescription BD dataset/Testing/testing_words/468.png,Maxima,Esomeprazole,test
data/metadata/Doctor’s Handwritten Prescription BD dataset/Testing/testing_words/469.png,Maxima,Esomeprazole,test
data/metadata/Doctor’s Handwritten Prescription BD dataset/Testing/testing_words/470.png,Maxpro,Esomeprazole,test
data/metadata/Doctor’s Handwritten Prescription BD dataset/Testing/testing_words/471.png,Maxpro,Esomeprazole,test
data/metadata/Doctor’s Handwritten Prescription BD dataset/Testing/testing_words/472.png,Maxpro,Esomeprazole,test
data/metadata/Doctor’s Handwritten Prescription BD dataset/Testing/testing_words/473.png,Maxpro,Esomeprazole,test
data/metadata/Doctor’s Handwritten Prescription BD dataset/Testing/testing_words/474.png,Maxpro,Esomeprazole,test
data/metadata/Doctor’s Handwritten Prescription BD dataset/Testing/testing_words/475.png,Maxpro,Esomeprazole,test
data/metadata/Doctor’s Handwritten Prescription BD dataset/Testing/testing_words/476.png,Maxpro,Esomeprazole,test
data/metadata/Doctor’s Handwritten Prescription BD dataset/Testing/testing_words/477.png,Maxpro,Esomeprazole,test
data/metadata/Doctor’s Handwritten Prescription BD dataset/Testing/testing_words/478.png,Maxpro,Esomeprazole,test
data/metadata/Doctor’s Handwritten Prescription BD dataset/Testing/testing_words/479.png,Maxpro,Esomeprazole,test
data/metadata/Doctor’s Handwritten Prescription BD dataset/Testing/testing_words/480.png,Metro,Metronidazole,test
data/metadata/Doctor’s Handwritten Prescription BD dataset/Testing/testing_words/481.png,Metro,Metronidazole,test
data/metadata/Doctor’s Handwritten Prescription BD dataset/Testing/testing_words/482.png,Metro,Metronidazole,test
data/metadata/Doctor’s Handwritten Prescription BD dataset/Testing/testing_words/483.png,Metro,Metronidazole,test
data/metadata/Doctor’s Handwritten Prescription BD dataset/Testing/testing_words/484.png,Metro,Metronidazole,test
data/metadata/Doctor’s Handwritten Prescription BD dataset/Testing/testing_words/485.png,Metro,Metronidazole,test
data/metadata/Doctor’s Handwritten Prescription BD dataset/Testing/testing_words/486.png,Metro,Metronidazole,test
data/metadata/Doctor’s Handwritten Prescription BD dataset/Testing/testing_words/487.png,Metro,Metronidazole,test
data/metadata/Doctor’s Handwritten Prescription BD dataset/Testing/testing_words/488.png,Metro,Metronidazole,test
data/metadata/Doctor’s Handwritten Prescription BD dataset/Testing/testing_words/489.png,Metro,Metronidazole,test
data/metadata/Doctor’s Handwritten Prescription BD dataset/Testing/testing_words/490.png,Metsina,Metronidazole,test
data/metadata/Doctor’s Handwritten Prescription BD dataset/Testing/testing_words/491.png,Metsina,Metronidazole,test
data/metadata/Doctor’s Handwritten Prescription BD dataset/Testing/testing_words/492.png,Metsina,Metronidazole,test
data/metadata/Doctor’s Handwritten Prescription BD dataset/Testing/testing_words/493.png,Metsina,Metronidazole,test
data/metadata/Doctor’s Handwritten Prescription BD dataset/Testing/testing_words/494.png,Metsina,Metronidazole,test
data/metadata/Doctor’s Handwritten Prescription BD dataset/Testing/testing_words/495.png,Metsina,Metronidazole,test
data/metadata/Doctor’s Handwritten Prescription BD dataset/Testing/testing_words/496.png,Metsina,Metronidazole,test
data/metadata/Doctor’s Handwritten Prescription BD dataset/Testing/testing_words/497.png,Metsina,Metronidazole,test
data/metadata/Doctor’s Handwritten Prescription BD dataset/Testing/testing_words/498.png,Metsina,Metronidazole,test
data/metadata/Doctor’s Handwritten Prescription BD dataset/Testing/testing_words/499.png,Metsina,Metronidazole,test
data/metadata/Doctor’s Handwritten Prescription BD dataset/Testing/testing_words/500.png,Monas,Montelukast Sodium,test
data/metadata/Doctor’s Handwritten Prescription BD dataset/Testing/testing_words/501.png,Monas,Montelukast Sodium,test
data/metadata/Doctor’s Handwritten Prescription BD dataset/Testing/testing_words/502.png,Monas,Montelukast Sodium,test
data/metadata/Doctor’s Handwritten Prescription BD dataset/Testing/testing_words/503.png,Monas,Montelukast Sodium,test
data/metadata/Doctor’s Handwritten Prescription BD dataset/Testing/testing_words/504.png,Monas,Montelukast Sodium,test
data/metadata/Doctor’s Handwritten Prescription BD dataset/Testing/testing_words/505.png,Monas,Montelukast Sodium,test
data/metadata/Doctor’s Handwritten Prescription BD dataset/Testing/testing_words/506.png,Monas,Montelukast Sodium,test
data/metadata/Doctor’s Handwritten Prescription BD dataset/Testing/testing_words/507.png,Monas,Montelukast Sodium,test
data/metadata/Doctor’s Handwritten Prescription BD dataset/Testing/testing_words/508.png,Monas,Montelukast Sodium,test
data/metadata/Doctor’s Handwritten Prescription BD dataset/Testing/testing_words/509.png,Monas,Montelukast Sodium,test
data/metadata/Doctor’s Handwritten Prescription BD dataset/Testing/testing_words/510.png,Montair,Montelukast Sodium,test
data/metadata/Doctor’s Handwritten Prescription BD dataset/Testing/testing_words/511.png,Montair,Montelukast Sodium,test
data/metadata/Doctor’s Handwritten Prescription BD dataset/Testing/testing_words/512.png,Montair,Montelukast Sodium,test
data/metadata/Doctor’s Handwritten Prescription BD dataset/Testing/testing_words/513.png,Montair,Montelukast Sodium,test
data/metadata/Doctor’s Handwritten Prescription BD dataset/Testing/testing_words/514.png,Montair,Montelukast Sodium,test
data/metadata/Doctor’s Handwritten Prescription BD dataset/Testing/testing_words/515.png,Montair,Montelukast Sodium,test
data/metadata/Doctor’s Handwritten Prescription BD dataset/Testing/testing_words/516.png,Montair,Montelukast Sodium,test
data/metadata/Doctor’s Handwritten Prescription BD dataset/Testing/testing_words/517.png,Montair,Montelukast Sodium,test
data/metadata/Doctor’s Handwritten Prescription BD dataset/Testing/testing_words/518.png,Montair,Montelukast Sodium,test
data/metadata/Doctor’s Handwritten Prescription BD dataset/Testing/testing_words/519.png,Montair,Montelukast Sodium,test
data/metadata/Doctor’s Handwritten Prescription BD dataset/Testing/testing_words/520.png,Montene,Montelukast Sodium,test
data/metadata/Doctor’s Handwritten Prescription BD dataset/Testing/testing_words/521.png,Montene,Montelukast Sodium,test
data/metadata/Doctor’s Handwritten Prescription BD dataset/Testing/testing_words/522.png,Montene,Montelukast Sodium,test
data/metadata/Doctor’s Handwritten Prescription BD dataset/Testing/testing_words/523.png,Montene,Montelukast Sodium,test
data/metadata/Doctor’s Handwritten Prescription BD dataset/Testing/testing_words/524.png,Montene,Montelukast Sodium,test
data/metadata/Doctor’s Handwritten Prescription BD dataset/Testing/testing_words/525.png,Montene,Montelukast Sodium,test
data/metadata/Doctor’s Handwritten Prescription BD dataset/Testing/testing_words/526.png,Montene,Montelukast Sodium,test
data/metadata/Doctor’s Handwritten Prescription BD dataset/Testing/testing_words/527.png,Montene,Montelukast Sodium,test
data/metadata/Doctor’s Handwritten Prescription BD dataset/Testing/testing_words/528.png,Montene,Montelukast Sodium,test
data/metadata/Doctor’s Handwritten Prescription BD dataset/Testing/testing_words/529.png,Montene,Montelukast Sodium,test
data/metadata/Doctor’s Handwritten Prescription BD dataset/Testing/testing_words/530.png,Montex,Montelukast Sodium,test
data/metadata/Doctor’s Handwritten Prescription BD dataset/Testing/testing_words/531.png,Montex,Montelukast Sodium,test
data/metadata/Doctor’s Handwritten Prescription BD dataset/Testing/testing_words/532.png,Montex,Montelukast Sodium,test
data/metadata/Doctor’s Handwritten Prescription BD dataset/Testing/testing_words/533.png,Montex,Montelukast Sodium,test
data/metadata/Doctor’s Handwritten Prescription BD dataset/Testing/testing_words/534.png,Montex,Montelukast Sodium,test
data/metadata/Doctor’s Handwritten Prescription BD dataset/Testing/testing_words/535.png,Montex,Montelukast Sodium,test
data/metadata/Doctor’s Handwritten Prescription BD dataset/Testing/testing_words/536.png,Montex,Montelukast Sodium,test
data/metadata/Doctor’s Handwritten Prescription BD dataset/Testing/testing_words/537.png,Montex,Montelukast Sodium,test
data/metadata/Doctor’s Handwritten Prescription BD dataset/Testing/testing_words/538.png,Montex,Montelukast Sodium,test
data/metadata/Doctor’s Handwritten Prescription BD dataset/Testing/testing_words/539.png,Montex,Montelukast Sodium,test
data/metadata/Doctor’s Handwritten Prescription BD dataset/Testing/testing_words/540.png,Napa Extend,Paracetamol,test
data/metadata/Doctor’s Handwritten Prescription BD dataset/Testing/testing_words/541.png,Napa Extend,Paracetamol,test
data/metadata/Doctor’s Handwritten Prescription BD dataset/Testing/testing_words/542.png,Napa Extend,Paracetamol,test
data/metadata/Doctor’s Handwritten Prescription BD dataset/Testing/testing_words/543.png,Napa Extend,Paracetamol,test
data/metadata/Doctor’s Handwritten Prescription BD dataset/Testing/testing_words/544.png,Napa Extend,Paracetamol,test
data/metadata/Doctor’s Handwritten Prescription BD dataset/Testing/testing_words/545.png,Napa Extend,Paracetamol,test
data/metadata/Doctor’s Handwritten Prescription BD dataset/Testing/testing_words/546.png,Napa Extend,Paracetamol,test
data/metadata/Doctor’s Handwritten Prescription BD dataset/Testing/testing_words/547.png,Napa Extend,Paracetamol,test
data/metadata/Doctor’s Handwritten Prescription BD dataset/Testing/testing_words/548.png,Napa Extend,Paracetamol,test
data/metadata/Doctor’s Handwritten Prescription BD dataset/Testing/testing_words/549.png,Napa Extend,Paracetamol,test
data/metadata/Doctor’s Handwritten Prescription BD dataset/Testing/testing_words/550.png,Napa,Paracetamol,test
data/metadata/Doctor’s Handwritten Prescription BD dataset/Testing/testing_words/551.png,Napa,Paracetamol,test
data/metadata/Doctor’s Handwritten Prescription BD dataset/Testing/testing_words/552.png,Napa,Paracetamol,test
data/metadata/Doctor’s Handwritten Prescription BD dataset/Testing/testing_words/553.png,Napa,Paracetamol,test
data/metadata/Doctor’s Handwritten Prescription BD dataset/Testing/testing_words/554.png,Napa,Paracetamol,test
data/metadata/Doctor’s Handwritten Prescription BD dataset/Testing/testing_words/555.png,Napa,Paracetamol,test
data/metadata/Doctor’s Handwritten Prescription BD dataset/Testing/testing_words/556.png,Napa,Paracetamol,test
data/metadata/Doctor’s Handwritten Prescription BD dataset/Testing/testing_words/557.png,Napa,Paracetamol,test
data/metadata/Doctor’s Handwritten Prescription BD dataset/Testing/testing_words/558.png,Napa,Paracetamol,test
data/metadata/Doctor’s Handwritten Prescription BD dataset/Testing/testing_words/559.png,Napa,Paracetamol,test
data/metadata/Doctor’s Handwritten Prescription BD dataset/Testing/testing_words/560.png,Nexcap,Esomeprazole,test
data/metadata/Doctor’s Handwritten Prescription BD dataset/Testing/testing_words/561.png,Nexcap,Esomeprazole,test
data/metadata/Doctor’s Handwritten Prescription BD dataset/Testing/testing_words/562.png,Nexcap,Esomeprazole,test
data/metadata/Doctor’s Handwritten Prescription BD dataset/Testing/testing_words/563.png,Nexcap,Esomeprazole,test
data/metadata/Doctor’s Handwritten Prescription BD dataset/Testing/testing_words/564.png,Nexcap,Esomeprazole,test
data/metadata/Doctor’s Handwritten Prescription BD dataset/Testing/testing_words/565.png,Nexcap,Esomeprazole,test
data/metadata/Doctor’s Handwritten Prescription BD dataset/Testing/testing_words/566.png,Nexcap,Esomeprazole,test
data/metadata/Doctor’s Handwritten Prescription BD dataset/Testing/testing_words/567.png,Nexcap,Esomeprazole,test
data/metadata/Doctor’s Handwritten Prescription BD dataset/Testing/testing_words/568.png,Nexcap,Esomeprazole,test
data/metadata/Doctor’s Handwritten Prescription BD dataset/Testing/testing_words/569.png,Nexcap,Esomeprazole,test
data/metadata/Doctor’s Handwritten Prescription BD dataset/Testing/testing_words/570.png,Nexum,Esomeprazole,test
data/metadata/Doctor’s Handwritten Prescription BD dataset/Testing/testing_words/571.png,Nexum,Esomeprazole,test
data/metadata/Doctor’s Handwritten Prescription BD dataset/Testing/testing_words/572.png,Nexum,Esomeprazole,test
data/metadata/Doctor’s Handwritten Prescription BD dataset/Testing/testing_words/573.png,Nexum,Esomeprazole,test
data/metadata/Doctor’s Handwritten Prescription BD dataset/Testing/testing_words/574.png,Nexum,Esomeprazole,test
data/metadata/Doctor’s Handwritten Prescription BD dataset/Testing/testing_words/575.png,Nexum,Esomeprazole,test
data/metadata/Doctor’s Handwritten Prescription BD dataset/Testing/testing_words/576.png,Nexum,Esomeprazole,test
data/metadata/Doctor’s Handwritten Prescription BD dataset/Testing/testing_words/577.png,Nexum,Esomeprazole,test
data/metadata/Doctor’s Handwritten Prescription BD dataset/Testing/testing_words/578.png,Nexum,Esomeprazole,test
data/metadata/Doctor’s Handwritten Prescription BD dataset/Testing/testing_words/579.png,Nexum,Esomeprazole,test
data/metadata/Doctor’s Handwritten Prescription BD dataset/Testing/testing_words/580.png,Nidazyl,Metronidazole,test
data/metadata/Doctor’s Handwritten Prescription BD dataset/Testing/testing_words/581.png,Nidazyl,Metronidazole,test
data/metadata/Doctor’s Handwritten Prescription BD dataset/Testing/testing_words/582.png,Nidazyl,Metronidazole,test
data/metadata/Doctor’s Handwritten Prescription BD dataset/Testing/testing_words/583.png,Nidazyl,Metronidazole,test
data/metadata/Doctor’s Handwritten Prescription BD dataset/Testing/testing_words/584.png,Nidazyl,Metronidazole,test
data/metadata/Doctor’s Handwritten Prescription BD dataset/Testing/testing_words/585.png,Nidazyl,Metronidazole,test
data/metadata/Doctor’s Handwritten Prescription BD dataset/Testing/testing_words/586.png,Nidazyl,Metronidazole,test
data/metadata/Doctor’s Handwritten Prescription BD dataset/Testing/testing_words/587.png,Nidazyl,Metronidazole,test
data/metadata/Doctor’s Handwritten Prescription BD dataset/Testing/testing_words/588.png,Nidazyl,Metronidazole,test
data/metadata/Doctor’s Handwritten Prescription BD dataset/Testing/testing_words/589.png,Nidazyl,Metronidazole,test
data/metadata/Doctor’s Handwritten Prescription BD dataset/Testing/testing_words/590.png,Nizoder,Ketoconazole (Cream),test
data/metadata/Doctor’s Handwritten Prescription BD dataset/Testing/testing_words/591.png,Nizoder,Ketoconazole (Cream),test
data/metadata/Doctor’s Handwritten Prescription BD dataset/Testing/testing_words/592.png,Nizoder,Ketoconazole (Cream),test
data/metadata/Doctor’s Handwritten Prescription BD dataset/Testing/testing_words/593.png,Nizoder,Ketoconazole (Cream),test
data/metadata/Doctor’s Handwritten Prescription BD dataset/Testing/testing_words/594.png,Nizoder,Ketoconazole (Cream),test
data/metadata/Doctor’s Handwritten Prescription BD dataset/Testing/testing_words/595.png,Nizoder,Ketoconazole (Cream),test
data/metadata/Doctor’s Handwritten Prescription BD dataset/Testing/testing_words/596.png,Nizoder,Ketoconazole (Cream),test
data/metadata/Doctor’s Handwritten Prescription BD dataset/Testing/testing_words/597.png,Nizoder,Ketoconazole (Cream),test
data/metadata/Doctor’s Handwritten Prescription BD dataset/Testing/testing_words/598.png,Nizoder,Ketoconazole (Cream),test
data/metadata/Doctor’s Handwritten Prescription BD dataset/Testing/testing_words/599.png,Nizoder,Ketoconazole (Cream),test
data/metadata/Doctor’s Handwritten Prescription BD dataset/Testing/testing_words/600.png,Odmon,Montelukast Sodium,test
data/metadata/Doctor’s Handwritten Prescription BD dataset/Testing/testing_words/601.png,Odmon,Montelukast Sodium,test
data/metadata/Doctor’s Handwritten Prescription BD dataset/Testing/testing_words/602.png,Odmon,Montelukast Sodium,test
data/metadata/Doctor’s Handwritten Prescription BD dataset/Testing/testing_words/603.png,Odmon,Montelukast Sodium,test
data/metadata/Doctor’s Handwritten Prescription BD dataset/Testing/testing_words/604.png,Odmon,Montelukast Sodium,test
data/metadata/Doctor’s Handwritten Prescription BD dataset/Testing/testing_words/605.png,Odmon,Montelukast Sodium,test
data/metadata/Doctor’s Handwritten Prescription BD dataset/Testing/testing_words/606.png,Odmon,Montelukast Sodium,test
data/metadata/Doctor’s Handwritten Prescription BD dataset/Testing/testing_words/607.png,Odmon,Montelukast Sodium,test
data/metadata/Doctor’s Handwritten Prescription BD dataset/Testing/testing_words/608.png,Odmon,Montelukast Sodium,test
data/metadata/Doctor’s Handwritten Prescription BD dataset/Testing/testing_words/609.png,Odmon,Montelukast Sodium,test
data/metadata/Doctor’s Handwritten Prescription BD dataset/Testing/testing_words/610.png,Omastin,Fluconazole,test
data/metadata/Doctor’s Handwritten Prescription BD dataset/Testing/testing_words/611.png,Omastin,Fluconazole,test
data/metadata/Doctor’s Handwritten Prescription BD dataset/Testing/testing_words/612.png,Omastin,Fluconazole,test
data/metadata/Doctor’s Handwritten Prescription BD dataset/Testing/testing_words/613.png,Omastin,Fluconazole,test
data/metadata/Doctor’s Handwritten Prescription BD dataset/Testing/testing_words/614.png,Omastin,Fluconazole,test
data/metadata/Doctor’s Handwritten Prescription BD dataset/Testing/testing_words/615.png,Omastin,Fluconazole,test
data/metadata/Doctor’s Handwritten Prescription BD dataset/Testing/testing_words/616.png,Omastin,Fluconazole,test
data/metadata/Doctor’s Handwritten Prescription BD dataset/Testing/testing_words/617.png,Omastin,Fluconazole,test
data/metadata/Doctor’s Handwritten Prescription BD dataset/Testing/testing_words/618.png,Omastin,Fluconazole,test
data/metadata/Doctor’s Handwritten Prescription BD dataset/Testing/testing_words/619.png,Omastin,Fluconazole,test
data/metadata/Doctor’s Handwritten Prescription BD dataset/Testing/testing_words/620.png,Opton,Esomeprazole,test
data/metadata/Doctor’s Handwritten Prescription BD dataset/Testing/testing_words/621.png,Opton,Esomeprazole,test
data/metadata/Doctor’s Handwritten Prescription BD dataset/Testing/testing_words/622.png,Opton,Esomeprazole,test
data/metadata/Doctor’s Handwritten Prescription BD dataset/Testing/testing_words/623.png,Opton,Esomeprazole,test
data/metadata/Doctor’s Handwritten Prescription BD dataset/Testing/testing_words/624.png,Opton,Esomeprazole,test
data/metadata/Doctor’s Handwritten Prescription BD dataset/Testing/testing_words/625.png,Opton,Esomeprazole,test
data/metadata/Doctor’s Handwritten Prescription BD dataset/Testing/testing_words/626.png,Opton,Esomeprazole,test
data/metadata/Doctor’s Handwritten Prescription BD dataset/Testing/testing_words/627.png,Opton,Esomeprazole,test
data/metadata/Doctor’s Handwritten Prescription BD dataset/Testing/testing_words/628.png,Opton,Esomeprazole,test
data/metadata/Doctor’s Handwritten Prescription BD dataset/Testing/testing_words/629.png,Opton,Esomeprazole,test
data/metadata/Doctor’s Handwritten Prescription BD dataset/Testing/testing_words/630.png,Progut,Esomeprazole,test
data/metadata/Doctor’s Handwritten Prescription BD dataset/Testing/testing_words/631.png,Progut,Esomeprazole,test
data/metadata/Doctor’s Handwritten Prescription BD dataset/Testing/testing_words/632.png,Progut,Esomeprazole,test
data/metadata/Doctor’s Handwritten Prescription BD dataset/Testing/testing_words/633.png,Progut,Esomeprazole,test
data/metadata/Doctor’s Handwritten Prescription BD dataset/Testing/testing_words/634.png,Progut,Esomeprazole,test
data/metadata/Doctor’s Handwritten Prescription BD dataset/Testing/testing_words/635.png,Progut,Esomeprazole,test
data/metadata/Doctor’s Handwritten Prescription BD dataset/Testing/testing_words/636.png,Progut,Esomeprazole,test
data/metadata/Doctor’s Handwritten Prescription BD dataset/Testing/testing_words/637.png,Progut,Esomeprazole,test
data/metadata/Doctor’s Handwritten Prescription BD dataset/Testing/testing_words/638.png,Progut,Esomeprazole,test
data/metadata/Doctor’s Handwritten Prescription BD dataset/Testing/testing_words/639.png,Progut,Esomeprazole,test
data/metadata/Doctor’s Handwritten Prescription BD dataset/Testing/testing_words/640.png,Provair,Montelukast Sodium,test
data/metadata/Doctor’s Handwritten Prescription BD dataset/Testing/testing_words/641.png,Provair,Montelukast Sodium,test
data/metadata/Doctor’s Handwritten Prescription BD dataset/Testing/testing_words/642.png,Provair,Montelukast Sodium,test
data/metadata/Doctor’s Handwritten Prescription BD dataset/Testing/testing_words/643.png,Provair,Montelukast Sodium,test
data/metadata/Doctor’s Handwritten Prescription BD dataset/Testing/testing_words/644.png,Provair,Montelukast Sodium,test
data/metadata/Doctor’s Handwritten Prescription BD dataset/Testing/testing_words/645.png,Provair,Montelukast Sodium,test
data/metadata/Doctor’s Handwritten Prescription BD dataset/Testing/testing_words/646.png,Provair,Montelukast Sodium,test
data/metadata/Doctor’s Handwritten Prescription BD dataset/Testing/testing_words/647.png,Provair,Montelukast Sodium,test
data/metadata/Doctor’s Handwritten Prescription BD dataset/Testing/testing_words/648.png,Provair,Montelukast Sodium,test
data/metadata/Doctor’s Handwritten Prescription BD dataset/Testing/testing_words/649.png,Provair,Montelukast Sodium,test
data/metadata/Doctor’s Handwritten Prescription BD dataset/Testing/testing_words/650.png,Renova,Paracetamol,test
data/metadata/Doctor’s Handwritten Prescription BD dataset/Testing/testing_words/651.png,Renova,Paracetamol,test
data/metadata/Doctor’s Handwritten Prescription BD dataset/Testing/testing_words/652.png,Renova,Paracetamol,test
data/metadata/Doctor’s Handwritten Prescription BD dataset/Testing/testing_words/653.png,Renova,Paracetamol,test
data/metadata/Doctor’s Handwritten Prescription BD dataset/Testing/testing_words/654.png,Renova,Paracetamol,test
data/metadata/Doctor’s Handwritten Prescription BD dataset/Testing/testing_words/655.png,Renova,Paracetamol,test
data/metadata/Doctor’s Handwritten Prescription BD dataset/Testing/testing_words/656.png,Renova,Paracetamol,test
data/metadata/Doctor’s Handwritten Prescription BD dataset/Testing/testing_words/657.png,Renova,Paracetamol,test
data/metadata/Doctor’s Handwritten Prescription BD dataset/Testing/testing_words/658.png,Renova,Paracetamol,test
data/metadata/Doctor’s Handwritten Prescription BD dataset/Testing/testing_words/659.png,Renova,Paracetamol,test
data/metadata/Doctor’s Handwritten Prescription BD dataset/Testing/testing_words/660.png,Rhinil,Cetirizine Hydrochloride,test
data/metadata/Doctor’s Handwritten Prescription BD dataset/Testing/testing_words/661.png,Rhinil,Cetirizine Hydrochloride,test
data/metadata/Doctor’s Handwritten Prescription BD dataset/Testing/testing_words/662.png,Rhinil,Cetirizine Hydrochloride,test
data/metadata/Doctor’s Handwritten Prescription BD dataset/Testing/testing_words/663.png,Rhinil,Cetirizine Hydrochloride,test
data/metadata/Doctor’s Handwritten Prescription BD dataset/Testing/testing_words/664.png,Rhinil,Cetirizine Hydrochloride,test
data/metadata/Doctor’s Handwritten Prescription BD dataset/Testing/testing_words/665.png,Rhinil,Cetirizine Hydrochloride,test
data/metadata/Doctor’s Handwritten Prescription BD dataset/Testing/testing_words/666.png,Rhinil,Cetirizine Hydrochloride,test
data/metadata/Doctor’s Handwritten Prescription BD dataset/Testing/testing_words/667.png,Rhinil,Cetirizine Hydrochloride,test
data/metadata/Doctor’s Handwritten Prescription BD dataset/Testing/testing_words/668.png,Rhinil,Cetirizine Hydrochloride,test
data/metadata/Doctor’s Handwritten Prescription BD dataset/Testing/testing_words/669.png,Rhinil,Cetirizine Hydrochloride,test
data/metadata/Doctor’s Handwritten Prescription BD dataset/Testing/testing_words/670.png,Ritch,Fexofenadine Hydrochloride,test
data/metadata/Doctor’s Handwritten Prescription BD dataset/Testing/testing_words/671.png,Ritch,Fexofenadine Hydrochloride,test
data/metadata/Doctor’s Handwritten Prescription BD dataset/Testing/testing_words/672.png,Ritch,Fexofenadine Hydrochloride,test
data/metadata/Doctor’s Handwritten Prescription BD dataset/Testing/testing_words/673.png,Ritch,Fexofenadine Hydrochloride,test
data/metadata/Doctor’s Handwritten Prescription BD dataset/Testing/testing_words/674.png,Ritch,Fexofenadine Hydrochloride,test
data/metadata/Doctor’s Handwritten Prescription BD dataset/Testing/testing_words/675.png,Ritch,Fexofenadine Hydrochloride,test
data/metadata/Doctor’s Handwritten Prescription BD dataset/Testing/testing_words/676.png,Ritch,Fexofenadine Hydrochloride,test
data/metadata/Doctor’s Handwritten Prescription BD dataset/Testing/testing_words/677.png,Ritch,Fexofenadine Hydrochloride,test
data/metadata/Doctor’s Handwritten Prescription BD dataset/Testing/testing_words/678.png,Ritch,Fexofenadine Hydrochloride,test
data/metadata/Doctor’s Handwritten Prescription BD dataset/Testing/testing_words/679.png,Ritch,Fexofenadine Hydrochloride,test
data/metadata/Doctor’s Handwritten Prescription BD dataset/Testing/testing_words/680.png,Rivotril,Clonazepam,test
data/metadata/Doctor’s Handwritten Prescription BD dataset/Testing/testing_words/681.png,Rivotril,Clonazepam,test
data/metadata/Doctor’s Handwritten Prescription BD dataset/Testing/testing_words/682.png,Rivotril,Clonazepam,test
data/metadata/Doctor’s Handwritten Prescription BD dataset/Testing/testing_words/683.png,Rivotril,Clonazepam,test
data/metadata/Doctor’s Handwritten Prescription BD dataset/Testing/testing_words/684.png,Rivotril,Clonazepam,test
data/metadata/Doctor’s Handwritten Prescription BD dataset/Testing/testing_words/685.png,Rivotril,Clonazepam,test
data/metadata/Doctor’s Handwritten Prescription BD dataset/Testing/testing_words/686.png,Rivotril,Clonazepam,test
data/metadata/Doctor’s Handwritten Prescription BD dataset/Testing/testing_words/687.png,Rivotril,Clonazepam,test
data/metadata/Doctor’s Handwritten Prescription BD dataset/Testing/testing_words/688.png,Rivotril,Clonazepam,test
data/metadata/Doctor’s Handwritten Prescription BD dataset/Testing/testing_words/689.png,Rivotril,Clonazepam,test
data/metadata/Doctor’s Handwritten Prescription BD dataset/Testing/testing_words/690.png,Romycin,Azithromycin Dihydrate (Ophthalmic),test
data/metadata/Doctor’s Handwritten Prescription BD dataset/Testing/testing_words/691.png,Romycin,Azithromycin Dihydrate (Ophthalmic),test
data/metadata/Doctor’s Handwritten Prescription BD dataset/Testing/testing_words/692.png,Romycin,Azithromycin Dihydrate (Ophthalmic),test
data/metadata/Doctor’s Handwritten Prescription BD dataset/Testing/testing_words/693.png,Romycin,Azithromycin Dihydrate (Ophthalmic),test
data/metadata/Doctor’s Handwritten Prescription BD dataset/Testing/testing_words/694.png,Romycin,Azithromycin Dihydrate (Ophthalmic),test
data/metadata/Doctor’s Handwritten Prescription BD dataset/Testing/testing_words/695.png,Romycin,Azithromycin Dihydrate (Ophthalmic),test
data/metadata/Doctor’s Handwritten Prescription BD dataset/Testing/testing_words/696.png,Romycin,Azithromycin Dihydrate (Ophthalmic),test
data/metadata/Doctor’s Handwritten Prescription BD dataset/Testing/testing_words/697.png,Romycin,Azithromycin Dihydrate (Ophthalmic),test
data/metadata/Doctor’s Handwritten Prescription BD dataset/Testing/testing_words/698.png,Romycin,Azithromycin Dihydrate (Ophthalmic),test
data/metadata/Doctor’s Handwritten Prescription BD dataset/Testing/testing_words/699.png,Romycin,Azithromycin Dihydrate (Ophthalmic),test
data/metadata/Doctor’s Handwritten Prescription BD dataset/Testing/testing_words/700.png,Rozith,Azithromycin Dihydrate,test
data/metadata/Doctor’s Handwritten Prescription BD dataset/Testing/testing_words/701.png,Rozith,Azithromycin Dihydrate,test
data/metadata/Doctor’s Handwritten Prescription BD dataset/Testing/testing_words/702.png,Rozith,Azithromycin Dihydrate,test
data/metadata/Doctor’s Handwritten Prescription BD dataset/Testing/testing_words/703.png,Rozith,Azithromycin Dihydrate,test
data/metadata/Doctor’s Handwritten Prescription BD dataset/Testing/testing_words/704.png,Rozith,Azithromycin Dihydrate,test
data/metadata/Doctor’s Handwritten Prescription BD dataset/Testing/testing_words/705.png,Rozith,Azithromycin Dihydrate,test
data/metadata/Doctor’s Handwritten Prescription BD dataset/Testing/testing_words/706.png,Rozith,Azithromycin Dihydrate,test
data/metadata/Doctor’s Handwritten Prescription BD dataset/Testing/testing_words/707.png,Rozith,Azithromycin Dihydrate,test
data/metadata/Doctor’s Handwritten Prescription BD dataset/Testing/testing_words/708.png,Rozith,Azithromycin Dihydrate,test
data/metadata/Doctor’s Handwritten Prescription BD dataset/Testing/testing_words/709.png,Rozith,Azithromycin Dihydrate,test
data/metadata/Doctor’s Handwritten Prescription BD dataset/Testing/testing_words/710.png,Sergel,Esomeprazole,test
data/metadata/Doctor’s Handwritten Prescription BD dataset/Testing/testing_words/711.png,Sergel,Esomeprazole,test
data/metadata/Doctor’s Handwritten Prescription BD dataset/Testing/testing_words/712.png,Sergel,Esomeprazole,test
data/metadata/Doctor’s Handwritten Prescription BD dataset/Testing/testing_words/713.png,Sergel,Esomeprazole,test
data/metadata/Doctor’s Handwritten Prescription BD dataset/Testing/testing_words/714.png,Sergel,Esomeprazole,test
data/metadata/Doctor’s Handwritten Prescription BD dataset/Testing/testing_words/715.png,Sergel,Esomeprazole,test
data/metadata/Doctor’s Handwritten Prescription BD dataset/Testing/testing_words/716.png,Sergel,Esomeprazole,test
data/metadata/Doctor’s Handwritten Prescription BD dataset/Testing/testing_words/717.png,Sergel,Esomeprazole,test
data/metadata/Doctor’s Handwritten Prescription BD dataset/Testing/testing_words/718.png,Sergel,Esomeprazole,test
data/metadata/Doctor’s Handwritten Prescription BD dataset/Testing/testing_words/719.png,Sergel,Esomeprazole,test
data/metadata/Doctor’s Handwritten Prescription BD dataset/Testing/testing_words/720.png,Tamen,Paracetamol,test
data/metadata/Doctor’s Handwritten Prescription BD dataset/Testing/testing_words/721.png,Tamen,Paracetamol,test
data/metadata/Doctor’s Handwritten Prescription BD dataset/Testing/testing_words/722.png,Tamen,Paracetamol,test
data/metadata/Doctor’s Handwritten Prescription BD dataset/Testing/testing_words/723.png,Tamen,Paracetamol,test
data/metadata/Doctor’s Handwritten Prescription BD dataset/Testing/testing_words/724.png,Tamen,Paracetamol,test
data/metadata/Doctor’s Handwritten Prescription BD dataset/Testing/testing_words/725.png,Tamen,Paracetamol,test
data/metadata/Doctor’s Handwritten Prescription BD dataset/Testing/testing_words/726.png,Tamen,Paracetamol,test
data/metadata/Doctor’s Handwritten Prescription BD dataset/Testing/testing_words/727.png,Tamen,Paracetamol,test
data/metadata/Doctor’s Handwritten Prescription BD dataset/Testing/testing_words/728.png,Tamen,Paracetamol,test
data/metadata/Doctor’s Handwritten Prescription BD dataset/Testing/testing_words/729.png,Tamen,Paracetamol,test
data/metadata/Doctor’s Handwritten Prescription BD dataset/Testing/testing_words/730.png,Telfast,Fexofenadine Hydrochloride,test
data/metadata/Doctor’s Handwritten Prescription BD dataset/Testing/testing_words/731.png,Telfast,Fexofenadine Hydrochloride,test
data/metadata/Doctor’s Handwritten Prescription BD dataset/Testing/testing_words/732.png,Telfast,Fexofenadine Hydrochloride,test
data/metadata/Doctor’s Handwritten Prescription BD dataset/Testing/testing_words/733.png,Telfast,Fexofenadine Hydrochloride,test
data/metadata/Doctor’s Handwritten Prescription BD dataset/Testing/testing_words/734.png,Telfast,Fexofenadine Hydrochloride,test
data/metadata/Doctor’s Handwritten Prescription BD dataset/Testing/testing_words/735.png,Telfast,Fexofenadine Hydrochloride,test
data/metadata/Doctor’s Handwritten Prescription BD dataset/Testing/testing_words/736.png,Telfast,Fexofenadine Hydrochloride,test
data/metadata/Doctor’s Handwritten Prescription BD dataset/Testing/testing_words/737.png,Telfast,Fexofenadine Hydrochloride,test
data/metadata/Doctor’s Handwritten Prescription BD dataset/Testing/testing_words/738.png,Telfast,Fexofenadine Hydrochloride,test
data/metadata/Doctor’s Handwritten Prescription BD dataset/Testing/testing_words/739.png,Telfast,Fexofenadine Hydrochloride,test
data/metadata/Doctor’s Handwritten Prescription BD dataset/Testing/testing_words/740.png,Tridosil,Azithromycin Dihydrate,test
data/metadata/Doctor’s Handwritten Prescription BD dataset/Testing/testing_words/741.png,Tridosil,Azithromycin Dihydrate,test
data/metadata/Doctor’s Handwritten Prescription BD dataset/Testing/testing_words/742.png,Tridosil,Azithromycin Dihydrate,test
data/metadata/Doctor’s Handwritten Prescription BD dataset/Testing/testing_words/743.png,Tridosil,Azithromycin Dihydrate,test
data/metadata/Doctor’s Handwritten Prescription BD dataset/Testing/testing_words/744.png,Tridosil,Azithromycin Dihydrate,test
data/metadata/Doctor’s Handwritten Prescription BD dataset/Testing/testing_words/745.png,Tridosil,Azithromycin Dihydrate,test
data/metadata/Doctor’s Handwritten Prescription BD dataset/Testing/testing_words/746.png,Tridosil,Azithromycin Dihydrate,test
data/metadata/Doctor’s Handwritten Prescription BD dataset/Testing/testing_words/747.png,Tridosil,Azithromycin Dihydrate,test
data/metadata/Doctor’s Handwritten Prescription BD dataset/Testing/testing_words/748.png,Tridosil,Azithromycin Dihydrate,test
data/metadata/Doctor’s Handwritten Prescription BD dataset/Testing/testing_words/749.png,Tridosil,Azithromycin Dihydrate,test
data/metadata/Doctor’s Handwritten Prescription BD dataset/Testing/testing_words/750.png,Trilock,Montelukast Sodium,test
data/metadata/Doctor’s Handwritten Prescription BD dataset/Testing/testing_words/751.png,Trilock,Montelukast Sodium,test
data/metadata/Doctor’s Handwritten Prescription BD dataset/Testing/testing_words/752.png,Trilock,Montelukast Sodium,test
data/metadata/Doctor’s Handwritten Prescription BD dataset/Testing/testing_words/753.png,Trilock,Montelukast Sodium,test
data/metadata/Doctor’s Handwritten Prescription BD dataset/Testing/testing_words/754.png,Trilock,Montelukast Sodium,test
data/metadata/Doctor’s Handwritten Prescription BD dataset/Testing/testing_words/755.png,Trilock,Montelukast Sodium,test
data/metadata/Doctor’s Handwritten Prescription BD dataset/Testing/testing_words/756.png,Trilock,Montelukast Sodium,test
data/metadata/Doctor’s Handwritten Prescription BD dataset/Testing/testing_words/757.png,Trilock,Montelukast Sodium,test
data/metadata/Doctor’s Handwritten Prescription BD dataset/Testing/testing_words/758.png,Trilock,Montelukast Sodium,test
data/metadata/Doctor’s Handwritten Prescription BD dataset/Testing/testing_words/759.png,Trilock,Montelukast Sodium,test
data/metadata/Doctor’s Handwritten Prescription BD dataset/Testing/testing_words/760.png,Vifas,Fexofenadine Hydrochloride,test
data/metadata/Doctor’s Handwritten Prescription BD dataset/Testing/testing_words/761.png,Vifas,Fexofenadine Hydrochloride,test
data/metadata/Doctor’s Handwritten Prescription BD dataset/Testing/testing_words/762.png,Vifas,Fexofenadine Hydrochloride,test
data/metadata/Doctor’s Handwritten Prescription BD dataset/Testing/testing_words/763.png,Vifas,Fexofenadine Hydrochloride,test
data/metadata/Doctor’s Handwritten Prescription BD dataset/Testing/testing_words/764.png,Vifas,Fexofenadine Hydrochloride,test
data/metadata/Doctor’s Handwritten Prescription BD dataset/Testing/testing_words/765.png,Vifas,Fexofenadine Hydrochloride,test
data/metadata/Doctor’s Handwritten Prescription BD dataset/Testing/testing_words/766.png,Vifas,Fexofenadine Hydrochloride,test
data/metadata/Doctor’s Handwritten Prescription BD dataset/Testing/testing_words/767.png,Vifas,Fexofenadine Hydrochloride,test
data/metadata/Doctor’s Handwritten Prescription BD dataset/Testing/testing_words/768.png,Vifas,Fexofenadine Hydrochloride,test
data/metadata/Doctor’s Handwritten Prescription BD dataset/Testing/testing_words/769.png,Vifas,Fexofenadine Hydrochloride,test
data/metadata/Doctor’s Handwritten Prescription BD dataset/Testing/testing_words/770.png,Zithrin,Azithromycin Dihydrate,test
data/metadata/Doctor’s Handwritten Prescription BD dataset/Testing/testing_words/771.png,Zithrin,Azithromycin Dihydrate,test
data/metadata/Doctor’s Handwritten Prescription BD dataset/Testing/testing_words/772.png,Zithrin,Azithromycin Dihydrate,test
data/metadata/Doctor’s Handwritten Prescription BD dataset/Testing/testing_words/773.png,Zithrin,Azithromycin Dihydrate,test
data/metadata/Doctor’s Handwritten Prescription BD dataset/Testing/testing_words/774.png,Zithrin,Azithromycin Dihydrate,test
data/metadata/Doctor’s Handwritten Prescription BD dataset/Testing/testing_words/775.png,Zithrin,Azithromycin Dihydrate,test
data/metadata/Doctor’s Handwritten Prescription BD dataset/Testing/testing_words/776.png,Zithrin,Azithromycin Dihydrate,test
data/metadata/Doctor’s Handwritten Prescription BD dataset/Testing/testing_words/777.png,Zithrin,Azithromycin Dihydrate,test
data/metadata/Doctor’s Handwritten Prescription BD dataset/Testing/testing_words/778.png,Zithrin,Azithromycin Dihydrate,test
data/metadata/Doctor’s Handwritten Prescription BD dataset/Testing/testing_words/779.png,Zithrin,Azithromycin Dihydrate,test
