width,height,aspect_ratio,brightness,contrast,blur_score,foreground_ratio,touches_border,image_path,medicine_name,split
238,92,2.5869565217391304,242.45021921812204,47.37390226456107,2677.4489404457436,0.05069419071976617,False,data/metadata/Doctor’s Handwritten Prescription BD dataset/Training/training_words/0.png,Aceta,train
207,84,2.4642857142857144,242.45962732919256,49.0924154555023,2419.8505290972216,0.05032206119162641,False,data/metadata/Doctor’s Handwritten Prescription BD dataset/Training/training_words/1.png,Aceta,train
324,89,3.640449438202247,243.92263143293107,45.82102864782812,1916.4213483146068,0.04411152725759467,False,data/metadata/Doctor’s Handwritten Prescription BD dataset/Training/training_words/2.png,Aceta,train
283,96,2.9479166666666665,242.83384864546525,47.73653908742659,2131.5249558303885,0.04939634864546525,False,data/metadata/Doctor’s Handwritten Prescription BD dataset/Training/training_words/3.png,Aceta,train
187,63,2.9682539682539684,234.80001697648757,61.428748287782724,3586.814701638231,0.08046855105678635,False,data/metadata/Doctor’s Handwritten Prescription BD dataset/Training/training_words/4.png,Aceta,train
247,89,2.7752808988764044,240.8292316790247,51.26119035237836,2641.219396806623,0.05790838375108038,False,data/metadata/Doctor’s Handwritten Prescription BD dataset/Training/training_words/5.png,Aceta,train
216,69,3.130434782608696,233.77569779924852,62.4549785015023,3803.9649758454107,0.0855475040257649,False,data/metadata/Doctor’s Handwritten Prescription BD dataset/Training/training_words/6.png,Aceta,train
220,84,2.619047619047619,234.63035714285715,61.579869286866796,2986.045238095238,0.08095238095238096,False,data/metadata/Doctor’s Handwritten Prescription BD dataset/Training/training_words/7.png,Aceta,train
177,66,2.6818181818181817,239.78376990241398,53.28419330520769,3442.371854134566,0.0620612908748502,False,data/metadata/Doctor’s Handwritten Prescription BD dataset/Training/training_words/8.png,Aceta,train
242,77,3.142857142857143,225.8846195127187,73.8408212632526,5167.780882267914,0.11344853493613824,True,data/metadata/Doctor’s Handwritten Prescription BD dataset/Training/training_words/9.png,Aceta,train
234,93,2.5161290322580645,238.44352541126736,56.296720977261046,2656.348129767485,0.06718132524584138,False,data/metadata/Doctor’s Handwritten Prescription BD dataset/Training/training_words/10.png,Aceta,train
224,81,2.765432098765432,242.41506834215167,46.68396382026187,2992.0728615520284,0.05324074074074074,False,data/metadata/Doctor’s Handwritten Prescription BD dataset/Training/training_words/11.png,Aceta,train
238,92,2.5869565217391304,242.45021921812204,47.37390226456107,2677.4489404457436,0.05069419071976617,False,data/metadata/Doctor’s Handwritten Prescription BD dataset/Training/training_words/12.png,Aceta,train
225,68,3.3088235294117645,240.35254901960784,49.792672342350684,3498.018954248366,0.06130718954248366,False,data/metadata/Doctor’s Handwritten Prescription BD dataset/Training/training_words/13.png,Aceta,train
262,63,4.158730158730159,241.6401308615049,48.577735016675874,2886.302071973828,0.055252635405307164,False,data/metadata/Doctor’s Handwritten Prescription BD dataset/Training/training_words/14.png,Aceta,train
79,19,4.157894736842105,213.05662891405728,70.92547151309817,9773.928692441768,0.2145236508994004,True,data/metadata/Doctor’s Handwritten Prescription BD dataset/Training/training_words/15.png,Aceta,train
82,21,3.9047619047619047,217.48373983739836,68.31904914887173,11464.833864142523,0.18292682926829268,True,data/metadata/Doctor’s Handwritten Prescription BD dataset/Training/training_words/16.png,Aceta,train
199,101,1.9702970297029703,231.71909050201504,66.51132688541576,4047.1662271754813,0.09353699189014379,False,data/metadata/Doctor’s Handwritten Prescription BD dataset/Training/training_words/17.png,Aceta,train
274,89,3.0786516853932584,234.06926105142296,63.625731755418386,3534.3403990037646,0.081317149183958,False,data/metadata/Doctor’s Handwritten Prescription BD dataset/Training/training_words/18.png,Aceta,train
245,101,2.4257425742574257,233.3770054556476,65.03662766947619,3261.1345321699396,0.08535057587391393,False,data/metadata/Doctor’s Handwritten Prescription BD dataset/Training/training_words/19.png,Aceta,train
204,99,2.0606060606060606,232.0030699148346,66.06435499027077,4162.633491780551,0.09155278272925332,False,data/metadata/Doctor’s Handwritten Prescription BD dataset/Training/training_words/20.png,Aceta,train
202,89,2.269662921348315,231.92941372788965,67.30181323934139,3765.2477175320682,0.09105573478696184,False,data/metadata/Doctor’s Handwritten Prescription BD dataset/Training/training_words/21.png,Aceta,train
159,70,2.2714285714285714,240.28912848158132,51.89107014925656,3480.7672955974845,0.05750224618149147,False,data/metadata/Doctor’s Handwritten Prescription BD dataset/Training/training_words/22.png,Aceta,train
87,19,4.578947368421052,213.22867513611615,69.18982175320222,9947.863398195512,0.20629159104658198,True,data/metadata/Doctor’s Handwritten Prescription BD dataset/Training/training_words/23.png,Aceta,train
309,97,3.185567010309278,234.05021185733827,63.94274930520526,3587.3428752543955,0.08234077336269309,False,data/metadata/Doctor’s Handwritten Prescription BD dataset/Training/training_words/24.png,Aceta,train
249,92,2.7065217391304346,233.60664396717303,64.63589525436981,3362.3271346254583,0.08503579535533438,False,data/metadata/Doctor’s Handwritten Prescription BD dataset/Training/training_words/25.png,Aceta,train
85,19,4.473684210526316,216.4142414860681,68.13664049983844,11346.802942997632,0.19938080495356036,True,data/metadata/Doctor’s Handwritten Prescription BD dataset/Training/training_words/26.png,Aceta,train
224,94,2.382978723404255,228.29317059270517,71.52912360198474,4178.246569495024,0.10448328267477204,False,data/metadata/Doctor’s Handwritten Prescription BD dataset/Training/training_words/27.png,Aceta,train
198,80,2.475,237.8840909090909,57.4292632479632,2757.9592171717172,0.06811868686868687,False,data/metadata/Doctor’s Handwritten Prescription BD dataset/Training/training_words/28.png,Aceta,train
172,66,2.606060606060606,232.03224101479915,66.08327692433382,3581.7144115574347,0.09108527131782945,False,data/metadata/Doctor’s Handwritten Prescription BD dataset/Training/training_words/29.png,Aceta,train
159,74,2.1486486486486487,230.77052524222336,68.72798175881975,3085.5382639020536,0.09501954784973653,False,data/metadata/Doctor’s Handwritten Prescription BD dataset/Training/training_words/30.png,Aceta,train
232,85,2.7294117647058824,242.7754056795132,46.05804294657655,2965.2034482758622,0.051217038539553755,False,data/metadata/Doctor’s Handwritten Prescription BD dataset/Training/training_words/31.png,Aceta,train
215,85,2.5294117647058822,241.2640218878249,49.07423511742868,3414.988454172367,0.05685362517099863,False,data/metadata/Doctor’s Handwritten Prescription BD dataset/Training/training_words/32.png,Aceta,train
213,87,2.4482758620689653,241.70913604230748,47.50820942680803,3146.9245048837083,0.057902973395931145,False,data/metadata/Doctor’s Handwritten Prescription BD dataset/Training/training_words/33.png,Aceta,train
238,113,2.106194690265487,235.26831263478843,61.94497346306802,3368.0030490072136,0.07551870305644381,False,data/metadata/Doctor’s Handwritten Prescription BD dataset/Training/training_words/34.png,Aceta,train
260,86,3.0232558139534884,243.35339892665473,45.884435921396665,2327.478801431127,0.04713774597495528,False,data/metadata/Doctor’s Handwritten Prescription BD dataset/Training/training_words/35.png,Aceta,train
268,78,3.4358974358974357,241.76191159586682,48.942094835248405,2602.5511863758134,0.05606582472254114,False,data/metadata/Doctor’s Handwritten Prescription BD dataset/Training/training_words/36.png,Aceta,train
217,69,3.1449275362318843,235.56067588325652,59.471587394348546,3250.363454217592,0.07827422694182863,False,data/metadata/Doctor’s Handwritten Prescription BD dataset/Training/training_words/37.png,Aceta,train
84,25,3.36,220.75,67.4391851261282,8424.3663154195,0.16333333333333333,True,data/metadata/Doctor’s Handwritten Prescription BD dataset/Training/training_words/38.png,Aceta,train
212,78,2.717948717948718,237.06289308176102,57.626581076695466,3221.24068698597,0.07051282051282051,False,data/metadata/Doctor’s Handwritten Prescription BD dataset/Training/training_words/39.png,Aceta,train
132,81,1.6296296296296295,239.10680882903105,55.8560693982245,4132.677890011223,0.06434717545828657,False,data/metadata/Doctor’s Handwritten Prescription BD dataset/Training/training_words/40.png,Ace,train
63,22,2.8636363636363638,227.62193362193364,65.21022665449317,19268.852485377378,0.12914862914862915,True,data/metadata/Doctor’s Handwritten Prescription BD dataset/Training/training_words/41.png,Ace,train
90,37,2.4324324324324325,236.4855855855856,55.50544114254801,19063.573773413053,0.08528528528528528,True,data/metadata/Doctor’s Handwritten Prescription BD dataset/Training/training_words/42.png,Ace,train
57,19,3.0,213.02862419205908,66.7722256125275,9554.330610995585,0.2169898430286242,True,data/metadata/Doctor’s Handwritten Prescription BD dataset/Training/training_words/43.png,Ace,train
141,72,1.9583333333333333,238.05230496453902,58.057720411125935,3502.332939322301,0.06727738376674547,False,data/metadata/Doctor’s Handwritten Prescription BD dataset/Training/training_words/44.png,Ace,train
45,25,1.8,233.00088888888888,50.97102444078607,9289.42434291358,0.11911111111111111,True,data/metadata/Doctor’s Handwritten Prescription BD dataset/Training/training_words/45.png,Ace,train
53,23,2.3043478260869565,230.87202625102543,56.579012072790974,13039.304840436593,0.12715340442986053,True,data/metadata/Doctor’s Handwritten Prescription BD dataset/Training/training_words/46.png,Ace,train
60,23,2.608695652173913,228.9695652173913,63.27248825023543,16672.5915873766,0.12681159420289856,True,data/metadata/Doctor’s Handwritten Prescription BD dataset/Training/training_words/47.png,Ace,train
49,18,2.7222222222222223,208.91383219954648,72.70710859929588,12944.28454836205,0.21541950113378686,True,data/metadata/Doctor’s Handwritten Prescription BD dataset/Training/training_words/48.png,Ace,train
66,24,2.75,229.9046717171717,63.79648535641775,21412.245976175902,0.11742424242424243,True,data/metadata/Doctor’s Handwritten Prescription BD dataset/Training/training_words/49.png,Ace,train
88,31,2.838709677419355,231.50146627565982,52.15219941678772,8530.106528044134,0.08944281524926687,True,data/metadata/Doctor’s Handwritten Prescription BD dataset/Training/training_words/50.png,Ace,train
71,24,2.9583333333333335,231.68896713615024,61.83063699900839,18500.832286362936,0.10387323943661972,True,data/metadata/Doctor’s Handwritten Prescription BD dataset/Training/training_words/51.png,Ace,train
86,17,5.0588235294117645,231.77770177838576,55.93045046647685,19180.22454857297,0.10601915184678523,True,data/metadata/Doctor’s Handwritten Prescription BD dataset/Training/training_words/52.png,Ace,train
124,31,4.0,229.51925078043703,51.700901735168145,9078.864910692339,0.08324661810613944,False,data/metadata/Doctor’s Handwritten Prescription BD dataset/Training/training_words/53.png,Ace,train
75,30,2.5,233.51333333333332,49.202114227383,5255.245733333333,0.10755555555555556,True,data/metadata/Doctor’s Handwritten Prescription BD dataset/Training/training_words/54.png,Ace,train
90,24,3.75,215.19537037037037,71.68908419962794,23879.846954518176,0.12268518518518519,True,data/metadata/Doctor’s Handwritten Prescription BD dataset/Training/training_words/55.png,Ace,train
60,32,1.875,237.76927083333334,46.10116133625756,7244.533332248264,0.09375,True,data/metadata/Doctor’s Handwritten Prescription BD dataset/Training/training_words/56.png,Ace,train
155,60,2.5833333333333335,238.13462365591397,56.439842797140145,4332.508172043011,0.06483870967741935,False,data/metadata/Doctor’s Handwritten Prescription BD dataset/Training/training_words/57.png,Ace,train
134,76,1.763157894736842,237.05037313432837,59.73359714190992,3619.669874312647,0.06775333857030637,False,data/metadata/Doctor’s Handwritten Prescription BD dataset/Training/training_words/58.png,Ace,train
133,49,2.7142857142857144,234.4967009360135,62.43437454325916,5216.151082158114,0.07994475985883075,False,data/metadata/Doctor’s Handwritten Prescription BD dataset/Training/training_words/59.png,Ace,train
152,60,2.533333333333333,236.16787280701755,59.79194005078321,4471.583552631579,0.07346491228070176,False,data/metadata/Doctor’s Handwritten Prescription BD dataset/Training/training_words/60.png,Ace,train
145,68,2.1323529411764706,237.14066937119676,59.13801018498309,3955.896957403651,0.06916835699797161,False,data/metadata/Doctor’s Handwritten Prescription BD dataset/Training/training_words/61.png,Ace,train
57,15,3.8,206.7356725146199,74.70123152016703,14419.2156136931,0.22573099415204678,True,data/metadata/Doctor’s Handwritten Prescription BD dataset/Training/training_words/62.png,Ace,train
57,15,3.8,207.70526315789473,72.4423200786739,11152.184918436444,0.22690058479532163,True,data/metadata/Doctor’s Handwritten Prescription BD dataset/Training/training_words/63.png,Ace,train
157,57,2.754385964912281,232.57581852720975,66.13785841308054,5487.391756425183,0.08771929824561403,False,data/metadata/Doctor’s Handwritten Prescription BD dataset/Training/training_words/64.png,Ace,train
135,62,2.1774193548387095,232.34074074074073,66.79753660833865,4424.963201911589,0.08924731182795699,False,data/metadata/Doctor’s Handwritten Prescription BD dataset/Training/training_words/65.png,Ace,train
150,57,2.6315789473684212,234.5297076023392,62.576949546413545,4515.623129728806,0.08152046783625731,False,data/metadata/Doctor’s Handwritten Prescription BD dataset/Training/training_words/66.png,Ace,train
125,53,2.358490566037736,231.64905660377357,65.13434019543692,5774.79713095906,0.08966037735849057,False,data/metadata/Doctor’s Handwritten Prescription BD dataset/Training/training_words/67.png,Ace,train
137,63,2.1746031746031744,234.42637006140654,62.55316539186118,4952.495886919244,0.08353609083536091,False,data/metadata/Doctor’s Handwritten Prescription BD dataset/Training/training_words/68.png,Ace,train
58,27,2.1481481481481484,232.9814814814815,56.897111229480494,11601.0990084637,0.09386973180076628,True,data/metadata/Doctor’s Handwritten Prescription BD dataset/Training/training_words/69.png,Ace,train
169,51,3.3137254901960786,232.7542638357118,64.96558615867879,5765.052377166493,0.08574080519781878,True,data/metadata/Doctor’s Handwritten Prescription BD dataset/Training/training_words/70.png,Ace,train
136,56,2.4285714285714284,233.4456407563025,64.11245771414676,5654.409401260505,0.08153886554621849,False,data/metadata/Doctor’s Handwritten Prescription BD dataset/Training/training_words/71.png,Ace,train
55,17,3.235294117647059,213.03208556149733,70.96053763182763,12907.965699905631,0.2053475935828877,True,data/metadata/Doctor’s Handwritten Prescription BD dataset/Training/training_words/72.png,Ace,train
143,63,2.2698412698412698,238.71983571983571,56.076307034315505,4581.613275613276,0.0636030636030636,False,data/metadata/Doctor’s Handwritten Prescription BD dataset/Training/training_words/73.png,Ace,train
71,32,2.21875,234.56470070422534,46.300460144511746,7375.787090971222,0.07790492957746478,False,data/metadata/Doctor’s Handwritten Prescription BD dataset/Training/training_words/74.png,Ace,train
59,22,2.6818181818181817,232.35516178736518,46.40273282438942,6618.6373227983795,0.11633281972265024,True,data/metadata/Doctor’s Handwritten Prescription BD dataset/Training/training_words/75.png,Ace,train
61,25,2.44,234.0288524590164,52.52837940528382,10410.860886858369,0.10950819672131147,True,data/metadata/Doctor’s Handwritten Prescription BD dataset/Training/training_words/76.png,Ace,train
63,28,2.25,231.1439909297052,59.48385052231714,18989.992630385488,0.11678004535147392,True,data/metadata/Doctor’s Handwritten Prescription BD dataset/Training/training_words/77.png,Ace,train
68,28,2.4285714285714284,232.3203781512605,59.489523869982094,17106.8394931502,0.10871848739495799,True,data/metadata/Doctor’s Handwritten Prescription BD dataset/Training/training_words/78.png,Ace,train
56,27,2.074074074074074,229.16997354497354,64.10586336256316,23595.265614064552,0.11970899470899471,True,data/metadata/Doctor’s Handwritten Prescription BD dataset/Training/training_words/79.png,Ace,train
168,67,2.5074626865671643,233.5068407960199,64.82408777204544,5316.636525520117,0.08528784648187633,False,data/metadata/Doctor’s Handwritten Prescription BD dataset/Training/training_words/80.png,Alatrol,train
144,67,2.1492537313432836,235.1721600331675,61.582628162795025,5881.761918698639,0.07825456053067993,False,data/metadata/Doctor’s Handwritten Prescription BD dataset/Training/training_words/81.png,Alatrol,train
83,29,2.8620689655172415,231.55795596177813,59.04339789967543,23474.874338089863,0.11882010801828001,True,data/metadata/Doctor’s Handwritten Prescription BD dataset/Training/training_words/82.png,Alatrol,train
124,25,4.96,236.11064516129034,54.05337579714738,20962.528978563994,0.09064516129032259,True,data/metadata/Doctor’s Handwritten Prescription BD dataset/Training/training_words/83.png,Alatrol,train
124,55,2.2545454545454544,228.17390029325514,71.30146415709898,7336.417686014912,0.10454545454545454,False,data/metadata/Doctor’s Handwritten Prescription BD dataset/Training/training_words/84.png,Alatrol,train
166,66,2.515151515151515,236.95116830960205,59.40902586662936,5477.385542168675,0.06927710843373494,False,data/metadata/Doctor’s Handwritten Prescription BD dataset/Training/training_words/85.png,Alatrol,train
159,65,2.4461538461538463,234.52365747460087,63.105161741245254,4920.328009214301,0.0783744557329463,False,data/metadata/Doctor’s Handwritten Prescription BD dataset/Training/training_words/86.png,Alatrol,train
167,59,2.830508474576271,234.93149294631075,62.6335615492957,6252.371460468893,0.07784431137724551,False,data/metadata/Doctor’s Handwritten Prescription BD dataset/Training/training_words/87.png,Alatrol,train
167,59,2.830508474576271,234.93149294631075,62.6335615492957,6252.371460468893,0.07784431137724551,False,data/metadata/Doctor’s Handwritten Prescription BD dataset/Training/training_words/88.png,Alatrol,train
97,22,4.409090909090909,230.05857544517337,63.59612814862566,24934.411645610977,0.11668228678537956,True,data/metadata/Doctor’s Handwritten Prescription BD dataset/Training/training_words/89.png,Alatrol,train
170,90,1.8888888888888888,242.44392156862745,49.9030241822056,4149.393202614379,0.047973856209150324,False,data/metadata/Doctor’s Handwritten Prescription BD dataset/Training/training_words/90.png,Alatrol,train
160,77,2.0779220779220777,239.2977272727273,55.69321400084396,4751.494642857143,0.06079545454545455,False,data/metadata/Doctor’s Handwritten Prescription BD dataset/Training/training_words/91.png,Alatrol,train
79,24,3.2916666666666665,229.4889240506329,60.21123929333258,27261.68131414793,0.13132911392405064,True,data/metadata/Doctor’s Handwritten Prescription BD dataset/Training/training_words/92.png,Alatrol,train
155,70,2.2142857142857144,236.67834101382488,60.18515319020855,5009.564423827222,0.0711520737327189,False,data/metadata/Doctor’s Handwritten Prescription BD dataset/Training/training_words/93.png,Alatrol,train
82,21,3.9047619047619047,229.62659698025553,59.283511925431014,26529.106144301863,0.1295005807200929,True,data/metadata/Doctor’s Handwritten Prescription BD dataset/Training/training_words/94.png,Alatrol,train
102,31,3.2903225806451615,230.2011385199241,62.49475645531408,26086.245485907326,0.11733080328905755,True,data/metadata/Doctor’s Handwritten Prescription BD dataset/Training/training_words/95.png,Alatrol,train
82,24,3.4166666666666665,228.1204268292683,57.81733069838238,19646.84044483071,0.14380081300813008,True,data/metadata/Doctor’s Handwritten Prescription BD dataset/Training/training_words/96.png,Alatrol,train
67,22,3.0454545454545454,232.80868385345997,53.50659078113138,29004.57498909179,0.12686567164179105,True,data/metadata/Doctor’s Handwritten Prescription BD dataset/Training/training_words/97.png,Alatrol,train
58,26,2.230769230769231,239.12267904509284,42.857826651494605,21809.08469902342,0.08952254641909814,True,data/metadata/Doctor’s Handwritten Prescription BD dataset/Training/training_words/98.png,Alatrol,train
69,28,2.4642857142857144,231.99016563146998,56.536558158957455,29328.855033885007,0.11904761904761904,True,data/metadata/Doctor’s Handwritten Prescription BD dataset/Training/training_words/99.png,Alatrol,train
170,68,2.5,238.76418685121106,56.723799016443,4623.201038062284,0.06479238754325259,True,data/metadata/Doctor’s Handwritten Prescription BD dataset/Training/training_words/100.png,Alatrol,train
82,24,3.4166666666666665,227.9857723577236,62.72115993239644,26617.343675381304,0.13821138211382114,True,data/metadata/Doctor’s Handwritten Prescription BD dataset/Training/training_words/101.png,Alatrol,train
85,29,2.9310344827586206,230.39066937119676,61.017387823417366,27714.25958386992,0.118052738336714,True,data/metadata/Doctor’s Handwritten Prescription BD dataset/Training/training_words/102.png,Alatrol,train
83,22,3.772727272727273,232.05750273822562,64.78376266338746,43798.999264907885,0.10788608981380066,True,data/metadata/Doctor’s Handwritten Prescription BD dataset/Training/training_words/103.png,Alatrol,train
153,73,2.095890410958904,237.7729429671412,58.10704675017874,4590.271376122345,0.0656280777151043,False,data/metadata/Doctor’s Handwritten Prescription BD dataset/Training/training_words/104.png,Alatrol,train
75,24,3.125,229.25222222222223,59.41309007987639,23263.663147839507,0.13666666666666666,True,data/metadata/Doctor’s Handwritten Prescription BD dataset/Training/training_words/105.png,Alatrol,train
78,17,4.588235294117647,228.72473604826547,60.63522793110973,30226.45571286874,0.12895927601809956,True,data/metadata/Doctor’s Handwritten Prescription BD dataset/Training/training_words/106.png,Alatrol,train
69,23,3.0,232.96723377441714,55.649990311307,24448.6306485945,0.11909262759924386,True,data/metadata/Doctor’s Handwritten Prescription BD dataset/Training/training_words/107.png,Alatrol,train
87,24,3.625,231.78304597701148,55.36099190950955,24382.248744880435,0.12739463601532566,True,data/metadata/Doctor’s Handwritten Prescription BD dataset/Training/training_words/108.png,Alatrol,train
76,18,4.222222222222222,225.62573099415204,64.6641479335684,33158.65031494733,0.14839181286549707,True,data/metadata/Doctor’s Handwritten Prescription BD dataset/Training/training_words/109.png,Alatrol,train
137,44,3.1136363636363638,177.52073656270736,77.21537671205532,4636.300079473186,0.2803583278035833,True,data/metadata/Doctor’s Handwritten Prescription BD dataset/Training/training_words/110.png,Alatrol,train
96,20,4.8,221.34635416666666,56.416118940345704,8983.842356770832,0.209375,True,data/metadata/Doctor’s Handwritten Prescription BD dataset/Training/training_words/111.png,Alatrol,train
79,27,2.925925925925926,231.40225035161745,57.211384015300936,26674.937202520876,0.12705110173464604,True,data/metadata/Doctor’s Handwritten Prescription BD dataset/Training/training_words/112.png,Alatrol,train
94,19,4.947368421052632,221.46416573348264,55.6197104213058,9194.226760896308,0.22508398656215006,True,data/metadata/Doctor’s Handwritten Prescription BD dataset/Training/training_words/113.png,Alatrol,train
86,20,4.3,224.79127906976746,53.47453245816923,8939.51100459708,0.19651162790697674,True,data/metadata/Doctor’s Handwritten Prescription BD dataset/Training/training_words/114.png,Alatrol,train
100,18,5.555555555555555,224.00055555555556,55.77900341448905,11881.373302469136,0.18055555555555555,True,data/metadata/Doctor’s Handwritten Prescription BD dataset/Training/training_words/115.png,Alatrol,train
83,22,3.772727272727273,225.973713033954,66.39823406109862,28936.81009160609,0.13472070098576122,True,data/metadata/Doctor’s Handwritten Prescription BD dataset/Training/training_words/116.png,Alatrol,train
159,100,1.59,240.25830188679245,55.0868383384153,3667.2054088050313,0.05842767295597484,False,data/metadata/Doctor’s Handwritten Prescription BD dataset/Training/training_words/117.png,Alatrol,train
98,18,5.444444444444445,224.58390022675738,55.81996785283996,9562.729450113378,0.1836734693877551,True,data/metadata/Doctor’s Handwritten Prescription BD dataset/Training/training_words/118.png,Alatrol,train
179,76,2.3552631578947367,240.67105263157896,52.92613627730836,4362.291972949132,0.0554248750367539,False,data/metadata/Doctor’s Handwritten Prescription BD dataset/Training/training_words/119.png,Alatrol,train
144,70,2.057142857142857,235.99434523809524,61.08037142633649,5294.562698412698,0.07430555555555556,False,data/metadata/Doctor’s Handwritten Prescription BD dataset/Training/training_words/120.png,Amodis,train
268,86,3.116279069767442,235.83729607775078,60.71830240239271,2471.2053974314476,0.07714335300242971,False,data/metadata/Doctor’s Handwritten Prescription BD dataset/Training/training_words/121.png,Amodis,train
254,77,3.2987012987012987,229.58165456590655,68.67415778681013,3185.3751917373966,0.10246446466918908,False,data/metadata/Doctor’s Handwritten Prescription BD dataset/Training/training_words/122.png,Amodis,train
123,50,2.46,245.35430894308942,33.00072174823688,4124.101263137022,0.05853658536585366,True,data/metadata/Doctor’s Handwritten Prescription BD dataset/Training/training_words/123.png,Amodis,train
179,69,2.5942028985507246,237.47566998623594,59.17098207853678,4772.728924734581,0.0680106873937333,False,data/metadata/Doctor’s Handwritten Prescription BD dataset/Training/training_words/124.png,Amodis,train
242,78,3.1025641025641026,229.08338631065905,69.4385121468223,3179.9861199406655,0.1010807374443738,False,data/metadata/Doctor’s Handwritten Prescription BD dataset/Training/training_words/125.png,Amodis,train
214,60,3.566666666666667,206.975,89.57768821234053,5839.184122333585,0.18714953271028037,True,data/metadata/Doctor’s Handwritten Prescription BD dataset/Training/training_words/126.png,Amodis,train
201,86,2.3372093023255816,222.4153650352887,76.18966666138425,3965.2681939141503,0.13565891472868216,False,data/metadata/Doctor’s Handwritten Prescription BD dataset/Training/training_words/127.png,Amodis,train
96,22,4.363636363636363,233.97111742424244,45.93136161916776,7590.5230175960605,0.1377840909090909,True,data/metadata/Doctor’s Handwritten Prescription BD dataset/Training/training_words/128.png,Amodis,train
219,95,2.305263157894737,224.5154530161019,74.65161520085084,3731.884979551426,0.12049987983657774,False,data/metadata/Doctor’s Handwritten Prescription BD dataset/Training/training_words/129.png,Amodis,train
288,102,2.823529411764706,238.3306100217865,55.07878007995714,2732.858932461874,0.0679125816993464,False,data/metadata/Doctor’s Handwritten Prescription BD dataset/Training/training_words/130.png,Amodis,train
242,113,2.1415929203539825,235.92726541358883,59.45372074821093,2890.1837928764717,0.0756234915526951,False,data/metadata/Doctor’s Handwritten Prescription BD dataset/Training/training_words/131.png,Amodis,train
247,90,2.7444444444444445,235.0468286099865,61.11459713865067,2672.103193882141,0.07980206927575349,False,data/metadata/Doctor’s Handwritten Prescription BD dataset/Training/training_words/132.png,Amodis,train
256,82,3.1219512195121952,230.17216082317074,67.60432099620765,3414.849561737805,0.09899009146341463,False,data/metadata/Doctor’s Handwritten Prescription BD dataset/Training/training_words/133.png,Amodis,train
209,114,1.8333333333333333,230.38529337698313,68.12361339658696,3203.949634852682,0.09884160161168472,False,data/metadata/Doctor’s Handwritten Prescription BD dataset/Training/training_words/134.png,Amodis,train
239,108,2.212962962962963,230.99442119944212,67.01719250304902,3192.5651634898495,0.0966217263288393,False,data/metadata/Doctor’s Handwritten Prescription BD dataset/Training/training_words/135.png,Amodis,train
216,76,2.8421052631578947,226.78277290448344,72.7138990933359,3080.0671296296296,0.11306042884990253,False,data/metadata/Doctor’s Handwritten Prescription BD dataset/Training/training_words/136.png,Amodis,train
135,68,1.9852941176470589,235.3363834422658,62.51755069302311,5349.11394335512,0.07483660130718954,False,data/metadata/Doctor’s Handwritten Prescription BD dataset/Training/training_words/137.png,Amodis,train
373,117,3.1880341880341883,240.1885841296029,54.20509177512861,1747.4149079993583,0.05870626245961367,False,data/metadata/Doctor’s Handwritten Prescription BD dataset/Training/training_words/138.png,Amodis,train
231,64,3.609375,239.19642857142858,54.11600542835691,3874.0783279220777,0.0625,False,data/metadata/Doctor’s Handwritten Prescription BD dataset/Training/training_words/139.png,Amodis,train
221,64,3.453125,237.7616657239819,56.92736797435665,4240.930571266968,0.06794400452488687,False,data/metadata/Doctor’s Handwritten Prescription BD dataset/Training/training_words/140.png,Amodis,train
224,52,4.3076923076923075,234.20939217032966,61.57015194293536,5218.977506868132,0.08344780219780219,False,data/metadata/Doctor’s Handwritten Prescription BD dataset/Training/training_words/141.png,Amodis,train
95,21,4.523809523809524,234.6892230576441,43.722566441007785,5271.614410964757,0.13784461152882205,True,data/metadata/Doctor’s Handwritten Prescription BD dataset/Training/training_words/142.png,Amodis,train
114,27,4.222222222222222,236.4772579597141,44.42642144822876,6614.613940091727,0.11760883690708251,True,data/metadata/Doctor’s Handwritten Prescription BD dataset/Training/training_words/143.png,Amodis,train
171,79,2.1645569620253164,239.407580131764,55.94246504006275,4234.795025538529,0.061736620031090386,False,data/metadata/Doctor’s Handwritten Prescription BD dataset/Training/training_words/144.png,Amodis,train
154,64,2.40625,234.09780844155844,63.461354523239926,5597.6588579687095,0.08076298701298701,False,data/metadata/Doctor’s Handwritten Prescription BD dataset/Training/training_words/145.png,Amodis,train
165,65,2.5384615384615383,237.13734265734266,59.38735763234111,4976.148438228438,0.06983682983682983,False,data/metadata/Doctor’s Handwritten Prescription BD dataset/Training/training_words/146.png,Amodis,train
157,72,2.1805555555555554,235.85253007784854,61.59882304619014,5214.7664543524415,0.07430997876857749,False,data/metadata/Doctor’s Handwritten Prescription BD dataset/Training/training_words/147.png,Amodis,train
134,72,1.8611111111111112,236.29021558872304,61.12856476288402,5089.641998341625,0.07120646766169154,False,data/metadata/Doctor’s Handwritten Prescription BD dataset/Training/training_words/148.png,Amodis,train
261,92,2.8369565217391304,234.82771114442778,63.07627025097579,2144.7564551057803,0.07983508245877062,False,data/metadata/Doctor’s Handwritten Prescription BD dataset/Training/training_words/149.png,Amodis,train
134,72,1.8611111111111112,234.83623548922057,63.094207883256,5328.7271973466,0.07846185737976782,False,data/metadata/Doctor’s Handwritten Prescription BD dataset/Training/training_words/150.png,Amodis,train
162,61,2.6557377049180326,234.55150779194494,62.91327019910592,5435.721559412194,0.07923497267759563,True,data/metadata/Doctor’s Handwritten Prescription BD dataset/Training/training_words/151.png,Amodis,train
96,19,5.052631578947368,234.015350877193,41.44137934776431,4600.35986283039,0.16611842105263158,True,data/metadata/Doctor’s Handwritten Prescription BD dataset/Training/training_words/152.png,Amodis,train
142,74,1.9189189189189189,234.91301865245526,62.77127234802241,5521.576132470499,0.0791777693186144,False,data/metadata/Doctor’s Handwritten Prescription BD dataset/Training/training_words/153.png,Amodis,train
266,76,3.5,233.68435892362484,62.035520167721664,3574.2237831420657,0.08473486347447566,False,data/metadata/Doctor’s Handwritten Prescription BD dataset/Training/training_words/154.png,Amodis,train
250,77,3.2467532467532467,234.87293506493506,59.70775546187015,3484.150753246753,0.08223376623376623,False,data/metadata/Doctor’s Handwritten Prescription BD dataset/Training/training_words/155.png,Amodis,train
285,74,3.8513513513513513,228.40018966334756,71.04680817653973,3011.2524419156,0.10706495969653865,False,data/metadata/Doctor’s Handwritten Prescription BD dataset/Training/training_words/156.png,Amodis,train
331,71,4.661971830985915,233.2036934598528,64.78531774236555,2534.4063656865665,0.08510276158461343,False,data/metadata/Doctor’s Handwritten Prescription BD dataset/Training/training_words/157.png,Amodis,train
305,107,2.850467289719626,241.84939482151066,50.652117815926296,1664.8178948981156,0.051692967672743985,False,data/metadata/Doctor’s Handwritten Prescription BD dataset/Training/training_words/158.png,Amodis,train
229,70,3.2714285714285714,222.0000623830318,77.70568182664208,3514.563442282464,0.13325015595757952,False,data/metadata/Doctor’s Handwritten Prescription BD dataset/Training/training_words/159.png,Amodis,train
195,72,2.7083333333333335,229.55947293447292,70.94320204192589,4738.16452991453,0.09878917378917379,False,data/metadata/Doctor’s Handwritten Prescription BD dataset/Training/training_words/160.png,Atrizin,train
120,23,5.217391304347826,236.19202898550725,58.176911055342124,29021.347289960097,0.08152173913043478,True,data/metadata/Doctor’s Handwritten Prescription BD dataset/Training/training_words/161.png,Atrizin,train
114,33,3.4545454545454546,234.47767145135566,61.970205631995015,24670.37420852245,0.09011164274322168,True,data/metadata/Doctor’s Handwritten Prescription BD dataset/Training/training_words/162.png,Atrizin,train
110,31,3.5483870967741935,223.0217008797654,73.96982501630502,19292.26277285197,0.14017595307917888,True,data/metadata/Doctor’s Handwritten Prescription BD dataset/Training/training_words/163.png,Atrizin,train
195,58,3.3620689655172415,228.75145888594164,70.59428567414899,5050.733510167993,0.10114942528735632,False,data/metadata/Doctor’s Handwritten Prescription BD dataset/Training/training_words/164.png,Atrizin,train
106,39,2.717948717948718,232.53676826318335,65.35780332558028,22915.99975757691,0.09313014029995162,True,data/metadata/Doctor’s Handwritten Prescription BD dataset/Training/training_words/165.png,Atrizin,train
97,40,2.425,230.8353092783505,67.03556865273143,26229.20064725263,0.1038659793814433,True,data/metadata/Doctor’s Handwritten Prescription BD dataset/Training/training_words/166.png,Atrizin,train
125,38,3.289473684210526,236.99136842105264,57.40894968942746,18562.480470736842,0.07957894736842105,True,data/metadata/Doctor’s Handwritten Prescription BD dataset/Training/training_words/167.png,Atrizin,train
133,21,6.333333333333333,232.37629788757607,46.89490314410673,5363.434146975541,0.14178302900107412,True,data/metadata/Doctor’s Handwritten Prescription BD dataset/Training/training_words/168.png,Atrizin,train
130,34,3.823529411764706,230.52036199095022,43.16513898272974,3575.5623338486107,0.11085972850678733,True,data/metadata/Doctor’s Handwritten Prescription BD dataset/Training/training_words/169.png,Atrizin,train
110,22,5.0,221.9880165289256,52.23183638768102,7039.127497267948,0.14793388429752066,True,data/metadata/Doctor’s Handwritten Prescription BD dataset/Training/training_words/170.png,Atrizin,train
100,23,4.3478260869565215,220.0117391304348,55.43400574221206,6851.860032325141,0.17521739130434782,True,data/metadata/Doctor’s Handwritten Prescription BD dataset/Training/training_words/171.png,Atrizin,train
107,35,3.057142857142857,234.80614152202938,58.886465536911835,18037.07702168089,0.08971962616822429,True,data/metadata/Doctor’s Handwritten Prescription BD dataset/Training/training_words/172.png,Atrizin,train
94,23,4.086956521739131,223.64199814986125,54.851868918497075,7174.731960933147,0.16096207215541167,True,data/metadata/Doctor’s Handwritten Prescription BD dataset/Training/training_words/173.png,Atrizin,train
92,21,4.380952380952381,227.3416149068323,52.646357830691485,6779.31542073351,0.16045548654244307,True,data/metadata/Doctor’s Handwritten Prescription BD dataset/Training/training_words/174.png,Atrizin,train
139,22,6.318181818181818,231.08142576847612,47.83609443710165,4736.584849867891,0.16677567037279267,True,data/metadata/Doctor’s Handwritten Prescription BD dataset/Training/training_words/175.png,Atrizin,train
98,31,3.161290322580645,231.33772218564846,62.31626712556907,28825.546741060458,0.10895325872284398,True,data/metadata/Doctor’s Handwritten Prescription BD dataset/Training/training_words/176.png,Atrizin,train
214,72,2.9722222222222223,233.77291017653167,64.55550471322377,4265.248830950112,0.0828141225337487,False,data/metadata/Doctor’s Handwritten Prescription BD dataset/Training/training_words/177.png,Atrizin,train
136,25,5.44,229.57117647058823,49.35553719246801,6051.159392301037,0.16294117647058823,False,data/metadata/Doctor’s Handwritten Prescription BD dataset/Training/training_words/178.png,Atrizin,train
121,22,5.5,233.24605559729525,45.284939081135825,4639.158091084642,0.14613072877535688,True,data/metadata/Doctor’s Handwritten Prescription BD dataset/Training/training_words/179.png,Atrizin,train
204,65,3.1384615384615384,232.891628959276,65.11884324766228,4741.71628959276,0.08491704374057316,False,data/metadata/Doctor’s Handwritten Prescription BD dataset/Training/training_words/180.png,Atrizin,train
204,65,3.1384615384615384,232.891628959276,65.11884324766228,4741.71628959276,0.08491704374057316,False,data/metadata/Doctor’s Handwritten Prescription BD dataset/Training/training_words/181.png,Atrizin,train
150,37,4.054054054054054,241.86864864864864,49.10311130280128,14657.537966074182,0.056396396396396396,True,data/metadata/Doctor’s Handwritten Prescription BD dataset/Training/training_words/182.png,Atrizin,train
115,47,2.4468085106382977,226.3485661424607,69.06940201296656,9647.544374457131,0.12895467160037002,True,data/metadata/Doctor’s Handwritten Prescription BD dataset/Training/training_words/183.png,Atrizin,train
197,61,3.2295081967213113,230.2957476907714,68.76412359950866,4753.582092036282,0.09519846883581592,False,data/metadata/Doctor’s Handwritten Prescription BD dataset/Training/training_words/184.png,Atrizin,train
202,62,3.2580645161290325,229.8827850526988,69.30085213553801,5382.493612264452,0.09557649313318428,False,data/metadata/Doctor’s Handwritten Prescription BD dataset/Training/training_words/185.png,Atrizin,train
196,63,3.111111111111111,228.49465500485908,71.36570853236898,5079.072562358277,0.10519922254616132,False,data/metadata/Doctor’s Handwritten Prescription BD dataset/Training/training_words/186.png,Atrizin,train
213,49,4.346938775510204,226.0114975567692,74.0439887876538,6147.613937300053,0.11267605633802817,False,data/metadata/Doctor’s Handwritten Prescription BD dataset/Training/training_words/187.png,Atrizin,train
202,69,2.927536231884058,231.27686899124694,68.06361795096788,4803.087386999569,0.09140479265317836,False,data/metadata/Doctor’s Handwritten Prescription BD dataset/Training/training_words/188.png,Atrizin,train
71,23,3.0869565217391304,225.37783221065524,65.94439880642804,27472.774577762917,0.13533374157991426,True,data/metadata/Doctor’s Handwritten Prescription BD dataset/Training/training_words/189.png,Atrizin,train
212,69,3.072463768115942,234.41482089144108,63.221555326416016,4534.282057705418,0.07957342083675144,True,data/metadata/Doctor’s Handwritten Prescription BD dataset/Training/training_words/190.png,Atrizin,train
202,69,2.927536231884058,231.27686899124694,68.06361795096788,4803.087386999569,0.09140479265317836,False,data/metadata/Doctor’s Handwritten Prescription BD dataset/Training/training_words/191.png,Atrizin,train
122,39,3.128205128205128,234.53341740226986,59.30634163192249,15987.948128379521,0.0807061790668348,True,data/metadata/Doctor’s Handwritten Prescription BD dataset/Training/training_words/192.png,Atrizin,train
189,64,2.953125,228.1439318783069,72.07418306830549,5369.301752645502,0.10375330687830688,False,data/metadata/Doctor’s Handwritten Prescription BD dataset/Training/training_words/193.png,Atrizin,train
93,23,4.043478260869565,227.41187470780739,70.1708265501377,30743.34817731914,0.11827956989247312,True,data/metadata/Doctor’s Handwritten Prescription BD dataset/Training/training_words/194.png,Atrizin,train
111,21,5.285714285714286,220.16001716001716,78.00194509009081,32741.639951037636,0.14457314457314457,True,data/metadata/Doctor’s Handwritten Prescription BD dataset/Training/training_words/195.png,Atrizin,train
117,25,4.68,228.66017094017093,68.83738849398365,30248.173000102266,0.11521367521367522,True,data/metadata/Doctor’s Handwritten Prescription BD dataset/Training/training_words/196.png,Atrizin,train
100,36,2.7777777777777777,224.3425,70.72553502704034,20375.348503395064,0.13694444444444445,True,data/metadata/Doctor’s Handwritten Prescription BD dataset/Training/training_words/197.png,Atrizin,train
104,30,3.466666666666667,224.54839743589744,74.00424167501026,26096.696837606836,0.13205128205128205,True,data/metadata/Doctor’s Handwritten Prescription BD dataset/Training/training_words/198.png,Atrizin,train
100,36,2.7777777777777777,229.63472222222222,68.75993798822874,24715.908333333333,0.10611111111111111,True,data/metadata/Doctor’s Handwritten Prescription BD dataset/Training/training_words/199.png,Atrizin,train
75,19,3.9473684210526314,174.1578947368421,87.46281605378994,5826.256490489381,0.312280701754386,True,data/metadata/Doctor’s Handwritten Prescription BD dataset/Training/training_words/200.png,Axodin,train
234,84,2.7857142857142856,228.374592999593,71.44786319161078,3359.7800162800163,0.10587098087098087,False,data/metadata/Doctor’s Handwritten Prescription BD dataset/Training/training_words/201.png,Axodin,train
82,28,2.9285714285714284,200.50696864111498,85.2516000864013,9441.145470383275,0.18554006968641115,False,data/metadata/Doctor’s Handwritten Prescription BD dataset/Training/training_words/202.png,Axodin,train
230,83,2.7710843373493974,235.48968046097434,61.93458523259453,3040.282870612886,0.07742273441592457,False,data/metadata/Doctor’s Handwritten Prescription BD dataset/Training/training_words/203.png,Axodin,train
75,18,4.166666666666667,177.34740740740742,86.29542739667474,8265.156350617284,0.3022222222222222,True,data/metadata/Doctor’s Handwritten Prescription BD dataset/Training/training_words/204.png,Axodin,train
133,42,3.1666666666666665,233.4674185463659,69.34882608658519,31741.142026367903,0.08628714643752237,True,data/metadata/Doctor’s Handwritten Prescription BD dataset/Training/training_words/205.png,Axodin,train
54,13,4.153846153846154,209.38176638176637,65.6191602921715,20931.00914765302,0.198005698005698,True,data/metadata/Doctor’s Handwritten Prescription BD dataset/Training/training_words/206.png,Axodin,train
62,18,3.4444444444444446,181.40232974910396,84.0613700651173,14519.457959173185,0.31451612903225806,True,data/metadata/Doctor’s Handwritten Prescription BD dataset/Training/training_words/207.png,Axodin,train
210,86,2.441860465116279,229.23023255813953,69.51037857329854,3273.1745293466224,0.10149501661129567,False,data/metadata/Doctor’s Handwritten Prescription BD dataset/Training/training_words/208.png,Axodin,train
81,22,3.6818181818181817,210.23737373737373,69.03973623996302,15452.112043555646,0.1829405162738496,True,data/metadata/Doctor’s Handwritten Prescription BD dataset/Training/training_words/209.png,Axodin,train
82,29,2.8275862068965516,218.1879730866274,64.06239394470789,14506.386038687973,0.13666947014297728,False,data/metadata/Doctor’s Handwritten Prescription BD dataset/Training/training_words/210.png,Axodin,train
58,17,3.411764705882353,212.7707910750507,59.7942058864336,15134.811524630833,0.1997971602434077,True,data/metadata/Doctor’s Handwritten Prescription BD dataset/Training/training_words/211.png,Axodin,train
202,71,2.8450704225352115,229.08534374564218,69.58141854653796,4287.3253381676195,0.10103193417933343,False,data/metadata/Doctor’s Handwritten Prescription BD dataset/Training/training_words/212.png,Axodin,train
70,21,3.3333333333333335,203.6360544217687,71.32522184688416,14732.268710259612,0.21836734693877552,True,data/metadata/Doctor’s Handwritten Prescription BD dataset/Training/training_words/213.png,Axodin,train
91,23,3.9565217391304346,216.47252747252747,57.887635486779054,11677.03583007906,0.17247969421882464,False,data/metadata/Doctor’s Handwritten Prescription BD dataset/Training/training_words/214.png,Axodin,train
69,20,3.45,217.4623188405797,53.077432092383006,9361.146301197226,0.18333333333333332,True,data/metadata/Doctor’s Handwritten Prescription BD dataset/Training/training_words/215.png,Axodin,train
232,85,2.7294117647058824,232.87667342799188,65.09085788660839,3043.841886409736,0.08869168356997971,False,data/metadata/Doctor’s Handwritten Prescription BD dataset/Training/training_words/216.png,Axodin,train
78,27,2.888888888888889,197.84757834757835,77.95692455310513,5753.084242867798,0.21557454890788225,True,data/metadata/Doctor’s Handwritten Prescription BD dataset/Training/training_words/217.png,Axodin,train
68,17,4.0,217.02595155709344,56.3696341898421,10800.337211599479,0.17993079584775087,True,data/metadata/Doctor’s Handwritten Prescription BD dataset/Training/training_words/218.png,Axodin,train
74,20,3.7,208.10472972972974,67.16921334117961,10582.652174945217,0.1945945945945946,True,data/metadata/Doctor’s Handwritten Prescription BD dataset/Training/training_words/219.png,Axodin,train
66,21,3.142857142857143,231.5916305916306,34.685589063516886,6066.2243065576395,0.13131313131313133,True,data/metadata/Doctor’s Handwritten Prescription BD dataset/Training/training_words/220.png,Axodin,train
100,23,4.3478260869565215,218.75608695652173,46.243355173814635,3932.808617013233,0.1956521739130435,False,data/metadata/Doctor’s Handwritten Prescription BD dataset/Training/training_words/221.png,Axodin,train
209,68,3.073529411764706,227.20025330706446,72.02212875647412,3661.9856459330144,0.10913312693498452,False,data/metadata/Doctor’s Handwritten Prescription BD dataset/Training/training_words/222.png,Axodin,train
181,96,1.8854166666666667,227.78942219152856,71.06427868070082,3953.7907458563536,0.10641114180478821,True,data/metadata/Doctor’s Handwritten Prescription BD dataset/Training/training_words/223.png,Axodin,train
90,26,3.4615384615384617,223.15042735042735,52.59888144131205,11466.320040908759,0.12307692307692308,False,data/metadata/Doctor’s Handwritten Prescription BD dataset/Training/training_words/224.png,Axodin,train
84,27,3.111111111111111,180.63800705467372,90.02863987723336,5801.6113552874285,0.28174603174603174,True,data/metadata/Doctor’s Handwritten Prescription BD dataset/Training/training_words/225.png,Axodin,train
97,23,4.217391304347826,179.17301658449125,84.89452209352143,5615.90054488714,0.30031376064545046,True,data/metadata/Doctor’s Handwritten Prescription BD dataset/Training/training_words/226.png,Axodin,train
88,20,4.4,162.94886363636363,94.91020097286001,5674.3301639979345,0.35170454545454544,True,data/metadata/Doctor’s Handwritten Prescription BD dataset/Training/training_words/227.png,Axodin,train
82,23,3.5652173913043477,189.3913043478261,81.67971233353043,5066.806290757707,0.2582184517497349,True,data/metadata/Doctor’s Handwritten Prescription BD dataset/Training/training_words/228.png,Axodin,train
217,98,2.2142857142857144,233.95796106461017,63.87704217724577,2853.3340543590707,0.08210288723784445,False,data/metadata/Doctor’s Handwritten Prescription BD dataset/Training/training_words/229.png,Axodin,train
86,32,2.6875,210.58212209302326,74.9617912372478,10899.21983998424,0.1620639534883721,False,data/metadata/Doctor’s Handwritten Prescription BD dataset/Training/training_words/230.png,Axodin,train
96,34,2.823529411764706,225.5674019607843,55.82310002312097,11706.341911764706,0.11427696078431372,False,data/metadata/Doctor’s Handwritten Prescription BD dataset/Training/training_words/231.png,Axodin,train
239,95,2.5157894736842104,233.8189385597886,64.01218869854699,2753.662717463114,0.08394626734199516,False,data/metadata/Doctor’s Handwritten Prescription BD dataset/Training/training_words/232.png,Axodin,train
83,33,2.515151515151515,212.2814895947426,71.33062228026292,12381.084702312854,0.15480102227090178,False,data/metadata/Doctor’s Handwritten Prescription BD dataset/Training/training_words/233.png,Axodin,train
205,70,2.9285714285714284,226.24327526132404,72.52771078066996,4203.39818815331,0.11526132404181184,False,data/metadata/Doctor’s Handwritten Prescription BD dataset/Training/training_words/234.png,Axodin,train
79,28,2.8214285714285716,206.1116636528029,78.20212896249447,9490.58387751832,0.16229656419529837,False,data/metadata/Doctor’s Handwritten Prescription BD dataset/Training/training_words/235.png,Axodin,train
72,28,2.5714285714285716,206.16815476190476,78.1469857811193,10685.809523809523,0.1661706349206349,False,data/metadata/Doctor’s Handwritten Prescription BD dataset/Training/training_words/236.png,Axodin,train
133,42,3.1666666666666665,233.4674185463659,69.34882608658519,31741.142026367903,0.08628714643752237,True,data/metadata/Doctor’s Handwritten Prescription BD dataset/Training/training_words/237.png,Axodin,train
85,30,2.8333333333333335,204.16196078431372,79.49615876820982,10164.46980392157,0.1776470588235294,False,data/metadata/Doctor’s Handwritten Prescription BD dataset/Training/training_words/238.png,Axodin,train
80,25,3.2,206.7225,77.98686103280475,10330.174,0.158,False,data/metadata/Doctor’s Handwritten Prescription BD dataset/Training/training_words/239.png,Axodin,train
106,28,3.7857142857142856,195.84973045822102,87.90986213794976,10198.926982943853,0.20518867924528303,False,data/metadata/Doctor’s Handwritten Prescription BD dataset/Training/training_words/240.png,Azithrocin,train
276,82,3.3658536585365852,233.90831565924356,64.51496190090585,4276.052757158006,0.08063803464121598,False,data/metadata/Doctor’s Handwritten Prescription BD dataset/Training/training_words/241.png,Azithrocin,train
118,18,6.555555555555555,218.15395480225988,86.99716063720591,77011.39636598679,0.1445386064030132,True,data/metadata/Doctor’s Handwritten Prescription BD dataset/Training/training_words/242.png,Azithrocin,train
197,39,5.051282051282051,200.7162566705714,55.86890281404702,10988.66126239484,0.0943641806585969,True,data/metadata/Doctor’s Handwritten Prescription BD dataset/Training/training_words/243.png,Azithrocin,train
96,24,4.0,199.92795138888889,82.65417527833715,12166.586098564996,0.1857638888888889,False,data/metadata/Doctor’s Handwritten Prescription BD dataset/Training/training_words/244.png,Azithrocin,train
89,26,3.423076923076923,231.04148660328437,50.13926162503201,8539.323218409007,0.10847018150388937,False,data/metadata/Doctor’s Handwritten Prescription BD dataset/Training/training_words/245.png,Azithrocin,train
145,37,3.918918918918919,225.46784715750232,73.56995479528686,11906.489133028004,0.12301957129543337,False,data/metadata/Doctor’s Handwritten Prescription BD dataset/Training/training_words/246.png,Azithrocin,train
147,44,3.340909090909091,230.52983920841064,50.39724270133695,9020.643939370037,0.09183673469387756,False,data/metadata/Doctor’s Handwritten Prescription BD dataset/Training/training_words/247.png,Azithrocin,train
126,20,6.3,232.68293650793652,43.99538064798449,5416.074470742001,0.17182539682539683,True,data/metadata/Doctor’s Handwritten Prescription BD dataset/Training/training_words/248.png,Azithrocin,train
119,29,4.103448275862069,208.19327731092437,74.30030243387812,14593.922051495283,0.18197623877137062,False,data/metadata/Doctor’s Handwritten Prescription BD dataset/Training/training_words/249.png,Azithrocin,train
128,39,3.282051282051282,217.53565705128204,67.89101143526217,12245.399832961906,0.13521634615384615,False,data/metadata/Doctor’s Handwritten Prescription BD dataset/Training/training_words/250.png,Azithrocin,train
139,37,3.7567567567567566,216.92611316352324,72.88873992687738,6945.477347851449,0.13221854948473655,False,data/metadata/Doctor’s Handwritten Prescription BD dataset/Training/training_words/251.png,Azithrocin,train
275,81,3.3950617283950617,236.68601571268238,60.49332173913535,3901.977373737374,0.0694949494949495,False,data/metadata/Doctor’s Handwritten Prescription BD dataset/Training/training_words/252.png,Azithrocin,train
176,55,3.2,225.48202479338843,60.864019002390506,8468.119421444913,0.0981404958677686,False,data/metadata/Doctor’s Handwritten Prescription BD dataset/Training/training_words/253.png,Azithrocin,train
108,30,3.6,223.5530864197531,58.71836650101983,12127.180464010822,0.11512345679012345,False,data/metadata/Doctor’s Handwritten Prescription BD dataset/Training/training_words/254.png,Azithrocin,train
106,34,3.1176470588235294,205.29911209766925,79.98591988531327,11271.476692563818,0.1867369589345172,False,data/metadata/Doctor’s Handwritten Prescription BD dataset/Training/training_words/255.png,Azithrocin,train
292,68,4.294117647058823,225.48544520547946,75.02013689973172,5012.425765511684,0.11271152296535053,False,data/metadata/Doctor’s Handwritten Prescription BD dataset/Training/training_words/256.png,Azithrocin,train
93,27,3.4444444444444446,201.53723616089206,80.10458682319683,10517.049283590275,0.18916766228594187,False,data/metadata/Doctor’s Handwritten Prescription BD dataset/Training/training_words/257.png,Azithrocin,train
124,27,4.592592592592593,220.66039426523298,64.99604543682022,11427.142174432496,0.12275985663082438,False,data/metadata/Doctor’s Handwritten Prescription BD dataset/Training/training_words/258.png,Azithrocin,train
152,36,4.222222222222222,225.47861842105263,57.19916136073973,11963.782529239767,0.11440058479532164,False,data/metadata/Doctor’s Handwritten Prescription BD dataset/Training/training_words/259.png,Azithrocin,train
109,34,3.2058823529411766,223.76848354020507,55.48685895017762,12424.530691467784,0.13302752293577982,False,data/metadata/Doctor’s Handwritten Prescription BD dataset/Training/training_words/260.png,Azithrocin,train
127,31,4.096774193548387,228.42976885953772,54.54438443393161,10114.013716027432,0.09245618491236983,False,data/metadata/Doctor’s Handwritten Prescription BD dataset/Training/training_words/261.png,Azithrocin,train
155,31,5.0,245.61893860561915,33.969666571050766,8267.233713321084,0.05723204994797086,False,data/metadata/Doctor’s Handwritten Prescription BD dataset/Training/training_words/262.png,Azithrocin,train
111,15,7.4,223.52312312312313,49.636246562655046,8579.494877219562,0.21861861861861862,True,data/metadata/Doctor’s Handwritten Prescription BD dataset/Training/training_words/263.png,Azithrocin,train
117,32,3.65625,218.4292200854701,67.07439270593783,11172.121794871795,0.13354700854700854,False,data/metadata/Doctor’s Handwritten Prescription BD dataset/Training/training_words/264.png,Azithrocin,train
115,39,2.948717948717949,237.16945373467112,33.46282722747899,6565.543143762995,0.07536231884057971,False,data/metadata/Doctor’s Handwritten Prescription BD dataset/Training/training_words/265.png,Azithrocin,train
121,30,4.033333333333333,229.0840220385675,43.65618670093315,10512.070523415978,0.09311294765840221,False,data/metadata/Doctor’s Handwritten Prescription BD dataset/Training/training_words/266.png,Azithrocin,train
180,44,4.090909090909091,224.37020202020202,55.74725450466303,8544.13383838384,0.09898989898989899,False,data/metadata/Doctor’s Handwritten Prescription BD dataset/Training/training_words/267.png,Azithrocin,train
129,37,3.4864864864864864,198.64969620783575,86.8392296753821,8390.18269432223,0.18960821286402682,False,data/metadata/Doctor’s Handwritten Prescription BD dataset/Training/training_words/268.png,Azithrocin,train
292,68,4.294117647058823,225.48544520547946,75.02013689973172,5012.425765511684,0.11271152296535053,False,data/metadata/Doctor’s Handwritten Prescription BD dataset/Training/training_words/269.png,Azithrocin,train
111,25,4.44,200.9718918918919,81.50297138797697,11236.09873873874,0.18594594594594593,False,data/metadata/Doctor’s Handwritten Prescription BD dataset/Training/training_words/270.png,Azithrocin,train
127,27,4.703703703703703,198.30766987459901,76.3565686656036,5375.0568593866965,0.22397200349956256,False,data/metadata/Doctor’s Handwritten Prescription BD dataset/Training/training_words/271.png,Azithrocin,train
260,67,3.8805970149253732,232.4023536165327,65.5790681053411,5234.566360505167,0.08610792192881746,False,data/metadata/Doctor’s Handwritten Prescription BD dataset/Training/training_words/272.png,Azithrocin,train
101,27,3.740740740740741,206.87202053538687,77.7518273583346,10262.961496149615,0.15694902823615695,False,data/metadata/Doctor’s Handwritten Prescription BD dataset/Training/training_words/273.png,Azithrocin,train
262,99,2.6464646464646466,236.95975017349062,60.111562556077274,3674.4542215625597,0.07082273112807463,False,data/metadata/Doctor’s Handwritten Prescription BD dataset/Training/training_words/274.png,Azithrocin,train
258,61,4.229508196721311,226.93118566526877,72.63263706201576,6144.799016785231,0.11056042699199391,False,data/metadata/Doctor’s Handwritten Prescription BD dataset/Training/training_words/275.png,Azithrocin,train
256,86,2.9767441860465116,235.2194313226744,62.40965160405398,4188.929233284884,0.07608103197674419,False,data/metadata/Doctor’s Handwritten Prescription BD dataset/Training/training_words/276.png,Azithrocin,train
272,72,3.7777777777777777,227.57623570261438,72.85378527436939,5066.282164518304,0.10503472222222222,False,data/metadata/Doctor’s Handwritten Prescription BD dataset/Training/training_words/277.png,Azithrocin,train
277,76,3.6447368421052633,234.4428082842485,63.02777321714355,4454.776263919687,0.08003990119703591,False,data/metadata/Doctor’s Handwritten Prescription BD dataset/Training/training_words/278.png,Azithrocin,train
211,43,4.906976744186046,238.2058855946214,58.16760465227233,23162.416808620976,0.06910613909401521,True,data/metadata/Doctor’s Handwritten Prescription BD dataset/Training/training_words/279.png,Azithrocin,train
69,30,2.3,188.35652173913044,83.22365213022101,5258.2925111437835,0.2603864734299517,True,data/metadata/Doctor’s Handwritten Prescription BD dataset/Training/training_words/280.png,Azyth,train
165,78,2.1153846153846154,236.14141414141415,61.237875844431805,4434.419891219891,0.07451437451437451,False,data/metadata/Doctor’s Handwritten Prescription BD dataset/Training/training_words/281.png,Azyth,train
168,69,2.4347826086956523,230.03511042097998,70.15177688686605,5397.3959627329195,0.09799861973775018,False,data/metadata/Doctor’s Handwritten Prescription BD dataset/Training/training_words/282.png,Azyth,train
73,20,3.65,220.2958904109589,60.48969217828445,13948.508680803156,0.17945205479452056,True,data/metadata/Doctor’s Handwritten Prescription BD dataset/Training/training_words/283.png,Azyth,train
65,29,2.2413793103448274,199.66259946949603,77.58916292448536,5339.4327671340825,0.20848806366047745,True,data/metadata/Doctor’s Handwritten Prescription BD dataset/Training/training_words/284.png,Azyth,train
160,72,2.2222222222222223,235.30703125,62.45928745551307,4696.464236111111,0.07552083333333333,False,data/metadata/Doctor’s Handwritten Prescription BD dataset/Training/training_words/285.png,Azyth,train
73,40,1.825,225.8308219178082,56.19144875355219,10906.877395383748,0.11061643835616439,False,data/metadata/Doctor’s Handwritten Prescription BD dataset/Training/training_words/286.png,Azyth,train
52,15,3.466666666666667,210.82820512820513,67.44337586494679,19712.560256410256,0.18205128205128204,True,data/metadata/Doctor’s Handwritten Prescription BD dataset/Training/training_words/287.png,Azyth,train
74,18,4.111111111111111,221.31156156156158,58.69862268204198,14028.678414337763,0.18843843843843844,True,data/metadata/Doctor’s Handwritten Prescription BD dataset/Training/training_words/288.png,Azyth,train
56,19,2.9473684210526314,181.2265037593985,86.59395790510466,13898.957910813218,0.30451127819548873,True,data/metadata/Doctor’s Handwritten Prescription BD dataset/Training/training_words/289.png,Azyth,train
74,37,2.0,215.1318480642805,65.64376769891844,15148.203433563072,0.16070124178232287,True,data/metadata/Doctor’s Handwritten Prescription BD dataset/Training/training_words/290.png,Azyth,train
53,19,2.789473684210526,213.7785501489573,60.66430999470187,15093.778458437415,0.17974180734856007,True,data/metadata/Doctor’s Handwritten Prescription BD dataset/Training/training_words/291.png,Azyth,train
181,76,2.3815789473684212,234.7462198313463,62.80757354775933,4926.507776896698,0.07880197731898808,False,data/metadata/Doctor’s Handwritten Prescription BD dataset/Training/training_words/292.png,Azyth,train
67,20,3.35,201.83880597014925,80.18165561449673,11267.719302183114,0.2,True,data/metadata/Doctor’s Handwritten Prescription BD dataset/Training/training_words/293.png,Azyth,train
61,27,2.259259259259259,206.16332726168793,70.88912755968155,14062.639974283062,0.20704310868245293,True,data/metadata/Doctor’s Handwritten Prescription BD dataset/Training/training_words/294.png,Azyth,train
76,30,2.533333333333333,222.14956140350878,51.84852262170299,8626.053670167743,0.16140350877192983,True,data/metadata/Doctor’s Handwritten Prescription BD dataset/Training/training_words/295.png,Azyth,train
178,63,2.8253968253968256,230.87640449438203,68.68794876127859,5429.289816301052,0.09381130729445336,False,data/metadata/Doctor’s Handwritten Prescription BD dataset/Training/training_words/296.png,Azyth,train
76,27,2.814814814814815,200.4770955165692,76.55257186411421,4891.197520177148,0.20175438596491227,True,data/metadata/Doctor’s Handwritten Prescription BD dataset/Training/training_words/297.png,Azyth,train
57,24,2.375,217.2668128654971,53.48368071937893,10776.2733015073,0.18055555555555555,True,data/metadata/Doctor’s Handwritten Prescription BD dataset/Training/training_words/298.png,Azyth,train
68,27,2.5185185185185186,224.39760348583877,55.03377725667115,10014.16117732496,0.119281045751634,True,data/metadata/Doctor’s Handwritten Prescription BD dataset/Training/training_words/299.png,Azyth,train
66,24,2.75,209.44949494949495,67.53598909453571,10570.859497755331,0.20012626262626262,True,data/metadata/Doctor’s Handwritten Prescription BD dataset/Training/training_words/300.png,Azyth,train
56,27,2.074074074074074,232.65740740740742,32.75094951001519,4557.843031760029,0.1474867724867725,True,data/metadata/Doctor’s Handwritten Prescription BD dataset/Training/training_words/301.png,Azyth,train
77,20,3.85,227.13896103896104,54.0526334542189,10230.158260667904,0.16103896103896104,True,data/metadata/Doctor’s Handwritten Prescription BD dataset/Training/training_words/302.png,Azyth,train
72,22,3.272727272727273,219.20580808080808,59.8313017009984,13116.66750801895,0.2152777777777778,True,data/metadata/Doctor’s Handwritten Prescription BD dataset/Training/training_words/303.png,Azyth,train
93,38,2.4473684210526314,226.9680249009621,40.96365176513031,2565.083742808561,0.13752122241086587,True,data/metadata/Doctor’s Handwritten Prescription BD dataset/Training/training_words/304.png,Azyth,train
77,32,2.40625,223.3896103896104,52.90007569880324,10225.392508617599,0.12134740259740259,True,data/metadata/Doctor’s Handwritten Prescription BD dataset/Training/training_words/305.png,Azyth,train
74,38,1.9473684210526316,193.21550497866286,85.17979354042804,4829.955967515768,0.2194167852062589,True,data/metadata/Doctor’s Handwritten Prescription BD dataset/Training/training_words/306.png,Azyth,train
76,27,2.814814814814815,181.8001949317739,85.55853666843008,5206.753075732704,0.2948343079922027,True,data/metadata/Doctor’s Handwritten Prescription BD dataset/Training/training_words/307.png,Azyth,train
67,30,2.2333333333333334,179.77810945273632,90.22628004276902,4483.113408083958,0.2810945273631841,True,data/metadata/Doctor’s Handwritten Prescription BD dataset/Training/training_words/308.png,Azyth,train
180,68,2.6470588235294117,231.84027777777777,66.50411109648257,5782.789705882353,0.08970588235294118,False,data/metadata/Doctor’s Handwritten Prescription BD dataset/Training/training_words/309.png,Azyth,train
75,36,2.0833333333333335,211.41407407407408,75.5421370401123,10859.53037037037,0.16111111111111112,False,data/metadata/Doctor’s Handwritten Prescription BD dataset/Training/training_words/310.png,Azyth,train
70,30,2.3333333333333335,198.9009523809524,77.7335540655668,4358.687886394558,0.2119047619047619,True,data/metadata/Doctor’s Handwritten Prescription BD dataset/Training/training_words/311.png,Azyth,train
73,22,3.3181818181818183,225.35118306351183,55.56381414698338,12357.184479434995,0.17372353673723537,True,data/metadata/Doctor’s Handwritten Prescription BD dataset/Training/training_words/312.png,Azyth,train
88,42,2.0952380952380953,226.70941558441558,72.19695942564208,10709.042146227464,0.11877705627705627,False,data/metadata/Doctor’s Handwritten Prescription BD dataset/Training/training_words/313.png,Azyth,train
154,62,2.4838709677419355,226.94229157938835,72.70375151358824,5940.586300795978,0.10798072894847088,False,data/metadata/Doctor’s Handwritten Prescription BD dataset/Training/training_words/314.png,Azyth,train
150,69,2.1739130434782608,229.26840579710145,71.3865373637228,5685.495652173913,0.09942028985507247,False,data/metadata/Doctor’s Handwritten Prescription BD dataset/Training/training_words/315.png,Azyth,train
167,84,1.9880952380952381,229.05859709153123,71.24367206512837,5189.0230966638155,0.10300826917593385,False,data/metadata/Doctor’s Handwritten Prescription BD dataset/Training/training_words/316.png,Azyth,train
179,76,2.3552631578947367,235.89539841223169,61.27481954391796,4892.233019700088,0.07314025286680388,False,data/metadata/Doctor’s Handwritten Prescription BD dataset/Training/training_words/317.png,Azyth,train
159,70,2.2714285714285714,231.02964959568735,67.74784667550271,5519.970530098832,0.09110512129380054,False,data/metadata/Doctor’s Handwritten Prescription BD dataset/Training/training_words/318.png,Azyth,train
162,69,2.347826086956522,236.13419216317766,60.243178336066094,4810.222043299338,0.0720164609053498,False,data/metadata/Doctor’s Handwritten Prescription BD dataset/Training/training_words/319.png,Azyth,train
123,75,1.64,234.68758807588077,63.27677888193376,4187.613214356535,0.08021680216802168,False,data/metadata/Doctor’s Handwritten Prescription BD dataset/Training/training_words/320.png,Az,train
136,58,2.3448275862068964,238.7198275862069,52.163668182619396,2114.301724137931,0.07847363083164301,False,data/metadata/Doctor’s Handwritten Prescription BD dataset/Training/training_words/321.png,Az,train
145,68,2.1323529411764706,235.60902636916836,55.66419692345502,2708.2580121703854,0.09350912778904666,False,data/metadata/Doctor’s Handwritten Prescription BD dataset/Training/training_words/322.png,Az,train
94,50,1.88,234.918085106383,55.87014096681993,3879.1544680851066,0.09829787234042553,False,data/metadata/Doctor’s Handwritten Prescription BD dataset/Training/training_words/323.png,Az,train
137,70,1.957142857142857,232.51272158498435,65.58388744807314,4664.245225779374,0.08519290928050052,False,data/metadata/Doctor’s Handwritten Prescription BD dataset/Training/training_words/324.png,Az,train
103,50,2.06,232.5957281553398,59.19677291456787,3049.018640776699,0.10446601941747573,False,data/metadata/Doctor’s Handwritten Prescription BD dataset/Training/training_words/325.png,Az,train
100,67,1.492537313432836,232.5655223880597,59.55015976227255,3069.885970149254,0.10477611940298508,False,data/metadata/Doctor’s Handwritten Prescription BD dataset/Training/training_words/326.png,Az,train
121,69,1.7536231884057971,234.46796023475866,57.384232462142684,2564.0581802079855,0.09366391184573003,False,data/metadata/Doctor’s Handwritten Prescription BD dataset/Training/training_words/327.png,Az,train
96,39,2.4615384615384617,234.8656517094017,57.20478709294161,3717.551282051282,0.09348290598290598,False,data/metadata/Doctor’s Handwritten Prescription BD dataset/Training/training_words/328.png,Az,train
106,60,1.7666666666666666,232.39528301886793,60.452658667872,2851.183962264151,0.1059748427672956,False,data/metadata/Doctor’s Handwritten Prescription BD dataset/Training/training_words/329.png,Az,train
99,66,1.5,229.07545148454238,63.84436641161441,3012.048644518105,0.12136516681971228,False,data/metadata/Doctor’s Handwritten Prescription BD dataset/Training/training_words/330.png,Az,train
102,80,1.275,231.4735294117647,60.989066323995026,3393.035370470492,0.11004901960784313,True,data/metadata/Doctor’s Handwritten Prescription BD dataset/Training/training_words/331.png,Az,train
114,56,2.0357142857142856,234.93828320802004,56.50118059901669,3084.8580213652867,0.09351503759398497,False,data/metadata/Doctor’s Handwritten Prescription BD dataset/Training/training_words/332.png,Az,train
162,70,2.3142857142857145,237.21754850088183,53.236010994939235,2141.6442927751805,0.08139329805996473,True,data/metadata/Doctor’s Handwritten Prescription BD dataset/Training/training_words/333.png,Az,train
39,13,3.0,218.32741617357001,56.92563488561675,13824.384984963957,0.21696252465483234,True,data/metadata/Doctor’s Handwritten Prescription BD dataset/Training/training_words/334.png,Az,train
30,15,2.0,213.6888888888889,58.859124553546295,13219.156424691359,0.24,True,data/metadata/Doctor’s Handwritten Prescription BD dataset/Training/training_words/335.png,Az,train
79,56,1.4107142857142858,237.03028933092224,54.50085011287984,3631.9240506329115,0.08340867992766728,False,data/metadata/Doctor’s Handwritten Prescription BD dataset/Training/training_words/336.png,Az,train
140,71,1.971830985915493,234.0877263581489,63.03467754897928,4470.996177062374,0.08370221327967807,False,data/metadata/Doctor’s Handwritten Prescription BD dataset/Training/training_words/337.png,Az,train
25,19,1.3157894736842106,217.7978947368421,58.766452977594845,14428.34226703601,0.22526315789473683,True,data/metadata/Doctor’s Handwritten Prescription BD dataset/Training/training_words/338.png,Az,train
25,17,1.4705882352941178,221.6070588235294,55.05768907830766,12314.784852595154,0.20941176470588235,True,data/metadata/Doctor’s Handwritten Prescription BD dataset/Training/training_words/339.png,Az,train
35,12,2.9166666666666665,218.9309523809524,53.18115933878069,9671.639909297053,0.24523809523809523,True,data/metadata/Doctor’s Handwritten Prescription BD dataset/Training/training_words/340.png,Az,train
121,55,2.2,230.01262208865515,69.37014358063112,5006.203756574005,0.1005259203606311,False,data/metadata/Doctor’s Handwritten Prescription BD dataset/Training/training_words/341.png,Az,train
86,47,1.8297872340425532,235.04329539831767,55.975027617678975,3877.8550222662047,0.09351806036615537,False,data/metadata/Doctor’s Handwritten Prescription BD dataset/Training/training_words/342.png,Az,train
94,62,1.5161290322580645,243.4713452299245,43.56947255458255,2151.770761839396,0.05301990391214825,False,data/metadata/Doctor’s Handwritten Prescription BD dataset/Training/training_words/343.png,Az,train
150,78,1.9230769230769231,237.59547008547008,58.96662271882705,3207.262393162393,0.06837606837606838,False,data/metadata/Doctor’s Handwritten Prescription BD dataset/Training/training_words/344.png,Az,train
122,79,1.5443037974683544,230.56567752645776,69.28676296759788,4351.05042539946,0.09421041709898319,False,data/metadata/Doctor’s Handwritten Prescription BD dataset/Training/training_words/345.png,Az,train
135,87,1.5517241379310345,235.6430821626224,61.73162351569769,3379.47398893146,0.07637292464878671,True,data/metadata/Doctor’s Handwritten Prescription BD dataset/Training/training_words/346.png,Az,train
119,70,1.7,230.9406962785114,66.95373033130792,4612.469147659063,0.0992797118847539,False,data/metadata/Doctor’s Handwritten Prescription BD dataset/Training/training_words/347.png,Az,train
110,69,1.5942028985507246,231.1044795783926,67.72213840391673,4802.143610013175,0.09196310935441371,False,data/metadata/Doctor’s Handwritten Prescription BD dataset/Training/training_words/348.png,Az,train
80,46,1.7391304347826086,233.63777173913044,58.20428825371727,3841.2233695652176,0.10108695652173913,False,data/metadata/Doctor’s Handwritten Prescription BD dataset/Training/training_words/349.png,Az,train
142,76,1.868421052631579,234.09229058561897,63.026122167555904,3784.5574499629356,0.08293180133432172,False,data/metadata/Doctor’s Handwritten Prescription BD dataset/Training/training_words/350.png,Az,train
115,63,1.8253968253968254,233.81711525189786,64.32644561087412,4195.065838509317,0.08309178743961353,False,data/metadata/Doctor’s Handwritten Prescription BD dataset/Training/training_words/351.png,Az,train
103,51,2.019607843137255,241.68951075575862,46.5617717636083,2662.7667906464767,0.06567675613934894,False,data/metadata/Doctor’s Handwritten Prescription BD dataset/Training/training_words/352.png,Az,train
114,61,1.8688524590163935,232.08613747483463,66.64346886120184,4337.671555939028,0.08700028760425654,False,data/metadata/Doctor’s Handwritten Prescription BD dataset/Training/training_words/353.png,Az,train
126,59,2.135593220338983,238.9061070755986,51.882351316149716,2417.811138014528,0.07654022060801721,False,data/metadata/Doctor’s Handwritten Prescription BD dataset/Training/training_words/354.png,Az,train
107,49,2.183673469387755,230.90692351707037,60.53242153247484,3522.925609758271,0.11157734121686058,False,data/metadata/Doctor’s Handwritten Prescription BD dataset/Training/training_words/355.png,Az,train
110,73,1.5068493150684932,238.187297633873,52.40127086805842,2275.3088418430884,0.08206724782067248,False,data/metadata/Doctor’s Handwritten Prescription BD dataset/Training/training_words/356.png,Az,train
131,61,2.1475409836065573,234.4825428607183,56.140536996203856,3301.7352021023653,0.10061318983856839,False,data/metadata/Doctor’s Handwritten Prescription BD dataset/Training/training_words/357.png,Az,train
118,72,1.6388888888888888,238.32509416195856,52.04453593380886,2378.261770244821,0.08121468926553672,False,data/metadata/Doctor’s Handwritten Prescription BD dataset/Training/training_words/358.png,Az,train
117,70,1.6714285714285715,239.13528693528693,50.88808149125177,2308.6395604395602,0.07655677655677656,False,data/metadata/Doctor’s Handwritten Prescription BD dataset/Training/training_words/359.png,Az,train
240,86,2.7906976744186047,227.45683139534884,72.04192346992663,4752.342490026046,0.10818798449612403,False,data/metadata/Doctor’s Handwritten Prescription BD dataset/Training/training_words/360.png,Bacaid,train
216,79,2.7341772151898733,230.00656352555086,67.08263479683008,5918.924684618553,0.0983356774496015,False,data/metadata/Doctor’s Handwritten Prescription BD dataset/Training/training_words/361.png,Bacaid,train
184,75,2.453333333333333,224.4935507246377,71.5058624464033,7963.2401829395085,0.11942028985507247,False,data/metadata/Doctor’s Handwritten Prescription BD dataset/Training/training_words/362.png,Bacaid,train
297,77,3.857142857142857,236.55787310332764,53.32516034015006,1167.3502114579712,0.08819799728890639,False,data/metadata/Doctor’s Handwritten Prescription BD dataset/Training/training_words/363.png,Bacaid,train
251,81,3.0987654320987654,223.04244749397472,75.83761064682214,6218.6941063909835,0.12404702178938566,False,data/metadata/Doctor’s Handwritten Prescription BD dataset/Training/training_words/364.png,Bacaid,train
164,50,3.28,213.0189024390244,82.57633133263028,10198.34921826294,0.16634146341463416,True,data/metadata/Doctor’s Handwritten Prescription BD dataset/Training/training_words/365.png,Bacaid,train
184,69,2.6666666666666665,227.9446282293636,68.17831368526495,6946.147763074984,0.1053875236294896,False,data/metadata/Doctor’s Handwritten Prescription BD dataset/Training/training_words/366.png,Bacaid,train
191,69,2.7681159420289854,228.0352075271265,68.35095962118761,6842.502389193153,0.10873359131952348,True,data/metadata/Doctor’s Handwritten Prescription BD dataset/Training/training_words/367.png,Bacaid,train
257,66,3.893939393939394,229.61183822662423,61.28603598495701,1397.4899610490363,0.11967928310340761,False,data/metadata/Doctor’s Handwritten Prescription BD dataset/Training/training_words/368.png,Bacaid,train
204,75,2.72,226.0113725490196,71.65858322911284,7112.089916032295,0.11509803921568627,False,data/metadata/Doctor’s Handwritten Prescription BD dataset/Training/training_words/369.png,Bacaid,train
225,67,3.3582089552238807,225.68597014925373,71.54613786197186,6925.955806876067,0.11562189054726368,False,data/metadata/Doctor’s Handwritten Prescription BD dataset/Training/training_words/370.png,Bacaid,train
202,76,2.6578947368421053,222.2875846795206,75.18115923287046,7480.69372250385,0.12793121417404898,False,data/metadata/Doctor’s Handwritten Prescription BD dataset/Training/training_words/371.png,Bacaid,train
196,71,2.76056338028169,222.66772060937052,74.64590914408663,7629.900249586047,0.1268324231100891,False,data/metadata/Doctor’s Handwritten Prescription BD dataset/Training/training_words/372.png,Bacaid,train
183,56,3.267857142857143,224.77712724434036,71.08179019694198,8599.435295299141,0.12070647931303669,True,data/metadata/Doctor’s Handwritten Prescription BD dataset/Training/training_words/373.png,Bacaid,train
200,75,2.6666666666666665,230.45593333333332,66.36665973812119,6415.176,0.09686666666666667,False,data/metadata/Doctor’s Handwritten Prescription BD dataset/Training/training_words/374.png,Bacaid,train
199,63,3.1587301587301586,224.47387732312356,72.94272272695443,7608.066033285196,0.11892797319932999,False,data/metadata/Doctor’s Handwritten Prescription BD dataset/Training/training_words/375.png,Bacaid,train
260,68,3.823529411764706,227.6815045248869,64.44733001219062,1154.9435463928874,0.12878959276018098,True,data/metadata/Doctor’s Handwritten Prescription BD dataset/Training/training_words/376.png,Bacaid,train
248,94,2.6382978723404253,230.88829787234042,66.5880086811632,4989.314265049513,0.09518702814001373,True,data/metadata/Doctor’s Handwritten Prescription BD dataset/Training/training_words/377.png,Bacaid,train
108,31,3.4838709677419355,228.23805256869773,53.05027729595428,4560.7448324147945,0.12066905615292713,False,data/metadata/Doctor’s Handwritten Prescription BD dataset/Training/training_words/378.png,Bacaid,train
95,29,3.2758620689655173,226.89655172413794,51.628125529028786,4930.025144054202,0.12413793103448276,False,data/metadata/Doctor’s Handwritten Prescription BD dataset/Training/training_words/379.png,Bacaid,train
99,25,3.96,226.52,52.03388080390652,5044.70037979798,0.13535353535353536,False,data/metadata/Doctor’s Handwritten Prescription BD dataset/Training/training_words/380.png,Bacaid,train
108,28,3.857142857142857,222.4831349206349,56.566651759057414,5180.746036885691,0.16137566137566137,False,data/metadata/Doctor’s Handwritten Prescription BD dataset/Training/training_words/381.png,Bacaid,train
264,65,4.061538461538461,228.80332167832168,62.96956715404554,1437.9708589933764,0.12307692307692308,True,data/metadata/Doctor’s Handwritten Prescription BD dataset/Training/training_words/382.png,Bacaid,train
295,72,4.097222222222222,234.4427495291902,55.72467983508363,1189.0429664386209,0.09896421845574388,False,data/metadata/Doctor’s Handwritten Prescription BD dataset/Training/training_words/383.png,Bacaid,train
99,23,4.304347826086956,224.6407553798858,53.460455128839605,6005.000267130645,0.16996047430830039,False,data/metadata/Doctor’s Handwritten Prescription BD dataset/Training/training_words/384.png,Bacaid,train
230,96,2.3958333333333335,232.30439311594202,64.59209565635909,4761.689221014492,0.08899456521739131,False,data/metadata/Doctor’s Handwritten Prescription BD dataset/Training/training_words/385.png,Bacaid,train
267,77,3.4675324675324677,226.17101999124472,72.83500810895384,5549.841431824845,0.11211634807140425,True,data/metadata/Doctor’s Handwritten Prescription BD dataset/Training/training_words/386.png,Bacaid,train
312,84,3.7142857142857144,232.63404304029305,65.53681807431484,4495.705012150786,0.08898046398046398,False,data/metadata/Doctor’s Handwritten Prescription BD dataset/Training/training_words/387.png,Bacaid,train
268,99,2.707070707070707,234.2907432534298,62.810753526575155,3756.004372078999,0.0811849841700588,False,data/metadata/Doctor’s Handwritten Prescription BD dataset/Training/training_words/388.png,Bacaid,train
227,78,2.91025641025641,230.37049587710382,66.617005766585,5734.887213345291,0.0956737828984525,False,data/metadata/Doctor’s Handwritten Prescription BD dataset/Training/training_words/389.png,Bacaid,train
274,95,2.8842105263157896,232.7578947368421,65.12626887165403,4326.676066077603,0.0879369957741068,False,data/metadata/Doctor’s Handwritten Prescription BD dataset/Training/training_words/390.png,Bacaid,train
206,81,2.54320987654321,222.35053338127773,77.10954921423382,5962.243797195253,0.1295097686683447,False,data/metadata/Doctor’s Handwritten Prescription BD dataset/Training/training_words/391.png,Bacaid,train
283,79,3.5822784810126582,235.51147291675986,56.15489392710837,950.1720618619029,0.08896542469919935,True,data/metadata/Doctor’s Handwritten Prescription BD dataset/Training/training_words/392.png,Bacaid,train
243,90,2.7,231.63374485596708,66.05214865431466,4492.278822890134,0.09272976680384087,False,data/metadata/Doctor’s Handwritten Prescription BD dataset/Training/training_words/393.png,Bacaid,train
220,77,2.857142857142857,228.30194805194805,68.67010116721886,6380.719244391972,0.1037780401416765,False,data/metadata/Doctor’s Handwritten Prescription BD dataset/Training/training_words/394.png,Bacaid,train
207,78,2.6538461538461537,225.6213303604608,72.4688269642173,6811.0289687979575,0.11637557289731203,False,data/metadata/Doctor’s Handwritten Prescription BD dataset/Training/training_words/395.png,Bacaid,train
189,82,2.3048780487804876,226.55349077300298,70.7915281231002,6385.8537875854945,0.1120144534778681,False,data/metadata/Doctor’s Handwritten Prescription BD dataset/Training/training_words/396.png,Bacaid,train
188,93,2.021505376344086,227.0352322123084,71.71810932582471,5502.1032944406315,0.10827041866849692,False,data/metadata/Doctor’s Handwritten Prescription BD dataset/Training/training_words/397.png,Bacaid,train
186,80,2.325,219.2016129032258,79.89564479080401,6921.821505376344,0.14018817204301076,False,data/metadata/Doctor’s Handwritten Prescription BD dataset/Training/training_words/398.png,Bacaid,train
211,95,2.221052631578947,228.47133948615615,69.16545852344242,5690.827837365927,0.10291843352456972,False,data/metadata/Doctor’s Handwritten Prescription BD dataset/Training/training_words/399.png,Bacaid,train
215,96,2.2395833333333335,232.47446705426356,65.72558000846038,5535.236337209302,0.0878875968992248,False,data/metadata/Doctor’s Handwritten Prescription BD dataset/Training/training_words/400.png,Backtone,train
264,56,4.714285714285714,228.35863095238096,70.23287472602523,6121.445075757576,0.10409902597402597,False,data/metadata/Doctor’s Handwritten Prescription BD dataset/Training/training_words/401.png,Backtone,train
227,76,2.986842105263158,228.7101205657315,71.07503444438105,5001.302109900302,0.1016693716670531,False,data/metadata/Doctor’s Handwritten Prescription BD dataset/Training/training_words/402.png,Backtone,train
180,58,3.103448275862069,233.36436781609194,63.60760028989191,7981.928735632184,0.0849616858237548,False,data/metadata/Doctor’s Handwritten Prescription BD dataset/Training/training_words/403.png,Backtone,train
234,92,2.5434782608695654,236.42080081753994,59.7808346110884,4766.208937198067,0.0735321441843181,False,data/metadata/Doctor’s Handwritten Prescription BD dataset/Training/training_words/404.png,Backtone,train
251,60,4.183333333333334,223.24482071713146,76.5743076453775,6056.35225759644,0.12576361221779547,False,data/metadata/Doctor’s Handwritten Prescription BD dataset/Training/training_words/405.png,Backtone,train
332,68,4.882352941176471,227.6442239546421,72.24914211809234,4938.317593905032,0.10564316087880936,False,data/metadata/Doctor’s Handwritten Prescription BD dataset/Training/training_words/406.png,Backtone,train
264,67,3.9402985074626864,233.38992537313433,63.32443566454609,4999.754409769335,0.08621664405246494,False,data/metadata/Doctor’s Handwritten Prescription BD dataset/Training/training_words/407.png,Backtone,train
170,62,2.7419354838709675,231.97457305502846,65.45771639923683,8488.886667974895,0.09022770398481973,False,data/metadata/Doctor’s Handwritten Prescription BD dataset/Training/training_words/408.png,Backtone,train
252,49,5.142857142857143,229.71436669906058,67.59027219680931,5663.992063492064,0.09977324263038549,False,data/metadata/Doctor’s Handwritten Prescription BD dataset/Training/training_words/409.png,Backtone,train
249,54,4.611111111111111,228.07786702365016,69.9144626621493,6081.158336780886,0.10538450096683029,False,data/metadata/Doctor’s Handwritten Prescription BD dataset/Training/training_words/410.png,Backtone,train
272,52,5.230769230769231,228.39797794117646,69.58928311551419,6033.3274886877825,0.10428450226244344,False,data/metadata/Doctor’s Handwritten Prescription BD dataset/Training/training_words/411.png,Backtone,train
297,78,3.8076923076923075,237.00725200725202,59.177943879209074,4055.843218509885,0.07023223689890357,False,data/metadata/Doctor’s Handwritten Prescription BD dataset/Training/training_words/412.png,Backtone,train
268,50,5.36,226.99216417910446,71.96129877016855,6637.906470433282,0.10902985074626866,False,data/metadata/Doctor’s Handwritten Prescription BD dataset/Training/training_words/413.png,Backtone,train
263,54,4.87037037037037,231.83572736234333,65.15710205041758,5683.325796084503,0.09048021405435853,False,data/metadata/Doctor’s Handwritten Prescription BD dataset/Training/training_words/414.png,Backtone,train
295,63,4.682539682539683,233.67258541834812,63.631771548532754,4724.836911487759,0.08350820554210385,False,data/metadata/Doctor’s Handwritten Prescription BD dataset/Training/training_words/415.png,Backtone,train
160,53,3.018867924528302,221.62382075471697,76.9854418271816,11742.752264540317,0.1330188679245283,False,data/metadata/Doctor’s Handwritten Prescription BD dataset/Training/training_words/416.png,Backtone,train
218,76,2.8684210526315788,225.08335345243844,74.47483115893415,7086.145618212644,0.11727426364075326,False,data/metadata/Doctor’s Handwritten Prescription BD dataset/Training/training_words/417.png,Backtone,train
112,16,7.0,229.47600446428572,45.79970811588192,7686.447264379385,0.18191964285714285,True,data/metadata/Doctor’s Handwritten Prescription BD dataset/Training/training_words/418.png,Backtone,train
105,18,5.833333333333333,231.1005291005291,43.82652732164105,6223.831865009378,0.1783068783068783,True,data/metadata/Doctor’s Handwritten Prescription BD dataset/Training/training_words/419.png,Backtone,train
97,24,4.041666666666667,237.6232817869416,38.63618201959376,5011.022485674176,0.13359106529209622,True,data/metadata/Doctor’s Handwritten Prescription BD dataset/Training/training_words/420.png,Backtone,train
116,34,3.411764705882353,243.25887423935092,32.01167973256971,3375.393717933421,0.09482758620689655,True,data/metadata/Doctor’s Handwritten Prescription BD dataset/Training/training_words/421.png,Backtone,train
171,63,2.7142857142857144,228.95303072496054,69.3537113081387,8704.833008447044,0.10173582103406664,False,data/metadata/Doctor’s Handwritten Prescription BD dataset/Training/training_words/422.png,Backtone,train
169,56,3.017857142857143,228.6714919695689,69.67556265226798,9217.666842225537,0.10397295012679628,False,data/metadata/Doctor’s Handwritten Prescription BD dataset/Training/training_words/423.png,Backtone,train
94,18,5.222222222222222,237.53132387706856,35.09948155034689,4990.212954230449,0.15130023640661938,True,data/metadata/Doctor’s Handwritten Prescription BD dataset/Training/training_words/424.png,Backtone,train
259,92,2.8152173913043477,235.55170387779083,61.60489269772663,4517.508393486654,0.07566728218902131,False,data/metadata/Doctor’s Handwritten Prescription BD dataset/Training/training_words/425.png,Backtone,train
257,56,4.589285714285714,215.29988882712618,83.63468917863293,9131.74448660333,0.15724013340744858,False,data/metadata/Doctor’s Handwritten Prescription BD dataset/Training/training_words/426.png,Backtone,train
239,76,3.1447368421052633,229.54701607575424,69.07168164969433,5847.186412684431,0.10295089187403655,False,data/metadata/Doctor’s Handwritten Prescription BD dataset/Training/training_words/427.png,Backtone,train
283,72,3.9305555555555554,234.9810070671378,62.37895842940695,5017.0066745190425,0.07881821751079701,False,data/metadata/Doctor’s Handwritten Prescription BD dataset/Training/training_words/428.png,Backtone,train
178,55,3.2363636363636363,225.80398365679264,73.11947409405622,10357.372216547497,0.11583248212461696,False,data/metadata/Doctor’s Handwritten Prescription BD dataset/Training/training_words/429.png,Backtone,train
236,83,2.8433734939759034,230.20032673065143,69.1253880489473,5566.361641222289,0.09781498876863386,False,data/metadata/Doctor’s Handwritten Prescription BD dataset/Training/training_words/430.png,Backtone,train
253,77,3.2857142857142856,230.07458549355783,68.95180230330885,5813.84282121041,0.09742826343616857,False,data/metadata/Doctor’s Handwritten Prescription BD dataset/Training/training_words/431.png,Backtone,train
152,50,3.04,218.09828947368422,80.11091618381943,12336.277229207064,0.14421052631578948,False,data/metadata/Doctor’s Handwritten Prescription BD dataset/Training/training_words/432.png,Backtone,train
206,92,2.239130434782609,230.91573448712538,67.51676090233079,6099.632334318278,0.09513507809202194,False,data/metadata/Doctor’s Handwritten Prescription BD dataset/Training/training_words/433.png,Backtone,train
280,56,5.0,233.26466836734693,63.903416652312096,5147.77806122449,0.08176020408163265,False,data/metadata/Doctor’s Handwritten Prescription BD dataset/Training/training_words/434.png,Backtone,train
268,72,3.7222222222222223,232.80420812603649,65.3876406348897,4713.41925787728,0.0869092039800995,False,data/metadata/Doctor’s Handwritten Prescription BD dataset/Training/training_words/435.png,Backtone,train
256,72,3.5555555555555554,231.09136284722223,67.65725723564023,5218.527560763889,0.0945095486111111,False,data/metadata/Doctor’s Handwritten Prescription BD dataset/Training/training_words/436.png,Backtone,train
261,58,4.5,226.59994715286035,72.95879351791137,5954.881418884781,0.11071475756374687,False,data/metadata/Doctor’s Handwritten Prescription BD dataset/Training/training_words/437.png,Backtone,train
266,69,3.8550724637681157,232.99455159638225,65.04509020844274,4605.451999564128,0.08543096872616324,False,data/metadata/Doctor’s Handwritten Prescription BD dataset/Training/training_words/438.png,Backtone,train
261,78,3.3461538461538463,232.3725316828765,65.84394375903865,4729.443363788191,0.08871205422929561,False,data/metadata/Doctor’s Handwritten Prescription BD dataset/Training/training_words/439.png,Backtone,train
213,61,3.4918032786885247,223.25675363657354,76.74547270181728,7367.08612329716,0.12337412452859232,False,data/metadata/Doctor’s Handwritten Prescription BD dataset/Training/training_words/440.png,Baclofen,train
285,68,4.1911764705882355,225.90417956656347,73.91702075816788,5506.666125054714,0.11202270381836946,False,data/metadata/Doctor’s Handwritten Prescription BD dataset/Training/training_words/441.png,Baclofen,train
357,81,4.407407407407407,235.45616765224608,61.19315085478472,4336.756854891169,0.07697893972403776,False,data/metadata/Doctor’s Handwritten Prescription BD dataset/Training/training_words/442.png,Baclofen,train
145,45,3.2222222222222223,224.32459770114943,74.08627310363269,10615.342323594781,0.12030651340996168,False,data/metadata/Doctor’s Handwritten Prescription BD dataset/Training/training_words/443.png,Baclofen,train
227,84,2.7023809523809526,232.14217537235157,66.26495404669383,5731.541850220265,0.0907279211243969,False,data/metadata/Doctor’s Handwritten Prescription BD dataset/Training/training_words/444.png,Baclofen,train
299,76,3.9342105263157894,235.36366836824502,61.127631533858164,4844.406794578419,0.07775919732441472,False,data/metadata/Doctor’s Handwritten Prescription BD dataset/Training/training_words/445.png,Baclofen,train
261,81,3.2222222222222223,230.92393926493543,67.54723252540313,5109.6935811929425,0.09327846364883402,False,data/metadata/Doctor’s Handwritten Prescription BD dataset/Training/training_words/446.png,Baclofen,train
284,73,3.8904109589041096,229.02363496044762,69.30890777549516,5538.037526529038,0.10167856453791241,False,data/metadata/Doctor’s Handwritten Prescription BD dataset/Training/training_words/447.png,Baclofen,train
161,43,3.744186046511628,223.06052289469883,74.98614407220661,12212.682633251272,0.1246569406326737,False,data/metadata/Doctor’s Handwritten Prescription BD dataset/Training/training_words/448.png,Baclofen,train
284,73,3.8904109589041096,229.02363496044762,69.30890777549516,5538.037526529038,0.10167856453791241,False,data/metadata/Doctor’s Handwritten Prescription BD dataset/Training/training_words/449.png,Baclofen,train
284,81,3.506172839506173,232.97809076682316,64.5174815999571,4923.265345157364,0.08559380977221352,False,data/metadata/Doctor’s Handwritten Prescription BD dataset/Training/training_words/450.png,Baclofen,train
302,81,3.728395061728395,230.75022483852507,67.6993212522838,4841.737466184313,0.09414602240209305,False,data/metadata/Doctor’s Handwritten Prescription BD dataset/Training/training_words/451.png,Baclofen,train
285,68,4.1911764705882355,225.90417956656347,73.91702075816788,5506.666125054714,0.11202270381836946,False,data/metadata/Doctor’s Handwritten Prescription BD dataset/Training/training_words/452.png,Baclofen,train
299,86,3.4767441860465116,231.61417904643386,66.50751742773086,5051.29742552695,0.09278991988799876,False,data/metadata/Doctor’s Handwritten Prescription BD dataset/Training/training_words/453.png,Baclofen,train
300,89,3.3707865168539324,228.73715355805243,70.32886188734805,5333.489662921348,0.10355805243445693,False,data/metadata/Doctor’s Handwritten Prescription BD dataset/Training/training_words/454.png,Baclofen,train
378,110,3.4363636363636365,238.99591149591149,56.021854910671955,3336.5808561808562,0.06255411255411256,False,data/metadata/Doctor’s Handwritten Prescription BD dataset/Training/training_words/455.png,Baclofen,train
162,49,3.306122448979592,223.81216931216932,75.42300710366762,10067.575963147501,0.12421264802217183,False,data/metadata/Doctor’s Handwritten Prescription BD dataset/Training/training_words/456.png,Baclofen,train
225,71,3.1690140845070425,226.99780907668233,72.3352285177473,7257.331318777139,0.11192488262910798,False,data/metadata/Doctor’s Handwritten Prescription BD dataset/Training/training_words/457.png,Baclofen,train
143,31,4.612903225806452,231.0421836228288,52.115679151851474,5681.388274445769,0.13873223550642905,True,data/metadata/Doctor’s Handwritten Prescription BD dataset/Training/training_words/458.png,Baclofen,train
141,30,4.7,230.34751773049646,54.28677278593835,6379.763482722197,0.13049645390070921,True,data/metadata/Doctor’s Handwritten Prescription BD dataset/Training/training_words/459.png,Baclofen,train
135,26,5.1923076923076925,227.02535612535613,57.38223104488,6194.819303495913,0.14444444444444443,True,data/metadata/Doctor’s Handwritten Prescription BD dataset/Training/training_words/460.png,Baclofen,train
238,68,3.5,232.0779164607019,66.17810770493347,5773.019649036085,0.0916337123084528,False,data/metadata/Doctor’s Handwritten Prescription BD dataset/Training/training_words/461.png,Baclofen,train
154,54,2.8518518518518516,227.55940355940356,70.69942240131094,9935.544767560972,0.10762385762385762,False,data/metadata/Doctor’s Handwritten Prescription BD dataset/Training/training_words/462.png,Baclofen,train
161,56,2.875,230.63941881100266,67.23015399263488,9165.314662809347,0.09582963620230701,False,data/metadata/Doctor’s Handwritten Prescription BD dataset/Training/training_words/463.png,Baclofen,train
214,79,2.7088607594936707,228.0598604045901,71.15564100430228,7221.185198669663,0.10386844907133562,False,data/metadata/Doctor’s Handwritten Prescription BD dataset/Training/training_words/464.png,Baclofen,train
225,70,3.2142857142857144,229.69028571428572,68.93956277172393,6821.540317460317,0.09993650793650793,False,data/metadata/Doctor’s Handwritten Prescription BD dataset/Training/training_words/465.png,Baclofen,train
241,80,3.0125,234.82837136929462,62.641069459518405,5656.913796680498,0.07883817427385892,False,data/metadata/Doctor’s Handwritten Prescription BD dataset/Training/training_words/466.png,Baclofen,train
228,70,3.257142857142857,231.09824561403508,68.39440846812029,5506.224937343359,0.09260651629072682,False,data/metadata/Doctor’s Handwritten Prescription BD dataset/Training/training_words/467.png,Baclofen,train
216,77,2.8051948051948052,230.38973063973063,68.91670255237287,5678.282706586699,0.094997594997595,False,data/metadata/Doctor’s Handwritten Prescription BD dataset/Training/training_words/468.png,Baclofen,train
162,49,3.306122448979592,223.81216931216932,75.42300710366762,10067.575963147501,0.12421264802217183,False,data/metadata/Doctor’s Handwritten Prescription BD dataset/Training/training_words/469.png,Baclofen,train
229,80,2.8625,229.8007096069869,69.3128663262535,6092.74961790095,0.09929039301310044,False,data/metadata/Doctor’s Handwritten Prescription BD dataset/Training/training_words/470.png,Baclofen,train
220,74,2.972972972972973,229.75079852579853,69.53893787962424,6091.20773955774,0.09957002457002458,False,data/metadata/Doctor’s Handwritten Prescription BD dataset/Training/training_words/471.png,Baclofen,train
176,57,3.087719298245614,233.01355661881976,64.16820574100791,7270.1813946169705,0.08652312599681021,False,data/metadata/Doctor’s Handwritten Prescription BD dataset/Training/training_words/472.png,Baclofen,train
252,68,3.7058823529411766,233.1060924369748,64.32395194545558,6371.645774976658,0.08525910364145659,False,data/metadata/Doctor’s Handwritten Prescription BD dataset/Training/training_words/473.png,Baclofen,train
285,80,3.5625,229.54109649122807,69.70050387840084,4827.873985824484,0.10035087719298245,False,data/metadata/Doctor’s Handwritten Prescription BD dataset/Training/training_words/474.png,Baclofen,train
267,57,4.684210526315789,226.21466587817858,72.60246228493993,6331.604047416685,0.11295091661738617,False,data/metadata/Doctor’s Handwritten Prescription BD dataset/Training/training_words/475.png,Baclofen,train
274,63,4.349206349206349,231.1874637933032,66.29483172659862,5762.530297763875,0.09309465878808945,False,data/metadata/Doctor’s Handwritten Prescription BD dataset/Training/training_words/476.png,Baclofen,train
304,65,4.676923076923077,231.97024291497976,65.13180909364822,5177.065129978262,0.08795546558704453,False,data/metadata/Doctor’s Handwritten Prescription BD dataset/Training/training_words/477.png,Baclofen,train
286,59,4.8474576271186445,228.44690055707005,69.28341412953247,6008.816225974642,0.10394690055707005,False,data/metadata/Doctor’s Handwritten Prescription BD dataset/Training/training_words/478.png,Baclofen,train
265,63,4.2063492063492065,232.06367175801137,65.18765747323364,5466.814255765199,0.08936807427373465,False,data/metadata/Doctor’s Handwritten Prescription BD dataset/Training/training_words/479.png,Baclofen,train
161,65,2.476923076923077,227.3193502150024,73.2415638993691,5107.938955200473,0.10893454371715242,False,data/metadata/Doctor’s Handwritten Prescription BD dataset/Training/training_words/480.png,Baclon,train
144,58,2.4827586206896552,234.68474616858236,61.91070551185634,7448.506704980843,0.07974137931034483,False,data/metadata/Doctor’s Handwritten Prescription BD dataset/Training/training_words/481.png,Baclon,train
146,53,2.7547169811320753,233.92943913155855,62.74291998291237,7374.696820883949,0.08335487205996381,False,data/metadata/Doctor’s Handwritten Prescription BD dataset/Training/training_words/482.png,Baclon,train
116,24,4.833333333333333,229.19899425287358,49.84544992573362,4789.392238153776,0.1526580459770115,True,data/metadata/Doctor’s Handwritten Prescription BD dataset/Training/training_words/483.png,Baclon,train
161,65,2.476923076923077,227.3193502150024,73.2415638993691,5107.938955200473,0.10893454371715242,False,data/metadata/Doctor’s Handwritten Prescription BD dataset/Training/training_words/484.png,Baclon,train
146,53,2.7547169811320753,233.92943913155855,62.74291998291237,7374.696820883949,0.08335487205996381,False,data/metadata/Doctor’s Handwritten Prescription BD dataset/Training/training_words/485.png,Baclon,train
146,53,2.7547169811320753,233.92943913155855,62.74291998291237,7374.696820883949,0.08335487205996381,False,data/metadata/Doctor’s Handwritten Prescription BD dataset/Training/training_words/486.png,Baclon,train
146,53,2.7547169811320753,233.92943913155855,62.74291998291237,7374.696820883949,0.08335487205996381,False,data/metadata/Doctor’s Handwritten Prescription BD dataset/Training/training_words/487.png,Baclon,train
114,24,4.75,230.49671052631578,48.67098473691727,4393.177297608666,0.14802631578947367,True,data/metadata/Doctor’s Handwritten Prescription BD dataset/Training/training_words/488.png,Baclon,train
142,50,2.84,234.48676056338027,61.06175788021127,7451.01929337433,0.0804225352112676,False,data/metadata/Doctor’s Handwritten Prescription BD dataset/Training/training_words/489.png,Baclon,train
142,50,2.84,234.48676056338027,61.06175788021127,7451.01929337433,0.0804225352112676,False,data/metadata/Doctor’s Handwritten Prescription BD dataset/Training/training_words/490.png,Baclon,train
142,50,2.84,234.48676056338027,61.06175788021127,7451.01929337433,0.0804225352112676,False,data/metadata/Doctor’s Handwritten Prescription BD dataset/Training/training_words/491.png,Baclon,train
144,58,2.4827586206896552,234.68474616858236,61.91070551185634,7448.506704980843,0.07974137931034483,False,data/metadata/Doctor’s Handwritten Prescription BD dataset/Training/training_words/492.png,Baclon,train
142,50,2.84,234.48676056338027,61.06175788021127,7451.01929337433,0.0804225352112676,False,data/metadata/Doctor’s Handwritten Prescription BD dataset/Training/training_words/493.png,Baclon,train
142,50,2.84,234.48676056338027,61.06175788021127,7451.01929337433,0.0804225352112676,False,data/metadata/Doctor’s Handwritten Prescription BD dataset/Training/training_words/494.png,Baclon,train
143,42,3.4047619047619047,226.78971028971029,71.39637566588675,9722.403706766094,0.10939060939060939,False,data/metadata/Doctor’s Handwritten Prescription BD dataset/Training/training_words/495.png,Baclon,train
131,45,2.911111111111111,226.0398642917727,72.80598223131743,9541.308889277367,0.11450381679389313,False,data/metadata/Doctor’s Handwritten Prescription BD dataset/Training/training_words/496.png,Baclon,train
198,53,3.7358490566037736,234.26357918810749,62.58478140673168,5462.889270059081,0.07956927768248523,False,data/metadata/Doctor’s Handwritten Prescription BD dataset/Training/training_words/497.png,Baclon,train
143,42,3.4047619047619047,226.78971028971029,71.39637566588675,9722.403706766094,0.10939060939060939,False,data/metadata/Doctor’s Handwritten Prescription BD dataset/Training/training_words/498.png,Baclon,train
143,42,3.4047619047619047,226.78971028971029,71.39637566588675,9722.403706766094,0.10939060939060939,False,data/metadata/Doctor’s Handwritten Prescription BD dataset/Training/training_words/499.png,Baclon,train
143,42,3.4047619047619047,226.78971028971029,71.39637566588675,9722.403706766094,0.10939060939060939,False,data/metadata/Doctor’s Handwritten Prescription BD dataset/Training/training_words/500.png,Baclon,train
143,42,3.4047619047619047,226.78971028971029,71.39637566588675,9722.403706766094,0.10939060939060939,False,data/metadata/Doctor’s Handwritten Prescription BD dataset/Training/training_words/501.png,Baclon,train
115,21,5.476190476190476,226.74575569358177,52.90359955971897,4657.935497344495,0.15859213250517598,True,data/metadata/Doctor’s Handwritten Prescription BD dataset/Training/training_words/502.png,Baclon,train
114,21,5.428571428571429,227.09022556390977,50.84006287383129,4999.419131928959,0.15873015873015872,True,data/metadata/Doctor’s Handwritten Prescription BD dataset/Training/training_words/503.png,Baclon,train
142,49,2.8979591836734695,231.91118137395804,65.49456214313038,8527.026578991048,0.09154929577464789,False,data/metadata/Doctor’s Handwritten Prescription BD dataset/Training/training_words/504.png,Baclon,train
168,57,2.9473684210526314,226.7780910609858,72.89468192993156,6301.634233512195,0.110484544695071,False,data/metadata/Doctor’s Handwritten Prescription BD dataset/Training/training_words/505.png,Baclon,train
165,47,3.5106382978723403,224.21534493874918,75.28694335223945,7073.6139264990325,0.11785944551901999,False,data/metadata/Doctor’s Handwritten Prescription BD dataset/Training/training_words/506.png,Baclon,train
198,55,3.6,232.52929292929292,65.64148889832792,5100.8552800734615,0.08934802571166207,False,data/metadata/Doctor’s Handwritten Prescription BD dataset/Training/training_words/507.png,Baclon,train
179,54,3.314814814814815,228.5771777363956,70.6129814094755,5953.630664183736,0.10138630250362093,False,data/metadata/Doctor’s Handwritten Prescription BD dataset/Training/training_words/508.png,Baclon,train
131,45,2.911111111111111,226.0398642917727,72.80598223131743,9541.308889277367,0.11450381679389313,False,data/metadata/Doctor’s Handwritten Prescription BD dataset/Training/training_words/509.png,Baclon,train
227,58,3.913793103448276,232.97106182591523,65.11552148976983,4742.246999848094,0.08742214795685857,False,data/metadata/Doctor’s Handwritten Prescription BD dataset/Training/training_words/510.png,Baclon,train
216,52,4.153846153846154,227.13657407407408,72.41295522204247,6168.6086480930435,0.10746082621082621,False,data/metadata/Doctor’s Handwritten Prescription BD dataset/Training/training_words/511.png,Baclon,train
106,21,5.0476190476190474,228.65363881401618,50.69143638778966,4931.312553833684,0.16801437556154536,True,data/metadata/Doctor’s Handwritten Prescription BD dataset/Training/training_words/512.png,Baclon,train
173,47,3.6808510638297873,222.39207969499446,78.31067178049948,7523.463051176754,0.1276595744680851,False,data/metadata/Doctor’s Handwritten Prescription BD dataset/Training/training_words/513.png,Baclon,train
144,58,2.4827586206896552,234.68474616858236,61.91070551185634,7448.506704980843,0.07974137931034483,False,data/metadata/Doctor’s Handwritten Prescription BD dataset/Training/training_words/514.png,Baclon,train
144,58,2.4827586206896552,234.68474616858236,61.91070551185634,7448.506704980843,0.07974137931034483,False,data/metadata/Doctor’s Handwritten Prescription BD dataset/Training/training_words/515.png,Baclon,train
144,58,2.4827586206896552,234.68474616858236,61.91070551185634,7448.506704980843,0.07974137931034483,False,data/metadata/Doctor’s Handwritten Prescription BD dataset/Training/training_words/516.png,Baclon,train
138,61,2.262295081967213,238.48705155618913,56.06964906510569,5854.813970064149,0.06521739130434782,False,data/metadata/Doctor’s Handwritten Prescription BD dataset/Training/training_words/517.png,Baclon,train
150,63,2.380952380952381,238.5079365079365,56.00328401629431,6132.806984126984,0.0656084656084656,False,data/metadata/Doctor’s Handwritten Prescription BD dataset/Training/training_words/518.png,Baclon,train
146,53,2.7547169811320753,233.92943913155855,62.74291998291237,7374.696820883949,0.08335487205996381,False,data/metadata/Doctor’s Handwritten Prescription BD dataset/Training/training_words/519.png,Baclon,train
171,69,2.4782608695652173,226.13611322993475,74.5573230704983,5301.2845156369185,0.11712857021781507,False,data/metadata/Doctor’s Handwritten Prescription BD dataset/Training/training_words/520.png,Bacmax,train
186,47,3.9574468085106385,225.96259437199726,66.3789606079265,4945.137611517457,0.13669640814458933,False,data/metadata/Doctor’s Handwritten Prescription BD dataset/Training/training_words/521.png,Bacmax,train
173,52,3.326923076923077,228.05869275233437,64.89271767862336,4435.865050688997,0.12761227212094264,False,data/metadata/Doctor’s Handwritten Prescription BD dataset/Training/training_words/522.png,Bacmax,train
120,14,8.571428571428571,230.21369047619046,44.664425262163995,6839.808970734127,0.19285714285714287,True,data/metadata/Doctor’s Handwritten Prescription BD dataset/Training/training_words/523.png,Bacmax,train
177,65,2.723076923076923,228.23563667970447,71.73293229574763,5081.239808657914,0.10369404606692742,False,data/metadata/Doctor’s Handwritten Prescription BD dataset/Training/training_words/524.png,Bacmax,train
173,52,3.326923076923077,228.05869275233437,64.89271767862336,4435.865050688997,0.12761227212094264,False,data/metadata/Doctor’s Handwritten Prescription BD dataset/Training/training_words/525.png,Bacmax,train
187,40,4.675,220.51938502673798,70.9020933645268,6416.999430763675,0.16671122994652407,False,data/metadata/Doctor’s Handwritten Prescription BD dataset/Training/training_words/526.png,Bacmax,train
187,40,4.675,220.51938502673798,70.9020933645268,6416.999430763675,0.16671122994652407,False,data/metadata/Doctor’s Handwritten Prescription BD dataset/Training/training_words/527.png,Bacmax,train
109,28,3.892857142857143,238.2175622542595,39.740514577779116,4382.392812052857,0.12418086500655308,True,data/metadata/Doctor’s Handwritten Prescription BD dataset/Training/training_words/528.png,Bacmax,train
183,33,5.545454545454546,208.29276370259976,79.62604309204002,8009.5441284792305,0.223712535187945,True,data/metadata/Doctor’s Handwritten Prescription BD dataset/Training/training_words/529.png,Bacmax,train
183,33,5.545454545454546,208.29276370259976,79.62604309204002,8009.5441284792305,0.223712535187945,True,data/metadata/Doctor’s Handwritten Prescription BD dataset/Training/training_words/530.png,Bacmax,train
195,33,5.909090909090909,210.58228438228437,78.17300477822174,8760.063378534614,0.2108780108780109,True,data/metadata/Doctor’s Handwritten Prescription BD dataset/Training/training_words/531.png,Bacmax,train
204,56,3.642857142857143,233.9937850140056,57.848201697764694,3817.1308646543794,0.0976890756302521,False,data/metadata/Doctor’s Handwritten Prescription BD dataset/Training/training_words/532.png,Bacmax,train
195,33,5.909090909090909,210.58228438228437,78.17300477822174,8760.063378534614,0.2108780108780109,True,data/metadata/Doctor’s Handwritten Prescription BD dataset/Training/training_words/533.png,Bacmax,train
193,43,4.488372093023256,219.84853596818894,71.93511238601546,6406.097120076878,0.16749005904325823,False,data/metadata/Doctor’s Handwritten Prescription BD dataset/Training/training_words/534.png,Bacmax,train
196,35,5.6,212.22478134110787,77.7795244882412,7655.169219797874,0.2064139941690962,True,data/metadata/Doctor’s Handwritten Prescription BD dataset/Training/training_words/535.png,Bacmax,train
156,43,3.627906976744186,231.15638044126416,66.13428109606836,9227.033691115086,0.09376863446630888,False,data/metadata/Doctor’s Handwritten Prescription BD dataset/Training/training_words/536.png,Bacmax,train
165,71,2.323943661971831,225.35885616730687,74.78858143909697,6039.21758429364,0.11284677763551003,False,data/metadata/Doctor’s Handwritten Prescription BD dataset/Training/training_words/537.png,Bacmax,train
191,47,4.0638297872340425,220.57858972930822,71.60165978186919,5886.047044512861,0.16063272808287846,True,data/metadata/Doctor’s Handwritten Prescription BD dataset/Training/training_words/538.png,Bacmax,train
191,47,4.0638297872340425,220.57858972930822,71.60165978186919,5886.047044512861,0.16063272808287846,True,data/metadata/Doctor’s Handwritten Prescription BD dataset/Training/training_words/539.png,Bacmax,train
175,46,3.8043478260869565,222.02546583850932,69.98709533179493,6287.710002793102,0.15962732919254657,False,data/metadata/Doctor’s Handwritten Prescription BD dataset/Training/training_words/540.png,Bacmax,train
175,46,3.8043478260869565,222.02546583850932,69.98709533179493,6287.710002793102,0.15962732919254657,False,data/metadata/Doctor’s Handwritten Prescription BD dataset/Training/training_words/541.png,Bacmax,train
99,17,5.823529411764706,232.99108734402853,42.27758808323351,5721.974822850151,0.17231134878193702,True,data/metadata/Doctor’s Handwritten Prescription BD dataset/Training/training_words/542.png,Bacmax,train
115,21,5.476190476190476,236.9830227743271,40.12093676431637,5499.868356244829,0.12629399585921325,True,data/metadata/Doctor’s Handwritten Prescription BD dataset/Training/training_words/543.png,Bacmax,train
170,37,4.594594594594595,215.11971383147855,75.19841359940536,6745.027490603857,0.1874403815580286,False,data/metadata/Doctor’s Handwritten Prescription BD dataset/Training/training_words/544.png,Bacmax,train
206,81,2.54320987654321,236.96494066882417,59.32954470887212,4315.210595708978,0.07041831475488433,False,data/metadata/Doctor’s Handwritten Prescription BD dataset/Training/training_words/545.png,Bacmax,train
160,62,2.5806451612903225,226.5546370967742,74.1185544895903,5265.682661290322,0.1095766129032258,False,data/metadata/Doctor’s Handwritten Prescription BD dataset/Training/training_words/546.png,Bacmax,train
184,61,3.0163934426229506,229.38417676407698,70.02735530415178,5552.544191019245,0.10067712045616536,False,data/metadata/Doctor’s Handwritten Prescription BD dataset/Training/training_words/547.png,Bacmax,train
176,74,2.3783783783783785,232.89043304668306,65.95355576320365,4307.554514742014,0.08760749385749386,False,data/metadata/Doctor’s Handwritten Prescription BD dataset/Training/training_words/548.png,Bacmax,train
161,41,3.926829268292683,233.89607635206787,62.387424089306194,8283.717012573852,0.08332070898348735,False,data/metadata/Doctor’s Handwritten Prescription BD dataset/Training/training_words/549.png,Bacmax,train
187,63,2.9682539682539684,226.37144554791612,73.5277284052381,5765.388506917919,0.11179017061370003,False,data/metadata/Doctor’s Handwritten Prescription BD dataset/Training/training_words/550.png,Bacmax,train
174,69,2.5217391304347827,231.38680659670166,67.46981832139154,4957.214059636848,0.09170414792603698,False,data/metadata/Doctor’s Handwritten Prescription BD dataset/Training/training_words/551.png,Bacmax,train
104,26,4.0,235.74704142011834,38.824179696635284,4697.979512600224,0.15162721893491124,True,data/metadata/Doctor’s Handwritten Prescription BD dataset/Training/training_words/552.png,Bacmax,train
186,62,3.0,230.2771418661117,68.8415062860925,5396.918834547347,0.09911550468262227,False,data/metadata/Doctor’s Handwritten Prescription BD dataset/Training/training_words/553.png,Bacmax,train
204,56,3.642857142857143,233.9937850140056,57.848201697764694,3817.1308646543794,0.0976890756302521,False,data/metadata/Doctor’s Handwritten Prescription BD dataset/Training/training_words/554.png,Bacmax,train
182,52,3.5,229.21027049873203,63.36122905023958,4940.419267630899,0.12489433643279797,False,data/metadata/Doctor’s Handwritten Prescription BD dataset/Training/training_words/555.png,Bacmax,train
182,52,3.5,229.21027049873203,63.36122905023958,4940.419267630899,0.12489433643279797,False,data/metadata/Doctor’s Handwritten Prescription BD dataset/Training/training_words/556.png,Bacmax,train
169,36,4.694444444444445,218.84335963182116,71.75684858710962,7231.068704799474,0.16863905325443787,False,data/metadata/Doctor’s Handwritten Prescription BD dataset/Training/training_words/557.png,Bacmax,train
169,36,4.694444444444445,218.84335963182116,71.75684858710962,7231.068704799474,0.16863905325443787,False,data/metadata/Doctor’s Handwritten Prescription BD dataset/Training/training_words/558.png,Bacmax,train
187,42,4.4523809523809526,226.39546727782022,66.16665849996174,5350.503010230182,0.1371275783040489,False,data/metadata/Doctor’s Handwritten Prescription BD dataset/Training/training_words/559.png,Bacmax,train
169,78,2.1666666666666665,235.55575785161585,61.95626569522173,4468.976634805037,0.07487482931269913,False,data/metadata/Doctor’s Handwritten Prescription BD dataset/Training/training_words/560.png,Beklo,train
106,35,3.0285714285714285,233.09973045822102,63.72441318291492,25538.945954766383,0.09272237196765498,True,data/metadata/Doctor’s Handwritten Prescription BD dataset/Training/training_words/561.png,Beklo,train
77,24,3.2083333333333335,223.5762987012987,74.77215478297474,37018.03495061936,0.1331168831168831,True,data/metadata/Doctor’s Handwritten Prescription BD dataset/Training/training_words/562.png,Beklo,train
71,18,3.9444444444444446,219.3153364632238,56.146925518955,9796.724163097171,0.22300469483568075,True,data/metadata/Doctor’s Handwritten Prescription BD dataset/Training/training_words/563.png,Beklo,train
135,72,1.875,233.07808641975308,65.40860312998895,4415.936213991769,0.08456790123456791,False,data/metadata/Doctor’s Handwritten Prescription BD dataset/Training/training_words/564.png,Beklo,train
80,22,3.6363636363636362,225.7335227272727,72.00146787550068,34168.51580578513,0.12329545454545454,True,data/metadata/Doctor’s Handwritten Prescription BD dataset/Training/training_words/565.png,Beklo,train
78,23,3.391304347826087,223.61872909698997,74.6877752653108,36387.46747302106,0.13099219620958752,True,data/metadata/Doctor’s Handwritten Prescription BD dataset/Training/training_words/566.png,Beklo,train
91,28,3.25,226.06200941915228,72.06681391719586,32576.779028831672,0.12441130298273155,True,data/metadata/Doctor’s Handwritten Prescription BD dataset/Training/training_words/567.png,Beklo,train
341,81,4.209876543209877,225.60345389377648,71.30976590575183,8615.2348150675,0.1413417327395822,True,data/metadata/Doctor’s Handwritten Prescription BD dataset/Training/training_words/568.png,Beklo,train
107,29,3.689655172413793,227.63873670641314,70.92270652583707,28471.06117384142,0.11537222043184016,True,data/metadata/Doctor’s Handwritten Prescription BD dataset/Training/training_words/569.png,Beklo,train
78,32,2.4375,223.61217948717947,71.54525696346184,29835.19660671819,0.1438301282051282,True,data/metadata/Doctor’s Handwritten Prescription BD dataset/Training/training_words/570.png,Beklo,train
196,89,2.202247191011236,237.2353817931667,57.99259332593362,4858.681839027746,0.0709699610181151,False,data/metadata/Doctor’s Handwritten Prescription BD dataset/Training/training_words/571.png,Beklo,train
68,20,3.4,214.57426470588234,81.06500885847142,33803.28969236592,0.17794117647058824,True,data/metadata/Doctor’s Handwritten Prescription BD dataset/Training/training_words/572.png,Beklo,train
149,75,1.9866666666666666,229.5826398210291,68.91554175577664,6220.124946171593,0.09691275167785235,True,data/metadata/Doctor’s Handwritten Prescription BD dataset/Training/training_words/573.png,Beklo,train
126,64,1.96875,229.76153273809524,68.0638399807746,6817.556547619048,0.09796626984126984,False,data/metadata/Doctor’s Handwritten Prescription BD dataset/Training/training_words/574.png,Beklo,train
140,71,1.971830985915493,233.54144869215293,63.677170829291875,5357.1221327967805,0.0823943661971831,False,data/metadata/Doctor’s Handwritten Prescription BD dataset/Training/training_words/575.png,Beklo,train
81,25,3.24,222.89777777777778,74.22288702297082,41785.31910720927,0.14074074074074075,True,data/metadata/Doctor’s Handwritten Prescription BD dataset/Training/training_words/576.png,Beklo,train
124,87,1.4252873563218391,232.5354097144976,66.25976640327214,4474.433444568039,0.08722654801631442,False,data/metadata/Doctor’s Handwritten Prescription BD dataset/Training/training_words/577.png,Beklo,train
133,68,1.9558823529411764,233.75718708536047,63.992350119535836,4529.002432551968,0.08126934984520123,False,data/metadata/Doctor’s Handwritten Prescription BD dataset/Training/training_words/578.png,Beklo,train
150,70,2.142857142857143,233.1187619047619,65.75348254684727,4467.30019047619,0.08552380952380953,False,data/metadata/Doctor’s Handwritten Prescription BD dataset/Training/training_words/579.png,Beklo,train
146,69,2.1159420289855073,230.1127655350407,69.29398052773861,5493.208326135259,0.09668453444510622,False,data/metadata/Doctor’s Handwritten Prescription BD dataset/Training/training_words/580.png,Beklo,train
137,75,1.8266666666666667,235.23873479318735,61.522290687527345,4735.2731873479315,0.07844282238442822,False,data/metadata/Doctor’s Handwritten Prescription BD dataset/Training/training_words/581.png,Beklo,train
82,36,2.2777777777777777,223.98814363143632,73.4525651762499,34326.04598600186,0.13787262872628725,True,data/metadata/Doctor’s Handwritten Prescription BD dataset/Training/training_words/582.png,Beklo,train
81,39,2.076923076923077,233.0854700854701,64.69428171364224,58702.04983385075,0.08103830326052548,True,data/metadata/Doctor’s Handwritten Prescription BD dataset/Training/training_words/583.png,Beklo,train
148,77,1.922077922077922,235.68497718497719,61.221314991387295,4049.698666198666,0.07493857493857493,False,data/metadata/Doctor’s Handwritten Prescription BD dataset/Training/training_words/584.png,Beklo,train
137,80,1.7125,233.00784671532847,66.13481125396021,4078.8556569343064,0.08768248175182482,False,data/metadata/Doctor’s Handwritten Prescription BD dataset/Training/training_words/585.png,Beklo,train
128,72,1.7777777777777777,231.31879340277777,67.65587181138095,5071.525824652777,0.09168836805555555,False,data/metadata/Doctor’s Handwritten Prescription BD dataset/Training/training_words/586.png,Beklo,train
175,81,2.1604938271604937,236.00670194003527,61.06770311920267,4465.123668430335,0.07576719576719576,False,data/metadata/Doctor’s Handwritten Prescription BD dataset/Training/training_words/587.png,Beklo,train
146,73,2.0,230.5262713454682,68.8940508086119,4832.685306811784,0.09598423719271909,False,data/metadata/Doctor’s Handwritten Prescription BD dataset/Training/training_words/588.png,Beklo,train
88,32,2.75,228.34765625,67.21787802816382,32663.54697575845,0.12109375,True,data/metadata/Doctor’s Handwritten Prescription BD dataset/Training/training_words/589.png,Beklo,train
153,72,2.125,230.89560639070444,68.65272873656602,4368.855119825708,0.09704066811909949,False,data/metadata/Doctor’s Handwritten Prescription BD dataset/Training/training_words/590.png,Beklo,train
121,69,1.7536231884057971,227.1985866570847,71.72379076105621,6726.62977602108,0.11019283746556474,False,data/metadata/Doctor’s Handwritten Prescription BD dataset/Training/training_words/591.png,Beklo,train
81,33,2.4545454545454546,225.47100635989526,72.37118541578499,32159.227129618783,0.12532734754956978,True,data/metadata/Doctor’s Handwritten Prescription BD dataset/Training/training_words/592.png,Beklo,train
162,81,2.0,232.86564548087182,64.75056435259687,5214.65218716659,0.08824874256973023,False,data/metadata/Doctor’s Handwritten Prescription BD dataset/Training/training_words/593.png,Beklo,train
96,30,3.2,227.43125,69.48905885976063,28004.075771484375,0.11805555555555555,True,data/metadata/Doctor’s Handwritten Prescription BD dataset/Training/training_words/594.png,Beklo,train
87,23,3.782608695652174,225.16041979010495,70.93689964157096,29260.843037251987,0.12893553223388307,True,data/metadata/Doctor’s Handwritten Prescription BD dataset/Training/training_words/595.png,Beklo,train
80,24,3.3333333333333335,226.846875,70.3698672686047,32905.06,0.12239583333333333,True,data/metadata/Doctor’s Handwritten Prescription BD dataset/Training/training_words/596.png,Beklo,train
75,26,2.8846153846153846,227.38871794871795,70.673642683473,30210.003470348456,0.11743589743589744,True,data/metadata/Doctor’s Handwritten Prescription BD dataset/Training/training_words/597.png,Beklo,train
89,37,2.4054054054054053,227.05557242635894,70.97489286802116,36823.51088898416,0.1214697843911327,True,data/metadata/Doctor’s Handwritten Prescription BD dataset/Training/training_words/598.png,Beklo,train
84,46,1.826086956521739,232.8713768115942,60.920792248009164,22849.423044954438,0.10403726708074534,True,data/metadata/Doctor’s Handwritten Prescription BD dataset/Training/training_words/599.png,Beklo,train
232,73,3.1780821917808217,236.50472366556448,59.416795198094874,4511.690363722249,0.0711502125649504,False,data/metadata/Doctor’s Handwritten Prescription BD dataset/Training/training_words/600.png,Bicozin,train
134,40,3.35,197.06231343283582,86.8434227345973,3317.733140419637,0.23824626865671641,True,data/metadata/Doctor’s Handwritten Prescription BD dataset/Training/training_words/601.png,Bicozin,train
146,58,2.5172413793103448,204.61029759093057,81.74689469576695,3193.6328469579216,0.21185640056683988,False,data/metadata/Doctor’s Handwritten Prescription BD dataset/Training/training_words/602.png,Bicozin,train
124,43,2.883720930232558,202.55157539384845,84.43503255061972,3418.7129986735245,0.21586646661665415,True,data/metadata/Doctor’s Handwritten Prescription BD dataset/Training/training_words/603.png,Bicozin,train
232,73,3.1780821917808217,236.50472366556448,59.416795198094874,4511.690363722249,0.0711502125649504,False,data/metadata/Doctor’s Handwritten Prescription BD dataset/Training/training_words/604.png,Bicozin,train
125,42,2.9761904761904763,176.25466666666668,98.33489572027551,2867.1858828480727,0.31561904761904763,True,data/metadata/Doctor’s Handwritten Prescription BD dataset/Training/training_words/605.png,Bicozin,train
123,45,2.7333333333333334,191.08130081300814,91.0483173935955,3376.3074313496522,0.26757000903342365,True,data/metadata/Doctor’s Handwritten Prescription BD dataset/Training/training_words/606.png,Bicozin,train
176,48,3.6666666666666665,213.3689630681818,76.47077679952322,2290.318043816517,0.17660984848484848,True,data/metadata/Doctor’s Handwritten Prescription BD dataset/Training/training_words/607.png,Bicozin,train
123,43,2.86046511627907,197.55379088674607,87.00513949662042,4131.466650479931,0.23615050103989413,True,data/metadata/Doctor’s Handwritten Prescription BD dataset/Training/training_words/608.png,Bicozin,train
129,48,2.6875,195.62273901808786,88.3273936850008,3440.5299755112455,0.24628552971576229,True,data/metadata/Doctor’s Handwritten Prescription BD dataset/Training/training_words/609.png,Bicozin,train
157,55,2.8545454545454545,200.20196873190503,85.96431691718266,2951.6056476097965,0.2246670526925304,True,data/metadata/Doctor’s Handwritten Prescription BD dataset/Training/training_words/610.png,Bicozin,train
161,57,2.824561403508772,222.0447858777378,68.54587558182544,2291.2512862762483,0.13065271875340526,True,data/metadata/Doctor’s Handwritten Prescription BD dataset/Training/training_words/611.png,Bicozin,train
122,48,2.5416666666666665,192.61441256830602,90.51005037291374,3450.180041598314,0.2583674863387978,True,data/metadata/Doctor’s Handwritten Prescription BD dataset/Training/training_words/612.png,Bicozin,train
140,66,2.121212121212121,208.57088744588745,81.45721898489762,2305.4571962200857,0.19025974025974027,True,data/metadata/Doctor’s Handwritten Prescription BD dataset/Training/training_words/613.png,Bicozin,train
697,217,3.2119815668202767,236.38150334878247,62.34532609194085,663.4030201355727,0.07490958617908218,True,data/metadata/Doctor’s Handwritten Prescription BD dataset/Training/training_words/614.png,Bicozin,train
109,23,4.739130434782608,224.93936976465895,67.06599689448618,16168.482284863649,0.1428001595532509,True,data/metadata/Doctor’s Handwritten Prescription BD dataset/Training/training_words/615.png,Bicozin,train
149,52,2.8653846153846154,200.47922044398555,85.88276582037632,3645.4679891411683,0.22186370676303563,True,data/metadata/Doctor’s Handwritten Prescription BD dataset/Training/training_words/616.png,Bicozin,train
252,84,3.0,239.24428382464097,55.6255499299095,3803.1429921152508,0.061933106575963716,False,data/metadata/Doctor’s Handwritten Prescription BD dataset/Training/training_words/617.png,Bicozin,train
127,53,2.3962264150943398,232.9448818897638,63.18018151824368,10875.415831476734,0.09671668399940574,True,data/metadata/Doctor’s Handwritten Prescription BD dataset/Training/training_words/618.png,Bicozin,train
218,65,3.353846153846154,233.2772053634439,63.98175084811409,4810.09654199012,0.08327452364149612,False,data/metadata/Doctor’s Handwritten Prescription BD dataset/Training/training_words/619.png,Bicozin,train
205,65,3.1538461538461537,229.2637148217636,69.11886127225662,5694.193861579998,0.10123827392120074,True,data/metadata/Doctor’s Handwritten Prescription BD dataset/Training/training_words/620.png,Bicozin,train
196,66,2.9696969696969697,229.61595547309832,68.80761434017778,5893.263976686137,0.09709338280766852,True,data/metadata/Doctor’s Handwritten Prescription BD dataset/Training/training_words/621.png,Bicozin,train
137,54,2.537037037037037,203.66585563665856,82.66058698434595,4096.03481393998,0.21073263044065962,True,data/metadata/Doctor’s Handwritten Prescription BD dataset/Training/training_words/622.png,Bicozin,train
138,38,3.6315789473684212,193.3201754385965,89.90759030853542,3522.2696681136727,0.253813882532418,True,data/metadata/Doctor’s Handwritten Prescription BD dataset/Training/training_words/623.png,Bicozin,train
201,69,2.9130434782608696,225.2252505588002,74.44489906241512,5935.591804915644,0.11716778426707045,False,data/metadata/Doctor’s Handwritten Prescription BD dataset/Training/training_words/624.png,Bicozin,train
193,58,3.3275862068965516,225.48704663212436,73.26474556568952,6880.303198141862,0.11434697159192425,False,data/metadata/Doctor’s Handwritten Prescription BD dataset/Training/training_words/625.png,Bicozin,train
208,70,2.9714285714285715,234.04065934065935,63.388988545298936,4692.791483516484,0.08482142857142858,False,data/metadata/Doctor’s Handwritten Prescription BD dataset/Training/training_words/626.png,Bicozin,train
191,46,4.1521739130434785,218.61176872296835,80.95194969108715,7681.784531142893,0.14158889141816527,False,data/metadata/Doctor’s Handwritten Prescription BD dataset/Training/training_words/627.png,Bicozin,train
213,47,4.531914893617022,223.63709919089,75.81427881854445,6827.540244618143,0.12066726600739187,True,data/metadata/Doctor’s Handwritten Prescription BD dataset/Training/training_words/628.png,Bicozin,train
151,54,2.7962962962962963,222.04611233750308,68.67452881342562,2769.1625532301327,0.13367672308069659,True,data/metadata/Doctor’s Handwritten Prescription BD dataset/Training/training_words/629.png,Bicozin,train
252,84,3.0,239.24428382464097,55.6255499299095,3803.1429921152508,0.061933106575963716,False,data/metadata/Doctor’s Handwritten Prescription BD dataset/Training/training_words/630.png,Bicozin,train
209,55,3.8,226.47968682035668,71.50359725154125,6605.803129609276,0.11187472814267073,False,data/metadata/Doctor’s Handwritten Prescription BD dataset/Training/training_words/631.png,Bicozin,train
156,54,2.888888888888889,207.15349002849004,84.32062766564279,2591.0944359978816,0.19468186134852802,True,data/metadata/Doctor’s Handwritten Prescription BD dataset/Training/training_words/632.png,Bicozin,train
207,74,2.7972972972972974,234.26935631283456,62.4846682518166,4878.887583081983,0.08225616921269095,False,data/metadata/Doctor’s Handwritten Prescription BD dataset/Training/training_words/633.png,Bicozin,train
142,45,3.1555555555555554,198.25539906103288,87.20626457082258,3573.6423295642394,0.2273865414710485,True,data/metadata/Doctor’s Handwritten Prescription BD dataset/Training/training_words/634.png,Bicozin,train
120,48,2.5,196.40555555555557,88.32723900185808,3035.7782754328223,0.23159722222222223,True,data/metadata/Doctor’s Handwritten Prescription BD dataset/Training/training_words/635.png,Bicozin,train
132,61,2.1639344262295084,207.68293591654248,82.10858277942127,2870.8488041065166,0.1968455042225534,True,data/metadata/Doctor’s Handwritten Prescription BD dataset/Training/training_words/636.png,Bicozin,train
138,46,3.0,187.3265595463138,93.84439422782187,3781.1579893929843,0.2731568998109641,True,data/metadata/Doctor’s Handwritten Prescription BD dataset/Training/training_words/637.png,Bicozin,train
131,45,2.911111111111111,201.61798134011875,84.93222732869057,2884.25478741994,0.22290076335877862,True,data/metadata/Doctor’s Handwritten Prescription BD dataset/Training/training_words/638.png,Bicozin,train
146,41,3.5609756097560976,193.97009689274975,89.67255804189733,2950.16036561086,0.2515870364183094,True,data/metadata/Doctor’s Handwritten Prescription BD dataset/Training/training_words/639.png,Bicozin,train
87,18,4.833333333333333,218.1851851851852,67.93383028920599,35979.212871214455,0.17943805874840357,True,data/metadata/Doctor’s Handwritten Prescription BD dataset/Training/training_words/640.png,Canazole,train
199,66,3.015151515151515,225.7342774478453,75.70785730694807,5039.42744023146,0.11306532663316583,False,data/metadata/Doctor’s Handwritten Prescription BD dataset/Training/training_words/641.png,Canazole,train
186,55,3.381818181818182,219.0551319648094,82.7846579974976,6101.173508512426,0.14164222873900292,False,data/metadata/Doctor’s Handwritten Prescription BD dataset/Training/training_words/642.png,Canazole,train
125,33,3.787878787878788,213.61890909090909,72.89936762429451,9015.718303030302,0.12872727272727272,False,data/metadata/Doctor’s Handwritten Prescription BD dataset/Training/training_words/643.png,Canazole,train
115,27,4.2592592592592595,220.22705314009661,60.03123965999985,17905.916515723173,0.10950080515297907,True,data/metadata/Doctor’s Handwritten Prescription BD dataset/Training/training_words/644.png,Canazole,train
209,64,3.265625,224.7322816985646,77.34989239698368,4998.41312799043,0.11744916267942583,False,data/metadata/Doctor’s Handwritten Prescription BD dataset/Training/training_words/645.png,Canazole,train
214,52,4.115384615384615,220.02570093457945,81.6967467751245,6276.8522158387905,0.1356937455068296,False,data/metadata/Doctor’s Handwritten Prescription BD dataset/Training/training_words/646.png,Canazole,train
85,20,4.25,215.7635294117647,62.69099259262957,22502.9283266436,0.15529411764705883,True,data/metadata/Doctor’s Handwritten Prescription BD dataset/Training/training_words/647.png,Canazole,train
118,33,3.5757575757575757,215.76399589111455,70.30586217262133,7675.508988186954,0.12172573189522343,False,data/metadata/Doctor’s Handwritten Prescription BD dataset/Training/training_words/648.png,Canazole,train
102,22,4.636363636363637,219.20276292335114,64.72909659512052,20164.874317848193,0.1408199643493761,True,data/metadata/Doctor’s Handwritten Prescription BD dataset/Training/training_words/649.png,Canazole,train
86,23,3.739130434782609,216.63599595551062,62.85670672190151,21620.2197092691,0.15621840242669363,True,data/metadata/Doctor’s Handwritten Prescription BD dataset/Training/training_words/650.png,Canazole,train
108,31,3.4838709677419355,225.2900238948626,62.1180933620672,18493.91599141198,0.11768219832735961,True,data/metadata/Doctor’s Handwritten Prescription BD dataset/Training/training_words/651.png,Canazole,train
198,69,2.869565217391304,226.8570487483531,75.2223414947162,4672.450885668277,0.11008637095593617,False,data/metadata/Doctor’s Handwritten Prescription BD dataset/Training/training_words/652.png,Canazole,train
85,24,3.5416666666666665,214.80686274509804,68.44614995088335,21612.42122164552,0.16029411764705884,True,data/metadata/Doctor’s Handwritten Prescription BD dataset/Training/training_words/653.png,Canazole,train
110,29,3.793103448275862,226.79811912225705,63.749657295076716,20326.968573815117,0.11567398119122257,True,data/metadata/Doctor’s Handwritten Prescription BD dataset/Training/training_words/654.png,Canazole,train
90,28,3.2142857142857144,221.44246031746033,62.473301144181576,18995.796611237085,0.12738095238095237,True,data/metadata/Doctor’s Handwritten Prescription BD dataset/Training/training_words/655.png,Canazole,train
193,67,2.8805970149253732,223.2246539324105,78.47559310508676,5521.21429123811,0.12497099992266646,True,data/metadata/Doctor’s Handwritten Prescription BD dataset/Training/training_words/656.png,Canazole,train
83,18,4.611111111111111,214.57965194109772,69.77905473851119,28547.06264101475,0.19678714859437751,True,data/metadata/Doctor’s Handwritten Prescription BD dataset/Training/training_words/657.png,Canazole,train
87,18,4.833333333333333,213.83908045977012,74.40067671022815,32559.847609400917,0.17943805874840357,True,data/metadata/Doctor’s Handwritten Prescription BD dataset/Training/training_words/658.png,Canazole,train
94,21,4.476190476190476,215.61702127659575,66.88181772417462,22921.032537732157,0.1524822695035461,True,data/metadata/Doctor’s Handwritten Prescription BD dataset/Training/training_words/659.png,Canazole,train
82,17,4.823529411764706,216.6987087517934,70.18795967040379,30810.574130985635,0.17862266857962697,True,data/metadata/Doctor’s Handwritten Prescription BD dataset/Training/training_words/660.png,Canazole,train
94,27,3.4814814814814814,218.3447596532703,65.560700208746,20465.75379138591,0.1359338061465721,True,data/metadata/Doctor’s Handwritten Prescription BD dataset/Training/training_words/661.png,Canazole,train
103,26,3.9615384615384617,207.57617625093354,78.03394437677785,10383.328603435399,0.15832710978342046,False,data/metadata/Doctor’s Handwritten Prescription BD dataset/Training/training_words/662.png,Canazole,train
104,29,3.586206896551724,207.8352122015915,76.94701986562997,9745.550397877983,0.15583554376657824,False,data/metadata/Doctor’s Handwritten Prescription BD dataset/Training/training_words/663.png,Canazole,train
74,17,4.352941176470588,212.79491255961844,73.02997776922348,35597.59684916376,0.19236883942766295,True,data/metadata/Doctor’s Handwritten Prescription BD dataset/Training/training_words/664.png,Canazole,train
92,29,3.1724137931034484,217.6330584707646,67.23374319104462,21884.152203695758,0.1345577211394303,True,data/metadata/Doctor’s Handwritten Prescription BD dataset/Training/training_words/665.png,Canazole,train
83,19,4.368421052631579,218.8864933417882,68.60555411916427,29005.08856344511,0.1731135066582118,True,data/metadata/Doctor’s Handwritten Prescription BD dataset/Training/training_words/666.png,Canazole,train
103,35,2.942857142857143,221.18169209431346,58.67213964014224,16720.540962640498,0.11539528432732316,True,data/metadata/Doctor’s Handwritten Prescription BD dataset/Training/training_words/667.png,Canazole,train
84,16,5.25,214.00372023809524,72.13949254721267,36906.285853794645,0.18601190476190477,True,data/metadata/Doctor’s Handwritten Prescription BD dataset/Training/training_words/668.png,Canazole,train
205,69,2.971014492753623,223.93503004595263,78.00290542694579,5642.390172361422,0.11933545422410746,False,data/metadata/Doctor’s Handwritten Prescription BD dataset/Training/training_words/669.png,Canazole,train
111,33,3.3636363636363638,219.36609336609337,60.4575828155629,14389.185421442588,0.1223041223041223,True,data/metadata/Doctor’s Handwritten Prescription BD dataset/Training/training_words/670.png,Canazole,train
114,26,4.384615384615385,215.63360323886639,63.44966257230165,19329.96469771764,0.12078272604588394,True,data/metadata/Doctor’s Handwritten Prescription BD dataset/Training/training_words/671.png,Canazole,train
93,32,2.90625,212.18716397849462,73.62231691275508,9880.760080645161,0.14112903225806453,False,data/metadata/Doctor’s Handwritten Prescription BD dataset/Training/training_words/672.png,Canazole,train
107,27,3.962962962962963,226.15195569401178,53.65452444004071,16300.692141843094,0.12807199723087573,True,data/metadata/Doctor’s Handwritten Prescription BD dataset/Training/training_words/673.png,Canazole,train
198,69,2.869565217391304,226.8570487483531,75.2223414947162,4672.450885668277,0.11008637095593617,False,data/metadata/Doctor’s Handwritten Prescription BD dataset/Training/training_words/674.png,Canazole,train
198,69,2.869565217391304,226.8570487483531,75.2223414947162,4672.450885668277,0.11008637095593617,False,data/metadata/Doctor’s Handwritten Prescription BD dataset/Training/training_words/675.png,Canazole,train
188,64,2.9375,219.28989361702128,83.06132922418641,6183.2955478031,0.13921210106382978,False,data/metadata/Doctor’s Handwritten Prescription BD dataset/Training/training_words/676.png,Canazole,train
188,64,2.9375,219.28989361702128,83.06132922418641,6183.2955478031,0.13921210106382978,False,data/metadata/Doctor’s Handwritten Prescription BD dataset/Training/training_words/677.png,Canazole,train
180,55,3.272727272727273,219.4268686868687,82.23717243800957,6581.011917722682,0.13828282828282829,False,data/metadata/Doctor’s Handwritten Prescription BD dataset/Training/training_words/678.png,Canazole,train
221,67,3.298507462686567,224.04612683190382,78.0247190984669,5071.178361585737,0.12176673195110421,False,data/metadata/Doctor’s Handwritten Prescription BD dataset/Training/training_words/679.png,Canazole,train
192,63,3.0476190476190474,238.6506283068783,49.974237373473315,3580.849453210023,0.07605820105820106,False,data/metadata/Doctor’s Handwritten Prescription BD dataset/Training/training_words/680.png,Candinil,train
124,45,2.7555555555555555,236.84551971326164,57.972189040515396,19340.81183900515,0.07652329749103942,True,data/metadata/Doctor’s Handwritten Prescription BD dataset/Training/training_words/681.png,Candinil,train
110,28,3.9285714285714284,231.42922077922077,68.09874555486365,28785.446822398382,0.10064935064935066,True,data/metadata/Doctor’s Handwritten Prescription BD dataset/Training/training_words/682.png,Candinil,train
104,33,3.1515151515151514,215.27418414918415,69.7587354747324,7319.692307692308,0.12383449883449883,False,data/metadata/Doctor’s Handwritten Prescription BD dataset/Training/training_words/683.png,Candinil,train
200,63,3.1746031746031744,236.2434126984127,53.22874302096176,4157.424761904762,0.09023809523809524,False,data/metadata/Doctor’s Handwritten Prescription BD dataset/Training/training_words/684.png,Candinil,train
98,33,2.9696969696969697,225.44495980210266,70.84860805768912,25113.31798504526,0.1360544217687075,True,data/metadata/Doctor’s Handwritten Prescription BD dataset/Training/training_words/685.png,Candinil,train
90,29,3.103448275862069,208.11455938697318,76.17279898537029,9929.521072796935,0.15632183908045977,False,data/metadata/Doctor’s Handwritten Prescription BD dataset/Training/training_words/686.png,Candinil,train
102,40,2.55,230.07230392156862,69.69085036849603,30194.917913723086,0.1053921568627451,True,data/metadata/Doctor’s Handwritten Prescription BD dataset/Training/training_words/687.png,Candinil,train
92,30,3.066666666666667,211.17391304347825,73.29937748549133,10591.936956521738,0.1460144927536232,False,data/metadata/Doctor’s Handwritten Prescription BD dataset/Training/training_words/688.png,Candinil,train
104,38,2.736842105263158,233.35323886639677,64.99708199332795,27400.652034881638,0.0931174089068826,True,data/metadata/Doctor’s Handwritten Prescription BD dataset/Training/training_words/689.png,Candinil,train
118,36,3.2777777777777777,234.01859698681733,63.90399227387933,28441.280703492685,0.08945386064030132,True,data/metadata/Doctor’s Handwritten Prescription BD dataset/Training/training_words/690.png,Candinil,train
86,29,2.9655172413793105,225.10986367281475,71.10074484238967,33753.583813984354,0.1343223736968725,True,data/metadata/Doctor’s Handwritten Prescription BD dataset/Training/training_words/691.png,Candinil,train
126,39,3.230769230769231,240.16402116402116,50.9986429127897,13044.756631646742,0.059218559218559216,False,data/metadata/Doctor’s Handwritten Prescription BD dataset/Training/training_words/692.png,Candinil,train
117,34,3.4411764705882355,225.06737053795877,75.25126328251798,39049.33809835443,0.1297134238310709,True,data/metadata/Doctor’s Handwritten Prescription BD dataset/Training/training_words/693.png,Candinil,train
104,31,3.3548387096774195,226.6029776674938,72.29893358539329,32777.48171966686,0.1259305210918114,True,data/metadata/Doctor’s Handwritten Prescription BD dataset/Training/training_words/694.png,Candinil,train
83,32,2.59375,227.6773343373494,72.70542789437306,42267.74342928945,0.11634036144578314,True,data/metadata/Doctor’s Handwritten Prescription BD dataset/Training/training_words/695.png,Candinil,train
114,47,2.425531914893617,235.97088465845465,52.07008775149545,9840.39739528449,0.09481149682717432,True,data/metadata/Doctor’s Handwritten Prescription BD dataset/Training/training_words/696.png,Candinil,train
196,72,2.7222222222222223,238.09899376417235,51.297778393888436,3254.4118480725624,0.08375850340136054,False,data/metadata/Doctor’s Handwritten Prescription BD dataset/Training/training_words/697.png,Candinil,train
85,19,4.473684210526316,219.14117647058825,80.51499028463843,47055.98495375208,0.15108359133126936,True,data/metadata/Doctor’s Handwritten Prescription BD dataset/Training/training_words/698.png,Candinil,train
113,47,2.404255319148936,236.57729241197515,61.10410416759303,24579.367533503802,0.07889286386744493,True,data/metadata/Doctor’s Handwritten Prescription BD dataset/Training/training_words/699.png,Candinil,train
108,38,2.8421052631578947,229.0806530214425,68.22035358482306,25853.81285955983,0.1162280701754386,True,data/metadata/Doctor’s Handwritten Prescription BD dataset/Training/training_words/700.png,Candinil,train
97,29,3.3448275862068964,230.049768929968,68.63838749266512,33298.829114331165,0.11055812300035549,True,data/metadata/Doctor’s Handwritten Prescription BD dataset/Training/training_words/701.png,Candinil,train
90,27,3.3333333333333335,207.85555555555555,76.73803521971823,10338.021399176954,0.15679012345679014,False,data/metadata/Doctor’s Handwritten Prescription BD dataset/Training/training_words/702.png,Candinil,train
99,27,3.6666666666666665,211.22558922558923,73.95055771792887,9398.769921436588,0.1425364758698092,False,data/metadata/Doctor’s Handwritten Prescription BD dataset/Training/training_words/703.png,Candinil,train
107,32,3.34375,224.8384929906542,70.69400562877358,18656.946234301988,0.1302570093457944,True,data/metadata/Doctor’s Handwritten Prescription BD dataset/Training/training_words/704.png,Candinil,train
185,78,2.371794871794872,238.06943866943868,50.28257119731423,3860.9606363311973,0.08295218295218296,False,data/metadata/Doctor’s Handwritten Prescription BD dataset/Training/training_words/705.png,Candinil,train
178,53,3.358490566037736,233.23881704473183,56.672873589863144,4778.603154587381,0.10472758108967564,False,data/metadata/Doctor’s Handwritten Prescription BD dataset/Training/training_words/706.png,Candinil,train
206,58,3.5517241379310347,236.4964847673251,53.01830956701508,4113.586709072648,0.08880147304988283,False,data/metadata/Doctor’s Handwritten Prescription BD dataset/Training/training_words/707.png,Candinil,train
203,62,3.274193548387097,236.01167964404894,54.232059363070476,3688.9910555943993,0.08954393770856507,True,data/metadata/Doctor’s Handwritten Prescription BD dataset/Training/training_words/708.png,Candinil,train
130,43,3.0232558139534884,234.83470483005368,53.11386369400181,9162.189478432289,0.09874776386404294,True,data/metadata/Doctor’s Handwritten Prescription BD dataset/Training/training_words/709.png,Candinil,train
185,69,2.681159420289855,236.41856639247945,53.057918378732985,4436.250372111242,0.08985507246376812,False,data/metadata/Doctor’s Handwritten Prescription BD dataset/Training/training_words/710.png,Candinil,train
182,57,3.192982456140351,236.24252940042413,52.693258639750354,4370.732600732601,0.09022556390977443,False,data/metadata/Doctor’s Handwritten Prescription BD dataset/Training/training_words/711.png,Candinil,train
142,47,3.021276595744681,239.6850464489062,55.05144292060777,19180.471805279998,0.06293077614623914,False,data/metadata/Doctor’s Handwritten Prescription BD dataset/Training/training_words/712.png,Candinil,train
194,63,3.0793650793650795,235.64318442153493,54.74094159076029,4100.823923401902,0.0921289477990509,False,data/metadata/Doctor’s Handwritten Prescription BD dataset/Training/training_words/713.png,Candinil,train
142,49,2.8979591836734695,237.65651049152055,58.37390635708111,21116.5153010619,0.07185972980741592,False,data/metadata/Doctor’s Handwritten Prescription BD dataset/Training/training_words/714.png,Candinil,train
75,30,2.5,218.04533333333333,81.2149668089434,26242.314860444447,0.15644444444444444,True,data/metadata/Doctor’s Handwritten Prescription BD dataset/Training/training_words/715.png,Candinil,train
97,26,3.730769230769231,221.27795400475813,79.62463024946653,29103.395834027728,0.14195083267248215,True,data/metadata/Doctor’s Handwritten Prescription BD dataset/Training/training_words/716.png,Candinil,train
112,21,5.333333333333333,231.90051020408163,67.17796928728065,25421.66663123583,0.09608843537414966,True,data/metadata/Doctor’s Handwritten Prescription BD dataset/Training/training_words/717.png,Candinil,train
90,31,2.903225806451613,230.05268817204302,69.11271053870414,27202.411225575215,0.10716845878136201,True,data/metadata/Doctor’s Handwritten Prescription BD dataset/Training/training_words/718.png,Candinil,train
87,30,2.9,224.15402298850574,77.04542642401111,31409.489147839875,0.1314176245210728,True,data/metadata/Doctor’s Handwritten Prescription BD dataset/Training/training_words/719.png,Candinil,train
207,65,3.1846153846153844,233.77658862876254,64.17504769451821,5257.147380156076,0.08257153474544779,False,data/metadata/Doctor’s Handwritten Prescription BD dataset/Training/training_words/720.png,Cetisoft,train
187,67,2.791044776119403,147.4775321254689,73.84937629758917,2360.408832974496,0.23736930321653762,True,data/metadata/Doctor’s Handwritten Prescription BD dataset/Training/training_words/721.png,Cetisoft,train
191,83,2.3012048192771086,218.47057339304862,69.85971539369831,3441.51579428722,0.13019617737967576,True,data/metadata/Doctor’s Handwritten Prescription BD dataset/Training/training_words/722.png,Cetisoft,train
178,83,2.144578313253012,231.59550561797752,60.3283044220743,2733.5765428489485,0.0898876404494382,False,data/metadata/Doctor’s Handwritten Prescription BD dataset/Training/training_words/723.png,Cetisoft,train
226,74,3.054054054054054,236.97542453958383,59.99657313994342,4176.34692657259,0.07025831140875388,False,data/metadata/Doctor’s Handwritten Prescription BD dataset/Training/training_words/724.png,Cetisoft,train
174,56,3.107142857142857,229.02083333333334,62.562055211951936,3450.258996726292,0.10293513957307061,True,data/metadata/Doctor’s Handwritten Prescription BD dataset/Training/training_words/725.png,Cetisoft,train
188,84,2.238095238095238,221.2584219858156,71.74447296450545,3326.452211092063,0.12854609929078015,True,data/metadata/Doctor’s Handwritten Prescription BD dataset/Training/training_words/726.png,Cetisoft,train
169,51,3.3137254901960786,216.44726766446223,74.31589753182354,4901.3502292004405,0.1517577445179255,True,data/metadata/Doctor’s Handwritten Prescription BD dataset/Training/training_words/727.png,Cetisoft,train
185,71,2.6056338028169015,223.32972972972973,69.80003356183568,3407.1412333025505,0.12546631138180434,True,data/metadata/Doctor’s Handwritten Prescription BD dataset/Training/training_words/728.png,Cetisoft,train
194,59,3.288135593220339,225.3238686003844,66.58715260551872,3666.53644479518,0.1154114974663638,True,data/metadata/Doctor’s Handwritten Prescription BD dataset/Training/training_words/729.png,Cetisoft,train
226,70,3.2285714285714286,231.0156763590392,59.48958949830253,2108.2609345017668,0.08780025284450063,False,data/metadata/Doctor’s Handwritten Prescription BD dataset/Training/training_words/730.png,Cetisoft,train
206,107,1.925233644859813,238.92078758733328,49.48796787586546,1724.2705743251113,0.06038472007984756,False,data/metadata/Doctor’s Handwritten Prescription BD dataset/Training/training_words/731.png,Cetisoft,train
166,83,2.0,228.99506459573232,62.77273525590276,3784.9686011858703,0.10153868485992161,True,data/metadata/Doctor’s Handwritten Prescription BD dataset/Training/training_words/732.png,Cetisoft,train
208,89,2.337078651685393,240.51042566983577,46.73714401079221,1767.552656210548,0.05374891961970614,True,data/metadata/Doctor’s Handwritten Prescription BD dataset/Training/training_words/733.png,Cetisoft,train
171,73,2.3424657534246576,226.99831771208844,64.98486995056885,4119.071071474155,0.11047023952575502,True,data/metadata/Doctor’s Handwritten Prescription BD dataset/Training/training_words/734.png,Cetisoft,train
223,88,2.534090909090909,234.54000203832044,55.183475701900015,2518.824116356832,0.07715042804728903,True,data/metadata/Doctor’s Handwritten Prescription BD dataset/Training/training_words/735.png,Cetisoft,train
194,81,2.3950617283950617,235.00731831487846,53.80723384500238,2582.993508956691,0.0738195239913453,False,data/metadata/Doctor’s Handwritten Prescription BD dataset/Training/training_words/736.png,Cetisoft,train
201,75,2.68,233.5381094527363,64.4606447130638,5256.583945660311,0.08318407960199005,False,data/metadata/Doctor’s Handwritten Prescription BD dataset/Training/training_words/737.png,Cetisoft,train
168,37,4.54054054054054,240.9507722007722,37.809033244704914,3617.0030071439337,0.09620334620334621,True,data/metadata/Doctor’s Handwritten Prescription BD dataset/Training/training_words/738.png,Cetisoft,train
157,26,6.038461538461538,236.95737383635472,41.9338288581713,3089.6976002243096,0.12371386575208232,False,data/metadata/Doctor’s Handwritten Prescription BD dataset/Training/training_words/739.png,Cetisoft,train
141,23,6.130434782608695,236.18100524205983,40.968850745386455,4117.44336610013,0.13536848596978107,True,data/metadata/Doctor’s Handwritten Prescription BD dataset/Training/training_words/740.png,Cetisoft,train
193,83,2.325301204819277,227.59591734814907,73.3295353943981,4995.73543916599,0.10712279168487421,False,data/metadata/Doctor’s Handwritten Prescription BD dataset/Training/training_words/741.png,Cetisoft,train
152,74,2.054054054054054,224.60090682788052,67.0364658616725,4292.960826163628,0.12135490753911807,False,data/metadata/Doctor’s Handwritten Prescription BD dataset/Training/training_words/742.png,Cetisoft,train
219,90,2.433333333333333,228.3459157787925,61.76787020170932,2046.1449446193553,0.09381024860476915,True,data/metadata/Doctor’s Handwritten Prescription BD dataset/Training/training_words/743.png,Cetisoft,train
142,36,3.9444444444444446,238.7711267605634,38.86268566266457,3933.3506193656463,0.11424100156494522,True,data/metadata/Doctor’s Handwritten Prescription BD dataset/Training/training_words/744.png,Cetisoft,train
140,31,4.516129032258065,240.75207373271888,36.03460712212881,3540.1651638386884,0.10737327188940092,True,data/metadata/Doctor’s Handwritten Prescription BD dataset/Training/training_words/745.png,Cetisoft,train
186,66,2.8181818181818183,225.920495275334,73.94430812502313,5955.499022482893,0.11054089279895732,False,data/metadata/Doctor’s Handwritten Prescription BD dataset/Training/training_words/746.png,Cetisoft,train
229,95,2.4105263157894736,240.79407032866007,53.08277142500337,3282.68701447943,0.05451620317168467,False,data/metadata/Doctor’s Handwritten Prescription BD dataset/Training/training_words/747.png,Cetisoft,train
214,74,2.891891891891892,233.2685021470068,64.35758488758886,4627.910836069715,0.0832280879009851,False,data/metadata/Doctor’s Handwritten Prescription BD dataset/Training/training_words/748.png,Cetisoft,train
166,61,2.721311475409836,220.41437882678255,68.3569184939522,2886.0264200307806,0.12176575153071302,True,data/metadata/Doctor’s Handwritten Prescription BD dataset/Training/training_words/749.png,Cetisoft,train
220,82,2.682926829268293,231.79756097560977,67.40359079233707,5222.256472605223,0.08891352549889135,True,data/metadata/Doctor’s Handwritten Prescription BD dataset/Training/training_words/750.png,Cetisoft,train
202,76,2.6578947368421053,223.42496091714435,77.60002939396865,6144.504820218864,0.12174309536216779,False,data/metadata/Doctor’s Handwritten Prescription BD dataset/Training/training_words/751.png,Cetisoft,train
229,86,2.6627906976744184,232.26282116380622,59.01696291002264,2793.06093101574,0.08840255915507261,True,data/metadata/Doctor’s Handwritten Prescription BD dataset/Training/training_words/752.png,Cetisoft,train
207,60,3.45,228.0681964573269,71.74910057261427,5427.785740850946,0.10442834138486312,False,data/metadata/Doctor’s Handwritten Prescription BD dataset/Training/training_words/753.png,Cetisoft,train
186,67,2.7761194029850746,225.0829722355962,63.40058694672508,2389.2435583277643,0.10190980580966137,False,data/metadata/Doctor’s Handwritten Prescription BD dataset/Training/training_words/754.png,Cetisoft,train
180,69,2.608695652173913,227.54235104669888,65.0335938974106,3285.578657994093,0.10684380032206119,False,data/metadata/Doctor’s Handwritten Prescription BD dataset/Training/training_words/755.png,Cetisoft,train
174,53,3.2830188679245285,218.27716330513988,72.84365569547197,4936.807696850069,0.1459553242246801,True,data/metadata/Doctor’s Handwritten Prescription BD dataset/Training/training_words/756.png,Cetisoft,train
196,44,4.454545454545454,216.1171150278293,74.50364022327524,5389.878109876308,0.1557282003710575,True,data/metadata/Doctor’s Handwritten Prescription BD dataset/Training/training_words/757.png,Cetisoft,train
179,63,2.8412698412698414,218.54322958233573,73.53465568152276,4641.277446148791,0.1480003547042653,True,data/metadata/Doctor’s Handwritten Prescription BD dataset/Training/training_words/758.png,Cetisoft,train
178,61,2.918032786885246,223.0439307423098,66.12588259496127,2620.5265077920603,0.11180696260821514,True,data/metadata/Doctor’s Handwritten Prescription BD dataset/Training/training_words/759.png,Cetisoft,train
149,52,2.8653846153846154,228.02232834279815,71.17933021038739,6074.359318533815,0.10234899328859061,False,data/metadata/Doctor’s Handwritten Prescription BD dataset/Training/training_words/760.png,Conaz,train
216,117,1.8461538461538463,238.29685026907248,54.19257143338829,696.2921809133845,0.05994776828110161,False,data/metadata/Doctor’s Handwritten Prescription BD dataset/Training/training_words/761.png,Conaz,train
143,61,2.3442622950819674,220.3279834919179,74.5754990603308,2113.108986115772,0.14008941877794337,True,data/metadata/Doctor’s Handwritten Prescription BD dataset/Training/training_words/762.png,Conaz,train
226,67,3.373134328358209,232.7088231409325,60.8588051313433,1164.6440364548937,0.08572183331131951,False,data/metadata/Doctor’s Handwritten Prescription BD dataset/Training/training_words/763.png,Conaz,train
159,46,3.4565217391304346,219.99876948318294,79.9096401343381,7319.153130906904,0.1360404703308723,False,data/metadata/Doctor’s Handwritten Prescription BD dataset/Training/training_words/764.png,Conaz,train
166,89,1.8651685393258426,225.9003655069717,69.15008081409445,1691.1838444412124,0.1144578313253012,True,data/metadata/Doctor’s Handwritten Prescription BD dataset/Training/training_words/765.png,Conaz,train
231,86,2.686046511627907,228.76915332729286,66.88763616091508,1480.482376361874,0.0994664250478204,False,data/metadata/Doctor’s Handwritten Prescription BD dataset/Training/training_words/766.png,Conaz,train
139,39,3.5641025641025643,200.4792473713337,90.2768568705655,3115.7145839583923,0.2182254196642686,True,data/metadata/Doctor’s Handwritten Prescription BD dataset/Training/training_words/767.png,Conaz,train
212,58,3.6551724137931036,225.37288549121666,70.81764391030251,1598.2408083792159,0.11369551073519844,False,data/metadata/Doctor’s Handwritten Prescription BD dataset/Training/training_words/768.png,Conaz,train
178,140,1.2714285714285714,239.47973515248796,51.35826143774129,721.803772070626,0.055698234349919745,False,data/metadata/Doctor’s Handwritten Prescription BD dataset/Training/training_words/769.png,Conaz,train
232,75,3.0933333333333333,232.89879310344827,61.50278415091073,906.2333333333333,0.082816091954023,False,data/metadata/Doctor’s Handwritten Prescription BD dataset/Training/training_words/770.png,Conaz,train
318,85,3.7411764705882353,237.30373658897523,55.60912963402246,648.7230484646689,0.06400295967443581,False,data/metadata/Doctor’s Handwritten Prescription BD dataset/Training/training_words/771.png,Conaz,train
238,82,2.902439024390244,229.4488112318098,66.5036386585566,1032.8240418118467,0.0976122156179545,False,data/metadata/Doctor’s Handwritten Prescription BD dataset/Training/training_words/772.png,Conaz,train
167,95,1.7578947368421052,238.35266309486292,52.18449527810401,1074.481941380397,0.06196028994642294,False,data/metadata/Doctor’s Handwritten Prescription BD dataset/Training/training_words/773.png,Conaz,train
212,135,1.5703703703703704,243.45835080363383,43.35272076950564,636.9432564640111,0.03958770090845563,False,data/metadata/Doctor’s Handwritten Prescription BD dataset/Training/training_words/774.png,Conaz,train
199,83,2.397590361445783,235.55524611006842,57.1819809485768,1100.9350366289277,0.07241024399103954,False,data/metadata/Doctor’s Handwritten Prescription BD dataset/Training/training_words/775.png,Conaz,train
221,109,2.0275229357798166,236.74922163643157,55.64771580050712,891.0556685624143,0.06700153597077504,False,data/metadata/Doctor’s Handwritten Prescription BD dataset/Training/training_words/776.png,Conaz,train
164,50,3.28,231.91329268292682,65.55383130614364,6007.628242653183,0.08780487804878048,False,data/metadata/Doctor’s Handwritten Prescription BD dataset/Training/training_words/777.png,Conaz,train
88,34,2.588235294117647,220.88803475935828,64.86302281339323,6379.850935828877,0.10327540106951871,False,data/metadata/Doctor’s Handwritten Prescription BD dataset/Training/training_words/778.png,Conaz,train
70,35,2.0,217.30244897959184,68.56676438097374,8822.577142857142,0.11714285714285715,False,data/metadata/Doctor’s Handwritten Prescription BD dataset/Training/training_words/779.png,Conaz,train
76,34,2.235294117647059,219.39125386996903,65.72588093782538,7241.363777089783,0.10913312693498452,False,data/metadata/Doctor’s Handwritten Prescription BD dataset/Training/training_words/780.png,Conaz,train
78,34,2.2941176470588234,215.3058069381599,71.25463386422048,8058.990196078431,0.12669683257918551,False,data/metadata/Doctor’s Handwritten Prescription BD dataset/Training/training_words/781.png,Conaz,train
223,53,4.2075471698113205,205.31660885015654,89.52205933367844,2188.960328583629,0.19460191217531095,True,data/metadata/Doctor’s Handwritten Prescription BD dataset/Training/training_words/782.png,Conaz,train
157,65,2.4153846153846152,222.83508084272415,72.56829957353585,1770.1180789023451,0.12846643802057814,False,data/metadata/Doctor’s Handwritten Prescription BD dataset/Training/training_words/783.png,Conaz,train
76,30,2.533333333333333,204.77105263157895,82.37069209637508,8856.018420283162,0.1570175438596491,False,data/metadata/Doctor’s Handwritten Prescription BD dataset/Training/training_words/784.png,Conaz,train
140,70,2.0,233.76897959183674,63.38066801912555,5018.575917326113,0.08285714285714285,False,data/metadata/Doctor’s Handwritten Prescription BD dataset/Training/training_words/785.png,Conaz,train
168,62,2.7096774193548385,230.22465437788017,68.99713249342513,4475.583421587829,0.09629416282642089,True,data/metadata/Doctor’s Handwritten Prescription BD dataset/Training/training_words/786.png,Conaz,train
182,63,2.888888888888889,240.4108669108669,52.92315895762438,4228.2319902319905,0.056776556776556776,False,data/metadata/Doctor’s Handwritten Prescription BD dataset/Training/training_words/787.png,Conaz,train
191,62,3.0806451612903225,236.93658165850363,59.37769762781819,4323.091707481844,0.0691606147610201,False,data/metadata/Doctor’s Handwritten Prescription BD dataset/Training/training_words/788.png,Conaz,train
282,112,2.517857142857143,237.1546985815603,56.31907954081412,702.5260133482599,0.06550785207700101,True,data/metadata/Doctor’s Handwritten Prescription BD dataset/Training/training_words/789.png,Conaz,train
158,55,2.8727272727272726,230.9741081703107,67.56460759583106,5275.783424938523,0.09171461449942463,False,data/metadata/Doctor’s Handwritten Prescription BD dataset/Training/training_words/790.png,Conaz,train
168,60,2.8,234.38025793650795,63.368642625414004,4406.123214285714,0.07956349206349206,False,data/metadata/Doctor’s Handwritten Prescription BD dataset/Training/training_words/791.png,Conaz,train
194,53,3.660377358490566,230.4023536276989,63.41124537475095,1629.9682941062051,0.09502042404201518,False,data/metadata/Doctor’s Handwritten Prescription BD dataset/Training/training_words/792.png,Conaz,train
156,60,2.6,231.41367521367522,67.02358164668027,5172.354912292717,0.09102564102564102,False,data/metadata/Doctor’s Handwritten Prescription BD dataset/Training/training_words/793.png,Conaz,train
188,83,2.2650602409638556,203.97327608305562,92.90050503602022,1413.6752193492014,0.19360420405024353,True,data/metadata/Doctor’s Handwritten Prescription BD dataset/Training/training_words/794.png,Conaz,train
231,82,2.817073170731707,178.5887445887446,94.36777113244354,5458.976992715628,0.2678175483053532,True,data/metadata/Doctor’s Handwritten Prescription BD dataset/Training/training_words/795.png,Conaz,train
180,73,2.4657534246575343,226.06126331811262,70.26947678081419,1609.9420307414125,0.11164383561643836,True,data/metadata/Doctor’s Handwritten Prescription BD dataset/Training/training_words/796.png,Conaz,train
166,53,3.1320754716981134,219.96771993634917,75.23093855580923,1817.060353579605,0.13889520345533077,False,data/metadata/Doctor’s Handwritten Prescription BD dataset/Training/training_words/797.png,Conaz,train
182,91,2.0,228.8909551986475,65.73962679144127,1486.6310467460567,0.10210119550778891,True,data/metadata/Doctor’s Handwritten Prescription BD dataset/Training/training_words/798.png,Conaz,train
178,72,2.4722222222222223,213.0089731585518,84.54073435510335,1711.9199432113962,0.16307740324594258,False,data/metadata/Doctor’s Handwritten Prescription BD dataset/Training/training_words/799.png,Conaz,train
237,62,3.8225806451612905,209.537770518579,93.99889176046493,8683.08411393248,0.18123043419082618,True,data/metadata/Doctor’s Handwritten Prescription BD dataset/Training/training_words/800.png,Dancel,train
148,61,2.4262295081967213,228.16858661940628,71.44012725606055,6412.943592746654,0.10334514842711565,False,data/metadata/Doctor’s Handwritten Prescription BD dataset/Training/training_words/801.png,Dancel,train
165,55,3.0,225.98512396694215,75.67013886894014,5387.416639118457,0.11415977961432507,False,data/metadata/Doctor’s Handwritten Prescription BD dataset/Training/training_words/802.png,Dancel,train
80,24,3.3333333333333335,197.69375,85.37606735850608,10201.559634331596,0.24895833333333334,False,data/metadata/Doctor’s Handwritten Prescription BD dataset/Training/training_words/803.png,Dancel,train
231,80,2.8875,226.75579004329003,76.70659540903873,7857.077731134981,0.11325757575757575,True,data/metadata/Doctor’s Handwritten Prescription BD dataset/Training/training_words/804.png,Dancel,train
163,59,2.76271186440678,229.16959550795465,71.11618332415217,5024.250389934491,0.10023915982115005,False,data/metadata/Doctor’s Handwritten Prescription BD dataset/Training/training_words/805.png,Dancel,train
148,45,3.2888888888888888,231.7454954954955,58.47707080591306,9833.58847070043,0.11216216216216217,True,data/metadata/Doctor’s Handwritten Prescription BD dataset/Training/training_words/806.png,Dancel,train
92,15,6.133333333333334,209.20942028985507,89.74697313347374,52285.92508454107,0.17898550724637682,True,data/metadata/Doctor’s Handwritten Prescription BD dataset/Training/training_words/807.png,Dancel,train
100,37,2.7027027027027026,237.90567567567567,52.63025561048078,12579.854189262238,0.08540540540540541,True,data/metadata/Doctor’s Handwritten Prescription BD dataset/Training/training_words/808.png,Dancel,train
75,24,3.125,204.96666666666667,72.45699874178247,19827.869666358027,0.19277777777777777,True,data/metadata/Doctor’s Handwritten Prescription BD dataset/Training/training_words/809.png,Dancel,train
81,30,2.7,216.97736625514403,65.56942651476304,21388.87157597927,0.14732510288065845,True,data/metadata/Doctor’s Handwritten Prescription BD dataset/Training/training_words/810.png,Dancel,train
80,30,2.6666666666666665,219.84208333333333,59.836642722719574,19552.14082222222,0.12916666666666668,True,data/metadata/Doctor’s Handwritten Prescription BD dataset/Training/training_words/811.png,Dancel,train
178,59,3.016949152542373,227.68206055989336,72.59199103527327,5271.976668489949,0.1069320129499143,False,data/metadata/Doctor’s Handwritten Prescription BD dataset/Training/training_words/812.png,Dancel,train
74,26,2.8461538461538463,210.22765072765074,71.14535313609244,24776.731794414358,0.18555093555093555,True,data/metadata/Doctor’s Handwritten Prescription BD dataset/Training/training_words/813.png,Dancel,train
72,27,2.6666666666666665,210.94958847736626,68.7353166499921,21159.624504384075,0.17541152263374485,True,data/metadata/Doctor’s Handwritten Prescription BD dataset/Training/training_words/814.png,Dancel,train
68,21,3.238095238095238,206.07002801120447,74.53078715089858,26492.370183367464,0.20588235294117646,True,data/metadata/Doctor’s Handwritten Prescription BD dataset/Training/training_words/815.png,Dancel,train
165,60,2.75,231.21131313131312,67.74079380063635,5126.9139393939395,0.09242424242424242,False,data/metadata/Doctor’s Handwritten Prescription BD dataset/Training/training_words/816.png,Dancel,train
94,17,5.529411764705882,210.25281602002502,69.256239410804,22891.203715611347,0.172090112640801,True,data/metadata/Doctor’s Handwritten Prescription BD dataset/Training/training_words/817.png,Dancel,train
86,25,3.44,215.68651162790698,65.41512060762658,18926.31678204435,0.15395348837209302,True,data/metadata/Doctor’s Handwritten Prescription BD dataset/Training/training_words/818.png,Dancel,train
71,25,2.84,206.34028169014084,75.16514951311612,20563.671999682603,0.20112676056338027,True,data/metadata/Doctor’s Handwritten Prescription BD dataset/Training/training_words/819.png,Dancel,train
70,30,2.3333333333333335,204.38761904761904,75.61536275656725,16292.137420408166,0.20285714285714285,True,data/metadata/Doctor’s Handwritten Prescription BD dataset/Training/training_words/820.png,Dancel,train
73,25,2.92,202.64328767123288,76.59500602581952,20599.912418840308,0.20986301369863014,True,data/metadata/Doctor’s Handwritten Prescription BD dataset/Training/training_words/821.png,Dancel,train
95,36,2.638888888888889,242.13479532163743,44.54521606935709,11027.795210834103,0.06578947368421052,False,data/metadata/Doctor’s Handwritten Prescription BD dataset/Training/training_words/822.png,Dancel,train
63,16,3.9375,212.0922619047619,88.17489395655016,64613.144265518706,0.1636904761904762,True,data/metadata/Doctor’s Handwritten Prescription BD dataset/Training/training_words/823.png,Dancel,train
73,27,2.7037037037037037,204.36631151699646,74.74469152219584,17102.93956174783,0.19583967529173008,True,data/metadata/Doctor’s Handwritten Prescription BD dataset/Training/training_words/824.png,Dancel,train
87,41,2.1219512195121952,212.838519764508,66.35556157212102,11591.02495722675,0.15222876366694701,True,data/metadata/Doctor’s Handwritten Prescription BD dataset/Training/training_words/825.png,Dancel,train
81,34,2.3823529411764706,217.81045751633988,62.05212235844895,17067.358660724036,0.140159767610748,True,data/metadata/Doctor’s Handwritten Prescription BD dataset/Training/training_words/826.png,Dancel,train
72,29,2.4827586206896552,208.26293103448276,70.2416008902388,18025.55028162204,0.17385057471264367,True,data/metadata/Doctor’s Handwritten Prescription BD dataset/Training/training_words/827.png,Dancel,train
61,24,2.5416666666666665,196.63456284153006,80.24376919072643,21627.954535444474,0.23770491803278687,True,data/metadata/Doctor’s Handwritten Prescription BD dataset/Training/training_words/828.png,Dancel,train
152,57,2.6666666666666665,230.34787626962142,69.13001579394256,6228.032317636195,0.09568328716528163,False,data/metadata/Doctor’s Handwritten Prescription BD dataset/Training/training_words/829.png,Dancel,train
64,26,2.4615384615384617,206.60516826923077,73.13811353305204,16490.097885944433,0.1814903846153846,True,data/metadata/Doctor’s Handwritten Prescription BD dataset/Training/training_words/830.png,Dancel,train
61,24,2.5416666666666665,196.63456284153006,80.24376919072643,21627.954535444474,0.23770491803278687,True,data/metadata/Doctor’s Handwritten Prescription BD dataset/Training/training_words/831.png,Dancel,train
88,34,2.588235294117647,241.3596256684492,45.77085978226179,13139.839572192514,0.06918449197860962,False,data/metadata/Doctor’s Handwritten Prescription BD dataset/Training/training_words/832.png,Dancel,train
75,19,3.9473684210526314,210.74456140350878,68.46623970391245,27583.55851326562,0.17403508771929824,True,data/metadata/Doctor’s Handwritten Prescription BD dataset/Training/training_words/833.png,Dancel,train
180,51,3.5294117647058822,226.1227668845316,74.68366158255117,5709.634640522876,0.1111111111111111,False,data/metadata/Doctor’s Handwritten Prescription BD dataset/Training/training_words/834.png,Dancel,train
149,56,2.6607142857142856,222.10738255033556,79.78356071917366,5343.7117685766825,0.12919463087248323,False,data/metadata/Doctor’s Handwritten Prescription BD dataset/Training/training_words/835.png,Dancel,train
144,66,2.1818181818181817,231.58186026936028,67.86249955634074,5360.178240740741,0.09143518518518519,False,data/metadata/Doctor’s Handwritten Prescription BD dataset/Training/training_words/836.png,Dancel,train
172,58,2.9655172413793105,231.43093424218122,68.16176423786969,5017.734763432238,0.0903167602245389,False,data/metadata/Doctor’s Handwritten Prescription BD dataset/Training/training_words/837.png,Dancel,train
153,51,3.0,227.71254645649108,71.88042229836543,6586.912897044744,0.10624118928617199,False,data/metadata/Doctor’s Handwritten Prescription BD dataset/Training/training_words/838.png,Dancel,train
163,50,3.26,228.38638036809817,71.75401768381636,6594.097668711656,0.10184049079754601,False,data/metadata/Doctor’s Handwritten Prescription BD dataset/Training/training_words/839.png,Dancel,train
235,74,3.175675675675676,232.39442208165613,66.99769449181966,4459.161932144911,0.08740655549166187,False,data/metadata/Doctor’s Handwritten Prescription BD dataset/Training/training_words/840.png,Denixil,train
151,55,2.7454545454545456,235.8990969295605,56.38313658085724,7264.242022877785,0.07934978928356412,False,data/metadata/Doctor’s Handwritten Prescription BD dataset/Training/training_words/841.png,Denixil,train
145,44,3.2954545454545454,228.99075235109717,64.43451932972069,9584.257489878246,0.10830721003134797,False,data/metadata/Doctor’s Handwritten Prescription BD dataset/Training/training_words/842.png,Denixil,train
172,55,3.1272727272727274,238.50274841437633,49.27137920247282,1826.4682839059758,0.08012684989429175,False,data/metadata/Doctor’s Handwritten Prescription BD dataset/Training/training_words/843.png,Denixil,train
235,74,3.175675675675676,232.39442208165613,66.99769449181966,4459.161932144911,0.08740655549166187,False,data/metadata/Doctor’s Handwritten Prescription BD dataset/Training/training_words/844.png,Denixil,train
137,51,2.6862745098039214,231.27264920566768,62.62500206415642,8383.570917418063,0.09746672391584371,False,data/metadata/Doctor’s Handwritten Prescription BD dataset/Training/training_words/845.png,Denixil,train
126,50,2.52,228.31984126984128,65.16469308890844,9065.065396825397,0.10920634920634921,False,data/metadata/Doctor’s Handwritten Prescription BD dataset/Training/training_words/846.png,Denixil,train
206,62,3.3225806451612905,206.6771061697463,49.848763120165785,3637.6397979097915,0.0699968681490761,False,data/metadata/Doctor’s Handwritten Prescription BD dataset/Training/training_words/847.png,Denixil,train
194,69,2.8115942028985508,240.70110563275063,47.10912300039955,1529.9688464373435,0.06925145674585388,False,data/metadata/Doctor’s Handwritten Prescription BD dataset/Training/training_words/848.png,Denixil,train
171,55,3.109090909090909,222.703668261563,53.39697869448818,4913.690802583602,0.07400318979266347,False,data/metadata/Doctor’s Handwritten Prescription BD dataset/Training/training_words/849.png,Denixil,train
170,54,3.1481481481481484,235.29738562091504,53.75443654716058,5119.276142829681,0.07069716775599129,False,data/metadata/Doctor’s Handwritten Prescription BD dataset/Training/training_words/850.png,Denixil,train
179,59,3.0338983050847457,236.56632894612252,55.38309460931411,5774.439731086071,0.07679197045734305,False,data/metadata/Doctor’s Handwritten Prescription BD dataset/Training/training_words/851.png,Denixil,train
170,46,3.6956521739130435,236.9962915601023,54.054077890859496,7334.296028594135,0.07506393861892584,False,data/metadata/Doctor’s Handwritten Prescription BD dataset/Training/training_words/852.png,Denixil,train
180,55,3.272727272727273,235.00575757575757,57.91384289764886,6319.097466166718,0.08474747474747475,False,data/metadata/Doctor’s Handwritten Prescription BD dataset/Training/training_words/853.png,Denixil,train
156,49,3.183673469387755,233.5022239665097,57.747088112996344,7916.052131518589,0.08948194662480377,True,data/metadata/Doctor’s Handwritten Prescription BD dataset/Training/training_words/854.png,Denixil,train
97,29,3.3448275862068964,210.9800924280128,95.31921948367805,42226.25819461697,0.17525773195876287,True,data/metadata/Doctor’s Handwritten Prescription BD dataset/Training/training_words/855.png,Denixil,train
199,54,3.685185185185185,239.57360878466406,48.39912182119277,2494.293690121375,0.07481853713009493,False,data/metadata/Doctor’s Handwritten Prescription BD dataset/Training/training_words/856.png,Denixil,train
174,57,3.0526315789473686,230.79431336963097,67.765349621498,6590.444444281788,0.09134906231094979,False,data/metadata/Doctor’s Handwritten Prescription BD dataset/Training/training_words/857.png,Denixil,train
107,32,3.34375,223.05052570093457,83.52208536598279,35329.790016800056,0.1270443925233645,True,data/metadata/Doctor’s Handwritten Prescription BD dataset/Training/training_words/858.png,Denixil,train
210,74,2.8378378378378377,237.97207207207208,56.99605524930595,5629.19009009009,0.06583011583011583,False,data/metadata/Doctor’s Handwritten Prescription BD dataset/Training/training_words/859.png,Denixil,train
241,67,3.5970149253731343,230.53570322660556,69.20954946381728,5140.3745587415615,0.09630271877128878,False,data/metadata/Doctor’s Handwritten Prescription BD dataset/Training/training_words/860.png,Denixil,train
241,67,3.5970149253731343,230.53570322660556,69.20954946381728,5140.3745587415615,0.09630271877128878,False,data/metadata/Doctor’s Handwritten Prescription BD dataset/Training/training_words/861.png,Denixil,train
208,66,3.1515151515151514,243.2646416083916,42.19978598796243,1591.492814419579,0.057837995337995336,True,data/metadata/Doctor’s Handwritten Prescription BD dataset/Training/training_words/862.png,Denixil,train
163,51,3.196078431372549,234.6888006736437,54.20074861926997,2197.1362009843174,0.09948273788042825,True,data/metadata/Doctor’s Handwritten Prescription BD dataset/Training/training_words/863.png,Denixil,train
255,76,3.3552631578947367,232.87156862745098,65.57885906415679,4790.458410690115,0.08508771929824561,False,data/metadata/Doctor’s Handwritten Prescription BD dataset/Training/training_words/864.png,Denixil,train
255,76,3.3552631578947367,232.87156862745098,65.57885906415679,4790.458410690115,0.08508771929824561,False,data/metadata/Doctor’s Handwritten Prescription BD dataset/Training/training_words/865.png,Denixil,train
238,71,3.352112676056338,230.33092673689194,69.38424091808504,5359.233392991957,0.0953367262397917,False,data/metadata/Doctor’s Handwritten Prescription BD dataset/Training/training_words/866.png,Denixil,train
238,71,3.352112676056338,230.33092673689194,69.38424091808504,5359.233392991957,0.0953367262397917,False,data/metadata/Doctor’s Handwritten Prescription BD dataset/Training/training_words/867.png,Denixil,train
263,70,3.757142857142857,230.55198261814232,69.34684050894676,4609.359691096725,0.09402498642042369,False,data/metadata/Doctor’s Handwritten Prescription BD dataset/Training/training_words/868.png,Denixil,train
174,62,2.806451612903226,239.2360029662588,49.08890062599572,2366.7671486493523,0.07647385984427141,False,data/metadata/Doctor’s Handwritten Prescription BD dataset/Training/training_words/869.png,Denixil,train
174,57,3.0526315789473686,230.79431336963097,67.765349621498,6590.444444281788,0.09134906231094979,False,data/metadata/Doctor’s Handwritten Prescription BD dataset/Training/training_words/870.png,Denixil,train
263,70,3.757142857142857,230.55198261814232,69.34684050894676,4609.359691096725,0.09402498642042369,False,data/metadata/Doctor’s Handwritten Prescription BD dataset/Training/training_words/871.png,Denixil,train
186,74,2.5135135135135136,243.1256175530369,42.99116564025032,1701.7071345486302,0.05884917175239756,False,data/metadata/Doctor’s Handwritten Prescription BD dataset/Training/training_words/872.png,Denixil,train
174,57,3.0526315789473686,230.79431336963097,67.765349621498,6590.444444281788,0.09134906231094979,False,data/metadata/Doctor’s Handwritten Prescription BD dataset/Training/training_words/873.png,Denixil,train
163,44,3.7045454545454546,233.42958728388177,59.79142665832179,8801.958337234502,0.08881762409369771,False,data/metadata/Doctor’s Handwritten Prescription BD dataset/Training/training_words/874.png,Denixil,train
164,43,3.813953488372093,231.71497447532616,61.58969992686299,8301.50794068791,0.09585933068633012,True,data/metadata/Doctor’s Handwritten Prescription BD dataset/Training/training_words/875.png,Denixil,train
174,51,3.411764705882353,236.92945684020734,55.245629150439164,6864.661696932626,0.07527608744647284,False,data/metadata/Doctor’s Handwritten Prescription BD dataset/Training/training_words/876.png,Denixil,train
161,45,3.577777777777778,233.33319530710835,59.51962248887827,8138.500518412784,0.08916494133885439,False,data/metadata/Doctor’s Handwritten Prescription BD dataset/Training/training_words/877.png,Denixil,train
171,47,3.6382978723404253,235.8975986064452,56.4853770945511,7385.536697675578,0.07900958068931194,True,data/metadata/Doctor’s Handwritten Prescription BD dataset/Training/training_words/878.png,Denixil,train
142,42,3.380952380952381,226.3693829644534,67.24592150190269,10137.465308365956,0.11837692823608316,True,data/metadata/Doctor’s Handwritten Prescription BD dataset/Training/training_words/879.png,Denixil,train
162,65,2.4923076923076923,224.4138651471985,68.97770286453473,4671.611585944919,0.1366571699905033,True,data/metadata/Doctor’s Handwritten Prescription BD dataset/Training/training_words/880.png,Diflu,train
281,113,2.4867256637168142,226.23084432966965,63.99404553930972,1299.156298271955,0.09362894844581614,False,data/metadata/Doctor’s Handwritten Prescription BD dataset/Training/training_words/881.png,Diflu,train
300,172,1.744186046511628,229.51538759689922,58.76154377471505,905.2593989510095,0.07720930232558139,False,data/metadata/Doctor’s Handwritten Prescription BD dataset/Training/training_words/882.png,Diflu,train
230,60,3.8333333333333335,220.23108695652175,74.43864999656616,1653.1290985034657,0.1284782608695652,False,data/metadata/Doctor’s Handwritten Prescription BD dataset/Training/training_words/883.png,Diflu,train
169,70,2.414285714285714,227.16170752324598,65.8948954685964,4622.58284005805,0.12349957734573119,False,data/metadata/Doctor’s Handwritten Prescription BD dataset/Training/training_words/884.png,Diflu,train
263,126,2.0873015873015874,200.46206771682057,76.17442818649512,1218.6834750105656,0.14840968072907237,False,data/metadata/Doctor’s Handwritten Prescription BD dataset/Training/training_words/885.png,Diflu,train
159,109,1.4587155963302751,212.40245802319544,78.56819285626555,2067.2010541851314,0.15007789510126363,True,data/metadata/Doctor’s Handwritten Prescription BD dataset/Training/training_words/886.png,Diflu,train
229,83,2.7590361445783134,221.02309675382753,73.3703914037973,1890.7776543984069,0.12300731309517546,True,data/metadata/Doctor’s Handwritten Prescription BD dataset/Training/training_words/887.png,Diflu,train
275,119,2.310924369747899,231.8072116119175,59.977095373009085,1390.422457270084,0.08036669213139801,True,data/metadata/Doctor’s Handwritten Prescription BD dataset/Training/training_words/888.png,Diflu,train
227,137,1.6569343065693432,235.13103315219138,54.89146968481652,1008.817035866889,0.06659378115051931,False,data/metadata/Doctor’s Handwritten Prescription BD dataset/Training/training_words/889.png,Diflu,train
202,132,1.5303030303030303,223.33059555955595,69.91443722764727,1915.667755815579,0.1149114911491149,True,data/metadata/Doctor’s Handwritten Prescription BD dataset/Training/training_words/890.png,Diflu,train
183,137,1.3357664233576643,225.61186231103665,67.27858768983766,1465.5057237382016,0.10234932790873918,False,data/metadata/Doctor’s Handwritten Prescription BD dataset/Training/training_words/891.png,Diflu,train
284,145,1.9586206896551723,225.19332200097134,60.006563499582185,713.4871778432313,0.08088878096163186,False,data/metadata/Doctor’s Handwritten Prescription BD dataset/Training/training_words/892.png,Diflu,train
172,132,1.303030303030303,220.36685165609583,72.24785242417039,1437.6813521852578,0.12275369978858351,True,data/metadata/Doctor’s Handwritten Prescription BD dataset/Training/training_words/893.png,Diflu,train
247,87,2.839080459770115,227.49825492112242,64.94745499626492,1213.6402315739674,0.09502536181302061,False,data/metadata/Doctor’s Handwritten Prescription BD dataset/Training/training_words/894.png,Diflu,train
240,137,1.7518248175182483,235.48625304136252,54.12858434448398,1116.2272505490732,0.06484184914841849,False,data/metadata/Doctor’s Handwritten Prescription BD dataset/Training/training_words/895.png,Diflu,train
167,110,1.518181818181818,223.32781709308657,70.71429473510857,1523.2966248578707,0.10930865541643985,False,data/metadata/Doctor’s Handwritten Prescription BD dataset/Training/training_words/896.png,Diflu,train
169,70,2.414285714285714,227.16170752324598,65.8948954685964,4622.58284005805,0.12349957734573119,False,data/metadata/Doctor’s Handwritten Prescription BD dataset/Training/training_words/897.png,Diflu,train
93,35,2.657142857142857,215.0626728110599,71.24399393069632,7704.449769585253,0.12903225806451613,False,data/metadata/Doctor’s Handwritten Prescription BD dataset/Training/training_words/898.png,Diflu,train
71,38,1.868421052631579,213.8524833209785,73.68599178177296,6048.055596738324,0.12972572275759822,False,data/metadata/Doctor’s Handwritten Prescription BD dataset/Training/training_words/899.png,Diflu,train
56,31,1.8064516129032258,205.96082949308754,78.66918476487477,11115.501303051135,0.16532258064516128,False,data/metadata/Doctor’s Handwritten Prescription BD dataset/Training/training_words/900.png,Diflu,train
76,27,2.814814814814815,212.4366471734893,72.86010509390317,8448.200779727096,0.13791423001949318,False,data/metadata/Doctor’s Handwritten Prescription BD dataset/Training/training_words/901.png,Diflu,train
305,112,2.7232142857142856,232.638612412178,58.79148036619226,1156.0876463700233,0.07467798594847776,False,data/metadata/Doctor’s Handwritten Prescription BD dataset/Training/training_words/902.png,Diflu,train
261,132,1.9772727272727273,236.18837803320562,52.98530741960518,1066.9044176993423,0.061738070358760014,False,data/metadata/Doctor’s Handwritten Prescription BD dataset/Training/training_words/903.png,Diflu,train
67,30,2.2333333333333334,212.1766169154229,72.36502378332854,8074.111442786069,0.13333333333333333,False,data/metadata/Doctor’s Handwritten Prescription BD dataset/Training/training_words/904.png,Diflu,train
177,68,2.6029411764705883,235.47931206380858,55.77359356816453,3601.74160850781,0.08707211698238618,False,data/metadata/Doctor’s Handwritten Prescription BD dataset/Training/training_words/905.png,Diflu,train
210,70,3.0,231.3930612244898,61.76608655607083,4071.8921088435372,0.10346938775510205,False,data/metadata/Doctor’s Handwritten Prescription BD dataset/Training/training_words/906.png,Diflu,train
172,65,2.646153846153846,225.95375670840787,67.1164789264902,4771.782750143208,0.1295169946332737,True,data/metadata/Doctor’s Handwritten Prescription BD dataset/Training/training_words/907.png,Diflu,train
169,64,2.640625,228.65514053254438,64.72934067207233,4409.916690296304,0.11714127218934911,False,data/metadata/Doctor’s Handwritten Prescription BD dataset/Training/training_words/908.png,Diflu,train
261,112,2.330357142857143,227.8239258347017,64.48344193571148,1186.496469512795,0.09164614121510674,True,data/metadata/Doctor’s Handwritten Prescription BD dataset/Training/training_words/909.png,Diflu,train
182,72,2.5277777777777777,230.70818070818072,62.8179617052909,3758.0230463980465,0.10737179487179487,False,data/metadata/Doctor’s Handwritten Prescription BD dataset/Training/training_words/910.png,Diflu,train
162,65,2.4923076923076923,224.4138651471985,68.97770286453473,4671.611585944919,0.1366571699905033,True,data/metadata/Doctor’s Handwritten Prescription BD dataset/Training/training_words/911.png,Diflu,train
254,119,2.134453781512605,228.38801032223913,62.991700967304766,1180.7355709991414,0.08588632303315027,False,data/metadata/Doctor’s Handwritten Prescription BD dataset/Training/training_words/912.png,Diflu,train
182,72,2.5277777777777777,230.70818070818072,62.8179617052909,3758.0230463980465,0.10737179487179487,False,data/metadata/Doctor’s Handwritten Prescription BD dataset/Training/training_words/913.png,Diflu,train
297,129,2.302325581395349,229.87727403231278,58.81119214416858,1074.5137128209717,0.07749327904366664,False,data/metadata/Doctor’s Handwritten Prescription BD dataset/Training/training_words/914.png,Diflu,train
243,128,1.8984375,214.67300025720164,67.54336576735433,908.3632618166147,0.11136831275720165,False,data/metadata/Doctor’s Handwritten Prescription BD dataset/Training/training_words/915.png,Diflu,train
361,129,2.798449612403101,204.169275698426,58.15416497317405,842.3784556191304,0.0895230732890979,True,data/metadata/Doctor’s Handwritten Prescription BD dataset/Training/training_words/916.png,Diflu,train
187,136,1.375,227.57482698961937,64.67390422869002,1456.5193832332561,0.10180088078011953,True,data/metadata/Doctor’s Handwritten Prescription BD dataset/Training/training_words/917.png,Diflu,train
187,141,1.326241134751773,211.40133500208594,74.35197420583653,1262.1616421534375,0.13528273978837183,True,data/metadata/Doctor’s Handwritten Prescription BD dataset/Training/training_words/918.png,Diflu,train
326,132,2.4696969696969697,233.08042851831195,51.50947878268695,666.1943204279061,0.059885666480758507,False,data/metadata/Doctor’s Handwritten Prescription BD dataset/Training/training_words/919.png,Diflu,train
268,119,2.2521008403361344,235.4889313934529,62.79269232247622,3155.068418412141,0.0774488900037627,False,data/metadata/Doctor’s Handwritten Prescription BD dataset/Training/training_words/920.png,Dinafex,train
225,64,3.515625,229.49722222222223,68.94780125456872,5133.929033159721,0.10152777777777777,True,data/metadata/Doctor’s Handwritten Prescription BD dataset/Training/training_words/921.png,Dinafex,train
263,86,3.058139534883721,229.6170306835264,69.26767705767872,5105.483559908735,0.09642762401627022,False,data/metadata/Doctor’s Handwritten Prescription BD dataset/Training/training_words/922.png,Dinafex,train
95,31,3.064516129032258,209.75449915110357,75.39444549730388,9151.482512733446,0.14499151103565366,False,data/metadata/Doctor’s Handwritten Prescription BD dataset/Training/training_words/923.png,Dinafex,train
265,86,3.0813953488372094,226.98179025888547,73.8332197396245,4295.189381307591,0.10719613865730583,False,data/metadata/Doctor’s Handwritten Prescription BD dataset/Training/training_words/924.png,Dinafex,train
267,100,2.67,234.8410861423221,62.78007172313415,3919.1749812734083,0.07764044943820225,False,data/metadata/Doctor’s Handwritten Prescription BD dataset/Training/training_words/925.png,Dinafex,train
273,89,3.067415730337079,233.56118039264106,65.10260478906261,3916.8714656130387,0.08301436391324032,False,data/metadata/Doctor’s Handwritten Prescription BD dataset/Training/training_words/926.png,Dinafex,train
274,90,3.0444444444444443,232.58021086780212,66.37201196085358,4269.060336521543,0.08548256285482562,False,data/metadata/Doctor’s Handwritten Prescription BD dataset/Training/training_words/927.png,Dinafex,train
100,29,3.4482758620689653,204.06103448275863,80.21787615053306,11167.107586206897,0.17379310344827587,False,data/metadata/Doctor’s Handwritten Prescription BD dataset/Training/training_words/928.png,Dinafex,train
289,101,2.8613861386138613,230.7463770598513,68.26126356715633,4425.596660749754,0.09322004864846346,False,data/metadata/Doctor’s Handwritten Prescription BD dataset/Training/training_words/929.png,Dinafex,train
317,97,3.268041237113402,236.05899378841588,60.94219170349827,3495.711502431291,0.07427883833620605,False,data/metadata/Doctor’s Handwritten Prescription BD dataset/Training/training_words/930.png,Dinafex,train
271,92,2.9456521739130435,233.96735119525107,64.03341450826338,3832.1562650409114,0.08234397561366918,False,data/metadata/Doctor’s Handwritten Prescription BD dataset/Training/training_words/931.png,Dinafex,train
230,85,2.7058823529411766,235.6172378516624,61.71881323761865,3771.7219437340154,0.07534526854219949,False,data/metadata/Doctor’s Handwritten Prescription BD dataset/Training/training_words/932.png,Dinafex,train
245,102,2.4019607843137254,235.73233293317327,61.21469005321292,3935.519630597337,0.07454981992797119,True,data/metadata/Doctor’s Handwritten Prescription BD dataset/Training/training_words/933.png,Dinafex,train
241,85,2.835294117647059,234.74893824749816,62.26141860328025,4070.2227970828712,0.07786185013424457,False,data/metadata/Doctor’s Handwritten Prescription BD dataset/Training/training_words/934.png,Dinafex,train
209,85,2.458823529411765,227.34320292710385,72.02258476027109,5184.545904869125,0.10734590486912468,False,data/metadata/Doctor’s Handwritten Prescription BD dataset/Training/training_words/935.png,Dinafex,train
233,73,3.191780821917808,228.01446293138926,64.37896741816995,3981.118231524487,0.12734434711035333,True,data/metadata/Doctor’s Handwritten Prescription BD dataset/Training/training_words/936.png,Dinafex,train
247,95,2.6,230.0884295759642,69.75823016563628,3804.9958661836777,0.095631792030684,False,data/metadata/Doctor’s Handwritten Prescription BD dataset/Training/training_words/937.png,Dinafex,train
240,70,3.4285714285714284,226.15892857142856,73.76777980220959,4705.573477763605,0.11154761904761905,True,data/metadata/Doctor’s Handwritten Prescription BD dataset/Training/training_words/938.png,Dinafex,train
269,84,3.2023809523809526,229.41325898389096,70.43357271570633,4250.122499557444,0.09913258983890955,False,data/metadata/Doctor’s Handwritten Prescription BD dataset/Training/training_words/939.png,Dinafex,train
247,99,2.494949494949495,229.15327362695783,71.95480831435323,4046.335582546109,0.0993334151228888,False,data/metadata/Doctor’s Handwritten Prescription BD dataset/Training/training_words/940.png,Dinafex,train
244,82,2.975609756097561,229.33311675329867,70.20854252200894,4374.359724240552,0.09941023590563774,False,data/metadata/Doctor’s Handwritten Prescription BD dataset/Training/training_words/941.png,Dinafex,train
238,80,2.975,238.26334033613446,51.80820297563739,2573.6834033613445,0.07778361344537815,False,data/metadata/Doctor’s Handwritten Prescription BD dataset/Training/training_words/942.png,Dinafex,train
95,27,3.5185185185185186,205.75243664717348,79.0881064126212,10683.681871345028,0.16374269005847952,False,data/metadata/Doctor’s Handwritten Prescription BD dataset/Training/training_words/943.png,Dinafex,train
248,94,2.6382978723404253,233.46156485929993,65.04327118184017,3989.8852951269732,0.08326183939601922,False,data/metadata/Doctor’s Handwritten Prescription BD dataset/Training/training_words/944.png,Dinafex,train
235,96,2.4479166666666665,229.63594858156029,69.88322232599198,4447.0137712651995,0.09800531914893618,False,data/metadata/Doctor’s Handwritten Prescription BD dataset/Training/training_words/945.png,Dinafex,train
249,96,2.59375,232.2583249665328,66.65603951546854,4155.533467202142,0.08559236947791164,False,data/metadata/Doctor’s Handwritten Prescription BD dataset/Training/training_words/946.png,Dinafex,train
255,108,2.361111111111111,235.81408859840232,61.20303963076048,3683.1125634595537,0.07356572258533042,False,data/metadata/Doctor’s Handwritten Prescription BD dataset/Training/training_words/947.png,Dinafex,train
284,98,2.8979591836734695,234.38973124461052,64.37465610776957,3294.9916642713424,0.08041103765449842,False,data/metadata/Doctor’s Handwritten Prescription BD dataset/Training/training_words/948.png,Dinafex,train
256,87,2.942528735632184,236.20267600574712,54.88340858672695,2775.2341056034484,0.08961925287356322,False,data/metadata/Doctor’s Handwritten Prescription BD dataset/Training/training_words/949.png,Dinafex,train
247,95,2.6,230.0884295759642,69.75823016563628,3804.9958661836777,0.095631792030684,False,data/metadata/Doctor’s Handwritten Prescription BD dataset/Training/training_words/950.png,Dinafex,train
268,119,2.2521008403361344,235.4889313934529,62.79269232247622,3155.068418412141,0.0774488900037627,False,data/metadata/Doctor’s Handwritten Prescription BD dataset/Training/training_words/951.png,Dinafex,train
238,92,2.5869565217391304,236.81512605042016,54.31761373418589,2554.706978443551,0.0850383631713555,False,data/metadata/Doctor’s Handwritten Prescription BD dataset/Training/training_words/952.png,Dinafex,train
279,74,3.77027027027027,231.22822822822823,67.39668619102545,4738.366269495302,0.09168846265620459,False,data/metadata/Doctor’s Handwritten Prescription BD dataset/Training/training_words/953.png,Dinafex,train
222,76,2.9210526315789473,230.45163584637268,68.63845126709477,4653.61996171604,0.09560218112849692,False,data/metadata/Doctor’s Handwritten Prescription BD dataset/Training/training_words/954.png,Dinafex,train
205,70,2.9285714285714284,222.26578397212543,76.99795838731023,6399.294051480533,0.12822299651567945,False,data/metadata/Doctor’s Handwritten Prescription BD dataset/Training/training_words/955.png,Dinafex,train
239,77,3.103896103896104,231.39471825245883,67.57564013320793,4314.9540835733305,0.09107210780850948,False,data/metadata/Doctor’s Handwritten Prescription BD dataset/Training/training_words/956.png,Dinafex,train
200,70,2.857142857142857,224.04535714285714,76.27671531910933,5687.715,0.11942857142857143,True,data/metadata/Doctor’s Handwritten Prescription BD dataset/Training/training_words/957.png,Dinafex,train
222,76,2.9210526315789473,227.18592935040303,72.72188774736782,5156.454480796586,0.11053816974869607,False,data/metadata/Doctor’s Handwritten Prescription BD dataset/Training/training_words/958.png,Dinafex,train
250,90,2.7777777777777777,233.03,65.02059870191566,4312.818838684444,0.08515555555555555,False,data/metadata/Doctor’s Handwritten Prescription BD dataset/Training/training_words/959.png,Dinafex,train
120,34,3.5294117647058822,219.52598039215687,69.73045661632501,7404.879821222607,0.1715686274509804,True,data/metadata/Doctor’s Handwritten Prescription BD dataset/Training/training_words/960.png,Disopan,train
222,97,2.288659793814433,232.76404755270735,65.38304242480638,4183.521036500418,0.0881861242685985,False,data/metadata/Doctor’s Handwritten Prescription BD dataset/Training/training_words/961.png,Disopan,train
149,28,5.321428571428571,217.12895493767977,89.37135650169951,31321.57276975022,0.14956855225311602,True,data/metadata/Doctor’s Handwritten Prescription BD dataset/Training/training_words/962.png,Disopan,train
117,28,4.178571428571429,235.67094017094018,54.8658127570766,33454.59645872375,0.09523809523809523,True,data/metadata/Doctor’s Handwritten Prescription BD dataset/Training/training_words/963.png,Disopan,train
114,25,4.56,221.81508771929825,62.68520503480437,13459.011524653739,0.17649122807017545,True,data/metadata/Doctor’s Handwritten Prescription BD dataset/Training/training_words/964.png,Disopan,train
133,26,5.115384615384615,218.74840948525159,87.77429635882875,35005.74408559995,0.1417004048582996,True,data/metadata/Doctor’s Handwritten Prescription BD dataset/Training/training_words/965.png,Disopan,train
147,35,4.2,219.8997084548105,86.53333421256895,31393.962333381496,0.13858114674441205,True,data/metadata/Doctor’s Handwritten Prescription BD dataset/Training/training_words/966.png,Disopan,train
115,22,5.2272727272727275,222.12648221343875,74.28818344715492,35776.26888156353,0.13517786561264822,True,data/metadata/Doctor’s Handwritten Prescription BD dataset/Training/training_words/967.png,Disopan,train
274,112,2.4464285714285716,229.0230383211679,75.04837827770669,9048.113534743128,0.1045033889468196,True,data/metadata/Doctor’s Handwritten Prescription BD dataset/Training/training_words/968.png,Disopan,train
75,19,3.9473684210526314,215.37333333333333,75.38427118119846,43985.8949023084,0.16771929824561405,True,data/metadata/Doctor’s Handwritten Prescription BD dataset/Training/training_words/969.png,Disopan,train
72,15,4.8,209.6648148148148,78.58804135162184,42348.071562928664,0.2,True,data/metadata/Doctor’s Handwritten Prescription BD dataset/Training/training_words/970.png,Disopan,train
79,23,3.4347826086956523,216.16070445789762,75.42448969488484,37097.459412404525,0.1441937259218492,False,data/metadata/Doctor’s Handwritten Prescription BD dataset/Training/training_words/971.png,Disopan,train
265,107,2.4766355140186915,234.63530241579969,63.672984095492346,3800.1663198730384,0.07995062599188855,False,data/metadata/Doctor’s Handwritten Prescription BD dataset/Training/training_words/972.png,Disopan,train
72,16,4.5,207.8671875,80.02532519983811,40195.85608286916,0.20572916666666666,True,data/metadata/Doctor’s Handwritten Prescription BD dataset/Training/training_words/973.png,Disopan,train
82,21,3.9047619047619047,213.8617886178862,79.1286354240452,41789.869677575574,0.16260162601626016,True,data/metadata/Doctor’s Handwritten Prescription BD dataset/Training/training_words/974.png,Disopan,train
80,16,5.0,207.359375,80.89040950328645,36149.45217224121,0.20703125,True,data/metadata/Doctor’s Handwritten Prescription BD dataset/Training/training_words/975.png,Disopan,train
225,104,2.1634615384615383,235.72794871794872,61.16588280135557,3829.1771794871793,0.0744017094017094,False,data/metadata/Doctor’s Handwritten Prescription BD dataset/Training/training_words/976.png,Disopan,train
77,22,3.5,220.16174734356554,60.84582720167326,9460.371226176421,0.19421487603305784,True,data/metadata/Doctor’s Handwritten Prescription BD dataset/Training/training_words/977.png,Disopan,train
80,19,4.2105263157894735,213.55,79.14452220297272,42780.5021636946,0.16776315789473684,True,data/metadata/Doctor’s Handwritten Prescription BD dataset/Training/training_words/978.png,Disopan,train
79,15,5.266666666666667,216.14177215189872,70.34234658754112,32155.371899802387,0.18227848101265823,True,data/metadata/Doctor’s Handwritten Prescription BD dataset/Training/training_words/979.png,Disopan,train
122,35,3.4857142857142858,203.50889929742388,83.2818373999327,4187.961027373594,0.2227166276346604,True,data/metadata/Doctor’s Handwritten Prescription BD dataset/Training/training_words/980.png,Disopan,train
95,25,3.8,205.56,85.85491114910698,10657.911805163436,0.20884210526315788,True,data/metadata/Doctor’s Handwritten Prescription BD dataset/Training/training_words/981.png,Disopan,train
229,112,2.044642857142857,234.847629444791,63.218372629018546,4157.407010291679,0.08004522769806613,False,data/metadata/Doctor’s Handwritten Prescription BD dataset/Training/training_words/982.png,Disopan,train
151,31,4.870967741935484,230.35847041230505,60.29024097421519,28906.144439326446,0.1239051484725486,True,data/metadata/Doctor’s Handwritten Prescription BD dataset/Training/training_words/983.png,Disopan,train
94,24,3.9166666666666665,219.7619680851064,61.6487820655785,8672.50405046747,0.1972517730496454,True,data/metadata/Doctor’s Handwritten Prescription BD dataset/Training/training_words/984.png,Disopan,train
103,28,3.6785714285714284,221.66088765603328,63.25372248185267,14067.427616809757,0.15256588072122051,True,data/metadata/Doctor’s Handwritten Prescription BD dataset/Training/training_words/985.png,Disopan,train
79,17,4.647058823529412,214.3440059568131,65.9798084439421,14252.520777601407,0.21593447505584512,True,data/metadata/Doctor’s Handwritten Prescription BD dataset/Training/training_words/986.png,Disopan,train
85,25,3.4,213.80988235294117,69.85927094976884,9866.516762574394,0.20047058823529412,True,data/metadata/Doctor’s Handwritten Prescription BD dataset/Training/training_words/987.png,Disopan,train
90,22,4.090909090909091,203.8050505050505,77.53227659424388,9451.562518875624,0.24292929292929294,True,data/metadata/Doctor’s Handwritten Prescription BD dataset/Training/training_words/988.png,Disopan,train
202,101,2.0,225.26203313400646,75.70153329662311,4772.348789334379,0.11611606705224978,False,data/metadata/Doctor’s Handwritten Prescription BD dataset/Training/training_words/989.png,Disopan,train
81,24,3.375,222.4398148148148,58.4558895916335,10478.487990641248,0.18569958847736626,True,data/metadata/Doctor’s Handwritten Prescription BD dataset/Training/training_words/990.png,Disopan,train
113,26,4.346153846153846,222.66609938733833,60.91900973092042,11456.467810122609,0.179714091218516,True,data/metadata/Doctor’s Handwritten Prescription BD dataset/Training/training_words/991.png,Disopan,train
245,88,2.784090909090909,230.88371985157698,68.2799783922233,4488.62745825603,0.09471243042671613,False,data/metadata/Doctor’s Handwritten Prescription BD dataset/Training/training_words/992.png,Disopan,train
110,42,2.619047619047619,243.3069264069264,42.056699458479905,11845.108658008658,0.06212121212121212,False,data/metadata/Doctor’s Handwritten Prescription BD dataset/Training/training_words/993.png,Disopan,train
272,116,2.3448275862068964,237.73336080121703,58.65514432701073,3355.060344827586,0.06880704868154158,False,data/metadata/Doctor’s Handwritten Prescription BD dataset/Training/training_words/994.png,Disopan,train
207,96,2.15625,231.61252012882449,67.37645714121342,4914.005636070853,0.09219001610305957,False,data/metadata/Doctor’s Handwritten Prescription BD dataset/Training/training_words/995.png,Disopan,train
200,86,2.3255813953488373,223.44244186046512,76.47830100276728,6001.919186046512,0.1236046511627907,False,data/metadata/Doctor’s Handwritten Prescription BD dataset/Training/training_words/996.png,Disopan,train
210,97,2.1649484536082473,232.63883161512027,65.76117210566184,4234.45704467354,0.0895925380461463,False,data/metadata/Doctor’s Handwritten Prescription BD dataset/Training/training_words/997.png,Disopan,train
122,33,3.696969696969697,221.16467958271238,84.67111179579715,27935.849929815366,0.13238946845504224,True,data/metadata/Doctor’s Handwritten Prescription BD dataset/Training/training_words/998.png,Disopan,train
117,31,3.774193548387097,220.85938792390405,85.00691401816015,28524.943629971243,0.1350978770333609,True,data/metadata/Doctor’s Handwritten Prescription BD dataset/Training/training_words/999.png,Disopan,train
207,71,2.915492957746479,228.81043750425258,72.40096382715093,4452.808736476832,0.10042865890998164,False,data/metadata/Doctor’s Handwritten Prescription BD dataset/Training/training_words/1000.png,Esonix,train
97,28,3.4642857142857144,226.4705449189985,58.9324288045113,12829.388113394467,0.10787923416789397,False,data/metadata/Doctor’s Handwritten Prescription BD dataset/Training/training_words/1001.png,Esonix,train
78,28,2.7857142857142856,227.98626373626374,69.21956885458013,29401.968817297628,0.11675824175824176,True,data/metadata/Doctor’s Handwritten Prescription BD dataset/Training/training_words/1002.png,Esonix,train
143,36,3.9722222222222223,231.05128205128204,58.22983235736836,21992.50290152738,0.08644133644133645,True,data/metadata/Doctor’s Handwritten Prescription BD dataset/Training/training_words/1003.png,Esonix,train
180,60,3.0,227.7475,72.98015231992112,4905.122683256172,0.10805555555555556,False,data/metadata/Doctor’s Handwritten Prescription BD dataset/Training/training_words/1004.png,Esonix,train
79,30,2.6333333333333333,229.06962025316454,68.41263951820126,29812.477121721942,0.11308016877637131,False,data/metadata/Doctor’s Handwritten Prescription BD dataset/Training/training_words/1005.png,Esonix,train
102,31,3.2903225806451615,227.7495256166983,62.33488150575591,17107.708814467824,0.09962049335863378,False,data/metadata/Doctor’s Handwritten Prescription BD dataset/Training/training_words/1006.png,Esonix,train
88,30,2.933333333333333,230.1375,64.40991797187712,23538.06852100551,0.10303030303030303,False,data/metadata/Doctor’s Handwritten Prescription BD dataset/Training/training_words/1007.png,Esonix,train
87,29,3.0,215.13119302417758,56.825764307605034,9209.324441377928,0.11652794292508918,False,data/metadata/Doctor’s Handwritten Prescription BD dataset/Training/training_words/1008.png,Esonix,train
95,31,3.064516129032258,231.97215619694398,51.444762328854985,9095.57751718691,0.09779286926994907,True,data/metadata/Doctor’s Handwritten Prescription BD dataset/Training/training_words/1009.png,Esonix,train
156,42,3.7142857142857144,219.7216117216117,82.22948603136426,15900.210045754004,0.14346764346764346,True,data/metadata/Doctor’s Handwritten Prescription BD dataset/Training/training_words/1010.png,Esonix,train
164,75,2.1866666666666665,230.6850406504065,69.60996438780526,4698.755772357724,0.09552845528455285,False,data/metadata/Doctor’s Handwritten Prescription BD dataset/Training/training_words/1011.png,Esonix,train
87,30,2.9,231.61072796934866,61.05846234231576,19911.102112564404,0.10191570881226053,False,data/metadata/Doctor’s Handwritten Prescription BD dataset/Training/training_words/1012.png,Esonix,train
186,51,3.6470588235294117,218.297807294961,83.28659644134741,6637.263241380741,0.14452877925363694,True,data/metadata/Doctor’s Handwritten Prescription BD dataset/Training/training_words/1013.png,Esonix,train
172,64,2.6875,224.30832122093022,77.01944005167502,5151.164607558139,0.12082122093023256,False,data/metadata/Doctor’s Handwritten Prescription BD dataset/Training/training_words/1014.png,Esonix,train
172,57,3.017543859649123,217.90197878416973,83.40586570174135,6434.855425863448,0.14371685026519787,False,data/metadata/Doctor’s Handwritten Prescription BD dataset/Training/training_words/1015.png,Esonix,train
80,27,2.962962962962963,227.33333333333334,66.26254598187425,24411.411480624138,0.11851851851851852,True,data/metadata/Doctor’s Handwritten Prescription BD dataset/Training/training_words/1016.png,Esonix,train
180,60,3.0,227.7475,72.98015231992112,4905.122683256172,0.10805555555555556,False,data/metadata/Doctor’s Handwritten Prescription BD dataset/Training/training_words/1017.png,Esonix,train
189,56,3.375,221.2687074829932,80.79280127639791,5538.447845804989,0.1292517006802721,False,data/metadata/Doctor’s Handwritten Prescription BD dataset/Training/training_words/1018.png,Esonix,train
194,60,3.2333333333333334,223.7864261168385,78.12080974622609,4885.616628405427,0.12130584192439862,False,data/metadata/Doctor’s Handwritten Prescription BD dataset/Training/training_words/1019.png,Esonix,train
210,51,4.117647058823529,216.56013071895424,84.89794982112221,6250.1273889599415,0.1507002801120448,True,data/metadata/Doctor’s Handwritten Prescription BD dataset/Training/training_words/1020.png,Esonix,train
157,63,2.492063492063492,222.57405722373875,79.65889296175531,5328.302092811647,0.12789404509149732,False,data/metadata/Doctor’s Handwritten Prescription BD dataset/Training/training_words/1021.png,Esonix,train
104,34,3.0588235294117645,228.16968325791856,49.86662695240256,7308.379115954705,0.08399321266968326,False,data/metadata/Doctor’s Handwritten Prescription BD dataset/Training/training_words/1022.png,Esonix,train
67,33,2.0303030303030303,233.85210312075984,63.1217679791841,26468.695041301857,0.0913613749434645,True,data/metadata/Doctor’s Handwritten Prescription BD dataset/Training/training_words/1023.png,Esonix,train
177,61,2.901639344262295,221.219227563212,80.68559269654644,5469.406316569418,0.13068444938408819,False,data/metadata/Doctor’s Handwritten Prescription BD dataset/Training/training_words/1024.png,Esonix,train
146,64,2.28125,220.67583476027397,81.55889720923398,5640.222174657534,0.13538099315068494,False,data/metadata/Doctor’s Handwritten Prescription BD dataset/Training/training_words/1025.png,Esonix,train
146,64,2.28125,220.67583476027397,81.55889720923398,5640.222174657534,0.13538099315068494,False,data/metadata/Doctor’s Handwritten Prescription BD dataset/Training/training_words/1026.png,Esonix,train
191,70,2.7285714285714286,227.28638743455497,74.4701204167989,4380.3838444278235,0.10732984293193717,False,data/metadata/Doctor’s Handwritten Prescription BD dataset/Training/training_words/1027.png,Esonix,train
191,70,2.7285714285714286,227.28638743455497,74.4701204167989,4380.3838444278235,0.10732984293193717,False,data/metadata/Doctor’s Handwritten Prescription BD dataset/Training/training_words/1028.png,Esonix,train
103,30,3.433333333333333,232.90226537216827,61.02275156415287,23213.325072422787,0.09482200647249191,True,data/metadata/Doctor’s Handwritten Prescription BD dataset/Training/training_words/1029.png,Esonix,train
186,73,2.547945205479452,227.89586095153925,73.36176256378573,4973.666887232626,0.10377080571512741,True,data/metadata/Doctor’s Handwritten Prescription BD dataset/Training/training_words/1030.png,Esonix,train
207,71,2.915492957746479,228.81043750425258,72.40096382715093,4452.808736476832,0.10042865890998164,False,data/metadata/Doctor’s Handwritten Prescription BD dataset/Training/training_words/1031.png,Esonix,train
88,33,2.6666666666666665,225.706955922865,50.949401044238506,7517.655589990818,0.10365013774104684,False,data/metadata/Doctor’s Handwritten Prescription BD dataset/Training/training_words/1032.png,Esonix,train
189,51,3.7058823529411766,220.60753190164954,80.59416396226737,7017.892117152411,0.13393505550368295,False,data/metadata/Doctor’s Handwritten Prescription BD dataset/Training/training_words/1033.png,Esonix,train
85,24,3.5416666666666665,228.22401960784313,66.23838641470024,27728.73627426951,0.11127450980392156,True,data/metadata/Doctor’s Handwritten Prescription BD dataset/Training/training_words/1034.png,Esonix,train
76,32,2.375,234.78453947368422,59.69394632688803,21372.029730883994,0.08799342105263158,True,data/metadata/Doctor’s Handwritten Prescription BD dataset/Training/training_words/1035.png,Esonix,train
95,30,3.1666666666666665,232.88070175438597,62.65369436075897,24650.560504770696,0.09614035087719298,False,data/metadata/Doctor’s Handwritten Prescription BD dataset/Training/training_words/1036.png,Esonix,train
83,23,3.608695652173913,230.31639601885803,66.1357830551413,32130.774151060254,0.10529072812991094,True,data/metadata/Doctor’s Handwritten Prescription BD dataset/Training/training_words/1037.png,Esonix,train
87,30,2.9,232.56973180076628,57.61723949393314,13799.916704834048,0.10076628352490422,False,data/metadata/Doctor’s Handwritten Prescription BD dataset/Training/training_words/1038.png,Esonix,train
86,27,3.185185185185185,231.85529715762274,60.645634042716836,21566.372654814342,0.09948320413436693,False,data/metadata/Doctor’s Handwritten Prescription BD dataset/Training/training_words/1039.png,Esonix,train
211,79,2.670886075949367,227.27026216329713,73.10154793883447,4727.5144279800825,0.11056452096706461,False,data/metadata/Doctor’s Handwritten Prescription BD dataset/Training/training_words/1040.png,Esoral,train
78,27,2.888888888888889,232.346628679962,59.559585593106796,18342.44416238504,0.1111111111111111,True,data/metadata/Doctor’s Handwritten Prescription BD dataset/Training/training_words/1041.png,Esoral,train
91,30,3.033333333333333,229.37142857142857,61.69628247784105,18235.504196353097,0.11648351648351649,True,data/metadata/Doctor’s Handwritten Prescription BD dataset/Training/training_words/1042.png,Esoral,train
78,33,2.3636363636363638,217.7051282051282,68.23798337168174,7441.222222222223,0.11421911421911422,False,data/metadata/Doctor’s Handwritten Prescription BD dataset/Training/training_words/1043.png,Esoral,train
227,72,3.1527777777777777,229.4787689672051,70.50804232742384,4369.045704662381,0.09979197258932941,False,data/metadata/Doctor’s Handwritten Prescription BD dataset/Training/training_words/1044.png,Esoral,train
102,25,4.08,236.2513725490196,54.31390920758905,16955.777793156474,0.08862745098039215,True,data/metadata/Doctor’s Handwritten Prescription BD dataset/Training/training_words/1045.png,Esoral,train
87,25,3.48,233.99540229885056,53.43869171269627,11449.854453904083,0.09379310344827586,True,data/metadata/Doctor’s Handwritten Prescription BD dataset/Training/training_words/1046.png,Esoral,train
119,23,5.173913043478261,222.39788089148703,73.75334800450764,33763.09658559298,0.12276214833759591,True,data/metadata/Doctor’s Handwritten Prescription BD dataset/Training/training_words/1047.png,Esoral,train
88,33,2.6666666666666665,221.09986225895318,48.272795183228865,5131.0234983901755,0.1115702479338843,False,data/metadata/Doctor’s Handwritten Prescription BD dataset/Training/training_words/1048.png,Esoral,train
76,31,2.4516129032258065,210.91808149405773,74.33401305249915,9541.633276740238,0.14473684210526316,False,data/metadata/Doctor’s Handwritten Prescription BD dataset/Training/training_words/1049.png,Esoral,train
172,53,3.2452830188679247,231.07338745063623,67.74145048685254,13782.332499144179,0.09631417288284336,True,data/metadata/Doctor’s Handwritten Prescription BD dataset/Training/training_words/1050.png,Esoral,train
220,75,2.933333333333333,225.92569696969696,74.59967215156038,4834.708242424243,0.11109090909090909,False,data/metadata/Doctor’s Handwritten Prescription BD dataset/Training/training_words/1051.png,Esoral,train
86,35,2.4571428571428573,234.88073089700995,49.843443213320214,7325.121834858336,0.09401993355481728,True,data/metadata/Doctor’s Handwritten Prescription BD dataset/Training/training_words/1052.png,Esoral,train
243,64,3.796875,224.9482381687243,76.02935310911299,4867.322972764146,0.11580504115226338,False,data/metadata/Doctor’s Handwritten Prescription BD dataset/Training/training_words/1053.png,Esoral,train
232,68,3.411764705882353,230.19212728194725,69.44396968306769,4520.09229208925,0.09622210953346856,False,data/metadata/Doctor’s Handwritten Prescription BD dataset/Training/training_words/1054.png,Esoral,train
254,55,4.618181818181818,224.7915533285612,75.01913714486055,5552.14059312598,0.1188976377952756,False,data/metadata/Doctor’s Handwritten Prescription BD dataset/Training/training_words/1055.png,Esoral,train
89,24,3.7083333333333335,230.01170411985018,63.65680272701075,22330.433657366495,0.11235955056179775,True,data/metadata/Doctor’s Handwritten Prescription BD dataset/Training/training_words/1056.png,Esoral,train
236,74,3.189189189189189,229.68409299129638,69.91995298083057,4788.60959688502,0.0972285845167201,False,data/metadata/Doctor’s Handwritten Prescription BD dataset/Training/training_words/1057.png,Esoral,train
220,62,3.5483870967741935,224.79963343108506,75.92006687377078,5476.424046920821,0.11781524926686217,False,data/metadata/Doctor’s Handwritten Prescription BD dataset/Training/training_words/1058.png,Esoral,train
198,63,3.142857142857143,222.02910052910053,78.59520484015725,5348.973704047404,0.12698412698412698,False,data/metadata/Doctor’s Handwritten Prescription BD dataset/Training/training_words/1059.png,Esoral,train
240,55,4.363636363636363,218.78621212121212,81.50588781976636,5619.340273278236,0.1387121212121212,False,data/metadata/Doctor’s Handwritten Prescription BD dataset/Training/training_words/1060.png,Esoral,train
223,64,3.484375,230.74670683856502,67.61091998491558,5187.5469450672645,0.09178811659192825,False,data/metadata/Doctor’s Handwritten Prescription BD dataset/Training/training_words/1061.png,Esoral,train
114,37,3.081081081081081,235.54409672830727,45.25863795594647,6097.947811553411,0.07515410146989095,False,data/metadata/Doctor’s Handwritten Prescription BD dataset/Training/training_words/1062.png,Esoral,train
90,33,2.727272727272727,206.6080808080808,78.84355605886215,10353.243097643097,0.15656565656565657,False,data/metadata/Doctor’s Handwritten Prescription BD dataset/Training/training_words/1063.png,Esoral,train
253,75,3.3733333333333335,233.35393939393938,65.06785145861458,3401.347508412185,0.08595520421607378,False,data/metadata/Doctor’s Handwritten Prescription BD dataset/Training/training_words/1064.png,Esoral,train
208,71,2.9295774647887325,231.24891657638136,67.27552608479147,4346.112269772481,0.09337757313109425,False,data/metadata/Doctor’s Handwritten Prescription BD dataset/Training/training_words/1065.png,Esoral,train
185,55,3.3636363636363638,213.74250614250613,86.65321966459258,6396.32284360304,0.1594103194103194,True,data/metadata/Doctor’s Handwritten Prescription BD dataset/Training/training_words/1066.png,Esoral,train
231,64,3.609375,225.31527326839827,75.66339340224476,4463.308576839827,0.11498917748917749,False,data/metadata/Doctor’s Handwritten Prescription BD dataset/Training/training_words/1067.png,Esoral,train
209,67,3.1194029850746268,221.70413482825109,79.02046594236575,5817.902474474601,0.12740127115618083,False,data/metadata/Doctor’s Handwritten Prescription BD dataset/Training/training_words/1068.png,Esoral,train
88,29,3.0344827586206895,232.77351097178683,60.73516785969892,23618.96070679705,0.10266457680250783,True,data/metadata/Doctor’s Handwritten Prescription BD dataset/Training/training_words/1069.png,Esoral,train
210,75,2.8,229.63238095238094,69.78718829331514,4602.631365079365,0.09676190476190476,False,data/metadata/Doctor’s Handwritten Prescription BD dataset/Training/training_words/1070.png,Esoral,train
259,94,2.75531914893617,234.49950710589007,64.10834066941992,3238.9205618992855,0.07972562227881377,False,data/metadata/Doctor’s Handwritten Prescription BD dataset/Training/training_words/1071.png,Esoral,train
98,33,2.9696969696969697,232.11811997526283,54.71667870324926,10898.708499557692,0.0943104514533086,False,data/metadata/Doctor’s Handwritten Prescription BD dataset/Training/training_words/1072.png,Esoral,train
220,78,2.8205128205128207,229.8467365967366,69.79881466742282,4349.718414918415,0.09877622377622378,False,data/metadata/Doctor’s Handwritten Prescription BD dataset/Training/training_words/1073.png,Esoral,train
69,25,2.76,230.49739130434781,63.73936620950125,25137.89785204789,0.11942028985507247,True,data/metadata/Doctor’s Handwritten Prescription BD dataset/Training/training_words/1074.png,Esoral,train
81,28,2.892857142857143,231.49823633156967,61.92649036179658,26331.028104188634,0.10978835978835978,True,data/metadata/Doctor’s Handwritten Prescription BD dataset/Training/training_words/1075.png,Esoral,train
90,37,2.4324324324324325,234.73003003003004,57.88942627780891,22617.17992956921,0.0963963963963964,True,data/metadata/Doctor’s Handwritten Prescription BD dataset/Training/training_words/1076.png,Esoral,train
88,25,3.52,229.65681818181818,57.61966953349143,14700.179942975206,0.12363636363636364,True,data/metadata/Doctor’s Handwritten Prescription BD dataset/Training/training_words/1077.png,Esoral,train
91,31,2.935483870967742,231.48670684154555,62.47686491773697,21339.576004697636,0.11059907834101383,True,data/metadata/Doctor’s Handwritten Prescription BD dataset/Training/training_words/1078.png,Esoral,train
78,27,2.888888888888889,230.5550807217474,63.25411191074036,23407.050640822723,0.11870845204178537,True,data/metadata/Doctor’s Handwritten Prescription BD dataset/Training/training_words/1079.png,Esoral,train
167,78,2.141025641025641,234.32780592660833,63.16340363518996,5458.175034546292,0.08022416705051436,False,data/metadata/Doctor’s Handwritten Prescription BD dataset/Training/training_words/1080.png,Etizin,train
137,47,2.9148936170212765,236.63348346016463,54.81639860179676,7189.200341450887,0.07687529119428482,False,data/metadata/Doctor’s Handwritten Prescription BD dataset/Training/training_words/1081.png,Etizin,train
106,39,2.717948717948718,225.1255442670537,68.00866830995885,10639.66424676576,0.1262699564586357,True,data/metadata/Doctor’s Handwritten Prescription BD dataset/Training/training_words/1082.png,Etizin,train
180,48,3.75,237.9423611111111,49.757282753560276,1991.5181696753903,0.08287037037037037,False,data/metadata/Doctor’s Handwritten Prescription BD dataset/Training/training_words/1083.png,Etizin,train
150,74,2.027027027027027,229.84504504504505,69.52621870964244,5850.844684684685,0.09873873873873874,False,data/metadata/Doctor’s Handwritten Prescription BD dataset/Training/training_words/1084.png,Etizin,train
137,43,3.186046511627907,231.99337973179425,61.35365276955087,8482.178577491088,0.08810049227635376,False,data/metadata/Doctor’s Handwritten Prescription BD dataset/Training/training_words/1085.png,Etizin,train
112,37,3.027027027027027,222.691361003861,70.60326142483324,12184.052361079794,0.13248069498069498,True,data/metadata/Doctor’s Handwritten Prescription BD dataset/Training/training_words/1086.png,Etizin,train
180,63,2.857142857142857,195.75388007054673,46.881134241095836,3426.47916600568,0.07134038800705467,False,data/metadata/Doctor’s Handwritten Prescription BD dataset/Training/training_words/1087.png,Etizin,train
169,58,2.913793103448276,239.32166904713324,46.040651175350625,1548.9497890199004,0.08294225668230973,False,data/metadata/Doctor’s Handwritten Prescription BD dataset/Training/training_words/1088.png,Etizin,train
214,69,3.101449275362319,224.22870107002572,41.963888583420776,3286.028031315337,0.04747392658810781,True,data/metadata/Doctor’s Handwritten Prescription BD dataset/Training/training_words/1089.png,Etizin,train
153,55,2.7818181818181817,235.6795008912656,53.94638809357575,6007.570280075227,0.07736185383244207,False,data/metadata/Doctor’s Handwritten Prescription BD dataset/Training/training_words/1090.png,Etizin,train
174,51,3.411764705882353,235.09927879197656,56.20124615475075,6929.743822792123,0.07978363759296822,False,data/metadata/Doctor’s Handwritten Prescription BD dataset/Training/training_words/1091.png,Etizin,train
192,45,4.266666666666667,240.659375,49.80178365445288,5267.362353395062,0.05960648148148148,False,data/metadata/Doctor’s Handwritten Prescription BD dataset/Training/training_words/1092.png,Etizin,train
180,46,3.9130434782608696,237.42367149758454,52.77148320504364,6525.222081480897,0.07451690821256039,False,data/metadata/Doctor’s Handwritten Prescription BD dataset/Training/training_words/1093.png,Etizin,train
201,55,3.6545454545454548,240.87987336047038,46.64764858179894,5611.959409072805,0.06304839439167798,False,data/metadata/Doctor’s Handwritten Prescription BD dataset/Training/training_words/1094.png,Etizin,train
101,34,2.9705882352941178,232.83954571927782,40.44415100507913,3324.5332811356784,0.11298776936517181,False,data/metadata/Doctor’s Handwritten Prescription BD dataset/Training/training_words/1095.png,Etizin,train
189,57,3.3157894736842106,238.98607630186578,48.46358247078194,2527.4186590858744,0.07630186577554998,False,data/metadata/Doctor’s Handwritten Prescription BD dataset/Training/training_words/1096.png,Etizin,train
157,76,2.0657894736842106,231.240948709353,67.4260053527277,5965.545815409007,0.0918538384177003,True,data/metadata/Doctor’s Handwritten Prescription BD dataset/Training/training_words/1097.png,Etizin,train
148,27,5.481481481481482,236.78103103103103,37.457802090826334,2655.515800272244,0.10485485485485485,False,data/metadata/Doctor’s Handwritten Prescription BD dataset/Training/training_words/1098.png,Etizin,train
119,24,4.958333333333333,236.11624649859945,39.70904954293296,3475.242643993872,0.11869747899159663,True,data/metadata/Doctor’s Handwritten Prescription BD dataset/Training/training_words/1099.png,Etizin,train
115,21,5.476190476190476,233.0782608695652,43.634109251171004,3584.2258527405925,0.14616977225672878,True,data/metadata/Doctor’s Handwritten Prescription BD dataset/Training/training_words/1100.png,Etizin,train
101,34,2.9705882352941178,232.83954571927782,40.44415100507913,3324.5332811356784,0.11298776936517181,False,data/metadata/Doctor’s Handwritten Prescription BD dataset/Training/training_words/1101.png,Etizin,train
165,62,2.661290322580645,240.34017595307918,46.22614328852992,1879.018963831867,0.07116324535679375,False,data/metadata/Doctor’s Handwritten Prescription BD dataset/Training/training_words/1102.png,Etizin,train
185,55,3.3636363636363638,239.2819656019656,47.83537909269985,1772.9876132207255,0.08245700245700245,False,data/metadata/Doctor’s Handwritten Prescription BD dataset/Training/training_words/1103.png,Etizin,train
148,27,5.481481481481482,236.78103103103103,37.457802090826334,2655.515800272244,0.10485485485485485,False,data/metadata/Doctor’s Handwritten Prescription BD dataset/Training/training_words/1104.png,Etizin,train
169,96,1.7604166666666667,241.4950073964497,52.39716235639965,3524.8683431952663,0.052144970414201186,False,data/metadata/Doctor’s Handwritten Prescription BD dataset/Training/training_words/1105.png,Etizin,train
166,94,1.7659574468085106,238.98788772109717,56.001870317246464,3919.0138426044605,0.062355806203537555,False,data/metadata/Doctor’s Handwritten Prescription BD dataset/Training/training_words/1106.png,Etizin,train
150,71,2.112676056338028,228.6700469483568,70.86995201155325,6182.874929577465,0.10366197183098591,False,data/metadata/Doctor’s Handwritten Prescription BD dataset/Training/training_words/1107.png,Etizin,train
158,86,1.8372093023255813,237.05357668531056,59.64955119380526,4698.804827789226,0.06932587577274066,False,data/metadata/Doctor’s Handwritten Prescription BD dataset/Training/training_words/1108.png,Etizin,train
133,53,2.509433962264151,237.49226840686623,53.209300443221366,6776.26783868533,0.07447864945382324,False,data/metadata/Doctor’s Handwritten Prescription BD dataset/Training/training_words/1109.png,Etizin,train
161,76,2.1184210526315788,234.4317587446878,63.42479646800735,5272.863844393592,0.08017325923504413,False,data/metadata/Doctor’s Handwritten Prescription BD dataset/Training/training_words/1110.png,Etizin,train
170,71,2.3943661971830985,232.25095277547638,66.56592303646832,5685.1136692684,0.0884009942004971,False,data/metadata/Doctor’s Handwritten Prescription BD dataset/Training/training_words/1111.png,Etizin,train
196,57,3.43859649122807,240.59183673469389,45.924287361549204,1875.0698174006445,0.07062298603651987,False,data/metadata/Doctor’s Handwritten Prescription BD dataset/Training/training_words/1112.png,Etizin,train
147,79,1.860759493670886,233.88659261172825,64.01721414122923,5704.249720141221,0.08068543873245501,False,data/metadata/Doctor’s Handwritten Prescription BD dataset/Training/training_words/1113.png,Etizin,train
123,49,2.510204081632653,235.70632155301143,55.96014455118588,7549.217771617787,0.0783142525302804,False,data/metadata/Doctor’s Handwritten Prescription BD dataset/Training/training_words/1114.png,Etizin,train
107,43,2.488372093023256,228.3173223212345,65.14817629756915,9996.0243447072,0.11367094109976092,True,data/metadata/Doctor’s Handwritten Prescription BD dataset/Training/training_words/1115.png,Etizin,train
138,38,3.6315789473684212,232.19946605644546,60.95082072776736,8768.443877307602,0.09744469870327994,True,data/metadata/Doctor’s Handwritten Prescription BD dataset/Training/training_words/1116.png,Etizin,train
119,39,3.051282051282051,230.44193061840122,61.86091850749695,10090.208537853012,0.10148674854557208,False,data/metadata/Doctor’s Handwritten Prescription BD dataset/Training/training_words/1117.png,Etizin,train
113,42,2.6904761904761907,227.4519595448799,65.67099538459313,10332.571851799168,0.11061946902654868,True,data/metadata/Doctor’s Handwritten Prescription BD dataset/Training/training_words/1118.png,Etizin,train
120,47,2.5531914893617023,231.57925531914893,60.775132811370945,8723.855400130778,0.09485815602836879,True,data/metadata/Doctor’s Handwritten Prescription BD dataset/Training/training_words/1119.png,Etizin,train
187,64,2.921875,229.30205548128342,70.12242151969434,5267.273227911463,0.09943181818181818,False,data/metadata/Doctor’s Handwritten Prescription BD dataset/Training/training_words/1120.png,Exium,train
83,33,2.515151515151515,237.39941584519897,54.1134429638962,20183.126073546406,0.0832420591456736,False,data/metadata/Doctor’s Handwritten Prescription BD dataset/Training/training_words/1121.png,Exium,train
98,23,4.260869565217392,236.12954747116237,56.1665122203946,23561.90105512905,0.08828748890860692,False,data/metadata/Doctor’s Handwritten Prescription BD dataset/Training/training_words/1122.png,Exium,train
65,26,2.5,224.50828402366864,70.65763937735868,37188.26199502819,0.10473372781065089,True,data/metadata/Doctor’s Handwritten Prescription BD dataset/Training/training_words/1123.png,Exium,train
187,64,2.921875,229.30205548128342,70.12242151969434,5267.273227911463,0.09943181818181818,False,data/metadata/Doctor’s Handwritten Prescription BD dataset/Training/training_words/1124.png,Exium,train
92,29,3.1724137931034484,237.67466266866566,50.650171596523464,13782.456291766035,0.08883058470764618,True,data/metadata/Doctor’s Handwritten Prescription BD dataset/Training/training_words/1125.png,Exium,train
67,22,3.0454545454545454,235.10312075983717,54.78471697600942,23838.55535569961,0.1010854816824966,True,data/metadata/Doctor’s Handwritten Prescription BD dataset/Training/training_words/1126.png,Exium,train
95,37,2.5675675675675675,238.41024182076814,53.618377646296764,21175.485017391424,0.07823613086770982,True,data/metadata/Doctor’s Handwritten Prescription BD dataset/Training/training_words/1127.png,Exium,train
524,118,4.440677966101695,223.40747509380256,71.40971799541765,1077.1837883035114,0.10644973476517014,False,data/metadata/Doctor’s Handwritten Prescription BD dataset/Training/training_words/1128.png,Exium,train
94,27,3.4814814814814814,236.59929078014184,54.601895689558084,22832.14194907229,0.08628841607565012,False,data/metadata/Doctor’s Handwritten Prescription BD dataset/Training/training_words/1129.png,Exium,train
114,24,4.75,240.67251461988303,49.07736676681427,20479.88076446065,0.06761695906432749,True,data/metadata/Doctor’s Handwritten Prescription BD dataset/Training/training_words/1130.png,Exium,train
79,26,3.0384615384615383,200.30866601752678,85.44619216486261,10099.793573515093,0.18062317429406036,False,data/metadata/Doctor’s Handwritten Prescription BD dataset/Training/training_words/1131.png,Exium,train
77,16,4.8125,236.4862012987013,53.91893390055543,26169.945519375106,0.08441558441558442,True,data/metadata/Doctor’s Handwritten Prescription BD dataset/Training/training_words/1132.png,Exium,train
76,32,2.375,215.37171052631578,70.20825451709547,9222.829769736842,0.12541118421052633,False,data/metadata/Doctor’s Handwritten Prescription BD dataset/Training/training_words/1133.png,Exium,train
71,30,2.3666666666666667,211.72159624413146,74.51654480110572,10459.076995305164,0.13943661971830987,False,data/metadata/Doctor’s Handwritten Prescription BD dataset/Training/training_words/1134.png,Exium,train
179,70,2.557142857142857,237.13144453312051,59.62855261181947,3887.137909018356,0.06831604150039904,False,data/metadata/Doctor’s Handwritten Prescription BD dataset/Training/training_words/1135.png,Exium,train
101,23,4.391304347826087,236.53465346534654,54.95556049298921,22789.10692139045,0.0878174773999139,True,data/metadata/Doctor’s Handwritten Prescription BD dataset/Training/training_words/1136.png,Exium,train
228,54,4.222222222222222,233.98651721897335,63.912923118423016,4368.942007797271,0.08235867446393762,False,data/metadata/Doctor’s Handwritten Prescription BD dataset/Training/training_words/1137.png,Exium,train
222,84,2.642857142857143,240.2550943800944,54.79599147654871,3038.3166023166023,0.05673530673530674,False,data/metadata/Doctor’s Handwritten Prescription BD dataset/Training/training_words/1138.png,Exium,train
191,80,2.3875,238.9312827225131,56.268159283381245,3255.4302356020944,0.06223821989528796,False,data/metadata/Doctor’s Handwritten Prescription BD dataset/Training/training_words/1139.png,Exium,train
223,65,3.4307692307692306,234.16233183856502,64.22593841088776,4011.3291479820628,0.0806484994825802,False,data/metadata/Doctor’s Handwritten Prescription BD dataset/Training/training_words/1140.png,Exium,train
204,78,2.6153846153846154,236.47486173956761,61.02663968032475,3796.9744846656613,0.07114127702362996,False,data/metadata/Doctor’s Handwritten Prescription BD dataset/Training/training_words/1141.png,Exium,train
94,16,5.875,191.0837765957447,77.69339906374125,23758.866189717493,0.2473404255319149,True,data/metadata/Doctor’s Handwritten Prescription BD dataset/Training/training_words/1142.png,Exium,train
84,19,4.421052631578948,231.16165413533835,66.40013273585394,44944.72395273899,0.11152882205513784,False,data/metadata/Doctor’s Handwritten Prescription BD dataset/Training/training_words/1143.png,Exium,train
192,84,2.2857142857142856,237.95120287698413,58.587357506671985,3513.0535714285716,0.06560019841269842,False,data/metadata/Doctor’s Handwritten Prescription BD dataset/Training/training_words/1144.png,Exium,train
192,84,2.2857142857142856,237.95120287698413,58.587357506671985,3513.0535714285716,0.06560019841269842,False,data/metadata/Doctor’s Handwritten Prescription BD dataset/Training/training_words/1145.png,Exium,train
177,69,2.5652173913043477,234.77777777777777,63.21198013739383,4332.260214525506,0.07885040530582167,False,data/metadata/Doctor’s Handwritten Prescription BD dataset/Training/training_words/1146.png,Exium,train
177,69,2.5652173913043477,234.77777777777777,63.21198013739383,4332.260214525506,0.07885040530582167,False,data/metadata/Doctor’s Handwritten Prescription BD dataset/Training/training_words/1147.png,Exium,train
176,74,2.3783783783783785,232.41469594594594,66.61388017201948,4418.819103194103,0.08929668304668305,True,data/metadata/Doctor’s Handwritten Prescription BD dataset/Training/training_words/1148.png,Exium,train
85,25,3.4,232.18917647058822,59.82293855177007,27891.88649500346,0.11247058823529411,True,data/metadata/Doctor’s Handwritten Prescription BD dataset/Training/training_words/1149.png,Exium,train
228,54,4.222222222222222,233.98651721897335,63.912923118423016,4368.942007797271,0.08235867446393762,False,data/metadata/Doctor’s Handwritten Prescription BD dataset/Training/training_words/1150.png,Exium,train
176,74,2.3783783783783785,232.41469594594594,66.61388017201948,4418.819103194103,0.08929668304668305,True,data/metadata/Doctor’s Handwritten Prescription BD dataset/Training/training_words/1151.png,Exium,train
163,35,4.6571428571428575,191.8943032427695,77.19940746328824,6466.0526825416455,0.24469763365468886,True,data/metadata/Doctor’s Handwritten Prescription BD dataset/Training/training_words/1152.png,Exium,train
179,58,3.086206896551724,229.9717780774417,68.87269526909078,5505.836062415719,0.09574263147755731,False,data/metadata/Doctor’s Handwritten Prescription BD dataset/Training/training_words/1153.png,Exium,train
73,18,4.055555555555555,238.64307458143074,50.329837505825296,23104.224965191628,0.08751902587519025,True,data/metadata/Doctor’s Handwritten Prescription BD dataset/Training/training_words/1154.png,Exium,train
87,15,5.8,237.32720306513409,52.30829098690052,24306.826893322177,0.0896551724137931,True,data/metadata/Doctor’s Handwritten Prescription BD dataset/Training/training_words/1155.png,Exium,train
88,25,3.52,236.9481818181818,51.73785361506809,16844.26333553719,0.08136363636363636,True,data/metadata/Doctor’s Handwritten Prescription BD dataset/Training/training_words/1156.png,Exium,train
82,25,3.28,236.28682926829268,55.94549326599712,22263.26503295657,0.08634146341463414,True,data/metadata/Doctor’s Handwritten Prescription BD dataset/Training/training_words/1157.png,Exium,train
82,26,3.1538461538461537,235.77861163227016,56.728549122131426,23449.875839965644,0.08958724202626642,True,data/metadata/Doctor’s Handwritten Prescription BD dataset/Training/training_words/1158.png,Exium,train
86,28,3.0714285714285716,238.78197674418604,51.88087931615461,19896.466791205392,0.07475083056478406,True,data/metadata/Doctor’s Handwritten Prescription BD dataset/Training/training_words/1159.png,Exium,train
218,65,3.353846153846154,233.4378969654199,64.8689008793393,5185.6985179957655,0.08299223712067749,False,data/metadata/Doctor’s Handwritten Prescription BD dataset/Training/training_words/1160.png,Fenadin,train
103,28,3.6785714285714284,236.50381414701803,56.51699067630496,18357.70949145989,0.0825242718446602,True,data/metadata/Doctor’s Handwritten Prescription BD dataset/Training/training_words/1161.png,Fenadin,train
98,22,4.454545454545454,230.12105751391465,66.27904342548581,30799.51365370318,0.10853432282003711,True,data/metadata/Doctor’s Handwritten Prescription BD dataset/Training/training_words/1162.png,Fenadin,train
184,27,6.814814814814815,235.95893719806764,58.98194206169925,30032.587779015976,0.0821256038647343,True,data/metadata/Doctor’s Handwritten Prescription BD dataset/Training/training_words/1163.png,Fenadin,train
193,57,3.3859649122807016,232.40341787110262,65.83237510379624,5767.868557403873,0.08635578583765112,False,data/metadata/Doctor’s Handwritten Prescription BD dataset/Training/training_words/1164.png,Fenadin,train
106,26,4.076923076923077,224.27685050798257,67.67138582700139,14577.655372840049,0.12772133526850507,True,data/metadata/Doctor’s Handwritten Prescription BD dataset/Training/training_words/1165.png,Fenadin,train
124,21,5.904761904761905,224.6363287250384,69.89838082403111,20944.300042944684,0.13556067588325652,True,data/metadata/Doctor’s Handwritten Prescription BD dataset/Training/training_words/1166.png,Fenadin,train
146,21,6.9523809523809526,227.31213307240705,64.84315536231806,27136.987080595674,0.104044357469015,True,data/metadata/Doctor’s Handwritten Prescription BD dataset/Training/training_words/1167.png,Fenadin,train
94,35,2.6857142857142855,225.22674772036473,61.32420905210638,9223.551621751461,0.12249240121580547,False,data/metadata/Doctor’s Handwritten Prescription BD dataset/Training/training_words/1168.png,Fenadin,train
674,76,8.868421052631579,238.97022879900047,54.58929285924032,6885.681898451458,0.07555052319225364,True,data/metadata/Doctor’s Handwritten Prescription BD dataset/Training/training_words/1169.png,Fenadin,train
140,28,5.0,207.91275510204082,93.66093069870803,22508.206517857143,0.18903061224489795,True,data/metadata/Doctor’s Handwritten Prescription BD dataset/Training/training_words/1170.png,Fenadin,train
220,74,2.972972972972973,238.78304668304668,56.33442052752711,4245.551137189931,0.06173218673218673,False,data/metadata/Doctor’s Handwritten Prescription BD dataset/Training/training_words/1171.png,Fenadin,train
109,30,3.6333333333333333,229.99418960244648,67.80378889759223,29925.84632428995,0.10672782874617737,True,data/metadata/Doctor’s Handwritten Prescription BD dataset/Training/training_words/1172.png,Fenadin,train
217,61,3.557377049180328,234.51529802825414,62.87097901598752,5343.828359078448,0.07932310946589106,True,data/metadata/Doctor’s Handwritten Prescription BD dataset/Training/training_words/1173.png,Fenadin,train
203,52,3.9038461538461537,231.91796134899585,67.04922105584487,6340.5230153359535,0.08791208791208792,False,data/metadata/Doctor’s Handwritten Prescription BD dataset/Training/training_words/1174.png,Fenadin,train
186,57,3.263157894736842,226.58253159781174,72.9170700351698,6023.965666855311,0.11026221467647614,True,data/metadata/Doctor’s Handwritten Prescription BD dataset/Training/training_words/1175.png,Fenadin,train
140,29,4.827586206896552,234.43349753694582,58.16067654897276,18698.58822168701,0.0958128078817734,True,data/metadata/Doctor’s Handwritten Prescription BD dataset/Training/training_words/1176.png,Fenadin,train
203,53,3.830188679245283,232.58778696904918,65.66065894873358,5702.544102611767,0.0856956966260805,False,data/metadata/Doctor’s Handwritten Prescription BD dataset/Training/training_words/1177.png,Fenadin,train
192,65,2.953846153846154,229.1303685897436,70.80066642490236,4720.496233813846,0.10032051282051282,False,data/metadata/Doctor’s Handwritten Prescription BD dataset/Training/training_words/1178.png,Fenadin,train
192,65,2.953846153846154,229.1303685897436,70.80066642490236,4720.496233813846,0.10032051282051282,False,data/metadata/Doctor’s Handwritten Prescription BD dataset/Training/training_words/1179.png,Fenadin,train
197,63,3.126984126984127,230.97550559987107,68.2301593827826,4961.9112821342915,0.09193457416807671,False,data/metadata/Doctor’s Handwritten Prescription BD dataset/Training/training_words/1180.png,Fenadin,train
197,63,3.126984126984127,230.97550559987107,68.2301593827826,4961.9112821342915,0.09193457416807671,False,data/metadata/Doctor’s Handwritten Prescription BD dataset/Training/training_words/1181.png,Fenadin,train
132,47,2.8085106382978724,236.02063185041908,56.48354284538747,15649.84035223942,0.08478401031592521,False,data/metadata/Doctor’s Handwritten Prescription BD dataset/Training/training_words/1182.png,Fenadin,train
124,45,2.7555555555555555,231.0983870967742,48.85137834142783,5369.575029354711,0.07491039426523298,False,data/metadata/Doctor’s Handwritten Prescription BD dataset/Training/training_words/1183.png,Fenadin,train
204,66,3.090909090909091,237.75616458704695,58.07798868318787,4293.900768105366,0.06714200831847891,False,data/metadata/Doctor’s Handwritten Prescription BD dataset/Training/training_words/1184.png,Fenadin,train
204,66,3.090909090909091,237.75616458704695,58.07798868318787,4293.900768105366,0.06714200831847891,False,data/metadata/Doctor’s Handwritten Prescription BD dataset/Training/training_words/1185.png,Fenadin,train
212,65,3.2615384615384615,237.016618287373,58.96365710173305,5081.814076267955,0.06915820029027576,False,data/metadata/Doctor’s Handwritten Prescription BD dataset/Training/training_words/1186.png,Fenadin,train
207,70,2.9571428571428573,235.80220841959974,62.00221012185944,4845.44222330338,0.0738440303657695,True,data/metadata/Doctor’s Handwritten Prescription BD dataset/Training/training_words/1187.png,Fenadin,train
217,67,3.2388059701492535,239.5853910172639,54.69810393024925,3937.257995735608,0.05928880940917532,False,data/metadata/Doctor’s Handwritten Prescription BD dataset/Training/training_words/1188.png,Fenadin,train
90,30,3.0,230.29962962962964,66.08321521533406,26901.012468587105,0.10629629629629629,True,data/metadata/Doctor’s Handwritten Prescription BD dataset/Training/training_words/1189.png,Fenadin,train
186,54,3.4444444444444446,230.01194743130227,68.42818151986734,6556.36369534978,0.09747112704101951,False,data/metadata/Doctor’s Handwritten Prescription BD dataset/Training/training_words/1190.png,Fenadin,train
228,66,3.4545454545454546,237.2757841573631,58.996746758669005,4726.0503721424775,0.06990962254120149,False,data/metadata/Doctor’s Handwritten Prescription BD dataset/Training/training_words/1191.png,Fenadin,train
92,30,3.066666666666667,219.5413043478261,70.29733252846452,20037.990277252677,0.12934782608695652,True,data/metadata/Doctor’s Handwritten Prescription BD dataset/Training/training_words/1192.png,Fenadin,train
185,70,2.642857142857143,237.02895752895753,59.199132664082704,4929.4138996139,0.06911196911196911,False,data/metadata/Doctor’s Handwritten Prescription BD dataset/Training/training_words/1193.png,Fenadin,train
86,24,3.5833333333333335,228.12839147286823,66.40775417132632,21068.943704555015,0.12160852713178294,True,data/metadata/Doctor’s Handwritten Prescription BD dataset/Training/training_words/1194.png,Fenadin,train
94,32,2.9375,219.7094414893617,77.70774757512088,27280.92241865221,0.15558510638297873,True,data/metadata/Doctor’s Handwritten Prescription BD dataset/Training/training_words/1195.png,Fenadin,train
91,15,6.066666666666666,224.8212454212454,72.7523491753829,38976.63210830684,0.1282051282051282,True,data/metadata/Doctor’s Handwritten Prescription BD dataset/Training/training_words/1196.png,Fenadin,train
119,33,3.606060606060606,234.75986758339698,60.51613281869182,21225.81076118666,0.08887191240132417,True,data/metadata/Doctor’s Handwritten Prescription BD dataset/Training/training_words/1197.png,Fenadin,train
89,19,4.684210526315789,224.53341218214075,73.18724663831642,34335.64316041967,0.13187463039621525,True,data/metadata/Doctor’s Handwritten Prescription BD dataset/Training/training_words/1198.png,Fenadin,train
104,30,3.466666666666667,228.02211538461538,59.79471686324735,11209.342573861768,0.1064102564102564,False,data/metadata/Doctor’s Handwritten Prescription BD dataset/Training/training_words/1199.png,Fenadin,train
107,32,3.34375,212.95122663551402,60.2488289888144,11697.498657002658,0.15595794392523366,True,data/metadata/Doctor’s Handwritten Prescription BD dataset/Training/training_words/1200.png,Fexofast,train
181,65,2.7846153846153845,220.28644283892902,79.70611483336924,8058.089143979646,0.13540161495962602,False,data/metadata/Doctor’s Handwritten Prescription BD dataset/Training/training_words/1201.png,Fexofast,train
89,38,2.3421052631578947,214.30189237137787,71.41885671989618,9801.717111339434,0.13098758131283264,False,data/metadata/Doctor’s Handwritten Prescription BD dataset/Training/training_words/1202.png,Fexofast,train
115,29,3.9655172413793105,207.41709145427285,77.79391300921615,11157.11664167916,0.15892053973013492,False,data/metadata/Doctor’s Handwritten Prescription BD dataset/Training/training_words/1203.png,Fexofast,train
97,24,4.041666666666667,213.2951030927835,66.9704128399368,18887.336107716015,0.18685567010309279,True,data/metadata/Doctor’s Handwritten Prescription BD dataset/Training/training_words/1204.png,Fexofast,train
114,29,3.9310344827586206,210.26769509981852,75.26524198787408,9830.180278281912,0.14367816091954022,False,data/metadata/Doctor’s Handwritten Prescription BD dataset/Training/training_words/1205.png,Fexofast,train
160,32,5.0,230.785546875,70.3324201372111,29934.369050254823,0.0998046875,True,data/metadata/Doctor’s Handwritten Prescription BD dataset/Training/training_words/1206.png,Fexofast,train
211,62,3.403225806451613,237.4337257300107,62.99793183912732,17758.86061218968,0.06979055190337868,True,data/metadata/Doctor’s Handwritten Prescription BD dataset/Training/training_words/1207.png,Fexofast,train
104,31,3.3548387096774195,212.68238213399505,73.76357333837304,8921.062034739454,0.13864764267990073,False,data/metadata/Doctor’s Handwritten Prescription BD dataset/Training/training_words/1208.png,Fexofast,train
106,34,3.1176470588235294,213.59100998890122,60.414015426159345,12179.668423665405,0.16453940066592676,True,data/metadata/Doctor’s Handwritten Prescription BD dataset/Training/training_words/1209.png,Fexofast,train
102,28,3.642857142857143,215.47899159663865,69.32576637569152,20364.083992420496,0.16981792717086835,True,data/metadata/Doctor’s Handwritten Prescription BD dataset/Training/training_words/1210.png,Fexofast,train
127,33,3.8484848484848486,215.0971128608924,60.10918538192678,13871.514932892125,0.1321880219518015,True,data/metadata/Doctor’s Handwritten Prescription BD dataset/Training/training_words/1211.png,Fexofast,train
169,52,3.25,214.28812016385982,85.71737259959832,8561.175807803354,0.15771506599908966,False,data/metadata/Doctor’s Handwritten Prescription BD dataset/Training/training_words/1212.png,Fexofast,train
100,28,3.5714285714285716,218.5182142857143,67.15947723535011,20095.627991836733,0.1625,True,data/metadata/Doctor’s Handwritten Prescription BD dataset/Training/training_words/1213.png,Fexofast,train
115,41,2.8048780487804876,214.9544008483563,62.57504880556255,12848.908654381394,0.1423117709437964,True,data/metadata/Doctor’s Handwritten Prescription BD dataset/Training/training_words/1214.png,Fexofast,train
124,31,4.0,225.17403746097816,60.54475767418563,15406.773053008541,0.14516129032258066,True,data/metadata/Doctor’s Handwritten Prescription BD dataset/Training/training_words/1215.png,Fexofast,train
187,67,2.791044776119403,228.4796073110384,71.42607601930155,5828.961609066964,0.1024024263708197,False,data/metadata/Doctor’s Handwritten Prescription BD dataset/Training/training_words/1216.png,Fexofast,train
106,31,3.4193548387096775,210.83901399878272,62.16258853026575,12994.48927660793,0.15429093122337187,True,data/metadata/Doctor’s Handwritten Prescription BD dataset/Training/training_words/1217.png,Fexofast,train
126,37,3.4054054054054053,215.15508365508364,60.36165648914508,11452.890737814483,0.1362076362076362,True,data/metadata/Doctor’s Handwritten Prescription BD dataset/Training/training_words/1218.png,Fexofast,train
115,28,4.107142857142857,221.8944099378882,61.49733645542264,14264.289745380192,0.16614906832298137,True,data/metadata/Doctor’s Handwritten Prescription BD dataset/Training/training_words/1219.png,Fexofast,train
142,40,3.55,216.68838028169014,56.494777948096065,9672.523086193216,0.12394366197183099,True,data/metadata/Doctor’s Handwritten Prescription BD dataset/Training/training_words/1220.png,Fexofast,train
158,32,4.9375,227.0342167721519,55.781032191182774,10589.836667887694,0.14220727848101267,True,data/metadata/Doctor’s Handwritten Prescription BD dataset/Training/training_words/1221.png,Fexofast,train
160,32,5.0,230.785546875,70.3324201372111,29934.369050254823,0.0998046875,True,data/metadata/Doctor’s Handwritten Prescription BD dataset/Training/training_words/1222.png,Fexofast,train
106,29,3.6551724137931036,195.91086532205594,88.70622451164678,10678.860101025708,0.202992843201041,True,data/metadata/Doctor’s Handwritten Prescription BD dataset/Training/training_words/1223.png,Fexofast,train
129,43,3.0,218.7798810167658,50.79486849076347,7585.5577748521255,0.11375518298179196,True,data/metadata/Doctor’s Handwritten Prescription BD dataset/Training/training_words/1224.png,Fexofast,train
99,25,3.96,213.75030303030303,65.54281717889883,14179.18960661157,0.18626262626262627,True,data/metadata/Doctor’s Handwritten Prescription BD dataset/Training/training_words/1225.png,Fexofast,train
113,27,4.185185185185185,223.82268108816783,56.360306303900785,12740.322751184633,0.1710914454277286,True,data/metadata/Doctor’s Handwritten Prescription BD dataset/Training/training_words/1226.png,Fexofast,train
128,42,3.0476190476190474,212.72079613095238,52.74859284082945,8174.131200258424,0.12946428571428573,True,data/metadata/Doctor’s Handwritten Prescription BD dataset/Training/training_words/1227.png,Fexofast,train
108,33,3.272727272727273,222.86560044893378,56.50009838448532,11816.686412305497,0.17901234567901234,True,data/metadata/Doctor’s Handwritten Prescription BD dataset/Training/training_words/1228.png,Fexofast,train
187,67,2.791044776119403,228.4796073110384,71.42607601930155,5828.961609066964,0.1024024263708197,False,data/metadata/Doctor’s Handwritten Prescription BD dataset/Training/training_words/1229.png,Fexofast,train
98,26,3.769230769230769,215.71664050235478,67.3260693431866,20252.044708319267,0.16875981161695447,True,data/metadata/Doctor’s Handwritten Prescription BD dataset/Training/training_words/1230.png,Fexofast,train
129,42,3.0714285714285716,214.50092284976006,52.83848240135205,8399.63511562909,0.12919896640826872,True,data/metadata/Doctor’s Handwritten Prescription BD dataset/Training/training_words/1231.png,Fexofast,train
179,65,2.753846153846154,225.5859905457671,75.00913837262387,6254.411001289213,0.11491190373871939,False,data/metadata/Doctor’s Handwritten Prescription BD dataset/Training/training_words/1232.png,Fexofast,train
106,32,3.3125,209.42423349056602,62.72429688576354,14081.331878281859,0.15536556603773585,True,data/metadata/Doctor’s Handwritten Prescription BD dataset/Training/training_words/1233.png,Fexofast,train
211,48,4.395833333333333,212.39780805687204,87.43320415447607,8637.685915064038,0.16824644549763032,False,data/metadata/Doctor’s Handwritten Prescription BD dataset/Training/training_words/1234.png,Fexofast,train
200,57,3.508771929824561,224.67912280701754,74.65280704186905,7090.343122314558,0.11947368421052632,False,data/metadata/Doctor’s Handwritten Prescription BD dataset/Training/training_words/1235.png,Fexofast,train
186,57,3.263157894736842,221.46811922278815,77.9257307792335,8388.403962285362,0.12724014336917563,False,data/metadata/Doctor’s Handwritten Prescription BD dataset/Training/training_words/1236.png,Fexofast,train
205,50,4.1,220.9488780487805,78.88151733321314,7812.321460663891,0.13375609756097562,False,data/metadata/Doctor’s Handwritten Prescription BD dataset/Training/training_words/1237.png,Fexofast,train
215,56,3.8392857142857144,224.834219269103,74.56130897334776,6935.587955258496,0.11818936877076412,False,data/metadata/Doctor’s Handwritten Prescription BD dataset/Training/training_words/1238.png,Fexofast,train
211,62,3.403225806451613,237.4337257300107,62.99793183912732,17758.86061218968,0.06979055190337868,True,data/metadata/Doctor’s Handwritten Prescription BD dataset/Training/training_words/1239.png,Fexofast,train
245,136,1.8014705882352942,235.44393757503002,53.88997541325958,823.5860746279304,0.06542617046818727,True,data/metadata/Doctor’s Handwritten Prescription BD dataset/Training/training_words/1240.png,Fexo,train
177,89,1.9887640449438202,229.9772106900273,55.656921724635744,1095.4133388269522,0.07363676759982225,False,data/metadata/Doctor’s Handwritten Prescription BD dataset/Training/training_words/1241.png,Fexo,train
143,58,2.4655172413793105,236.33747287195564,60.37320074261671,3945.814323607427,0.07149746804919219,False,data/metadata/Doctor’s Handwritten Prescription BD dataset/Training/training_words/1242.png,Fexo,train
71,19,3.736842105263158,209.17642698295035,91.94248375498067,53177.923976302896,0.17346182357301704,True,data/metadata/Doctor’s Handwritten Prescription BD dataset/Training/training_words/1243.png,Fexo,train
102,25,4.08,227.59411764705882,68.79512326470363,41950.17373871588,0.1011764705882353,True,data/metadata/Doctor’s Handwritten Prescription BD dataset/Training/training_words/1244.png,Fexo,train
119,54,2.2037037037037037,220.47370059134764,79.89850788147979,6187.4882936955955,0.13523187052598817,False,data/metadata/Doctor’s Handwritten Prescription BD dataset/Training/training_words/1245.png,Fexo,train
141,85,1.6588235294117648,235.3214851898206,62.72893943734398,3830.7372549019606,0.07801418439716312,False,data/metadata/Doctor’s Handwritten Prescription BD dataset/Training/training_words/1246.png,Fexo,train
153,84,1.8214285714285714,240.7767662620604,53.51792616186187,2497.218487394958,0.0557889822595705,False,data/metadata/Doctor’s Handwritten Prescription BD dataset/Training/training_words/1247.png,Fexo,train
139,62,2.2419354838709675,223.60187978649338,70.23942663339648,2317.906818068105,0.1177767463448596,False,data/metadata/Doctor’s Handwritten Prescription BD dataset/Training/training_words/1248.png,Fexo,train
142,85,1.6705882352941177,238.97390223695112,56.506080190769325,3151.8621375310686,0.061226180613090306,False,data/metadata/Doctor’s Handwritten Prescription BD dataset/Training/training_words/1249.png,Fexo,train
140,71,1.971830985915493,234.78008048289738,62.38742235742702,4151.88953722334,0.07736418511066398,False,data/metadata/Doctor’s Handwritten Prescription BD dataset/Training/training_words/1250.png,Fexo,train
151,77,1.9610389610389611,234.84028554227228,63.98609389905156,3455.6910639029843,0.07912617184140364,False,data/metadata/Doctor’s Handwritten Prescription BD dataset/Training/training_words/1251.png,Fexo,train
98,75,1.3066666666666666,230.02326530612245,62.93633217550196,2336.0790461196725,0.09904761904761905,False,data/metadata/Doctor’s Handwritten Prescription BD dataset/Training/training_words/1252.png,Fexo,train
150,86,1.744186046511628,235.68457364341086,62.42364360887121,3837.646356589147,0.0762015503875969,False,data/metadata/Doctor’s Handwritten Prescription BD dataset/Training/training_words/1253.png,Fexo,train
119,60,1.9833333333333334,229.34425770308124,70.12165680259068,5101.987114845939,0.10112044817927171,False,data/metadata/Doctor’s Handwritten Prescription BD dataset/Training/training_words/1254.png,Fexo,train
123,69,1.7826086956521738,238.8178390479557,56.11846823133271,4096.81748556616,0.05973842347119123,False,data/metadata/Doctor’s Handwritten Prescription BD dataset/Training/training_words/1255.png,Fexo,train
135,54,2.5,214.61522633744855,76.86838172064436,1902.1502279462816,0.1467764060356653,False,data/metadata/Doctor’s Handwritten Prescription BD dataset/Training/training_words/1256.png,Fexo,train
157,53,2.9622641509433962,216.5444057204663,86.5470438515003,14250.197391699865,0.15166446340584064,True,data/metadata/Doctor’s Handwritten Prescription BD dataset/Training/training_words/1257.png,Fexo,train
109,62,1.7580645161290323,225.34477656111275,74.78338519474528,5837.291506362829,0.11364308967150044,False,data/metadata/Doctor’s Handwritten Prescription BD dataset/Training/training_words/1258.png,Fexo,train
126,66,1.9090909090909092,231.42279942279941,67.26880260134442,5080.474688246213,0.09199134199134198,False,data/metadata/Doctor’s Handwritten Prescription BD dataset/Training/training_words/1259.png,Fexo,train
124,58,2.1379310344827585,227.08634593993327,73.59297859695874,5153.514029287733,0.10803670745272526,False,data/metadata/Doctor’s Handwritten Prescription BD dataset/Training/training_words/1260.png,Fexo,train
145,59,2.457627118644068,232.36855639976622,66.5886181038363,4138.56984185596,0.08731735827001753,True,data/metadata/Doctor’s Handwritten Prescription BD dataset/Training/training_words/1261.png,Fexo,train
146,100,1.46,227.3299315068493,60.66414149239242,1473.7089654672543,0.09013698630136986,False,data/metadata/Doctor’s Handwritten Prescription BD dataset/Training/training_words/1262.png,Fexo,train
147,62,2.370967741935484,232.13254333991662,60.137394704018,2553.5657228707987,0.0892034233048058,False,data/metadata/Doctor’s Handwritten Prescription BD dataset/Training/training_words/1263.png,Fexo,train
147,64,2.296875,238.78550170068027,55.526290295219404,4187.2329877289985,0.06792091836734694,False,data/metadata/Doctor’s Handwritten Prescription BD dataset/Training/training_words/1264.png,Fexo,train
134,65,2.0615384615384613,236.78874856486797,58.684997796726236,4389.509529276694,0.07083811710677382,False,data/metadata/Doctor’s Handwritten Prescription BD dataset/Training/training_words/1265.png,Fexo,train
123,55,2.2363636363636363,231.43725055432373,66.6745840969603,5031.605321507761,0.08972653362897265,False,data/metadata/Doctor’s Handwritten Prescription BD dataset/Training/training_words/1266.png,Fexo,train
109,31,3.5161290322580645,215.2775969221663,85.58959317191102,21093.49334770641,0.14945250073986385,True,data/metadata/Doctor’s Handwritten Prescription BD dataset/Training/training_words/1267.png,Fexo,train
293,128,2.2890625,239.01538502559728,57.92878827084121,5025.011860963926,0.0672994880546075,True,data/metadata/Doctor’s Handwritten Prescription BD dataset/Training/training_words/1268.png,Fexo,train
134,63,2.126984126984127,172.1934375740346,74.72833299521497,1546.0039603681707,0.18704098554844822,True,data/metadata/Doctor’s Handwritten Prescription BD dataset/Training/training_words/1269.png,Fexo,train
293,128,2.2890625,239.01538502559728,57.92878827084121,5025.011860963926,0.0672994880546075,True,data/metadata/Doctor’s Handwritten Prescription BD dataset/Training/training_words/1270.png,Fexo,train
157,53,2.9622641509433962,216.5444057204663,86.5470438515003,14250.197391699865,0.15166446340584064,True,data/metadata/Doctor’s Handwritten Prescription BD dataset/Training/training_words/1271.png,Fexo,train
153,66,2.3181818181818183,215.15686274509804,69.29063050998853,1310.0934718546127,0.12418300653594772,True,data/metadata/Doctor’s Handwritten Prescription BD dataset/Training/training_words/1272.png,Fexo,train
71,29,2.4482758620689653,203.0199125789218,95.81318886539441,21558.8691389347,0.21029626032054397,True,data/metadata/Doctor’s Handwritten Prescription BD dataset/Training/training_words/1273.png,Fexo,train
106,60,1.7666666666666666,230.0693396226415,62.30987991813945,2826.378409057197,0.0938679245283019,False,data/metadata/Doctor’s Handwritten Prescription BD dataset/Training/training_words/1274.png,Fexo,train
118,70,1.6857142857142857,230.56053268765135,62.754240987712116,2215.9348498847976,0.09491525423728814,False,data/metadata/Doctor’s Handwritten Prescription BD dataset/Training/training_words/1275.png,Fexo,train
124,35,3.5428571428571427,208.78041474654378,93.00489275972174,22837.7636757523,0.1771889400921659,True,data/metadata/Doctor’s Handwritten Prescription BD dataset/Training/training_words/1276.png,Fexo,train
153,88,1.7386363636363635,243.21605763517528,48.9226462745435,2748.2675282234104,0.04590017825311943,False,data/metadata/Doctor’s Handwritten Prescription BD dataset/Training/training_words/1277.png,Fexo,train
164,96,1.7083333333333333,243.8232342479675,47.61574410522334,2135.1955030487807,0.041603150406504065,False,data/metadata/Doctor’s Handwritten Prescription BD dataset/Training/training_words/1278.png,Fexo,train
123,61,2.0163934426229506,229.09196321471413,70.9100950224095,4907.05477801771,0.10329201652672264,False,data/metadata/Doctor’s Handwritten Prescription BD dataset/Training/training_words/1279.png,Fexo,train
253,93,2.7204301075268815,233.4841259722045,64.57431177236903,3780.2070636236135,0.08287645033788091,False,data/metadata/Doctor’s Handwritten Prescription BD dataset/Training/training_words/1280.png,Filmet,train
74,26,2.8461538461538463,214.57484407484407,64.65684335109049,32135.606856816834,0.104989604989605,True,data/metadata/Doctor’s Handwritten Prescription BD dataset/Training/training_words/1281.png,Filmet,train
72,21,3.4285714285714284,201.30291005291005,79.91228353835636,10539.543839758126,0.2585978835978836,True,data/metadata/Doctor’s Handwritten Prescription BD dataset/Training/training_words/1282.png,Filmet,train
178,58,3.0689655172413794,195.4840178225494,104.2162509530184,11349.095894753496,0.2347927160015498,True,data/metadata/Doctor’s Handwritten Prescription BD dataset/Training/training_words/1283.png,Filmet,train
266,111,2.3963963963963963,233.870385423017,65.00597124626569,3549.5934430671273,0.0808101334417124,False,data/metadata/Doctor’s Handwritten Prescription BD dataset/Training/training_words/1284.png,Filmet,train
87,22,3.9545454545454546,198.48902821316614,86.15360838053543,10866.269774820958,0.24399164054336467,True,data/metadata/Doctor’s Handwritten Prescription BD dataset/Training/training_words/1285.png,Filmet,train
81,24,3.375,218.77777777777777,63.85457210412441,10166.726565807636,0.19084362139917696,True,data/metadata/Doctor’s Handwritten Prescription BD dataset/Training/training_words/1286.png,Filmet,train
108,28,3.857142857142857,212.63756613756613,72.13614400094443,7865.035266369921,0.2166005291005291,True,data/metadata/Doctor’s Handwritten Prescription BD dataset/Training/training_words/1287.png,Filmet,train
76,23,3.3043478260869565,212.59610983981693,66.6110540744734,23506.51013908016,0.10926773455377574,False,data/metadata/Doctor’s Handwritten Prescription BD dataset/Training/training_words/1288.png,Filmet,train
81,24,3.375,218.65174897119343,65.86970098026228,12684.897280224899,0.18055555555555555,True,data/metadata/Doctor’s Handwritten Prescription BD dataset/Training/training_words/1289.png,Filmet,train
63,20,3.15,216.52857142857144,63.28041631054093,10273.775214789619,0.2119047619047619,True,data/metadata/Doctor’s Handwritten Prescription BD dataset/Training/training_words/1290.png,Filmet,train
64,23,2.782608695652174,217.57472826086956,60.68788076880562,9925.50625443053,0.203125,True,data/metadata/Doctor’s Handwritten Prescription BD dataset/Training/training_words/1291.png,Filmet,train
93,29,3.206896551724138,211.03559510567297,70.80817586235604,27432.99875732233,0.11753800519095291,True,data/metadata/Doctor’s Handwritten Prescription BD dataset/Training/training_words/1292.png,Filmet,train
442,153,2.888888888888889,233.14972052169284,53.83575553125782,458.35294102865527,0.06837606837606838,False,data/metadata/Doctor’s Handwritten Prescription BD dataset/Training/training_words/1293.png,Filmet,train
108,28,3.857142857142857,237.81084656084656,38.59744164319362,5198.009822215924,0.13194444444444445,True,data/metadata/Doctor’s Handwritten Prescription BD dataset/Training/training_words/1294.png,Filmet,train
255,104,2.451923076923077,232.38876319758674,66.39309210425536,3932.1277898336216,0.08706636500754147,False,data/metadata/Doctor’s Handwritten Prescription BD dataset/Training/training_words/1295.png,Filmet,train
63,27,2.3333333333333335,202.94708994708995,83.5390942571762,27794.242493176713,0.1710758377425044,True,data/metadata/Doctor’s Handwritten Prescription BD dataset/Training/training_words/1296.png,Filmet,train
246,118,2.0847457627118646,235.2303637866887,61.9972713612528,3335.756373156952,0.07637453493179,False,data/metadata/Doctor’s Handwritten Prescription BD dataset/Training/training_words/1297.png,Filmet,train
233,81,2.876543209876543,220.88327239972446,79.52268985733407,5065.842950246384,0.13172256662957665,True,data/metadata/Doctor’s Handwritten Prescription BD dataset/Training/training_words/1298.png,Filmet,train
227,119,1.9075630252100841,236.32817532299262,60.31921517609113,3253.7874356791176,0.07159515788694332,False,data/metadata/Doctor’s Handwritten Prescription BD dataset/Training/training_words/1299.png,Filmet,train
228,88,2.590909090909091,233.93909489633174,63.82107773155473,3858.4881379585327,0.07929625199362042,False,data/metadata/Doctor’s Handwritten Prescription BD dataset/Training/training_words/1300.png,Filmet,train
222,113,1.9646017699115044,238.8610380291796,56.642468809579654,2865.8138403890616,0.061907039783145976,False,data/metadata/Doctor’s Handwritten Prescription BD dataset/Training/training_words/1301.png,Filmet,train
92,32,2.875,222.33627717391303,45.563318511158315,12438.78967712056,0.05502717391304348,True,data/metadata/Doctor’s Handwritten Prescription BD dataset/Training/training_words/1302.png,Filmet,train
185,69,2.681159420289855,206.28068938503722,96.44944621348048,10661.645159187698,0.1934978456717587,True,data/metadata/Doctor’s Handwritten Prescription BD dataset/Training/training_words/1303.png,Filmet,train
205,86,2.383720930232558,230.54883720930232,68.06411738578227,4187.82132728304,0.09608621667612025,False,data/metadata/Doctor’s Handwritten Prescription BD dataset/Training/training_words/1304.png,Filmet,train
237,85,2.788235294117647,226.25207247455944,73.81678498245773,4304.987181169335,0.11144204517249938,False,data/metadata/Doctor’s Handwritten Prescription BD dataset/Training/training_words/1305.png,Filmet,train
185,98,1.8877551020408163,227.99332597904026,71.61858132481179,4380.411913954771,0.10248207391064534,False,data/metadata/Doctor’s Handwritten Prescription BD dataset/Training/training_words/1306.png,Filmet,train
194,99,1.9595959595959596,232.47245652400292,66.11373044223652,3726.4650590864917,0.08762886597938144,False,data/metadata/Doctor’s Handwritten Prescription BD dataset/Training/training_words/1307.png,Filmet,train
221,101,2.1881188118811883,231.66618879082478,67.33741053004441,3716.103310783567,0.08946731777250123,False,data/metadata/Doctor’s Handwritten Prescription BD dataset/Training/training_words/1308.png,Filmet,train
64,25,2.56,219.466875,52.32749184448243,17562.7726234375,0.083125,True,data/metadata/Doctor’s Handwritten Prescription BD dataset/Training/training_words/1309.png,Filmet,train
263,114,2.307017543859649,231.43202588219597,66.98406490548595,3875.0603028483756,0.09225535321192715,False,data/metadata/Doctor’s Handwritten Prescription BD dataset/Training/training_words/1310.png,Filmet,train
207,83,2.4939759036144578,227.69402246667832,71.68927466977053,4503.112009627018,0.10441767068273092,False,data/metadata/Doctor’s Handwritten Prescription BD dataset/Training/training_words/1311.png,Filmet,train
89,35,2.5428571428571427,214.09855537720705,52.7113973485159,15619.868803001065,0.07608346709470305,False,data/metadata/Doctor’s Handwritten Prescription BD dataset/Training/training_words/1312.png,Filmet,train
242,87,2.781609195402299,226.56692314999526,72.94130574671266,4736.097368671037,0.10962287451315665,False,data/metadata/Doctor’s Handwritten Prescription BD dataset/Training/training_words/1313.png,Filmet,train
68,25,2.72,214.93529411764706,64.17112637477709,32801.314744290656,0.10294117647058823,True,data/metadata/Doctor’s Handwritten Prescription BD dataset/Training/training_words/1314.png,Filmet,train
94,39,2.41025641025641,214.63284233497,64.90691602934542,20556.900490834665,0.09847244953627933,False,data/metadata/Doctor’s Handwritten Prescription BD dataset/Training/training_words/1315.png,Filmet,train
75,29,2.586206896551724,204.5416091954023,74.26204607378969,25802.811475016515,0.13241379310344828,False,data/metadata/Doctor’s Handwritten Prescription BD dataset/Training/training_words/1316.png,Filmet,train
115,34,3.3823529411764706,218.12583120204604,55.7327934775423,17725.413536345262,0.0741687979539642,True,data/metadata/Doctor’s Handwritten Prescription BD dataset/Training/training_words/1317.png,Filmet,train
84,21,4.0,200.640589569161,86.26042982647037,8746.116049896904,0.23469387755102042,True,data/metadata/Doctor’s Handwritten Prescription BD dataset/Training/training_words/1318.png,Filmet,train
63,22,2.8636363636363638,209.92424242424244,70.23059855670054,10568.602181368415,0.23232323232323232,True,data/metadata/Doctor’s Handwritten Prescription BD dataset/Training/training_words/1319.png,Filmet,train
163,68,2.3970588235294117,236.95055936485022,59.4025293501149,4522.90869722122,0.07073258751353302,False,data/metadata/Doctor’s Handwritten Prescription BD dataset/Training/training_words/1320.png,Fixal,train
81,33,2.4545454545454546,229.1589973812196,68.36840255871017,31676.33628493719,0.10811821922933033,True,data/metadata/Doctor’s Handwritten Prescription BD dataset/Training/training_words/1321.png,Fixal,train
154,57,2.7017543859649122,222.23969013442698,80.1229288016174,16025.503902520235,0.12166780587833219,True,data/metadata/Doctor’s Handwritten Prescription BD dataset/Training/training_words/1322.png,Fixal,train
113,44,2.5681818181818183,205.49456958970234,92.33239566858005,8513.599646799228,0.1999195494770716,True,data/metadata/Doctor’s Handwritten Prescription BD dataset/Training/training_words/1323.png,Fixal,train
80,28,2.857142857142857,217.27767857142857,67.92127560879032,7543.002678571429,0.11517857142857142,False,data/metadata/Doctor’s Handwritten Prescription BD dataset/Training/training_words/1324.png,Fixal,train
172,66,2.606060606060606,239.6322233967583,54.73852537641293,4238.467758209213,0.05805144467935166,False,data/metadata/Doctor’s Handwritten Prescription BD dataset/Training/training_words/1325.png,Fixal,train
162,81,2.0,236.77030940405427,60.76200929488407,3523.33150434385,0.0703398872123152,False,data/metadata/Doctor’s Handwritten Prescription BD dataset/Training/training_words/1326.png,Fixal,train
194,53,3.660377358490566,231.9205407508267,67.10016991879415,5056.926991924406,0.09054658626726318,True,data/metadata/Doctor’s Handwritten Prescription BD dataset/Training/training_words/1327.png,Fixal,train
96,37,2.5945945945945947,239.46734234234233,44.17273950593712,6761.013630739058,0.06531531531531531,True,data/metadata/Doctor’s Handwritten Prescription BD dataset/Training/training_words/1328.png,Fixal,train
160,70,2.2857142857142856,230.65901785714286,69.24811806957827,4857.928392857143,0.095,False,data/metadata/Doctor’s Handwritten Prescription BD dataset/Training/training_words/1329.png,Fixal,train
152,96,1.5833333333333333,237.2227933114035,60.0741801464455,3448.1814407250004,0.06805098684210527,False,data/metadata/Doctor’s Handwritten Prescription BD dataset/Training/training_words/1330.png,Fixal,train
147,96,1.53125,234.70804988662132,63.92092663207551,4160.336592970521,0.07731009070294785,False,data/metadata/Doctor’s Handwritten Prescription BD dataset/Training/training_words/1331.png,Fixal,train
82,40,2.05,229.7673780487805,68.11534673037012,27484.35866708804,0.1076219512195122,True,data/metadata/Doctor’s Handwritten Prescription BD dataset/Training/training_words/1332.png,Fixal,train
153,66,2.3181818181818183,238.40176272529214,57.656436853984594,3848.6831055654584,0.06337888690829867,False,data/metadata/Doctor’s Handwritten Prescription BD dataset/Training/training_words/1333.png,Fixal,train
151,77,1.9610389610389611,240.67730282962071,53.10594382437486,3793.1733035176744,0.05229207878214501,False,data/metadata/Doctor’s Handwritten Prescription BD dataset/Training/training_words/1334.png,Fixal,train
200,81,2.4691358024691357,241.1608024691358,52.58097700277087,2883.6113580246915,0.05432098765432099,False,data/metadata/Doctor’s Handwritten Prescription BD dataset/Training/training_words/1335.png,Fixal,train
77,35,2.2,229.2400742115028,60.12613726929285,16252.236747911511,0.12727272727272726,True,data/metadata/Doctor’s Handwritten Prescription BD dataset/Training/training_words/1336.png,Fixal,train
65,31,2.096774193548387,218.2198511166253,66.6518289747928,8347.564267990074,0.10967741935483871,False,data/metadata/Doctor’s Handwritten Prescription BD dataset/Training/training_words/1337.png,Fixal,train
155,74,2.0945945945945947,235.64734088927636,62.14015326756586,3517.125444938428,0.07445510026155187,False,data/metadata/Doctor’s Handwritten Prescription BD dataset/Training/training_words/1338.png,Fixal,train
169,68,2.485294117647059,237.50678733031674,58.28241676184579,3976.7908109989557,0.064914723285764,False,data/metadata/Doctor’s Handwritten Prescription BD dataset/Training/training_words/1339.png,Fixal,train
195,68,2.8676470588235294,235.6920060331825,61.44791792930105,3650.6138763197587,0.07435897435897436,False,data/metadata/Doctor’s Handwritten Prescription BD dataset/Training/training_words/1340.png,Fixal,train
158,67,2.3582089552238807,232.48460230493103,65.89816324425252,4657.086718307198,0.08492348384658983,False,data/metadata/Doctor’s Handwritten Prescription BD dataset/Training/training_words/1341.png,Fixal,train
126,47,2.6808510638297873,248.46014859844647,34.3087307585049,6695.543902689255,0.02684903748733536,False,data/metadata/Doctor’s Handwritten Prescription BD dataset/Training/training_words/1342.png,Fixal,train
102,43,2.372093023255814,233.15891472868216,46.07450061617728,5615.029080475974,0.08116735066119471,True,data/metadata/Doctor’s Handwritten Prescription BD dataset/Training/training_words/1343.png,Fixal,train
158,67,2.3582089552238807,232.48460230493103,65.89816324425252,4657.086718307198,0.08492348384658983,False,data/metadata/Doctor’s Handwritten Prescription BD dataset/Training/training_words/1344.png,Fixal,train
178,64,2.78125,235.15247542134833,62.58072606178393,4122.004339729832,0.07645716292134831,False,data/metadata/Doctor’s Handwritten Prescription BD dataset/Training/training_words/1345.png,Fixal,train
178,64,2.78125,235.15247542134833,62.58072606178393,4122.004339729832,0.07645716292134831,False,data/metadata/Doctor’s Handwritten Prescription BD dataset/Training/training_words/1346.png,Fixal,train
186,75,2.48,236.4384946236559,61.31751241040191,3604.426810035842,0.07118279569892473,False,data/metadata/Doctor’s Handwritten Prescription BD dataset/Training/training_words/1347.png,Fixal,train
186,75,2.48,236.4384946236559,61.31751241040191,3604.426810035842,0.07118279569892473,False,data/metadata/Doctor’s Handwritten Prescription BD dataset/Training/training_words/1348.png,Fixal,train
70,34,2.0588235294117645,228.73529411764707,66.58735727811431,24387.510680566345,0.11680672268907563,True,data/metadata/Doctor’s Handwritten Prescription BD dataset/Training/training_words/1349.png,Fixal,train
60,27,2.2222222222222223,206.78703703703704,78.07897050058183,9899.219364045117,0.15864197530864196,False,data/metadata/Doctor’s Handwritten Prescription BD dataset/Training/training_words/1350.png,Fixal,train
163,68,2.3970588235294117,236.95055936485022,59.4025293501149,4522.90869722122,0.07073258751353302,False,data/metadata/Doctor’s Handwritten Prescription BD dataset/Training/training_words/1351.png,Fixal,train
98,45,2.1777777777777776,246.0875283446712,39.895589962125726,8676.889795918367,0.0380952380952381,False,data/metadata/Doctor’s Handwritten Prescription BD dataset/Training/training_words/1352.png,Fixal,train
69,27,2.5555555555555554,216.62533548040795,69.10067369250916,8179.65539452496,0.11808910359634997,False,data/metadata/Doctor’s Handwritten Prescription BD dataset/Training/training_words/1353.png,Fixal,train
81,30,2.7,230.99958847736625,65.82468610059733,25676.459396264123,0.10041152263374485,True,data/metadata/Doctor’s Handwritten Prescription BD dataset/Training/training_words/1354.png,Fixal,train
63,34,1.8529411764705883,233.07376283846872,61.45624006014612,18217.821036257643,0.09757236227824463,True,data/metadata/Doctor’s Handwritten Prescription BD dataset/Training/training_words/1355.png,Fixal,train
58,25,2.32,230.80965517241378,65.36661314214005,25841.69860879905,0.10689655172413794,True,data/metadata/Doctor’s Handwritten Prescription BD dataset/Training/training_words/1356.png,Fixal,train
78,38,2.0526315789473686,229.30668016194332,63.3215031596138,21057.340736157326,0.10256410256410256,True,data/metadata/Doctor’s Handwritten Prescription BD dataset/Training/training_words/1357.png,Fixal,train
86,31,2.774193548387097,230.69692423105778,62.823712662976234,17844.71676002271,0.10315078769692423,True,data/metadata/Doctor’s Handwritten Prescription BD dataset/Training/training_words/1358.png,Fixal,train
67,30,2.2333333333333334,231.98358208955224,60.6259654822191,17445.069775500604,0.10248756218905472,True,data/metadata/Doctor’s Handwritten Prescription BD dataset/Training/training_words/1359.png,Fixal,train
95,48,1.9791666666666667,228.48508771929824,56.046978622505634,11662.286948099414,0.10986842105263157,True,data/metadata/Doctor’s Handwritten Prescription BD dataset/Training/training_words/1360.png,Flamyd,train
211,118,1.7881355932203389,239.06807775724957,56.4937316392121,4130.946180416097,0.062334324042091736,False,data/metadata/Doctor’s Handwritten Prescription BD dataset/Training/training_words/1361.png,Flamyd,train
123,33,3.727272727272727,233.45750184774576,45.01199484020496,3685.1872955939793,0.13353042621335304,True,data/metadata/Doctor’s Handwritten Prescription BD dataset/Training/training_words/1362.png,Flamyd,train
126,30,4.2,232.7415343915344,47.13188879687495,4230.025199392514,0.13015873015873017,True,data/metadata/Doctor’s Handwritten Prescription BD dataset/Training/training_words/1363.png,Flamyd,train
88,36,2.4444444444444446,226.89425505050505,57.12391715770199,13369.986939709595,0.12468434343434344,True,data/metadata/Doctor’s Handwritten Prescription BD dataset/Training/training_words/1364.png,Flamyd,train
203,70,2.9,229.35953553835327,72.84372431871057,13806.817290239254,0.10450387051372273,True,data/metadata/Doctor’s Handwritten Prescription BD dataset/Training/training_words/1365.png,Flamyd,train
104,30,3.466666666666667,210.17371794871795,91.26034160729084,21715.234625143814,0.1794871794871795,True,data/metadata/Doctor’s Handwritten Prescription BD dataset/Training/training_words/1366.png,Flamyd,train
58,18,3.2222222222222223,230.68965517241378,60.59500194571029,38984.34506613233,0.09482758620689655,True,data/metadata/Doctor’s Handwritten Prescription BD dataset/Training/training_words/1367.png,Flamyd,train
209,108,1.9351851851851851,237.5421761474393,58.62138224363172,4597.445060528777,0.06915647705121389,False,data/metadata/Doctor’s Handwritten Prescription BD dataset/Training/training_words/1368.png,Flamyd,train
91,35,2.6,227.2232339089482,55.89974845889642,12951.259634521122,0.11962323390894819,True,data/metadata/Doctor’s Handwritten Prescription BD dataset/Training/training_words/1369.png,Flamyd,train
95,34,2.7941176470588234,227.07616099071208,57.47053967167569,12251.070732394635,0.11269349845201239,True,data/metadata/Doctor’s Handwritten Prescription BD dataset/Training/training_words/1370.png,Flamyd,train
88,34,2.588235294117647,228.20688502673798,55.19308880219415,11655.632252405703,0.10962566844919786,True,data/metadata/Doctor’s Handwritten Prescription BD dataset/Training/training_words/1371.png,Flamyd,train
199,100,1.99,240.17065326633167,53.250668460903306,4771.391457286432,0.05849246231155779,False,data/metadata/Doctor’s Handwritten Prescription BD dataset/Training/training_words/1372.png,Flamyd,train
93,49,1.8979591836734695,226.5472898836954,58.98805601539456,13122.889379685277,0.11125740618828177,True,data/metadata/Doctor’s Handwritten Prescription BD dataset/Training/training_words/1373.png,Flamyd,train
94,34,2.764705882352941,226.58103879849813,58.46933133537405,14895.900105400055,0.11639549436795996,True,data/metadata/Doctor’s Handwritten Prescription BD dataset/Training/training_words/1374.png,Flamyd,train
109,40,2.725,229.23211009174312,55.760688498135,12950.852196574362,0.10366972477064221,True,data/metadata/Doctor’s Handwritten Prescription BD dataset/Training/training_words/1375.png,Flamyd,train
206,133,1.5488721804511278,243.22355646397548,48.113297513725726,3523.787429739397,0.045368275056573475,False,data/metadata/Doctor’s Handwritten Prescription BD dataset/Training/training_words/1376.png,Flamyd,train
109,39,2.7948717948717947,227.30510468125146,58.087121515960646,13697.410288118517,0.10962126558456833,True,data/metadata/Doctor’s Handwritten Prescription BD dataset/Training/training_words/1377.png,Flamyd,train
101,31,3.2580645161290325,222.7080804854679,62.33260223223789,16059.518967810487,0.13510060683487704,True,data/metadata/Doctor’s Handwritten Prescription BD dataset/Training/training_words/1378.png,Flamyd,train
105,32,3.28125,225.51458333333332,59.730947563639056,14239.353826176304,0.11845238095238095,True,data/metadata/Doctor’s Handwritten Prescription BD dataset/Training/training_words/1379.png,Flamyd,train
101,40,2.525,227.35445544554455,56.75959904817336,13247.972854622098,0.10272277227722772,True,data/metadata/Doctor’s Handwritten Prescription BD dataset/Training/training_words/1380.png,Flamyd,train
101,39,2.58974358974359,226.96674282812896,59.72637243447309,12961.857202510924,0.11221122112211221,True,data/metadata/Doctor’s Handwritten Prescription BD dataset/Training/training_words/1381.png,Flamyd,train
212,116,1.8275862068965518,240.9411597267404,51.372848486041754,4638.255935772258,0.054489264801561486,False,data/metadata/Doctor’s Handwritten Prescription BD dataset/Training/training_words/1382.png,Flamyd,train
193,109,1.7706422018348624,239.63031801112325,54.91448363211008,4555.8537796611845,0.05970433046537054,False,data/metadata/Doctor’s Handwritten Prescription BD dataset/Training/training_words/1383.png,Flamyd,train
101,42,2.4047619047619047,224.56011315417257,59.46677876984818,14518.238418280098,0.10490334747760491,True,data/metadata/Doctor’s Handwritten Prescription BD dataset/Training/training_words/1384.png,Flamyd,train
113,39,2.8974358974358974,226.03290220104378,60.475767123393226,14519.129627458513,0.11300204220558203,True,data/metadata/Doctor’s Handwritten Prescription BD dataset/Training/training_words/1385.png,Flamyd,train
115,45,2.5555555555555554,224.81429951690822,55.496519526739576,9901.482301327918,0.09545893719806764,True,data/metadata/Doctor’s Handwritten Prescription BD dataset/Training/training_words/1386.png,Flamyd,train
117,51,2.2941176470588234,226.7306854365678,54.782333902842815,10365.24396807434,0.09854198089492207,True,data/metadata/Doctor’s Handwritten Prescription BD dataset/Training/training_words/1387.png,Flamyd,train
132,55,2.4,226.1619834710744,55.061857911051334,7509.89149669118,0.1046831955922865,True,data/metadata/Doctor’s Handwritten Prescription BD dataset/Training/training_words/1388.png,Flamyd,train
191,120,1.5916666666666666,239.16880453752182,55.9832146899197,4165.408115183246,0.06095113438045375,False,data/metadata/Doctor’s Handwritten Prescription BD dataset/Training/training_words/1389.png,Flamyd,train
109,40,2.725,228.97064220183486,56.347948853126404,12718.376038212271,0.10688073394495413,True,data/metadata/Doctor’s Handwritten Prescription BD dataset/Training/training_words/1390.png,Flamyd,train
91,35,2.6,227.17174254317112,56.48976528028721,13761.507567704779,0.12150706436420722,True,data/metadata/Doctor’s Handwritten Prescription BD dataset/Training/training_words/1391.png,Flamyd,train
192,102,1.8823529411764706,238.4500102124183,55.86971262323476,5121.2777537068405,0.0648999183006536,True,data/metadata/Doctor’s Handwritten Prescription BD dataset/Training/training_words/1392.png,Flamyd,train
109,37,2.945945945945946,226.35531862137367,59.394848562888626,14781.982172492262,0.11629060252913465,True,data/metadata/Doctor’s Handwritten Prescription BD dataset/Training/training_words/1393.png,Flamyd,train
181,87,2.0804597701149423,235.42077856099576,61.52612572640426,5740.534127964871,0.07798310789356702,False,data/metadata/Doctor’s Handwritten Prescription BD dataset/Training/training_words/1394.png,Flamyd,train
187,130,1.4384615384615385,238.9311394487865,56.36066379290773,4351.628412621086,0.0637186343068696,True,data/metadata/Doctor’s Handwritten Prescription BD dataset/Training/training_words/1395.png,Flamyd,train
118,28,4.214285714285714,228.59322033898306,47.74744801357025,3951.8222185743016,0.14164648910411623,True,data/metadata/Doctor’s Handwritten Prescription BD dataset/Training/training_words/1396.png,Flamyd,train
123,33,3.727272727272727,233.45750184774576,45.01199484020496,3685.1872955939793,0.13353042621335304,True,data/metadata/Doctor’s Handwritten Prescription BD dataset/Training/training_words/1397.png,Flamyd,train
126,30,4.2,232.7415343915344,47.13188879687495,4230.025199392514,0.13015873015873017,True,data/metadata/Doctor’s Handwritten Prescription BD dataset/Training/training_words/1398.png,Flamyd,train
118,28,4.214285714285714,228.59322033898306,47.74744801357025,3951.8222185743016,0.14164648910411623,True,data/metadata/Doctor’s Handwritten Prescription BD dataset/Training/training_words/1399.png,Flamyd,train
207,71,2.915492957746479,238.6401306389059,55.77144260610447,4808.200449071239,0.06103286384976526,False,data/metadata/Doctor’s Handwritten Prescription BD dataset/Training/training_words/1400.png,Flexibac,train
169,50,3.38,206.5807100591716,78.81996071922289,2228.0791656454603,0.20461538461538462,True,data/metadata/Doctor’s Handwritten Prescription BD dataset/Training/training_words/1401.png,Flexibac,train
173,62,2.7903225806451615,213.74547827708372,73.42006651991143,1991.3723021087474,0.18264031325750513,True,data/metadata/Doctor’s Handwritten Prescription BD dataset/Training/training_words/1402.png,Flexibac,train
171,54,3.1666666666666665,204.4525666016894,80.60981282560203,1380.740050119885,0.21529131470651938,True,data/metadata/Doctor’s Handwritten Prescription BD dataset/Training/training_words/1403.png,Flexibac,train
207,71,2.915492957746479,238.6401306389059,55.77144260610447,4808.200449071239,0.06103286384976526,False,data/metadata/Doctor’s Handwritten Prescription BD dataset/Training/training_words/1404.png,Flexibac,train
201,50,4.02,198.13691542288558,84.16461104097976,2156.9713848271085,0.2408955223880597,True,data/metadata/Doctor’s Handwritten Prescription BD dataset/Training/training_words/1405.png,Flexibac,train
198,44,4.5,199.3067033976125,81.71466549801187,2732.098535863687,0.24632690541781452,True,data/metadata/Doctor’s Handwritten Prescription BD dataset/Training/training_words/1406.png,Flexibac,train
202,56,3.607142857142857,218.69748939179632,69.82462042474147,1550.4740026175405,0.15045968882602545,True,data/metadata/Doctor’s Handwritten Prescription BD dataset/Training/training_words/1407.png,Flexibac,train
188,65,2.8923076923076922,215.14296235679214,71.27353503094324,1483.3078334462837,0.1746317512274959,True,data/metadata/Doctor’s Handwritten Prescription BD dataset/Training/training_words/1408.png,Flexibac,train
165,47,3.5106382978723403,206.85802707930367,79.19814998898764,1810.2725543595968,0.20373952288845906,True,data/metadata/Doctor’s Handwritten Prescription BD dataset/Training/training_words/1409.png,Flexibac,train
171,59,2.8983050847457625,215.1416394092576,71.22241662094459,2031.2886915727454,0.17583506789572803,True,data/metadata/Doctor’s Handwritten Prescription BD dataset/Training/training_words/1410.png,Flexibac,train
185,58,3.189655172413793,212.5605778191985,72.73572093636048,1986.4662885152723,0.1912395153774464,True,data/metadata/Doctor’s Handwritten Prescription BD dataset/Training/training_words/1411.png,Flexibac,train
179,54,3.314814814814815,210.67918477136354,75.28221690465179,2091.11619496094,0.1882888475067246,True,data/metadata/Doctor’s Handwritten Prescription BD dataset/Training/training_words/1412.png,Flexibac,train
201,74,2.7162162162162162,220.58545112276457,69.75222379002375,1205.8730650583993,0.14253059029178433,True,data/metadata/Doctor’s Handwritten Prescription BD dataset/Training/training_words/1413.png,Flexibac,train
246,78,3.1538461538461537,241.97065874504898,50.46625760034892,3394.574629977069,0.050031269543464665,False,data/metadata/Doctor’s Handwritten Prescription BD dataset/Training/training_words/1414.png,Flexibac,train
198,69,2.869565217391304,237.24623042014346,57.98385410787166,5598.530961791831,0.06968233055189577,False,data/metadata/Doctor’s Handwritten Prescription BD dataset/Training/training_words/1415.png,Flexibac,train
198,59,3.3559322033898304,210.61701763396678,75.29084196065632,1553.4821163210518,0.19054956343091936,True,data/metadata/Doctor’s Handwritten Prescription BD dataset/Training/training_words/1416.png,Flexibac,train
208,65,3.2,239.18927514792898,54.403429889981346,5004.5644970414205,0.060872781065088755,False,data/metadata/Doctor’s Handwritten Prescription BD dataset/Training/training_words/1417.png,Flexibac,train
210,56,3.75,230.33809523809524,68.13350972460094,6454.766830226989,0.09642857142857143,False,data/metadata/Doctor’s Handwritten Prescription BD dataset/Training/training_words/1418.png,Flexibac,train
222,57,3.8947368421052633,234.31697486960644,62.96143185224537,5442.475422791213,0.08084400189663347,False,data/metadata/Doctor’s Handwritten Prescription BD dataset/Training/training_words/1419.png,Flexibac,train
220,66,3.3333333333333335,234.50316804407714,63.039482060875486,5267.340358126722,0.07754820936639119,False,data/metadata/Doctor’s Handwritten Prescription BD dataset/Training/training_words/1420.png,Flexibac,train
245,72,3.4027777777777777,236.90714285714284,59.73111894393729,4271.9913832199545,0.06899092970521542,False,data/metadata/Doctor’s Handwritten Prescription BD dataset/Training/training_words/1421.png,Flexibac,train
203,63,3.2222222222222223,211.92032215184923,73.17807536784235,1511.5612955316465,0.19024161388693409,True,data/metadata/Doctor’s Handwritten Prescription BD dataset/Training/training_words/1422.png,Flexibac,train
181,53,3.4150943396226414,207.6654852496612,78.67715029898316,1290.411679400381,0.20108412384030022,True,data/metadata/Doctor’s Handwritten Prescription BD dataset/Training/training_words/1423.png,Flexibac,train
216,74,2.918918918918919,241.12794044044045,51.63218562781515,4259.952452452452,0.05411661661661662,False,data/metadata/Doctor’s Handwritten Prescription BD dataset/Training/training_words/1424.png,Flexibac,train
200,57,3.508771929824561,235.34877192982455,61.095495629474534,5618.805614035087,0.07464912280701755,False,data/metadata/Doctor’s Handwritten Prescription BD dataset/Training/training_words/1425.png,Flexibac,train
233,76,3.0657894736842106,239.45736390332053,54.74064505067494,4529.828213236955,0.060255251863564493,False,data/metadata/Doctor’s Handwritten Prescription BD dataset/Training/training_words/1426.png,Flexibac,train
233,76,3.0657894736842106,239.45736390332053,54.74064505067494,4529.828213236955,0.060255251863564493,False,data/metadata/Doctor’s Handwritten Prescription BD dataset/Training/training_words/1427.png,Flexibac,train
197,57,3.456140350877193,236.58063941579837,58.24895075950791,5922.61074004809,0.07079882447234838,False,data/metadata/Doctor’s Handwritten Prescription BD dataset/Training/training_words/1428.png,Flexibac,train
182,71,2.563380281690141,207.38105556415417,78.25394891140785,1485.7609956346128,0.20724346076458752,True,data/metadata/Doctor’s Handwritten Prescription BD dataset/Training/training_words/1429.png,Flexibac,train
208,65,3.2,239.18927514792898,54.403429889981346,5004.5644970414205,0.060872781065088755,False,data/metadata/Doctor’s Handwritten Prescription BD dataset/Training/training_words/1430.png,Flexibac,train
197,57,3.456140350877193,236.58063941579837,58.24895075950791,5922.61074004809,0.07079882447234838,False,data/metadata/Doctor’s Handwritten Prescription BD dataset/Training/training_words/1431.png,Flexibac,train
235,74,3.175675675675676,219.38539390454284,68.3616962325494,1375.0353325148035,0.15514663599769982,True,data/metadata/Doctor’s Handwritten Prescription BD dataset/Training/training_words/1432.png,Flexibac,train
267,81,3.2962962962962963,242.54293244555416,49.81552823973906,3359.9650436953807,0.0478568456096546,False,data/metadata/Doctor’s Handwritten Prescription BD dataset/Training/training_words/1433.png,Flexibac,train
166,64,2.59375,207.179593373494,78.4672463370942,2106.503313706634,0.20896084337349397,True,data/metadata/Doctor’s Handwritten Prescription BD dataset/Training/training_words/1434.png,Flexibac,train
176,63,2.7936507936507935,209.59145021645023,78.88354778789673,1634.2289569365971,0.19173881673881674,True,data/metadata/Doctor’s Handwritten Prescription BD dataset/Training/training_words/1435.png,Flexibac,train
178,60,2.966666666666667,208.6374531835206,78.7038517174456,1998.4136544207383,0.200936329588015,True,data/metadata/Doctor’s Handwritten Prescription BD dataset/Training/training_words/1436.png,Flexibac,train
193,69,2.7971014492753623,221.85544792370655,66.94403070305283,1465.7847019616377,0.1424495006382819,True,data/metadata/Doctor’s Handwritten Prescription BD dataset/Training/training_words/1437.png,Flexibac,train
156,49,3.183673469387755,204.64468864468864,80.50595417130856,1902.0297605527337,0.21480900052328625,True,data/metadata/Doctor’s Handwritten Prescription BD dataset/Training/training_words/1438.png,Flexibac,train
162,55,2.9454545454545453,206.0164983164983,78.04163078982457,2341.6418713761886,0.2166105499438833,True,data/metadata/Doctor’s Handwritten Prescription BD dataset/Training/training_words/1439.png,Flexibac,train
174,69,2.5217391304347827,225.9528569048809,66.97361453509433,4744.009577704623,0.13035149092120607,True,data/metadata/Doctor’s Handwritten Prescription BD dataset/Training/training_words/1440.png,Flexilax,train
165,49,3.36734693877551,225.56363636363636,55.31595480323518,4385.407209102114,0.08039579468150897,False,data/metadata/Doctor’s Handwritten Prescription BD dataset/Training/training_words/1441.png,Flexilax,train
200,64,3.125,226.408125,51.27314413008408,2992.200973577881,0.06375,False,data/metadata/Doctor’s Handwritten Prescription BD dataset/Training/training_words/1442.png,Flexilax,train
165,44,3.75,237.9318181818182,52.030976218267284,17488.305865472907,0.05964187327823692,True,data/metadata/Doctor’s Handwritten Prescription BD dataset/Training/training_words/1443.png,Flexilax,train
183,60,3.05,230.21174863387978,62.5561959997754,4384.1494883560445,0.10610200364298725,True,data/metadata/Doctor’s Handwritten Prescription BD dataset/Training/training_words/1444.png,Flexilax,train
196,63,3.111111111111111,218.89107547781018,53.26516423335629,2684.5579275607847,0.07037576935536119,True,data/metadata/Doctor’s Handwritten Prescription BD dataset/Training/training_words/1445.png,Flexilax,train
177,74,2.391891891891892,216.84898457779815,50.13376312000553,2378.222107630974,0.06375019086883493,False,data/metadata/Doctor’s Handwritten Prescription BD dataset/Training/training_words/1446.png,Flexilax,train
178,62,2.870967741935484,209.0469372961218,51.89480368373135,2727.759998965789,0.06986226893802103,False,data/metadata/Doctor’s Handwritten Prescription BD dataset/Training/training_words/1447.png,Flexilax,train
143,56,2.5535714285714284,231.44205794205794,46.806775845977086,2848.06685222869,0.055819180819180816,False,data/metadata/Doctor’s Handwritten Prescription BD dataset/Training/training_words/1448.png,Flexilax,train
200,55,3.6363636363636362,209.248,52.07590915367506,2736.773963636364,0.07009090909090909,False,data/metadata/Doctor’s Handwritten Prescription BD dataset/Training/training_words/1449.png,Flexilax,train
194,55,3.5272727272727273,207.99278350515465,54.33257340435336,2945.757268660479,0.0795688847235239,False,data/metadata/Doctor’s Handwritten Prescription BD dataset/Training/training_words/1450.png,Flexilax,train
180,51,3.5294117647058822,200.57015250544663,70.44188091079945,4813.8869446580375,0.14553376906318083,True,data/metadata/Doctor’s Handwritten Prescription BD dataset/Training/training_words/1451.png,Flexilax,train
158,67,2.3582089552238807,230.36208199508786,48.15911652442036,2942.812956194902,0.05526166635178538,False,data/metadata/Doctor’s Handwritten Prescription BD dataset/Training/training_words/1452.png,Flexilax,train
165,40,4.125,221.97045454545454,60.405901325490575,4498.365742056933,0.0903030303030303,False,data/metadata/Doctor’s Handwritten Prescription BD dataset/Training/training_words/1453.png,Flexilax,train
200,55,3.6363636363636362,209.248,52.07590915367506,2736.773963636364,0.07009090909090909,False,data/metadata/Doctor’s Handwritten Prescription BD dataset/Training/training_words/1454.png,Flexilax,train
157,52,3.019230769230769,222.5529152376286,58.45324197074876,3693.8434575883266,0.08280254777070063,False,data/metadata/Doctor’s Handwritten Prescription BD dataset/Training/training_words/1455.png,Flexilax,train
163,59,2.76271186440678,224.98471456795258,57.00526797954122,3523.115291715113,0.07809088073203702,False,data/metadata/Doctor’s Handwritten Prescription BD dataset/Training/training_words/1456.png,Flexilax,train
202,70,2.8857142857142857,238.91831683168317,49.77503468111707,3497.735502121641,0.06725601131541725,False,data/metadata/Doctor’s Handwritten Prescription BD dataset/Training/training_words/1457.png,Flexilax,train
169,66,2.5606060606060606,235.7572171418325,55.121001218492374,4355.1348395194545,0.08508158508158509,False,data/metadata/Doctor’s Handwritten Prescription BD dataset/Training/training_words/1458.png,Flexilax,train
223,64,3.484375,232.7055773542601,60.157960067443106,4080.636947681237,0.0968329596412556,False,data/metadata/Doctor’s Handwritten Prescription BD dataset/Training/training_words/1459.png,Flexilax,train
167,52,3.2115384615384617,222.039728235836,70.126807637611,6169.212712759649,0.14394288346384154,False,data/metadata/Doctor’s Handwritten Prescription BD dataset/Training/training_words/1460.png,Flexilax,train
183,66,2.772727272727273,228.42921013412817,64.370399643614,4269.005697723587,0.11674118231495281,False,data/metadata/Doctor’s Handwritten Prescription BD dataset/Training/training_words/1461.png,Flexilax,train
130,51,2.549019607843137,228.33197586727,50.87462233525743,3439.8455431570474,0.06666666666666667,False,data/metadata/Doctor’s Handwritten Prescription BD dataset/Training/training_words/1462.png,Flexilax,train
400,130,3.076923076923077,245.05617307692307,46.7198703646866,3971.7418653812865,0.03930769230769231,False,data/metadata/Doctor’s Handwritten Prescription BD dataset/Training/training_words/1463.png,Flexilax,train
183,66,2.772727272727273,228.42921013412817,64.370399643614,4269.005697723587,0.11674118231495281,False,data/metadata/Doctor’s Handwritten Prescription BD dataset/Training/training_words/1464.png,Flexilax,train
193,62,3.1129032258064515,230.44450944342304,62.625019640155294,3897.761156610396,0.10738759819488551,False,data/metadata/Doctor’s Handwritten Prescription BD dataset/Training/training_words/1465.png,Flexilax,train
193,62,3.1129032258064515,230.44450944342304,62.625019640155294,3897.761156610396,0.10738759819488551,False,data/metadata/Doctor’s Handwritten Prescription BD dataset/Training/training_words/1466.png,Flexilax,train
180,65,2.769230769230769,223.062905982906,70.38383391820418,5049.587863218643,0.1411111111111111,True,data/metadata/Doctor’s Handwritten Prescription BD dataset/Training/training_words/1467.png,Flexilax,train
180,65,2.769230769230769,223.062905982906,70.38383391820418,5049.587863218643,0.1411111111111111,True,data/metadata/Doctor’s Handwritten Prescription BD dataset/Training/training_words/1468.png,Flexilax,train
163,59,2.76271186440678,228.43215139856505,51.93236735122986,2975.3183913849484,0.060621815534990124,False,data/metadata/Doctor’s Handwritten Prescription BD dataset/Training/training_words/1469.png,Flexilax,train
206,71,2.9014084507042255,237.54102283604539,53.299089707487674,3547.9578832216603,0.07561876111035143,False,data/metadata/Doctor’s Handwritten Prescription BD dataset/Training/training_words/1470.png,Flexilax,train
174,69,2.5217391304347827,225.9528569048809,66.97361453509433,4744.009577704623,0.13035149092120607,True,data/metadata/Doctor’s Handwritten Prescription BD dataset/Training/training_words/1471.png,Flexilax,train
125,49,2.5510204081632653,226.065306122449,54.07323511237823,4412.19330569596,0.07265306122448979,False,data/metadata/Doctor’s Handwritten Prescription BD dataset/Training/training_words/1472.png,Flexilax,train
224,73,3.0684931506849313,239.0412181996086,50.994669809748025,3162.2835123461678,0.06996086105675146,False,data/metadata/Doctor’s Handwritten Prescription BD dataset/Training/training_words/1473.png,Flexilax,train
158,56,2.8214285714285716,223.82730560578662,57.6110984680943,4049.656078311442,0.08363471971066908,False,data/metadata/Doctor’s Handwritten Prescription BD dataset/Training/training_words/1474.png,Flexilax,train
157,52,3.019230769230769,222.5529152376286,58.45324197074876,3693.8434575883266,0.08280254777070063,False,data/metadata/Doctor’s Handwritten Prescription BD dataset/Training/training_words/1475.png,Flexilax,train
199,62,3.2096774193548385,228.85078618900957,49.5675628694102,2748.4886529355613,0.06038255795104555,False,data/metadata/Doctor’s Handwritten Prescription BD dataset/Training/training_words/1476.png,Flexilax,train
203,55,3.690909090909091,230.8972682489924,48.86531309330133,2671.550380653829,0.057321988356471114,False,data/metadata/Doctor’s Handwritten Prescription BD dataset/Training/training_words/1477.png,Flexilax,train
190,46,4.130434782608695,222.60011441647598,60.33276278634299,4442.7265433133125,0.09302059496567505,False,data/metadata/Doctor’s Handwritten Prescription BD dataset/Training/training_words/1478.png,Flexilax,train
203,62,3.274193548387097,229.2215954234864,51.86350101176352,2841.78499796815,0.06372159542348642,False,data/metadata/Doctor’s Handwritten Prescription BD dataset/Training/training_words/1479.png,Flexilax,train
75,28,2.6785714285714284,214.32285714285715,86.37483954325154,35100.137074603175,0.16857142857142857,True,data/metadata/Doctor’s Handwritten Prescription BD dataset/Training/training_words/1480.png,Flugal,train
188,79,2.3797468354430378,230.18401562079183,70.35682594841032,4313.015486129814,0.09688930783732831,False,data/metadata/Doctor’s Handwritten Prescription BD dataset/Training/training_words/1481.png,Flugal,train
76,36,2.111111111111111,204.41154970760235,82.34648262031347,8145.575292397661,0.16885964912280702,False,data/metadata/Doctor’s Handwritten Prescription BD dataset/Training/training_words/1482.png,Flugal,train
689,197,3.49746192893401,223.17999307463919,82.59410579911342,5725.596385351051,0.12694775773024983,True,data/metadata/Doctor’s Handwritten Prescription BD dataset/Training/training_words/1483.png,Flugal,train
66,27,2.4444444444444446,220.38439955106622,79.78224322182162,43492.35511399064,0.1419753086419753,True,data/metadata/Doctor’s Handwritten Prescription BD dataset/Training/training_words/1484.png,Flugal,train
81,16,5.0625,230.41512345679013,71.19833335490111,52191.3393894795,0.09799382716049383,True,data/metadata/Doctor’s Handwritten Prescription BD dataset/Training/training_words/1485.png,Flugal,train
81,16,5.0625,230.41512345679013,71.19833335490111,52191.3393894795,0.09799382716049383,True,data/metadata/Doctor’s Handwritten Prescription BD dataset/Training/training_words/1486.png,Flugal,train
178,91,1.956043956043956,212.84053586862575,91.79897092078762,8586.642268912728,0.16650203728855414,True,data/metadata/Doctor’s Handwritten Prescription BD dataset/Training/training_words/1487.png,Flugal,train
219,80,2.7375,237.0064497716895,59.86777204501034,3377.542464176623,0.06855022831050228,False,data/metadata/Doctor’s Handwritten Prescription BD dataset/Training/training_words/1488.png,Flugal,train
191,97,1.9690721649484537,217.2932476925568,87.39601576324753,7654.088192250255,0.14967344956010148,True,data/metadata/Doctor’s Handwritten Prescription BD dataset/Training/training_words/1489.png,Flugal,train
101,34,2.9705882352941178,201.75509609784507,84.33027644840483,4326.829296198317,0.23034362259755387,True,data/metadata/Doctor’s Handwritten Prescription BD dataset/Training/training_words/1490.png,Flugal,train
66,32,2.0625,224.28835227272728,60.15002311717857,7872.169506679004,0.17329545454545456,False,data/metadata/Doctor’s Handwritten Prescription BD dataset/Training/training_words/1491.png,Flugal,train
188,79,2.3797468354430378,230.18401562079183,70.35682594841032,4313.015486129814,0.09688930783732831,False,data/metadata/Doctor’s Handwritten Prescription BD dataset/Training/training_words/1492.png,Flugal,train
69,36,1.9166666666666667,217.01006441223834,84.09180137283239,26521.35222703888,0.1570048309178744,True,data/metadata/Doctor’s Handwritten Prescription BD dataset/Training/training_words/1493.png,Flugal,train
57,21,2.7142857142857144,212.43943191311612,86.10758972470765,44660.71577998184,0.1746031746031746,True,data/metadata/Doctor’s Handwritten Prescription BD dataset/Training/training_words/1494.png,Flugal,train
84,64,1.3125,222.19010416666666,76.01793544431037,21777.898606765295,0.11774553571428571,True,data/metadata/Doctor’s Handwritten Prescription BD dataset/Training/training_words/1495.png,Flugal,train
170,75,2.2666666666666666,229.1396862745098,70.80190549044599,4294.868235294118,0.10305882352941176,False,data/metadata/Doctor’s Handwritten Prescription BD dataset/Training/training_words/1496.png,Flugal,train
69,40,1.725,215.76231884057972,85.85410206274241,25180.786110979836,0.1605072463768116,True,data/metadata/Doctor’s Handwritten Prescription BD dataset/Training/training_words/1497.png,Flugal,train
74,57,1.2982456140350878,212.75082977714555,86.6439840499464,25765.422862538366,0.1631104788999526,True,data/metadata/Doctor’s Handwritten Prescription BD dataset/Training/training_words/1498.png,Flugal,train
58,32,1.8125,212.33782327586206,88.11987691395646,39243.798579339615,0.171875,True,data/metadata/Doctor’s Handwritten Prescription BD dataset/Training/training_words/1499.png,Flugal,train
53,21,2.5238095238095237,209.27942497753818,89.68962203531333,44466.59754643521,0.17699910152740342,True,data/metadata/Doctor’s Handwritten Prescription BD dataset/Training/training_words/1500.png,Flugal,train
64,26,2.4615384615384617,206.90745192307693,91.81491935204588,46813.63494439661,0.20192307692307693,True,data/metadata/Doctor’s Handwritten Prescription BD dataset/Training/training_words/1501.png,Flugal,train
182,81,2.246913580246914,229.97951431284764,70.06913451980114,4298.820105820106,0.09835843169176503,False,data/metadata/Doctor’s Handwritten Prescription BD dataset/Training/training_words/1502.png,Flugal,train
178,47,3.7872340425531914,230.19399952187425,62.99922222384929,11751.424809011167,0.09263686349509921,True,data/metadata/Doctor’s Handwritten Prescription BD dataset/Training/training_words/1503.png,Flugal,train
61,36,1.6944444444444444,218.5806010928962,82.33901535006972,30469.10518047386,0.1493624772313297,True,data/metadata/Doctor’s Handwritten Prescription BD dataset/Training/training_words/1504.png,Flugal,train
59,21,2.8095238095238093,212.90153349475383,85.62352600705509,52039.67631997738,0.17191283292978207,True,data/metadata/Doctor’s Handwritten Prescription BD dataset/Training/training_words/1505.png,Flugal,train
56,35,1.6,210.4469387755102,90.18666153706064,31843.536579550186,0.1816326530612245,True,data/metadata/Doctor’s Handwritten Prescription BD dataset/Training/training_words/1506.png,Flugal,train
82,28,2.9285714285714284,217.845818815331,83.37077520615892,33510.66276678726,0.15331010452961671,True,data/metadata/Doctor’s Handwritten Prescription BD dataset/Training/training_words/1507.png,Flugal,train
63,34,1.8529411764705883,214.79271708683473,85.32608941150862,38264.78914703136,0.1619981325863679,True,data/metadata/Doctor’s Handwritten Prescription BD dataset/Training/training_words/1508.png,Flugal,train
185,88,2.102272727272727,232.0171375921376,67.38946916224214,4206.096982531588,0.08863636363636364,True,data/metadata/Doctor’s Handwritten Prescription BD dataset/Training/training_words/1509.png,Flugal,train
79,38,2.0789473684210527,218.17255163224516,83.36167840481133,36752.06309329202,0.15056628914057296,True,data/metadata/Doctor’s Handwritten Prescription BD dataset/Training/training_words/1510.png,Flugal,train
60,41,1.4634146341463414,220.53455284552845,80.88111837855548,34764.82781016591,0.13861788617886178,True,data/metadata/Doctor’s Handwritten Prescription BD dataset/Training/training_words/1511.png,Flugal,train
187,67,2.791044776119403,225.5769015883151,75.59822035926322,4643.245428970182,0.11429483598052519,True,data/metadata/Doctor’s Handwritten Prescription BD dataset/Training/training_words/1512.png,Flugal,train
64,31,2.064516129032258,215.27116935483872,84.12961663172102,35172.57043622162,0.16733870967741934,True,data/metadata/Doctor’s Handwritten Prescription BD dataset/Training/training_words/1513.png,Flugal,train
189,73,2.589041095890411,226.92360658114083,74.32588860546403,4739.220555193158,0.1095890410958904,True,data/metadata/Doctor’s Handwritten Prescription BD dataset/Training/training_words/1514.png,Flugal,train
189,73,2.589041095890411,226.92360658114083,74.32588860546403,4739.220555193158,0.1095890410958904,True,data/metadata/Doctor’s Handwritten Prescription BD dataset/Training/training_words/1515.png,Flugal,train
189,70,2.7,230.86916099773242,68.43760669695564,4934.769387703684,0.09614512471655329,False,data/metadata/Doctor’s Handwritten Prescription BD dataset/Training/training_words/1516.png,Flugal,train
399,126,3.1666666666666665,227.8633289573139,74.65100005459514,4541.12678521701,0.09941520467836257,False,data/metadata/Doctor’s Handwritten Prescription BD dataset/Training/training_words/1517.png,Flugal,train
75,37,2.027027027027027,215.53333333333333,70.03793738162678,7696.004324324324,0.11855855855855855,False,data/metadata/Doctor’s Handwritten Prescription BD dataset/Training/training_words/1518.png,Flugal,train
78,35,2.2285714285714286,208.06886446886446,77.55299039982914,8482.097435897436,0.1534798534798535,False,data/metadata/Doctor’s Handwritten Prescription BD dataset/Training/training_words/1519.png,Flugal,train
211,60,3.5166666666666666,233.71698262243285,63.63400542806969,5384.401341408175,0.08483412322274882,False,data/metadata/Doctor’s Handwritten Prescription BD dataset/Training/training_words/1520.png,Ketocon,train
205,70,2.9285714285714284,196.08090592334494,77.0423075174372,1664.2300982359866,0.17512195121951218,True,data/metadata/Doctor’s Handwritten Prescription BD dataset/Training/training_words/1521.png,Ketocon,train
154,66,2.3333333333333335,215.9624163715073,74.15838934508471,3782.2992884811874,0.1494490358126722,True,data/metadata/Doctor’s Handwritten Prescription BD dataset/Training/training_words/1522.png,Ketocon,train
212,58,3.6551724137931036,234.29814573845152,53.32861215985403,1584.879635627415,0.07888744307091737,False,data/metadata/Doctor’s Handwritten Prescription BD dataset/Training/training_words/1523.png,Ketocon,train
234,67,3.4925373134328357,233.03316749585406,64.71756312600053,5329.042543492448,0.08744737849215461,True,data/metadata/Doctor’s Handwritten Prescription BD dataset/Training/training_words/1524.png,Ketocon,train
172,66,2.606060606060606,217.89464411557435,72.21871510448446,3663.758057173025,0.1417371388301621,True,data/metadata/Doctor’s Handwritten Prescription BD dataset/Training/training_words/1525.png,Ketocon,train
197,67,2.9402985074626864,215.0028790059853,73.20379641505156,3139.9605024753496,0.1441018258959012,True,data/metadata/Doctor’s Handwritten Prescription BD dataset/Training/training_words/1526.png,Ketocon,train
193,50,3.86,221.09481865284974,70.34869645078454,2898.816899514081,0.13139896373056995,False,data/metadata/Doctor’s Handwritten Prescription BD dataset/Training/training_words/1527.png,Ketocon,train
201,63,3.1904761904761907,237.5560293769249,47.6067742984738,1543.7717143884013,0.0656242596541104,True,data/metadata/Doctor’s Handwritten Prescription BD dataset/Training/training_words/1528.png,Ketocon,train
211,57,3.7017543859649122,222.10368337906377,70.07872594174984,2150.5226569118354,0.12047892242454478,False,data/metadata/Doctor’s Handwritten Prescription BD dataset/Training/training_words/1529.png,Ketocon,train
203,48,4.229166666666667,215.3784893267652,74.76894220139076,2067.946624346825,0.14429392446633826,False,data/metadata/Doctor’s Handwritten Prescription BD dataset/Training/training_words/1530.png,Ketocon,train
207,56,3.6964285714285716,230.39613526570048,58.543415660131465,1803.0027519514424,0.09523809523809523,True,data/metadata/Doctor’s Handwritten Prescription BD dataset/Training/training_words/1531.png,Ketocon,train
188,35,5.371428571428571,199.87841945288753,87.31550304656045,3946.431244537652,0.2113981762917933,True,data/metadata/Doctor’s Handwritten Prescription BD dataset/Training/training_words/1532.png,Ketocon,train
198,89,2.2247191011235956,236.2799341731926,52.46451967573479,1548.057767410118,0.06764271932811258,False,data/metadata/Doctor’s Handwritten Prescription BD dataset/Training/training_words/1533.png,Ketocon,train
227,70,3.242857142857143,234.2730648206419,55.18271279850779,1911.4032724350584,0.0762114537444934,False,data/metadata/Doctor’s Handwritten Prescription BD dataset/Training/training_words/1534.png,Ketocon,train
199,68,2.926470588235294,226.8701596216376,62.80779419789604,2483.5712916434422,0.10198049068873781,True,data/metadata/Doctor’s Handwritten Prescription BD dataset/Training/training_words/1535.png,Ketocon,train
192,87,2.206896551724138,228.28831417624522,61.44039212065307,2493.5911095783376,0.09626436781609195,False,data/metadata/Doctor’s Handwritten Prescription BD dataset/Training/training_words/1536.png,Ketocon,train
234,67,3.4925373134328357,233.03316749585406,64.71756312600053,5329.042543492448,0.08744737849215461,True,data/metadata/Doctor’s Handwritten Prescription BD dataset/Training/training_words/1537.png,Ketocon,train
146,38,3.8421052631578947,210.15573179524154,57.773298729550596,3453.266632941637,0.1400504686373468,True,data/metadata/Doctor’s Handwritten Prescription BD dataset/Training/training_words/1538.png,Ketocon,train
149,28,5.321428571428571,206.26558005752636,64.42620053787859,4428.382591701606,0.18744007670182167,True,data/metadata/Doctor’s Handwritten Prescription BD dataset/Training/training_words/1539.png,Ketocon,train
140,35,4.0,211.24,61.42669724715693,3372.511432902957,0.15448979591836734,False,data/metadata/Doctor’s Handwritten Prescription BD dataset/Training/training_words/1540.png,Ketocon,train
130,27,4.814814814814815,205.87008547008546,64.84575773328653,3531.3043206629814,0.17578347578347578,True,data/metadata/Doctor’s Handwritten Prescription BD dataset/Training/training_words/1541.png,Ketocon,train
249,105,2.3714285714285714,239.39498948173647,47.23949630585117,1298.7533371581565,0.055000956205775484,False,data/metadata/Doctor’s Handwritten Prescription BD dataset/Training/training_words/1542.png,Ketocon,train
283,102,2.7745098039215685,236.9331393334719,46.61300560186287,846.0737890601896,0.051756391602577424,False,data/metadata/Doctor’s Handwritten Prescription BD dataset/Training/training_words/1543.png,Ketocon,train
132,25,5.28,206.5239393939394,68.43166710864973,3694.7244282828283,0.19484848484848485,True,data/metadata/Doctor’s Handwritten Prescription BD dataset/Training/training_words/1544.png,Ketocon,train
188,69,2.7246376811594204,237.07531606537157,59.280601788416966,4630.079401788467,0.06968855997533148,False,data/metadata/Doctor’s Handwritten Prescription BD dataset/Training/training_words/1545.png,Ketocon,train
194,67,2.8955223880597014,234.0820895522388,63.33255781750998,5249.712417294969,0.0808585936297892,True,data/metadata/Doctor’s Handwritten Prescription BD dataset/Training/training_words/1546.png,Ketocon,train
210,71,2.9577464788732395,234.91462105969148,63.052693363165396,5745.329577464789,0.07860496311200536,True,data/metadata/Doctor’s Handwritten Prescription BD dataset/Training/training_words/1547.png,Ketocon,train
201,61,3.2950819672131146,235.93059293695458,61.686652715837525,6094.280614560079,0.07299567735095017,False,data/metadata/Doctor’s Handwritten Prescription BD dataset/Training/training_words/1548.png,Ketocon,train
250,70,3.5714285714285716,222.71954285714287,63.4051613565344,2405.123072339592,0.10348571428571429,False,data/metadata/Doctor’s Handwritten Prescription BD dataset/Training/training_words/1549.png,Ketocon,train
211,68,3.1029411764705883,235.65235572902148,60.884383359354246,5679.606703674265,0.07596877613604684,True,data/metadata/Doctor’s Handwritten Prescription BD dataset/Training/training_words/1550.png,Ketocon,train
156,53,2.943396226415094,229.6865021770682,69.52022100718348,7483.279471287112,0.09893565553942912,False,data/metadata/Doctor’s Handwritten Prescription BD dataset/Training/training_words/1551.png,Ketocon,train
183,66,2.772727272727273,225.0505878456698,65.85336876284809,3010.4262800983865,0.1118562675939725,True,data/metadata/Doctor’s Handwritten Prescription BD dataset/Training/training_words/1552.png,Ketocon,train
211,68,3.1029411764705883,235.65235572902148,60.884383359354246,5679.606703674265,0.07596877613604684,True,data/metadata/Doctor’s Handwritten Prescription BD dataset/Training/training_words/1553.png,Ketocon,train
209,96,2.1770833333333335,228.0120115629984,60.808171140831796,2548.758210446567,0.09868421052631579,False,data/metadata/Doctor’s Handwritten Prescription BD dataset/Training/training_words/1554.png,Ketocon,train
188,87,2.160919540229885,226.37282954267548,63.80943370788029,1939.5406509508928,0.10344827586206896,False,data/metadata/Doctor’s Handwritten Prescription BD dataset/Training/training_words/1555.png,Ketocon,train
200,59,3.389830508474576,226.7037288135593,64.71897937375631,2364.804655551566,0.10745762711864407,False,data/metadata/Doctor’s Handwritten Prescription BD dataset/Training/training_words/1556.png,Ketocon,train
201,36,5.583333333333333,214.30058043117745,76.2060802814164,3498.6541303639347,0.1578220011055832,True,data/metadata/Doctor’s Handwritten Prescription BD dataset/Training/training_words/1557.png,Ketocon,train
151,45,3.3555555555555556,210.62825607064016,78.30692521354338,4316.097835864899,0.18027961736571008,True,data/metadata/Doctor’s Handwritten Prescription BD dataset/Training/training_words/1558.png,Ketocon,train
232,64,3.625,229.5464709051724,60.48864305400905,2480.6142901761923,0.09287446120689655,False,data/metadata/Doctor’s Handwritten Prescription BD dataset/Training/training_words/1559.png,Ketocon,train
195,69,2.8260869565217392,233.9753994797473,63.43987802566611,5762.822296544035,0.08063916759568933,False,data/metadata/Doctor’s Handwritten Prescription BD dataset/Training/training_words/1560.png,Ketoral,train
172,60,2.8666666666666667,196.7531007751938,56.8636671141777,2294.949601276591,0.10978682170542636,True,data/metadata/Doctor’s Handwritten Prescription BD dataset/Training/training_words/1561.png,Ketoral,train
214,82,2.6097560975609757,146.28464782311374,36.0080367268161,797.3818665384325,0.07191702758149077,False,data/metadata/Doctor’s Handwritten Prescription BD dataset/Training/training_words/1562.png,Ketoral,train
200,74,2.7027027027027026,222.61405405405407,43.133796773587946,1052.849655912162,0.05817567567567568,False,data/metadata/Doctor’s Handwritten Prescription BD dataset/Training/training_words/1563.png,Ketoral,train
195,69,2.8260869565217392,233.9753994797473,63.43987802566611,5762.822296544035,0.08063916759568933,False,data/metadata/Doctor’s Handwritten Prescription BD dataset/Training/training_words/1564.png,Ketoral,train
231,75,3.08,177.66320346320347,43.22921477023661,863.4725502612184,0.07653679653679654,False,data/metadata/Doctor’s Handwritten Prescription BD dataset/Training/training_words/1565.png,Ketoral,train
221,91,2.4285714285714284,152.5645666550644,41.242204025481456,867.4078687856016,0.08960270498732037,False,data/metadata/Doctor’s Handwritten Prescription BD dataset/Training/training_words/1566.png,Ketoral,train
118,38,3.1052631578947367,169.71231043710972,75.71984739830876,5421.3543348398625,0.2207850133809099,True,data/metadata/Doctor’s Handwritten Prescription BD dataset/Training/training_words/1567.png,Ketoral,train
149,65,2.292307692307692,215.33195663397007,52.12370591753205,2417.9172858197917,0.08094992256066082,False,data/metadata/Doctor’s Handwritten Prescription BD dataset/Training/training_words/1568.png,Ketoral,train
150,52,2.8846153846153846,210.81948717948717,60.434762281692706,2136.8620508711374,0.11807692307692308,False,data/metadata/Doctor’s Handwritten Prescription BD dataset/Training/training_words/1569.png,Ketoral,train
202,77,2.6233766233766236,213.43249324932492,50.902908143558015,1512.8672352314861,0.07316445930307316,False,data/metadata/Doctor’s Handwritten Prescription BD dataset/Training/training_words/1570.png,Ketoral,train
206,80,2.575,206.09053398058253,51.92308475796509,1706.3335984629796,0.08567961165048543,False,data/metadata/Doctor’s Handwritten Prescription BD dataset/Training/training_words/1571.png,Ketoral,train
191,79,2.4177215189873418,194.37424613957188,47.95451046596911,2285.0412985455882,0.07853403141361257,False,data/metadata/Doctor’s Handwritten Prescription BD dataset/Training/training_words/1572.png,Ketoral,train
207,88,2.352272727272727,223.2160737812912,45.776307519580335,1432.1859350767177,0.059727711901624944,False,data/metadata/Doctor’s Handwritten Prescription BD dataset/Training/training_words/1573.png,Ketoral,train
173,60,2.8833333333333333,212.37215799614643,55.205858707322015,2533.5038472904394,0.08709055876685934,False,data/metadata/Doctor’s Handwritten Prescription BD dataset/Training/training_words/1574.png,Ketoral,train
176,50,3.52,198.13727272727272,62.58111297870063,3384.298792858988,0.12715909090909092,True,data/metadata/Doctor’s Handwritten Prescription BD dataset/Training/training_words/1575.png,Ketoral,train
166,54,3.074074074074074,188.940093708166,61.3508945799931,2845.9340413864293,0.12762159750111557,False,data/metadata/Doctor’s Handwritten Prescription BD dataset/Training/training_words/1576.png,Ketoral,train
204,64,3.1875,233.42777267156862,64.02521086533244,5881.711703431372,0.08318014705882353,False,data/metadata/Doctor’s Handwritten Prescription BD dataset/Training/training_words/1577.png,Ketoral,train
155,39,3.9743589743589745,223.6961124896609,60.82133288659079,1902.7259891590572,0.17138130686517783,True,data/metadata/Doctor’s Handwritten Prescription BD dataset/Training/training_words/1578.png,Ketoral,train
152,30,5.066666666666666,208.49627192982456,70.92737503926915,2603.889388273315,0.2425438596491228,True,data/metadata/Doctor’s Handwritten Prescription BD dataset/Training/training_words/1579.png,Ketoral,train
145,44,3.2954545454545454,227.37210031347962,57.8484760460908,1946.5721959051107,0.14858934169278998,True,data/metadata/Doctor’s Handwritten Prescription BD dataset/Training/training_words/1580.png,Ketoral,train
147,33,4.454545454545454,216.27932385075243,64.7313438781279,2607.587318245327,0.20449391877963308,True,data/metadata/Doctor’s Handwritten Prescription BD dataset/Training/training_words/1581.png,Ketoral,train
185,64,2.890625,206.07136824324326,52.4346236235832,2013.3331725298463,0.08741554054054054,False,data/metadata/Doctor’s Handwritten Prescription BD dataset/Training/training_words/1582.png,Ketoral,train
179,72,2.486111111111111,219.8095127250155,51.81765598607945,2277.287519052316,0.07906579764121664,False,data/metadata/Doctor’s Handwritten Prescription BD dataset/Training/training_words/1583.png,Ketoral,train
147,34,4.323529411764706,218.79311724689876,63.30606195016804,2351.1542223932393,0.1996798719487795,True,data/metadata/Doctor’s Handwritten Prescription BD dataset/Training/training_words/1584.png,Ketoral,train
206,68,3.0294117647058822,228.39741576242147,70.79186428339511,5513.915048543689,0.1016561964591662,True,data/metadata/Doctor’s Handwritten Prescription BD dataset/Training/training_words/1585.png,Ketoral,train
264,72,3.6666666666666665,230.45117845117846,67.89428300259286,5278.494106847356,0.09574915824915825,False,data/metadata/Doctor’s Handwritten Prescription BD dataset/Training/training_words/1586.png,Ketoral,train
240,73,3.287671232876712,227.08053652968036,72.82914709671824,5946.5240867579905,0.10901826484018265,False,data/metadata/Doctor’s Handwritten Prescription BD dataset/Training/training_words/1587.png,Ketoral,train
268,82,3.268292682926829,232.32681106661812,66.08176685701319,4440.694666909356,0.08814160902803057,False,data/metadata/Doctor’s Handwritten Prescription BD dataset/Training/training_words/1588.png,Ketoral,train
164,56,2.9285714285714284,203.88479965156793,63.598018705264096,3396.7134359629954,0.12325783972125436,True,data/metadata/Doctor’s Handwritten Prescription BD dataset/Training/training_words/1589.png,Ketoral,train
198,63,3.142857142857143,232.98452781786116,64.01059492095624,6231.078964239204,0.08706108706108706,False,data/metadata/Doctor’s Handwritten Prescription BD dataset/Training/training_words/1590.png,Ketoral,train
218,54,4.037037037037037,228.32144070676182,71.24628243985049,6851.585626911315,0.10355079850492695,False,data/metadata/Doctor’s Handwritten Prescription BD dataset/Training/training_words/1591.png,Ketoral,train
168,64,2.625,213.70972842261904,57.307416446412546,3349.5943927289136,0.10212053571428571,False,data/metadata/Doctor’s Handwritten Prescription BD dataset/Training/training_words/1592.png,Ketoral,train
198,63,3.142857142857143,232.98452781786116,64.01059492095624,6231.078964239204,0.08706108706108706,False,data/metadata/Doctor’s Handwritten Prescription BD dataset/Training/training_words/1593.png,Ketoral,train
185,86,2.1511627906976742,181.18692646134505,41.36453212545149,1378.9241158488526,0.06505342551854179,False,data/metadata/Doctor’s Handwritten Prescription BD dataset/Training/training_words/1594.png,Ketoral,train
144,69,2.0869565217391304,180.21537842190017,57.96545584287747,1597.8493764987224,0.13677536231884058,True,data/metadata/Doctor’s Handwritten Prescription BD dataset/Training/training_words/1595.png,Ketoral,train
158,41,3.8536585365853657,193.33420808891634,65.57873246108181,2270.372087882696,0.15066378511886386,False,data/metadata/Doctor’s Handwritten Prescription BD dataset/Training/training_words/1596.png,Ketoral,train
193,65,2.9692307692307693,174.84902351534475,47.74212486151399,1897.0129048125036,0.09509764846552411,False,data/metadata/Doctor’s Handwritten Prescription BD dataset/Training/training_words/1597.png,Ketoral,train
242,84,2.880952380952381,184.50447658402203,44.359274761993326,793.2972253468927,0.07895513577331759,False,data/metadata/Doctor’s Handwritten Prescription BD dataset/Training/training_words/1598.png,Ketoral,train
168,74,2.27027027027027,164.85279922779924,46.100975275792734,1208.3894313443511,0.0986969111969112,False,data/metadata/Doctor’s Handwritten Prescription BD dataset/Training/training_words/1599.png,Ketoral,train
180,64,2.8125,231.99105902777777,66.9462471454866,5609.996006944444,0.09236111111111112,False,data/metadata/Doctor’s Handwritten Prescription BD dataset/Training/training_words/1600.png,Ketotab,train
59,17,3.4705882352941178,179.72781655034896,83.0286302043903,30297.8173097855,0.23928215353938184,True,data/metadata/Doctor’s Handwritten Prescription BD dataset/Training/training_words/1601.png,Ketotab,train
76,29,2.6206896551724137,178.19963702359345,73.33536866689158,14655.350190504972,0.1969147005444646,False,data/metadata/Doctor’s Handwritten Prescription BD dataset/Training/training_words/1602.png,Ketotab,train
59,17,3.4705882352941178,179.72781655034896,83.0286302043903,30297.8173097855,0.23928215353938184,True,data/metadata/Doctor’s Handwritten Prescription BD dataset/Training/training_words/1603.png,Ketotab,train
190,53,3.5849056603773586,226.15382323733863,73.73740595869853,6561.763455809335,0.11151936444885799,False,data/metadata/Doctor’s Handwritten Prescription BD dataset/Training/training_words/1604.png,Ketotab,train
81,26,3.1153846153846154,174.06030389363724,77.33267431872872,11227.810904538112,0.22744539411206077,True,data/metadata/Doctor’s Handwritten Prescription BD dataset/Training/training_words/1605.png,Ketotab,train
88,27,3.259259259259259,173.760101010101,70.78374157509808,12012.033929183812,0.18855218855218855,False,data/metadata/Doctor’s Handwritten Prescription BD dataset/Training/training_words/1606.png,Ketotab,train
106,35,3.0285714285714285,183.63719676549866,56.79191617726305,7231.4781528759595,0.11590296495956873,False,data/metadata/Doctor’s Handwritten Prescription BD dataset/Training/training_words/1607.png,Ketotab,train
59,21,2.8095238095238093,180.37610976594027,71.22064258106822,23295.301467441328,0.17675544794188863,True,data/metadata/Doctor’s Handwritten Prescription BD dataset/Training/training_words/1608.png,Ketotab,train
113,54,2.0925925925925926,112.74172402490987,36.750982339179274,4033.0844802564857,0.17404129793510326,True,data/metadata/Doctor’s Handwritten Prescription BD dataset/Training/training_words/1609.png,Ketotab,train
110,55,2.0,198.74545454545455,49.12584615383819,4983.951513940304,0.07537190082644628,False,data/metadata/Doctor’s Handwritten Prescription BD dataset/Training/training_words/1610.png,Ketotab,train
112,36,3.111111111111111,180.3343253968254,53.28906582079336,5979.492297667764,0.10863095238095238,False,data/metadata/Doctor’s Handwritten Prescription BD dataset/Training/training_words/1611.png,Ketotab,train
59,21,2.8095238095238093,180.37610976594027,71.22064258106822,23295.301467441328,0.17675544794188863,True,data/metadata/Doctor’s Handwritten Prescription BD dataset/Training/training_words/1612.png,Ketotab,train
95,43,2.2093023255813953,190.9544675642595,57.857469599753514,7182.275879063175,0.11113831089351285,False,data/metadata/Doctor’s Handwritten Prescription BD dataset/Training/training_words/1613.png,Ketotab,train
111,51,2.176470588235294,166.29676735559087,47.515959127588154,4103.322936577901,0.09026673732556086,False,data/metadata/Doctor’s Handwritten Prescription BD dataset/Training/training_words/1614.png,Ketotab,train
111,42,2.642857142857143,137.2979407979408,47.760258488747546,4778.3516461856225,0.13320463320463322,False,data/metadata/Doctor’s Handwritten Prescription BD dataset/Training/training_words/1615.png,Ketotab,train
57,17,3.3529411764705883,179.1455108359133,82.16452875997618,30580.05994498174,0.22703818369453044,True,data/metadata/Doctor’s Handwritten Prescription BD dataset/Training/training_words/1616.png,Ketotab,train
189,56,3.375,227.09325396825398,72.07551139080567,6920.46768707483,0.11054421768707483,False,data/metadata/Doctor’s Handwritten Prescription BD dataset/Training/training_words/1617.png,Ketotab,train
118,28,4.214285714285714,210.8504842615012,56.056580664922585,4284.218456222262,0.13407990314769977,False,data/metadata/Doctor’s Handwritten Prescription BD dataset/Training/training_words/1618.png,Ketotab,train
113,29,3.896551724137931,212.5514189807751,57.48655382951474,5093.149215889515,0.1281660054928288,False,data/metadata/Doctor’s Handwritten Prescription BD dataset/Training/training_words/1619.png,Ketotab,train
102,25,4.08,208.23568627450982,61.487353562000365,5519.256900576701,0.16470588235294117,False,data/metadata/Doctor’s Handwritten Prescription BD dataset/Training/training_words/1620.png,Ketotab,train
111,25,4.44,208.87243243243242,63.493470874042025,7215.11258501745,0.17693693693693693,True,data/metadata/Doctor’s Handwritten Prescription BD dataset/Training/training_words/1621.png,Ketotab,train
63,19,3.3157894736842106,176.7201336675021,75.43128706524664,19067.912651302442,0.214703425229741,True,data/metadata/Doctor’s Handwritten Prescription BD dataset/Training/training_words/1622.png,Ketotab,train
64,20,3.2,191.65390625,75.0409246702505,28919.190603027342,0.1765625,True,data/metadata/Doctor’s Handwritten Prescription BD dataset/Training/training_words/1623.png,Ketotab,train
109,20,5.45,214.06880733944953,61.123021079761834,7448.059645652722,0.16559633027522935,True,data/metadata/Doctor’s Handwritten Prescription BD dataset/Training/training_words/1624.png,Ketotab,train
169,57,2.9649122807017543,225.75729263988373,73.34624888637786,7312.909581646424,0.11024602927436936,False,data/metadata/Doctor’s Handwritten Prescription BD dataset/Training/training_words/1625.png,Ketotab,train
180,57,3.1578947368421053,223.0236842105263,77.69583397097998,7241.050292397661,0.12319688109161793,False,data/metadata/Doctor’s Handwritten Prescription BD dataset/Training/training_words/1626.png,Ketotab,train
185,56,3.3035714285714284,221.75328185328186,78.06695435212207,7744.589285630431,0.1306949806949807,False,data/metadata/Doctor’s Handwritten Prescription BD dataset/Training/training_words/1627.png,Ketotab,train
178,60,2.966666666666667,222.6998127340824,78.34648602601209,6754.510674157304,0.12743445692883895,False,data/metadata/Doctor’s Handwritten Prescription BD dataset/Training/training_words/1628.png,Ketotab,train
64,19,3.3684210526315788,191.89309210526315,74.6992220044524,28946.144936347602,0.18009868421052633,True,data/metadata/Doctor’s Handwritten Prescription BD dataset/Training/training_words/1629.png,Ketotab,train
189,56,3.375,227.09325396825398,72.07551139080567,6920.46768707483,0.11054421768707483,False,data/metadata/Doctor’s Handwritten Prescription BD dataset/Training/training_words/1630.png,Ketotab,train
171,48,3.5625,223.51303606237818,76.3787424987778,7040.858122477856,0.12451267056530214,False,data/metadata/Doctor’s Handwritten Prescription BD dataset/Training/training_words/1631.png,Ketotab,train
59,17,3.4705882352941178,179.72781655034896,83.0286302043903,30297.8173097855,0.23928215353938184,True,data/metadata/Doctor’s Handwritten Prescription BD dataset/Training/training_words/1632.png,Ketotab,train
179,55,3.2545454545454544,226.70614525139663,73.01193323658019,6943.659725749111,0.11071609954291518,False,data/metadata/Doctor’s Handwritten Prescription BD dataset/Training/training_words/1633.png,Ketotab,train
63,19,3.3157894736842106,176.7201336675021,75.43128706524664,19067.912651302442,0.214703425229741,True,data/metadata/Doctor’s Handwritten Prescription BD dataset/Training/training_words/1634.png,Ketotab,train
69,21,3.2857142857142856,177.9454796411318,67.84168786278487,18219.885129603197,0.1725327812284334,False,data/metadata/Doctor’s Handwritten Prescription BD dataset/Training/training_words/1635.png,Ketotab,train
69,21,3.2857142857142856,177.9454796411318,67.84168786278487,18219.885129603197,0.1725327812284334,False,data/metadata/Doctor’s Handwritten Prescription BD dataset/Training/training_words/1636.png,Ketotab,train
76,17,4.470588235294118,185.0735294117647,86.9128598805761,35866.35440289853,0.2724458204334365,True,data/metadata/Doctor’s Handwritten Prescription BD dataset/Training/training_words/1637.png,Ketotab,train
74,16,4.625,179.92736486486487,85.72801188313211,28801.687474319762,0.2643581081081081,True,data/metadata/Doctor’s Handwritten Prescription BD dataset/Training/training_words/1638.png,Ketotab,train
86,29,2.9655172413793105,193.2906976744186,73.27662390107253,14158.31479624877,0.17321571772253408,True,data/metadata/Doctor’s Handwritten Prescription BD dataset/Training/training_words/1639.png,Ketotab,train
173,67,2.582089552238806,234.6250539211457,63.616986029096175,6415.122851787324,0.07945820032784057,False,data/metadata/Doctor’s Handwritten Prescription BD dataset/Training/training_words/1640.png,Ketozol,train
74,16,4.625,164.8091216216216,97.36420230130267,23198.19475894814,0.35388513513513514,True,data/metadata/Doctor’s Handwritten Prescription BD dataset/Training/training_words/1641.png,Ketozol,train
58,19,3.0526315789473686,150.51451905626135,103.46077431502667,25685.309123652423,0.4192377495462795,True,data/metadata/Doctor’s Handwritten Prescription BD dataset/Training/training_words/1642.png,Ketozol,train
60,20,3.0,150.2425,103.7386236031852,23571.24648888889,0.425,True,data/metadata/Doctor’s Handwritten Prescription BD dataset/Training/training_words/1643.png,Ketozol,train
181,66,2.742424242424242,236.41788046207935,60.75883081145375,5392.480160723255,0.07299514481834923,False,data/metadata/Doctor’s Handwritten Prescription BD dataset/Training/training_words/1644.png,Ketozol,train
69,14,4.928571428571429,145.5320910973085,101.42974041859225,32620.711490897553,0.44306418219461696,True,data/metadata/Doctor’s Handwritten Prescription BD dataset/Training/training_words/1645.png,Ketozol,train
74,16,4.625,164.8091216216216,97.36420230130267,23198.19475894814,0.35388513513513514,True,data/metadata/Doctor’s Handwritten Prescription BD dataset/Training/training_words/1646.png,Ketozol,train
74,24,3.0833333333333335,169.02984234234233,98.94924140790756,18834.954356383412,0.32432432432432434,True,data/metadata/Doctor’s Handwritten Prescription BD dataset/Training/training_words/1647.png,Ketozol,train
78,17,4.588235294117647,166.22021116138762,97.28343197848218,21110.69677570529,0.33408748114630465,True,data/metadata/Doctor’s Handwritten Prescription BD dataset/Training/training_words/1648.png,Ketozol,train
85,23,3.6956521739130435,160.73401534526855,93.6105052577898,13289.779348905358,0.3309462915601023,True,data/metadata/Doctor’s Handwritten Prescription BD dataset/Training/training_words/1649.png,Ketozol,train
86,39,2.2051282051282053,178.27728085867622,92.33298695301964,7883.787391517849,0.2620751341681574,True,data/metadata/Doctor’s Handwritten Prescription BD dataset/Training/training_words/1650.png,Ketozol,train
74,29,2.5517241379310347,189.9762348555452,86.03811490925264,12784.914197418811,0.22273998136067102,True,data/metadata/Doctor’s Handwritten Prescription BD dataset/Training/training_words/1651.png,Ketozol,train
74,24,3.0833333333333335,169.02984234234233,98.94924140790756,18834.954356383412,0.32432432432432434,True,data/metadata/Doctor’s Handwritten Prescription BD dataset/Training/training_words/1652.png,Ketozol,train
63,27,2.3333333333333335,168.59964726631392,93.54616185225808,14130.152646660454,0.3080540858318636,True,data/metadata/Doctor’s Handwritten Prescription BD dataset/Training/training_words/1653.png,Ketozol,train
55,23,2.391304347826087,168.44584980237155,93.74921782318854,20256.437790935648,0.31620553359683795,True,data/metadata/Doctor’s Handwritten Prescription BD dataset/Training/training_words/1654.png,Ketozol,train
78,25,3.12,171.14615384615385,86.02311957021622,14243.905494017095,0.2635897435897436,True,data/metadata/Doctor’s Handwritten Prescription BD dataset/Training/training_words/1655.png,Ketozol,train
59,23,2.5652173913043477,172.33235077376565,100.09560319403381,14372.98249259143,0.32792925571112747,True,data/metadata/Doctor’s Handwritten Prescription BD dataset/Training/training_words/1656.png,Ketozol,train
181,66,2.742424242424242,236.41788046207935,60.75883081145375,5392.480160723255,0.07299514481834923,False,data/metadata/Doctor’s Handwritten Prescription BD dataset/Training/training_words/1657.png,Ketozol,train
102,21,4.857142857142857,222.75210084033614,62.75764213156249,7963.559164842408,0.1568627450980392,True,data/metadata/Doctor’s Handwritten Prescription BD dataset/Training/training_words/1658.png,Ketozol,train
116,26,4.461538461538462,223.58554376657824,63.179620392394966,7936.816026176044,0.16213527851458887,True,data/metadata/Doctor’s Handwritten Prescription BD dataset/Training/training_words/1659.png,Ketozol,train
92,19,4.842105263157895,221.60068649885582,64.73023265927355,8826.381570765412,0.16590389016018306,True,data/metadata/Doctor’s Handwritten Prescription BD dataset/Training/training_words/1660.png,Ketozol,train
94,16,5.875,207.8470744680851,74.57497845560553,12007.756977404226,0.2386968085106383,True,data/metadata/Doctor’s Handwritten Prescription BD dataset/Training/training_words/1661.png,Ketozol,train
77,25,3.08,169.3064935064935,98.32999613369542,16140.978275999325,0.332987012987013,True,data/metadata/Doctor’s Handwritten Prescription BD dataset/Training/training_words/1662.png,Ketozol,train
72,15,4.8,148.37962962962962,101.37572373515164,28863.89233196159,0.43148148148148147,True,data/metadata/Doctor’s Handwritten Prescription BD dataset/Training/training_words/1663.png,Ketozol,train
87,17,5.117647058823529,209.5476673427992,70.57545935224567,12457.830578287596,0.2434077079107505,True,data/metadata/Doctor’s Handwritten Prescription BD dataset/Training/training_words/1664.png,Ketozol,train
160,60,2.6666666666666665,236.6215625,60.525284090413486,6123.535833333333,0.07166666666666667,False,data/metadata/Doctor’s Handwritten Prescription BD dataset/Training/training_words/1665.png,Ketozol,train
153,58,2.6379310344827585,233.83784088347983,64.34157921579789,6374.108181203516,0.08260085643452783,False,data/metadata/Doctor’s Handwritten Prescription BD dataset/Training/training_words/1666.png,Ketozol,train
168,67,2.5074626865671643,234.1051883439943,64.27255829598836,6376.806147832267,0.08297796730632552,False,data/metadata/Doctor’s Handwritten Prescription BD dataset/Training/training_words/1667.png,Ketozol,train
147,57,2.5789473684210527,232.1940565699964,66.58366697235174,6550.469984485022,0.08795799021362931,False,data/metadata/Doctor’s Handwritten Prescription BD dataset/Training/training_words/1668.png,Ketozol,train
79,17,4.647058823529412,164.3410275502606,96.22346868913456,17732.11422510699,0.3618763961280715,True,data/metadata/Doctor’s Handwritten Prescription BD dataset/Training/training_words/1669.png,Ketozol,train
176,64,2.75,234.66965553977272,63.612337291080486,5956.418678977273,0.07856889204545454,False,data/metadata/Doctor’s Handwritten Prescription BD dataset/Training/training_words/1670.png,Ketozol,train
173,67,2.582089552238806,234.6250539211457,63.616986029096175,6415.122851787324,0.07945820032784057,False,data/metadata/Doctor’s Handwritten Prescription BD dataset/Training/training_words/1671.png,Ketozol,train
88,24,3.6666666666666665,160.93039772727272,93.68937122493473,12284.295217578843,0.3309659090909091,True,data/metadata/Doctor’s Handwritten Prescription BD dataset/Training/training_words/1672.png,Ketozol,train
176,64,2.75,234.66965553977272,63.612337291080486,5956.418678977273,0.07856889204545454,False,data/metadata/Doctor’s Handwritten Prescription BD dataset/Training/training_words/1673.png,Ketozol,train
85,23,3.6956521739130435,160.73401534526855,93.6105052577898,13289.779348905358,0.3309462915601023,True,data/metadata/Doctor’s Handwritten Prescription BD dataset/Training/training_words/1674.png,Ketozol,train
86,39,2.2051282051282053,178.27728085867622,92.33298695301964,7883.787391517849,0.2620751341681574,True,data/metadata/Doctor’s Handwritten Prescription BD dataset/Training/training_words/1675.png,Ketozol,train
63,27,2.3333333333333335,168.59964726631392,93.54616185225808,14130.152646660454,0.3080540858318636,True,data/metadata/Doctor’s Handwritten Prescription BD dataset/Training/training_words/1676.png,Ketozol,train
63,17,3.7058823529411766,160.1624649859944,99.4651322861562,28858.82141091731,0.36881419234360413,True,data/metadata/Doctor’s Handwritten Prescription BD dataset/Training/training_words/1677.png,Ketozol,train
74,19,3.8947368421052633,158.19416785206258,95.01737503824324,20590.697704817194,0.34210526315789475,True,data/metadata/Doctor’s Handwritten Prescription BD dataset/Training/training_words/1678.png,Ketozol,train
74,33,2.242424242424242,176.74242424242425,93.32270542811541,12380.673706988202,0.26085176085176087,True,data/metadata/Doctor’s Handwritten Prescription BD dataset/Training/training_words/1679.png,Ketozol,train
228,70,3.257142857142857,230.60538847117795,68.78357085879728,4220.043984962406,0.09210526315789473,False,data/metadata/Doctor’s Handwritten Prescription BD dataset/Training/training_words/1680.png,Leptic,train
79,28,2.8214285714285716,194.49547920433997,85.83686258102686,16185.773042977806,0.23417721518987342,True,data/metadata/Doctor’s Handwritten Prescription BD dataset/Training/training_words/1681.png,Leptic,train
94,29,3.2413793103448274,185.35876742479823,78.78480289420948,12733.457737345168,0.206529713866471,True,data/metadata/Doctor’s Handwritten Prescription BD dataset/Training/training_words/1682.png,Leptic,train
87,41,2.1219512195121952,198.9349593495935,81.00234296377309,8948.159446830974,0.20577516119988787,True,data/metadata/Doctor’s Handwritten Prescription BD dataset/Training/training_words/1683.png,Leptic,train
213,80,2.6625,233.24149061032864,65.62759463510976,3470.9970657276995,0.08427230046948357,False,data/metadata/Doctor’s Handwritten Prescription BD dataset/Training/training_words/1684.png,Leptic,train
86,33,2.606060606060606,197.707540521494,81.00510093351568,11761.672302453217,0.19943622269203665,True,data/metadata/Doctor’s Handwritten Prescription BD dataset/Training/training_words/1685.png,Leptic,train
84,34,2.4705882352941178,196.10049019607843,80.27294160438704,18526.90597697412,0.20133053221288516,True,data/metadata/Doctor’s Handwritten Prescription BD dataset/Training/training_words/1686.png,Leptic,train
90,33,2.727272727272727,190.64949494949494,77.68798884548393,16086.244162840527,0.19663299663299663,True,data/metadata/Doctor’s Handwritten Prescription BD dataset/Training/training_words/1687.png,Leptic,train
81,26,3.1153846153846154,199.65527065527064,81.91698287203009,16056.245342750644,0.2184235517568851,True,data/metadata/Doctor’s Handwritten Prescription BD dataset/Training/training_words/1688.png,Leptic,train
94,34,2.764705882352941,199.10356695869837,82.16461909228896,9110.03332417634,0.21495619524405507,True,data/metadata/Doctor’s Handwritten Prescription BD dataset/Training/training_words/1689.png,Leptic,train
67,33,2.0303030303030303,202.797829036635,80.48578938477159,8454.565534238269,0.20669380370872908,True,data/metadata/Doctor’s Handwritten Prescription BD dataset/Training/training_words/1690.png,Leptic,train
67,30,2.2333333333333334,199.1412935323383,83.63096463088863,9121.550701467786,0.21542288557213932,True,data/metadata/Doctor’s Handwritten Prescription BD dataset/Training/training_words/1691.png,Leptic,train
58,27,2.1481481481481484,200.3448275862069,82.81557081577371,14517.365720148297,0.21583652618135377,True,data/metadata/Doctor’s Handwritten Prescription BD dataset/Training/training_words/1692.png,Leptic,train
75,33,2.272727272727273,203.04848484848486,79.75218734676314,9895.674171370269,0.20323232323232324,True,data/metadata/Doctor’s Handwritten Prescription BD dataset/Training/training_words/1693.png,Leptic,train
90,26,3.4615384615384617,194.51111111111112,84.39665888167235,8925.698857476806,0.2188034188034188,True,data/metadata/Doctor’s Handwritten Prescription BD dataset/Training/training_words/1694.png,Leptic,train
69,30,2.3,196.02657004830917,85.48659114181022,14517.135275969102,0.22657004830917873,True,data/metadata/Doctor’s Handwritten Prescription BD dataset/Training/training_words/1695.png,Leptic,train
76,31,2.4516129032258065,206.62606112054328,75.11669913474293,14994.378587632344,0.16511035653650255,True,data/metadata/Doctor’s Handwritten Prescription BD dataset/Training/training_words/1696.png,Leptic,train
206,76,2.710526315789474,233.8826647930506,64.42986835768174,3717.349514563107,0.08099131323454267,False,data/metadata/Doctor’s Handwritten Prescription BD dataset/Training/training_words/1697.png,Leptic,train
113,31,3.6451612903225805,225.63459891521552,80.38967024857902,27514.3180131316,0.1178989437624893,True,data/metadata/Doctor’s Handwritten Prescription BD dataset/Training/training_words/1698.png,Leptic,train
231,94,2.4574468085106385,241.3497282858985,52.34402927662057,2753.185870866722,0.05300727641153173,False,data/metadata/Doctor’s Handwritten Prescription BD dataset/Training/training_words/1699.png,Leptic,train
214,71,3.0140845070422535,230.34493879162827,68.59053426721363,4325.837699091747,0.09595893115703567,False,data/metadata/Doctor’s Handwritten Prescription BD dataset/Training/training_words/1700.png,Leptic,train
237,84,2.8214285714285716,238.3480510347599,56.216840003498156,3574.0167771750052,0.06309021498894916,False,data/metadata/Doctor’s Handwritten Prescription BD dataset/Training/training_words/1701.png,Leptic,train
93,24,3.875,203.28853046594983,79.97269971678465,15621.273114224832,0.20519713261648745,True,data/metadata/Doctor’s Handwritten Prescription BD dataset/Training/training_words/1702.png,Leptic,train
84,23,3.652173913043478,201.84316770186336,81.73101200208474,10416.91333576594,0.2163561076604555,True,data/metadata/Doctor’s Handwritten Prescription BD dataset/Training/training_words/1703.png,Leptic,train
223,75,2.973333333333333,231.93500747384155,66.97770476742058,3943.1310014947685,0.09171898355754858,False,data/metadata/Doctor’s Handwritten Prescription BD dataset/Training/training_words/1704.png,Leptic,train
229,85,2.6941176470588237,235.31518109427176,62.86669785059412,3425.6146930387877,0.07490367325969689,False,data/metadata/Doctor’s Handwritten Prescription BD dataset/Training/training_words/1705.png,Leptic,train
181,66,2.742424242424242,224.42893018583626,75.65670645102715,5490.460241835792,0.11744516993135777,True,data/metadata/Doctor’s Handwritten Prescription BD dataset/Training/training_words/1706.png,Leptic,train
231,81,2.8518518518518516,231.87638287638288,67.55716905303083,3367.731494831181,0.08925231147453369,False,data/metadata/Doctor’s Handwritten Prescription BD dataset/Training/training_words/1707.png,Leptic,train
237,62,3.8225806451612905,236.0819382060705,59.29678955753567,3633.3914522934533,0.07329522253981217,False,data/metadata/Doctor’s Handwritten Prescription BD dataset/Training/training_words/1708.png,Leptic,train
95,22,4.318181818181818,195.58133971291866,81.55989571837821,15133.33149630274,0.20574162679425836,True,data/metadata/Doctor’s Handwritten Prescription BD dataset/Training/training_words/1709.png,Leptic,train
223,90,2.477777777777778,234.62640757349277,63.28012586937661,3498.2082710513205,0.07877428998505231,False,data/metadata/Doctor’s Handwritten Prescription BD dataset/Training/training_words/1710.png,Leptic,train
218,75,2.9066666666666667,234.03681957186544,64.05664152309431,3500.640846917113,0.08036697247706422,False,data/metadata/Doctor’s Handwritten Prescription BD dataset/Training/training_words/1711.png,Leptic,train
89,33,2.696969696969697,193.5028941096357,86.28710701318096,8689.112317700192,0.21859039836567926,True,data/metadata/Doctor’s Handwritten Prescription BD dataset/Training/training_words/1712.png,Leptic,train
211,100,2.11,240.0757345971564,54.45071904534553,2656.5149763033173,0.058246445497630334,False,data/metadata/Doctor’s Handwritten Prescription BD dataset/Training/training_words/1713.png,Leptic,train
56,24,2.3333333333333335,193.7001488095238,87.68496674364995,17891.11727552349,0.234375,True,data/metadata/Doctor’s Handwritten Prescription BD dataset/Training/training_words/1714.png,Leptic,train
64,27,2.3703703703703702,199.8431712962963,82.43040870793796,16580.946614248434,0.21643518518518517,True,data/metadata/Doctor’s Handwritten Prescription BD dataset/Training/training_words/1715.png,Leptic,train
76,22,3.4545454545454546,191.56698564593302,86.57613603704579,15923.4992756433,0.23026315789473684,True,data/metadata/Doctor’s Handwritten Prescription BD dataset/Training/training_words/1716.png,Leptic,train
56,24,2.3333333333333335,191.52083333333334,88.55558609075423,23871.95513570011,0.24627976190476192,True,data/metadata/Doctor’s Handwritten Prescription BD dataset/Training/training_words/1717.png,Leptic,train
75,35,2.142857142857143,197.13980952380953,82.90102805934949,14970.657024,0.20457142857142857,True,data/metadata/Doctor’s Handwritten Prescription BD dataset/Training/training_words/1718.png,Leptic,train
89,28,3.1785714285714284,200.02086677367575,80.3449598057208,9560.256082868067,0.20706260032102727,True,data/metadata/Doctor’s Handwritten Prescription BD dataset/Training/training_words/1719.png,Leptic,train
182,71,2.563380281690141,227.27124284166538,72.39476417557518,5561.000773874013,0.10934839808079244,True,data/metadata/Doctor’s Handwritten Prescription BD dataset/Training/training_words/1720.png,Lucan-R,train
250,63,3.9682539682539684,236.96342857142858,58.235577918884644,3829.485587301587,0.07028571428571428,False,data/metadata/Doctor’s Handwritten Prescription BD dataset/Training/training_words/1721.png,Lucan-R,train
230,72,3.1944444444444446,240.69003623188405,52.247049910926286,3687.6746979764703,0.05634057971014493,False,data/metadata/Doctor’s Handwritten Prescription BD dataset/Training/training_words/1722.png,Lucan-R,train
86,30,2.8666666666666667,212.88565891472868,72.27298397698773,8794.163565891473,0.13062015503875968,False,data/metadata/Doctor’s Handwritten Prescription BD dataset/Training/training_words/1723.png,Lucan-R,train
197,85,2.3176470588235296,231.1761122723201,67.81984885540749,4916.097510431933,0.09531203344281876,True,data/metadata/Doctor’s Handwritten Prescription BD dataset/Training/training_words/1724.png,Lucan-R,train
246,61,4.032786885245901,239.66086898573903,53.53272559597542,4157.746767959483,0.059509529521524725,False,data/metadata/Doctor’s Handwritten Prescription BD dataset/Training/training_words/1725.png,Lucan-R,train
220,63,3.492063492063492,238.9054834054834,54.86524235266908,4411.0468975468975,0.06298701298701298,False,data/metadata/Doctor’s Handwritten Prescription BD dataset/Training/training_words/1726.png,Lucan-R,train
219,64,3.421875,240.05871860730593,53.022109383896165,3586.8590706704977,0.058575913242009135,False,data/metadata/Doctor’s Handwritten Prescription BD dataset/Training/training_words/1727.png,Lucan-R,train
98,31,3.161290322580645,206.8643844634628,80.63192675594584,7828.023699802502,0.1576695194206715,False,data/metadata/Doctor’s Handwritten Prescription BD dataset/Training/training_words/1728.png,Lucan-R,train
240,68,3.5294117647058822,242.30422794117646,49.24342950863163,3354.5680147058824,0.050061274509803924,False,data/metadata/Doctor’s Handwritten Prescription BD dataset/Training/training_words/1729.png,Lucan-R,train
222,59,3.76271186440678,236.84959535806993,57.707641711997326,4725.31142027957,0.0713849442663002,False,data/metadata/Doctor’s Handwritten Prescription BD dataset/Training/training_words/1730.png,Lucan-R,train
219,58,3.7758620689655173,233.05274759880334,64.48418242205776,4651.373484490631,0.08471106912297276,False,data/metadata/Doctor’s Handwritten Prescription BD dataset/Training/training_words/1731.png,Lucan-R,train
236,64,3.6875,240.03747351694915,52.65119647076716,3667.187632415254,0.06005031779661017,False,data/metadata/Doctor’s Handwritten Prescription BD dataset/Training/training_words/1732.png,Lucan-R,train
239,59,4.0508474576271185,237.43117509396498,57.75084371707436,3972.763350117013,0.06857669668817815,False,data/metadata/Doctor’s Handwritten Prescription BD dataset/Training/training_words/1733.png,Lucan-R,train
248,66,3.757575757575758,238.6188294232649,55.65026314995353,3853.454789833822,0.06506598240469208,False,data/metadata/Doctor’s Handwritten Prescription BD dataset/Training/training_words/1734.png,Lucan-R,train
251,60,4.183333333333334,237.1976759628154,57.79836414340202,4188.105312084994,0.07071713147410359,False,data/metadata/Doctor’s Handwritten Prescription BD dataset/Training/training_words/1735.png,Lucan-R,train
220,66,3.3333333333333335,235.61515151515152,60.212728642221336,4442.204544980231,0.07589531680440771,False,data/metadata/Doctor’s Handwritten Prescription BD dataset/Training/training_words/1736.png,Lucan-R,train
240,69,3.4782608695652173,227.0808574879227,73.1093015404229,5272.549093149052,0.1092391304347826,False,data/metadata/Doctor’s Handwritten Prescription BD dataset/Training/training_words/1737.png,Lucan-R,train
260,60,4.333333333333333,235.49653846153845,60.65810334026497,4118.693333333334,0.07647435897435897,False,data/metadata/Doctor’s Handwritten Prescription BD dataset/Training/training_words/1738.png,Lucan-R,train
250,59,4.237288135593221,235.62644067796612,60.080103414643666,4443.84364446998,0.07545762711864407,False,data/metadata/Doctor’s Handwritten Prescription BD dataset/Training/training_words/1739.png,Lucan-R,train
265,82,3.231707317073171,242.72494247583984,48.435278538903766,2697.4455591348365,0.048228255867464334,False,data/metadata/Doctor’s Handwritten Prescription BD dataset/Training/training_words/1740.png,Lucan-R,train
215,54,3.9814814814814814,232.87605512489233,62.30424271317661,6004.566580534022,0.08664944013781223,False,data/metadata/Doctor’s Handwritten Prescription BD dataset/Training/training_words/1741.png,Lucan-R,train
98,33,2.9696969696969697,217.6969696969697,67.93236894329763,7431.04390847248,0.11904761904761904,False,data/metadata/Doctor’s Handwritten Prescription BD dataset/Training/training_words/1742.png,Lucan-R,train
110,38,2.8947368421052633,216.42057416267943,70.3045062271444,7002.422966507177,0.11698564593301436,False,data/metadata/Doctor’s Handwritten Prescription BD dataset/Training/training_words/1743.png,Lucan-R,train
241,60,4.016666666666667,237.89432918395573,56.60657736794808,4447.762929472059,0.06922544951590595,False,data/metadata/Doctor’s Handwritten Prescription BD dataset/Training/training_words/1744.png,Lucan-R,train
257,85,3.023529411764706,239.53884184023804,55.485680671368286,3202.701487754635,0.0613870450904097,False,data/metadata/Doctor’s Handwritten Prescription BD dataset/Training/training_words/1745.png,Lucan-R,train
209,92,2.2717391304347827,234.63345121697523,62.76126360990069,4179.501505271679,0.07998751820262118,True,data/metadata/Doctor’s Handwritten Prescription BD dataset/Training/training_words/1746.png,Lucan-R,train
235,83,2.8313253012048194,236.94252755703667,59.3462973412879,4022.775288387593,0.07034093822096898,False,data/metadata/Doctor’s Handwritten Prescription BD dataset/Training/training_words/1747.png,Lucan-R,train
286,91,3.142857142857143,239.76623376623377,55.14571413424131,2938.7054483977563,0.059747944363328975,False,data/metadata/Doctor’s Handwritten Prescription BD dataset/Training/training_words/1748.png,Lucan-R,train
233,64,3.640625,236.25670600858368,59.350557612671416,4433.957752145922,0.07618025751072961,False,data/metadata/Doctor’s Handwritten Prescription BD dataset/Training/training_words/1749.png,Lucan-R,train
247,78,3.1666666666666665,232.46392608740786,66.0396974524039,4546.284023668639,0.08714834423336448,False,data/metadata/Doctor’s Handwritten Prescription BD dataset/Training/training_words/1750.png,Lucan-R,train
253,79,3.2025316455696204,234.6584279781858,63.27384911144769,3935.8320908590586,0.07825086306098965,False,data/metadata/Doctor’s Handwritten Prescription BD dataset/Training/training_words/1751.png,Lucan-R,train
89,33,2.696969696969697,216.2233571671774,69.50888930273749,9019.810010214505,0.1201906707524685,False,data/metadata/Doctor’s Handwritten Prescription BD dataset/Training/training_words/1752.png,Lucan-R,train
236,78,3.0256410256410255,230.98924380704042,68.29571308514178,4276.167535853977,0.0955019556714472,True,data/metadata/Doctor’s Handwritten Prescription BD dataset/Training/training_words/1753.png,Lucan-R,train
215,54,3.9814814814814814,237.94323858742464,55.64155740798701,4268.772265288544,0.06563307493540052,False,data/metadata/Doctor’s Handwritten Prescription BD dataset/Training/training_words/1754.png,Lucan-R,train
196,52,3.769230769230769,235.57731554160125,59.85589139778041,4433.511970172684,0.076138147566719,False,data/metadata/Doctor’s Handwritten Prescription BD dataset/Training/training_words/1755.png,Lucan-R,train
226,53,4.264150943396227,237.1172148939723,57.1111697451422,4659.831613119628,0.07313407914509935,False,data/metadata/Doctor’s Handwritten Prescription BD dataset/Training/training_words/1756.png,Lucan-R,train
224,73,3.0684931506849313,241.06568003913895,50.988436548600106,3752.2513428730117,0.05461105675146771,False,data/metadata/Doctor’s Handwritten Prescription BD dataset/Training/training_words/1757.png,Lucan-R,train
248,64,3.875,241.03358114919354,51.859358736261456,3570.4782006048385,0.05594758064516129,False,data/metadata/Doctor’s Handwritten Prescription BD dataset/Training/training_words/1758.png,Lucan-R,train
212,62,3.4193548387096775,239.90672550213026,53.1543544409449,4064.1205112598905,0.05934266585514303,False,data/metadata/Doctor’s Handwritten Prescription BD dataset/Training/training_words/1759.png,Lucan-R,train
207,53,3.9056603773584904,232.3300519551545,65.32577113396823,5592.096618357488,0.08959985416096983,False,data/metadata/Doctor’s Handwritten Prescription BD dataset/Training/training_words/1760.png,Lumona,train
131,20,6.55,233.83320610687022,62.06102054752458,32571.08535691393,0.08931297709923663,True,data/metadata/Doctor’s Handwritten Prescription BD dataset/Training/training_words/1761.png,Lumona,train
81,13,6.230769230769231,221.985754985755,74.64638248543723,43392.46666468256,0.14245014245014245,True,data/metadata/Doctor’s Handwritten Prescription BD dataset/Training/training_words/1762.png,Lumona,train
160,19,8.421052631578947,205.06776315789475,93.65436181567735,26226.95403566482,0.19506578947368422,True,data/metadata/Doctor’s Handwritten Prescription BD dataset/Training/training_words/1763.png,Lumona,train
207,53,3.9056603773584904,232.3300519551545,65.32577113396823,5592.096618357488,0.08959985416096983,False,data/metadata/Doctor’s Handwritten Prescription BD dataset/Training/training_words/1764.png,Lumona,train
101,15,6.733333333333333,227.46600660066008,69.59352516893293,37247.168495463404,0.11749174917491749,True,data/metadata/Doctor’s Handwritten Prescription BD dataset/Training/training_words/1765.png,Lumona,train
81,12,6.75,222.58230452674897,75.23416404770273,41900.76630743111,0.13991769547325103,True,data/metadata/Doctor’s Handwritten Prescription BD dataset/Training/training_words/1766.png,Lumona,train
75,15,5.0,226.0168888888889,71.703281679811,44659.37598735803,0.12444444444444444,True,data/metadata/Doctor’s Handwritten Prescription BD dataset/Training/training_words/1767.png,Lumona,train
683,147,4.64625850340136,223.21669106881404,71.61648555651949,351.5407692288612,0.10735948845131024,True,data/metadata/Doctor’s Handwritten Prescription BD dataset/Training/training_words/1768.png,Lumona,train
110,14,7.857142857142857,226.32272727272726,70.76582290387982,39611.90178571428,0.12857142857142856,True,data/metadata/Doctor’s Handwritten Prescription BD dataset/Training/training_words/1769.png,Lumona,train
98,26,3.769230769230769,233.66836734693877,60.62152827266147,18945.696566272927,0.09301412872841444,True,data/metadata/Doctor’s Handwritten Prescription BD dataset/Training/training_words/1770.png,Lumona,train
84,12,7.0,222.36507936507937,76.7774410046071,45604.725118693306,0.1388888888888889,True,data/metadata/Doctor’s Handwritten Prescription BD dataset/Training/training_words/1771.png,Lumona,train
84,14,6.0,226.30102040816325,69.7488902136342,36456.85479140637,0.12414965986394558,True,data/metadata/Doctor’s Handwritten Prescription BD dataset/Training/training_words/1772.png,Lumona,train
95,14,6.785714285714286,224.8684210526316,72.86001602457215,42490.3536322008,0.13007518796992482,True,data/metadata/Doctor’s Handwritten Prescription BD dataset/Training/training_words/1773.png,Lumona,train
185,79,2.3417721518987342,237.1537461512145,59.0749893285955,4061.0075949367088,0.07047553882996921,False,data/metadata/Doctor’s Handwritten Prescription BD dataset/Training/training_words/1774.png,Lumona,train
209,60,3.4833333333333334,234.60757575757575,62.8369220946855,5198.0963413726795,0.07791068580542265,False,data/metadata/Doctor’s Handwritten Prescription BD dataset/Training/training_words/1775.png,Lumona,train
89,28,3.1785714285714284,234.27407704654897,56.132038092270776,13236.978953357002,0.0971107544141252,True,data/metadata/Doctor’s Handwritten Prescription BD dataset/Training/training_words/1776.png,Lumona,train
242,57,4.245614035087719,234.0310279831811,63.750712209642884,4718.919965202262,0.08075975061620995,False,data/metadata/Doctor’s Handwritten Prescription BD dataset/Training/training_words/1777.png,Lumona,train
259,90,2.8777777777777778,241.55448305448306,52.41178828799199,2819.1449163449165,0.05195195195195195,False,data/metadata/Doctor’s Handwritten Prescription BD dataset/Training/training_words/1778.png,Lumona,train
259,90,2.8777777777777778,241.55448305448306,52.41178828799199,2819.1449163449165,0.05195195195195195,False,data/metadata/Doctor’s Handwritten Prescription BD dataset/Training/training_words/1779.png,Lumona,train
249,75,3.32,239.38575635876842,56.453315828825794,3422.242891566265,0.06136546184738956,False,data/metadata/Doctor’s Handwritten Prescription BD dataset/Training/training_words/1780.png,Lumona,train
222,76,2.9210526315789473,235.2091038406828,62.971108419602196,3583.7795163584638,0.07610241820768136,False,data/metadata/Doctor’s Handwritten Prescription BD dataset/Training/training_words/1781.png,Lumona,train
193,31,6.225806451612903,211.59969914758483,87.11778609693104,27306.364428670244,0.16379742604044795,False,data/metadata/Doctor’s Handwritten Prescription BD dataset/Training/training_words/1782.png,Lumona,train
299,73,4.095890410958904,225.21817015622852,59.181016231301804,6616.930598201732,0.07692307692307693,True,data/metadata/Doctor’s Handwritten Prescription BD dataset/Training/training_words/1783.png,Lumona,train
203,80,2.5375,236.6350369458128,60.563068063788904,3667.770995167167,0.07210591133004926,False,data/metadata/Doctor’s Handwritten Prescription BD dataset/Training/training_words/1784.png,Lumona,train
259,77,3.3636363636363638,239.12264955122097,56.36742914222701,3201.5254475254474,0.06132477561048989,False,data/metadata/Doctor’s Handwritten Prescription BD dataset/Training/training_words/1785.png,Lumona,train
234,73,3.2054794520547945,235.38367872614447,62.346170072458726,4030.34603618467,0.076103500761035,False,data/metadata/Doctor’s Handwritten Prescription BD dataset/Training/training_words/1786.png,Lumona,train
234,73,3.2054794520547945,235.38367872614447,62.346170072458726,4030.34603618467,0.076103500761035,False,data/metadata/Doctor’s Handwritten Prescription BD dataset/Training/training_words/1787.png,Lumona,train
202,89,2.269662921348315,236.67526977416844,61.14402271060643,2911.299086879786,0.07114250750917789,False,data/metadata/Doctor’s Handwritten Prescription BD dataset/Training/training_words/1788.png,Lumona,train
91,16,5.6875,221.02266483516485,76.62734611820008,33391.56610718437,0.14972527472527472,True,data/metadata/Doctor’s Handwritten Prescription BD dataset/Training/training_words/1789.png,Lumona,train
242,57,4.245614035087719,234.0310279831811,63.750712209642884,4718.919965202262,0.08075975061620995,False,data/metadata/Doctor’s Handwritten Prescription BD dataset/Training/training_words/1790.png,Lumona,train
202,89,2.269662921348315,236.67526977416844,61.14402271060643,2911.299086879786,0.07114250750917789,False,data/metadata/Doctor’s Handwritten Prescription BD dataset/Training/training_words/1791.png,Lumona,train
193,31,6.225806451612903,211.59969914758483,87.11778609693104,27306.364428670244,0.16379742604044795,False,data/metadata/Doctor’s Handwritten Prescription BD dataset/Training/training_words/1792.png,Lumona,train
228,66,3.4545454545454546,236.22142477405635,61.075623662242265,3742.5833333333335,0.0729665071770335,False,data/metadata/Doctor’s Handwritten Prescription BD dataset/Training/training_words/1793.png,Lumona,train
100,14,7.142857142857143,225.405,71.23669482286299,39285.9581122449,0.13142857142857142,True,data/metadata/Doctor’s Handwritten Prescription BD dataset/Training/training_words/1794.png,Lumona,train
72,20,3.6,233.10902777777778,62.013763496047176,19096.194288194445,0.09583333333333334,True,data/metadata/Doctor’s Handwritten Prescription BD dataset/Training/training_words/1795.png,Lumona,train
86,13,6.615384615384615,224.345259391771,73.4763827917022,36519.77954819653,0.13327370304114491,True,data/metadata/Doctor’s Handwritten Prescription BD dataset/Training/training_words/1796.png,Lumona,train
93,23,4.043478260869565,233.13277232351567,61.343202142669945,19491.539425539762,0.10144927536231885,True,data/metadata/Doctor’s Handwritten Prescription BD dataset/Training/training_words/1797.png,Lumona,train
89,15,5.933333333333334,223.68614232209737,74.03571105949219,35888.378209260896,0.13857677902621723,True,data/metadata/Doctor’s Handwritten Prescription BD dataset/Training/training_words/1798.png,Lumona,train
87,13,6.6923076923076925,219.1105216622458,77.700581451534,46560.21120875324,0.15473032714412024,True,data/metadata/Doctor’s Handwritten Prescription BD dataset/Training/training_words/1799.png,Lumona,train
230,95,2.4210526315789473,231.3658581235698,67.08659431206634,2874.327135155968,0.09478260869565218,False,data/metadata/Doctor’s Handwritten Prescription BD dataset/Training/training_words/1800.png,M-Kast,train
81,25,3.24,156.20345679012345,108.57422147221465,9620.76620027435,0.3985185185185185,True,data/metadata/Doctor’s Handwritten Prescription BD dataset/Training/training_words/1801.png,M-Kast,train
126,25,5.04,171.45936507936509,103.35374345088407,8466.711440564373,0.32857142857142857,True,data/metadata/Doctor’s Handwritten Prescription BD dataset/Training/training_words/1802.png,M-Kast,train
110,22,5.0,166.0698347107438,104.74766057454671,10899.790461546343,0.35991735537190084,True,data/metadata/Doctor’s Handwritten Prescription BD dataset/Training/training_words/1803.png,M-Kast,train
246,91,2.7032967032967035,237.36429018136334,57.496499923993866,2869.346645224694,0.06973108192620388,False,data/metadata/Doctor’s Handwritten Prescription BD dataset/Training/training_words/1804.png,M-Kast,train
127,25,5.08,173.93732283464567,101.77324885159736,8962.72119476719,0.32031496062992126,True,data/metadata/Doctor’s Handwritten Prescription BD dataset/Training/training_words/1805.png,M-Kast,train
99,30,3.3,157.3111111111111,105.95373257024397,7762.417611468219,0.3781144781144781,True,data/metadata/Doctor’s Handwritten Prescription BD dataset/Training/training_words/1806.png,M-Kast,train
115,37,3.108108108108108,179.31633372502938,99.72399303120785,5843.937250901338,0.2890716803760282,True,data/metadata/Doctor’s Handwritten Prescription BD dataset/Training/training_words/1807.png,M-Kast,train
90,27,3.3333333333333335,155.15802469135804,106.25482863589698,10079.344077122389,0.3880658436213992,True,data/metadata/Doctor’s Handwritten Prescription BD dataset/Training/training_words/1808.png,M-Kast,train
99,36,2.75,162.7895622895623,106.72869904433472,6225.470579028846,0.36560044893378224,True,data/metadata/Doctor’s Handwritten Prescription BD dataset/Training/training_words/1809.png,M-Kast,train
104,33,3.1515151515151514,181.6130536130536,98.97700536913081,6258.888729192816,0.289044289044289,True,data/metadata/Doctor’s Handwritten Prescription BD dataset/Training/training_words/1810.png,M-Kast,train
79,23,3.4347826086956523,167.7391304347826,104.27680118140542,10659.749161060356,0.35332966428178314,True,data/metadata/Doctor’s Handwritten Prescription BD dataset/Training/training_words/1811.png,M-Kast,train
79,25,3.16,159.84050632911394,108.13855331780466,10410.45495683384,0.38126582278481014,True,data/metadata/Doctor’s Handwritten Prescription BD dataset/Training/training_words/1812.png,M-Kast,train
101,24,4.208333333333333,170.3539603960396,102.6354419923358,9841.57327440665,0.33745874587458746,True,data/metadata/Doctor’s Handwritten Prescription BD dataset/Training/training_words/1813.png,M-Kast,train
99,28,3.5357142857142856,169.97799422799423,103.129780763115,10358.515249901613,0.34704184704184704,True,data/metadata/Doctor’s Handwritten Prescription BD dataset/Training/training_words/1814.png,M-Kast,train
91,22,4.136363636363637,150.55894105894106,106.52787702706568,12117.536454554436,0.39760239760239763,True,data/metadata/Doctor’s Handwritten Prescription BD dataset/Training/training_words/1815.png,M-Kast,train
111,29,3.8275862068965516,168.5448897173035,103.66192970676329,6276.5293629265725,0.3463808636222429,True,data/metadata/Doctor’s Handwritten Prescription BD dataset/Training/training_words/1816.png,M-Kast,train
283,107,2.6448598130841123,234.58003368448863,63.608733245468336,2339.4971103992602,0.08067765265347908,False,data/metadata/Doctor’s Handwritten Prescription BD dataset/Training/training_words/1817.png,M-Kast,train
240,77,3.116883116883117,232.9707251082251,64.50057600764798,3654.306060606061,0.0882034632034632,False,data/metadata/Doctor’s Handwritten Prescription BD dataset/Training/training_words/1818.png,M-Kast,train
251,71,3.535211267605634,224.08748106166883,75.56638155468633,3802.4526120868636,0.12249593176589417,False,data/metadata/Doctor’s Handwritten Prescription BD dataset/Training/training_words/1819.png,M-Kast,train
216,70,3.085714285714286,226.2162037037037,72.32081223923464,5371.159654334986,0.11316137566137566,False,data/metadata/Doctor’s Handwritten Prescription BD dataset/Training/training_words/1820.png,M-Kast,train
277,81,3.419753086419753,234.71497972099658,62.340723033436056,3195.859606899318,0.0800909212461559,False,data/metadata/Doctor’s Handwritten Prescription BD dataset/Training/training_words/1821.png,M-Kast,train
102,32,3.1875,174.91360294117646,101.17607691766956,7945.836066657055,0.31035539215686275,True,data/metadata/Doctor’s Handwritten Prescription BD dataset/Training/training_words/1822.png,M-Kast,train
113,22,5.136363636363637,171.0289621882542,102.14488927477838,11027.50042296393,0.333065164923572,True,data/metadata/Doctor’s Handwritten Prescription BD dataset/Training/training_words/1823.png,M-Kast,train
252,96,2.625,234.26446759259258,63.05810600405307,3188.6037533068784,0.07998511904761904,False,data/metadata/Doctor’s Handwritten Prescription BD dataset/Training/training_words/1824.png,M-Kast,train
213,83,2.566265060240964,226.26223202669834,72.97213455980416,3779.01343808275,0.11318513490582047,False,data/metadata/Doctor’s Handwritten Prescription BD dataset/Training/training_words/1825.png,M-Kast,train
226,71,3.183098591549296,224.25763430138352,75.84216561874321,3722.5332170011216,0.11897045992770784,False,data/metadata/Doctor’s Handwritten Prescription BD dataset/Training/training_words/1826.png,M-Kast,train
223,85,2.623529411764706,233.3915061988921,64.5617376670434,3576.4465312582433,0.08383012397784226,False,data/metadata/Doctor’s Handwritten Prescription BD dataset/Training/training_words/1827.png,M-Kast,train
254,86,2.953488372093023,236.0701794543124,60.00919381695382,2899.7308185314046,0.07471159128364768,False,data/metadata/Doctor’s Handwritten Prescription BD dataset/Training/training_words/1828.png,M-Kast,train
130,26,5.0,171.948224852071,102.96378397503813,7333.956531283919,0.329585798816568,True,data/metadata/Doctor’s Handwritten Prescription BD dataset/Training/training_words/1829.png,M-Kast,train
232,79,2.9367088607594938,232.30718027062417,65.72262778264309,3105.515931907464,0.0904081187254474,False,data/metadata/Doctor’s Handwritten Prescription BD dataset/Training/training_words/1830.png,M-Kast,train
245,70,3.5,226.45142857142858,72.32633973347457,3745.6153935860057,0.11306122448979591,False,data/metadata/Doctor’s Handwritten Prescription BD dataset/Training/training_words/1831.png,M-Kast,train
105,25,4.2,169.56990476190475,102.89803260181539,8727.518098285713,0.34095238095238095,True,data/metadata/Doctor’s Handwritten Prescription BD dataset/Training/training_words/1832.png,M-Kast,train
226,88,2.5681818181818183,232.17497988736926,66.0611365826574,3025.4895414320195,0.0916130329847144,False,data/metadata/Doctor’s Handwritten Prescription BD dataset/Training/training_words/1833.png,M-Kast,train
88,28,3.142857142857143,163.33522727272728,107.20510954374333,7747.064644517413,0.35917207792207795,True,data/metadata/Doctor’s Handwritten Prescription BD dataset/Training/training_words/1834.png,M-Kast,train
101,24,4.208333333333333,168.7058580858086,102.95131919552402,9180.21634861506,0.34529702970297027,True,data/metadata/Doctor’s Handwritten Prescription BD dataset/Training/training_words/1835.png,M-Kast,train
121,30,4.033333333333333,182.09201101928375,99.20231333990584,6592.837594881952,0.2878787878787879,True,data/metadata/Doctor’s Handwritten Prescription BD dataset/Training/training_words/1836.png,M-Kast,train
112,33,3.393939393939394,176.31195887445887,101.21311966793661,6762.7144332207745,0.31737012987012986,True,data/metadata/Doctor’s Handwritten Prescription BD dataset/Training/training_words/1837.png,M-Kast,train
133,28,4.75,177.59479054779806,101.99232498206001,7630.546229295042,0.31203007518796994,True,data/metadata/Doctor’s Handwritten Prescription BD dataset/Training/training_words/1838.png,M-Kast,train
106,28,3.7857142857142856,167.00741239892184,104.18244130913718,7505.121714164929,0.3490566037735849,True,data/metadata/Doctor’s Handwritten Prescription BD dataset/Training/training_words/1839.png,M-Kast,train
189,62,3.0483870967741935,231.86567673664447,64.92391635679071,5867.89622802526,0.09156852705239801,False,data/metadata/Doctor’s Handwritten Prescription BD dataset/Training/training_words/1840.png,Maxima,train
171,27,6.333333333333333,173.10656270305392,103.3402600658452,8397.690602794833,0.32272038119991336,True,data/metadata/Doctor’s Handwritten Prescription BD dataset/Training/training_words/1841.png,Maxima,train
163,41,3.975609756097561,167.06883136316026,101.88531512398171,5980.3248734301405,0.32724824180757145,True,data/metadata/Doctor’s Handwritten Prescription BD dataset/Training/training_words/1842.png,Maxima,train
93,28,3.3214285714285716,209.04454685099847,76.15678516379458,8617.836405529953,0.15168970814132104,False,data/metadata/Doctor’s Handwritten Prescription BD dataset/Training/training_words/1843.png,Maxima,train
189,62,3.0483870967741935,231.86567673664447,64.92391635679071,5867.89622802526,0.09156852705239801,False,data/metadata/Doctor’s Handwritten Prescription BD dataset/Training/training_words/1844.png,Maxima,train
169,44,3.840909090909091,203.1589564281872,88.3760731214244,5342.886329328904,0.20494889725658957,True,data/metadata/Doctor’s Handwritten Prescription BD dataset/Training/training_words/1845.png,Maxima,train
157,30,5.233333333333333,198.4048832271762,90.05394336178509,7212.132445490239,0.22611464968152867,True,data/metadata/Doctor’s Handwritten Prescription BD dataset/Training/training_words/1846.png,Maxima,train
119,22,5.409090909090909,191.31550802139037,93.64290907242848,13471.744481555383,0.2570664629488159,True,data/metadata/Doctor’s Handwritten Prescription BD dataset/Training/training_words/1847.png,Maxima,train
144,28,5.142857142857143,197.84102182539684,90.27706346709327,8487.218911407155,0.2326388888888889,True,data/metadata/Doctor’s Handwritten Prescription BD dataset/Training/training_words/1848.png,Maxima,train
128,26,4.923076923076923,165.77734375,106.28916135161172,12797.080205251481,0.34765625,True,data/metadata/Doctor’s Handwritten Prescription BD dataset/Training/training_words/1849.png,Maxima,train
151,22,6.863636363636363,168.0755568934377,104.80565431390085,12411.099024310592,0.34256472004816374,True,data/metadata/Doctor’s Handwritten Prescription BD dataset/Training/training_words/1850.png,Maxima,train
153,23,6.6521739130434785,178.51264563796533,99.88727830949618,12661.646121275153,0.30008525149190113,True,data/metadata/Doctor’s Handwritten Prescription BD dataset/Training/training_words/1851.png,Maxima,train
175,27,6.481481481481482,180.7473015873016,99.20679089882624,8570.245416376922,0.2962962962962963,True,data/metadata/Doctor’s Handwritten Prescription BD dataset/Training/training_words/1852.png,Maxima,train
141,36,3.9166666666666665,198.86229314420802,91.1038911358032,8333.074290601611,0.2218282111899133,True,data/metadata/Doctor’s Handwritten Prescription BD dataset/Training/training_words/1853.png,Maxima,train
167,36,4.638888888888889,170.6691616766467,104.96004131676035,5910.148787228161,0.33532934131736525,True,data/metadata/Doctor’s Handwritten Prescription BD dataset/Training/training_words/1854.png,Maxima,train
154,33,4.666666666666667,169.3258559622196,105.2078510800017,7196.726251653132,0.3362849271940181,True,data/metadata/Doctor’s Handwritten Prescription BD dataset/Training/training_words/1855.png,Maxima,train
144,28,5.142857142857143,197.84102182539684,90.27706346709327,8487.218911407155,0.2326388888888889,True,data/metadata/Doctor’s Handwritten Prescription BD dataset/Training/training_words/1856.png,Maxima,train
224,53,4.226415094339623,228.00631738544473,69.55015771264249,6518.345855795148,0.10444743935309973,False,data/metadata/Doctor’s Handwritten Prescription BD dataset/Training/training_words/1857.png,Maxima,train
184,30,6.133333333333334,176.00108695652173,102.66380159646737,7139.095918366677,0.3134057971014493,True,data/metadata/Doctor’s Handwritten Prescription BD dataset/Training/training_words/1858.png,Maxima,train
236,44,5.363636363636363,225.07887134052388,72.56800407988034,7733.904852285489,0.11286594761171033,False,data/metadata/Doctor’s Handwritten Prescription BD dataset/Training/training_words/1859.png,Maxima,train
218,56,3.892857142857143,224.33731979030145,75.3401085468896,6647.6480785648155,0.12074049803407602,False,data/metadata/Doctor’s Handwritten Prescription BD dataset/Training/training_words/1860.png,Maxima,train
191,60,3.183333333333333,219.35506108202443,80.43183853829724,6877.284642233857,0.13795811518324608,True,data/metadata/Doctor’s Handwritten Prescription BD dataset/Training/training_words/1861.png,Maxima,train
146,30,4.866666666666666,167.83150684931508,105.87218283686535,8834.16229353016,0.3481735159817352,True,data/metadata/Doctor’s Handwritten Prescription BD dataset/Training/training_words/1862.png,Maxima,train
186,29,6.413793103448276,181.54690396737115,99.25410981619508,7497.04016509782,0.29236188357434184,True,data/metadata/Doctor’s Handwritten Prescription BD dataset/Training/training_words/1863.png,Maxima,train
206,58,3.5517241379310347,217.8853364579846,82.10615526511663,6634.782471525421,0.14537997991295615,False,data/metadata/Doctor’s Handwritten Prescription BD dataset/Training/training_words/1864.png,Maxima,train
222,40,5.55,217.34921171171172,81.95438613665688,7233.529380275546,0.14560810810810812,False,data/metadata/Doctor’s Handwritten Prescription BD dataset/Training/training_words/1865.png,Maxima,train
211,58,3.6379310344827585,223.6313940186305,75.85988097125002,6530.5907827809415,0.12265075992809282,False,data/metadata/Doctor’s Handwritten Prescription BD dataset/Training/training_words/1866.png,Maxima,train
230,64,3.59375,226.59375,72.87365137138642,5630.447961956522,0.10889945652173913,False,data/metadata/Doctor’s Handwritten Prescription BD dataset/Training/training_words/1867.png,Maxima,train
201,50,4.02,228.26298507462687,69.28262539868206,6328.21631840796,0.10348258706467661,False,data/metadata/Doctor’s Handwritten Prescription BD dataset/Training/training_words/1868.png,Maxima,train
146,30,4.866666666666666,167.83150684931508,105.87218283686535,8834.16229353016,0.3481735159817352,True,data/metadata/Doctor’s Handwritten Prescription BD dataset/Training/training_words/1869.png,Maxima,train
211,56,3.767857142857143,228.99128300609343,68.76312954099237,6631.690758293839,0.10071090047393365,False,data/metadata/Doctor’s Handwritten Prescription BD dataset/Training/training_words/1870.png,Maxima,train
201,50,4.02,228.26298507462687,69.28262539868206,6328.21631840796,0.10348258706467661,False,data/metadata/Doctor’s Handwritten Prescription BD dataset/Training/training_words/1871.png,Maxima,train
171,27,6.333333333333333,173.10656270305392,103.3402600658452,8397.690602794833,0.32272038119991336,True,data/metadata/Doctor’s Handwritten Prescription BD dataset/Training/training_words/1872.png,Maxima,train
212,67,3.1641791044776117,231.37067023373697,66.42416662163282,5490.0912419036895,0.09370599831033512,False,data/metadata/Doctor’s Handwritten Prescription BD dataset/Training/training_words/1873.png,Maxima,train
161,40,4.025,166.69596273291924,101.74280286099373,5598.709922842482,0.3298136645962733,True,data/metadata/Doctor’s Handwritten Prescription BD dataset/Training/training_words/1874.png,Maxima,train
165,43,3.8372093023255816,202.61353065539112,88.9264848296946,5930.865654430137,0.20479210711768853,True,data/metadata/Doctor’s Handwritten Prescription BD dataset/Training/training_words/1875.png,Maxima,train
147,27,5.444444444444445,196.1012849584278,91.70000669508008,9487.807178472669,0.23053665910808768,True,data/metadata/Doctor’s Handwritten Prescription BD dataset/Training/training_words/1876.png,Maxima,train
147,31,4.741935483870968,168.36844415185428,105.75577960755322,8810.991369890635,0.33947772657450076,True,data/metadata/Doctor’s Handwritten Prescription BD dataset/Training/training_words/1877.png,Maxima,train
175,28,6.25,174.65591836734694,103.11783815909632,8286.512965431071,0.313469387755102,True,data/metadata/Doctor’s Handwritten Prescription BD dataset/Training/training_words/1878.png,Maxima,train
178,28,6.357142857142857,181.95906902086676,99.334543108986,9174.377201909674,0.28852327447833065,True,data/metadata/Doctor’s Handwritten Prescription BD dataset/Training/training_words/1879.png,Maxima,train
72,38,1.894736842105263,217.52558479532163,68.01375368590891,8351.677631578947,0.11842105263157894,False,data/metadata/Doctor’s Handwritten Prescription BD dataset/Training/training_words/1880.png,Maxpro,train
143,41,3.4878048780487805,204.90243902439025,96.84459558594203,20577.973939955788,0.19819205185058844,True,data/metadata/Doctor’s Handwritten Prescription BD dataset/Training/training_words/1881.png,Maxpro,train
194,59,3.288135593220339,234.2409575397519,58.47523033954414,4178.138039489778,0.09252140485759217,False,data/metadata/Doctor’s Handwritten Prescription BD dataset/Training/training_words/1882.png,Maxpro,train
282,63,4.476190476190476,226.17865585950693,68.94660060930708,7482.838072814426,0.1420128335021952,True,data/metadata/Doctor’s Handwritten Prescription BD dataset/Training/training_words/1883.png,Maxpro,train
82,34,2.411764705882353,211.14347202295554,74.5180223624569,8590.15524452511,0.1398852223816356,False,data/metadata/Doctor’s Handwritten Prescription BD dataset/Training/training_words/1884.png,Maxpro,train
165,51,3.235294117647059,222.84967320261438,71.23147711328956,4924.640091114211,0.14248366013071895,False,data/metadata/Doctor’s Handwritten Prescription BD dataset/Training/training_words/1885.png,Maxpro,train
183,60,3.05,229.34171220400728,64.41915754931478,3961.0593806921675,0.11384335154826958,False,data/metadata/Doctor’s Handwritten Prescription BD dataset/Training/training_words/1886.png,Maxpro,train
183,60,3.05,229.34171220400728,64.41915754931478,3961.0593806921675,0.11384335154826958,False,data/metadata/Doctor’s Handwritten Prescription BD dataset/Training/training_words/1887.png,Maxpro,train
330,57,5.7894736842105265,214.8684210526316,87.78576313716806,22805.627255088162,0.15544922913343967,True,data/metadata/Doctor’s Handwritten Prescription BD dataset/Training/training_words/1888.png,Maxpro,train
149,48,3.1041666666666665,219.46308724832215,74.64496714896617,5411.4258378470195,0.15925615212527963,True,data/metadata/Doctor’s Handwritten Prescription BD dataset/Training/training_words/1889.png,Maxpro,train
172,44,3.909090909090909,216.73929704016913,76.55624878096383,5629.274970622243,0.17151162790697674,False,data/metadata/Doctor’s Handwritten Prescription BD dataset/Training/training_words/1890.png,Maxpro,train
178,56,3.1785714285714284,224.9201444622793,69.04212810269273,4372.03279868573,0.13342696629213482,False,data/metadata/Doctor’s Handwritten Prescription BD dataset/Training/training_words/1891.png,Maxpro,train
252,52,4.846153846153846,216.65376984126985,83.66116110492634,9568.653504191509,0.1552960927960928,True,data/metadata/Doctor’s Handwritten Prescription BD dataset/Training/training_words/1892.png,Maxpro,train
165,72,2.2916666666666665,234.82617845117846,57.661442265315415,3369.9705387205386,0.09107744107744108,False,data/metadata/Doctor’s Handwritten Prescription BD dataset/Training/training_words/1893.png,Maxpro,train
171,55,3.109090909090909,228.01839447102606,65.36658644825778,4282.0276448697505,0.1217437533227007,False,data/metadata/Doctor’s Handwritten Prescription BD dataset/Training/training_words/1894.png,Maxpro,train
188,60,3.1333333333333333,232.61755319148935,59.646146371679805,4249.800886524823,0.09813829787234042,False,data/metadata/Doctor’s Handwritten Prescription BD dataset/Training/training_words/1895.png,Maxpro,train
174,60,2.9,238.0956896551724,55.821670943623396,3865.254789272031,0.06724137931034482,False,data/metadata/Doctor’s Handwritten Prescription BD dataset/Training/training_words/1896.png,Maxpro,train
125,67,1.8656716417910448,232.19450746268657,68.71916645659165,13250.51415475696,0.09277611940298508,True,data/metadata/Doctor’s Handwritten Prescription BD dataset/Training/training_words/1897.png,Maxpro,train
195,70,2.7857142857142856,234.05721611721611,59.07619858400203,3109.587838827839,0.09289377289377289,False,data/metadata/Doctor’s Handwritten Prescription BD dataset/Training/training_words/1898.png,Maxpro,train
203,71,2.859154929577465,233.98563796572537,59.41304990778507,3203.132934730762,0.09241656837577188,False,data/metadata/Doctor’s Handwritten Prescription BD dataset/Training/training_words/1899.png,Maxpro,train
184,62,2.967741935483871,233.3095196353436,59.0541907737797,3843.6742636746144,0.09405680224403927,False,data/metadata/Doctor’s Handwritten Prescription BD dataset/Training/training_words/1900.png,Maxpro,train
215,68,3.161764705882353,237.67421340629275,54.01291282913972,3038.6681258549934,0.07606019151846785,False,data/metadata/Doctor’s Handwritten Prescription BD dataset/Training/training_words/1901.png,Maxpro,train
378,71,5.323943661971831,225.2944705268649,70.61824639586153,8508.799728605993,0.09423205902079142,True,data/metadata/Doctor’s Handwritten Prescription BD dataset/Training/training_words/1902.png,Maxpro,train
119,22,5.409090909090909,222.10542398777693,73.82156677784131,47083.67646285544,0.12032085561497326,True,data/metadata/Doctor’s Handwritten Prescription BD dataset/Training/training_words/1903.png,Maxpro,train
164,52,3.1538461538461537,224.59885084427768,68.28947039604367,5141.568714821764,0.13391181988742965,False,data/metadata/Doctor’s Handwritten Prescription BD dataset/Training/training_words/1904.png,Maxpro,train
171,69,2.4782608695652173,233.07543012119672,59.77062185401799,3531.600134570351,0.09695736926858209,False,data/metadata/Doctor’s Handwritten Prescription BD dataset/Training/training_words/1905.png,Maxpro,train
202,62,3.2580645161290325,224.60340146917918,70.55394671855339,7429.32895003841,0.15210795273075695,True,data/metadata/Doctor’s Handwritten Prescription BD dataset/Training/training_words/1906.png,Maxpro,train
209,27,7.7407407407407405,200.83714336345915,99.2188248992137,17507.633743317187,0.21407052986000355,True,data/metadata/Doctor’s Handwritten Prescription BD dataset/Training/training_words/1907.png,Maxpro,train
150,39,3.8461538461538463,207.5608547008547,96.31745307466791,16202.90990301702,0.18991452991452992,True,data/metadata/Doctor’s Handwritten Prescription BD dataset/Training/training_words/1908.png,Maxpro,train
180,56,3.2142857142857144,234.94196428571428,60.74922679721151,4690.875595238095,0.07876984126984127,False,data/metadata/Doctor’s Handwritten Prescription BD dataset/Training/training_words/1909.png,Maxpro,train
202,62,3.2580645161290325,224.60340146917918,70.55394671855339,7429.32895003841,0.15210795273075695,True,data/metadata/Doctor’s Handwritten Prescription BD dataset/Training/training_words/1910.png,Maxpro,train
141,31,4.548387096774194,204.58636467627545,90.23221034574576,20913.997011877276,0.18622740791580875,True,data/metadata/Doctor’s Handwritten Prescription BD dataset/Training/training_words/1911.png,Maxpro,train
123,26,4.730769230769231,197.72482801751096,97.96347778415712,34903.955232045824,0.21951219512195122,True,data/metadata/Doctor’s Handwritten Prescription BD dataset/Training/training_words/1912.png,Maxpro,train
209,27,7.7407407407407405,200.83714336345915,99.2188248992137,17507.633743317187,0.21407052986000355,True,data/metadata/Doctor’s Handwritten Prescription BD dataset/Training/training_words/1913.png,Maxpro,train
115,40,2.875,209.96217391304347,94.45289764499009,30859.0840944707,0.1782608695652174,True,data/metadata/Doctor’s Handwritten Prescription BD dataset/Training/training_words/1914.png,Maxpro,train
183,61,3.0,226.3570724715578,69.44040971638329,18285.286534169758,0.09925647227447819,True,data/metadata/Doctor’s Handwritten Prescription BD dataset/Training/training_words/1915.png,Maxpro,train
178,56,3.1785714285714284,231.87048555377208,61.21750931485598,4073.500898450886,0.10212680577849118,False,data/metadata/Doctor’s Handwritten Prescription BD dataset/Training/training_words/1916.png,Maxpro,train
181,58,3.1206896551724137,227.8040579157935,65.79045430462067,4441.314917127072,0.12326157363307297,False,data/metadata/Doctor’s Handwritten Prescription BD dataset/Training/training_words/1917.png,Maxpro,train
182,64,2.84375,236.35911744505495,55.2585214294343,3358.5581214995996,0.08198832417582418,False,data/metadata/Doctor’s Handwritten Prescription BD dataset/Training/training_words/1918.png,Maxpro,train
170,73,2.328767123287671,235.68775181305398,56.5639918705499,3226.047542304593,0.08751007252215955,False,data/metadata/Doctor’s Handwritten Prescription BD dataset/Training/training_words/1919.png,Maxpro,train
175,76,2.3026315789473686,238.09323308270677,52.066409582766596,3015.1156390977444,0.07939849624060151,False,data/metadata/Doctor’s Handwritten Prescription BD dataset/Training/training_words/1920.png,Metro,train
127,47,2.702127659574468,173.0983414307254,101.49703143662546,3192.961852016959,0.31093985592226503,True,data/metadata/Doctor’s Handwritten Prescription BD dataset/Training/training_words/1921.png,Metro,train
129,48,2.6875,173.72399870801033,101.39448356516753,3063.1077533359708,0.30959302325581395,True,data/metadata/Doctor’s Handwritten Prescription BD dataset/Training/training_words/1922.png,Metro,train
213,53,4.018867924528302,187.1954114624856,86.98487763018049,1029.645323771677,0.23925945610771548,True,data/metadata/Doctor’s Handwritten Prescription BD dataset/Training/training_words/1923.png,Metro,train
180,65,2.769230769230769,233.0660683760684,59.27873599320915,3605.9338656950836,0.10376068376068376,True,data/metadata/Doctor’s Handwritten Prescription BD dataset/Training/training_words/1924.png,Metro,train
143,42,3.4047619047619047,150.2029637029637,102.04964870300766,2379.104823054623,0.3732933732933733,True,data/metadata/Doctor’s Handwritten Prescription BD dataset/Training/training_words/1925.png,Metro,train
156,50,3.12,157.92333333333335,83.13229659769323,1448.13685443787,0.2642307692307692,True,data/metadata/Doctor’s Handwritten Prescription BD dataset/Training/training_words/1926.png,Metro,train
93,29,3.206896551724138,174.00296625880608,99.18035237620165,9547.958794353826,0.3181312569521691,True,data/metadata/Doctor’s Handwritten Prescription BD dataset/Training/training_words/1927.png,Metro,train
340,107,3.177570093457944,180.87188015393073,76.44390517648249,118.91205161085978,0.1989004947773502,True,data/metadata/Doctor’s Handwritten Prescription BD dataset/Training/training_words/1928.png,Metro,train
123,27,4.555555555555555,167.00210779885577,99.89398021161708,7465.702305032686,0.33935561577838,True,data/metadata/Doctor’s Handwritten Prescription BD dataset/Training/training_words/1929.png,Metro,train
103,37,2.7837837837837838,179.2222513775912,100.03719165787719,5648.899775753061,0.299658882183154,True,data/metadata/Doctor’s Handwritten Prescription BD dataset/Training/training_words/1930.png,Metro,train
113,30,3.7666666666666666,150.77610619469027,104.36243442049258,6148.577220873469,0.3958702064896755,True,data/metadata/Doctor’s Handwritten Prescription BD dataset/Training/training_words/1931.png,Metro,train
141,42,3.357142857142857,151.4986491050321,101.77870360142656,2327.869976359338,0.3667679837892604,True,data/metadata/Doctor’s Handwritten Prescription BD dataset/Training/training_words/1932.png,Metro,train
105,34,3.088235294117647,163.76918767507001,103.95451468517258,5886.8410561087185,0.3509803921568627,True,data/metadata/Doctor’s Handwritten Prescription BD dataset/Training/training_words/1933.png,Metro,train
118,34,3.4705882352941178,147.10069790628117,102.37351376479081,4372.500603560704,0.38609172482552345,True,data/metadata/Doctor’s Handwritten Prescription BD dataset/Training/training_words/1934.png,Metro,train
131,39,3.358974358974359,154.69250342532786,84.21923538656655,2652.8054741342207,0.279702485809356,True,data/metadata/Doctor’s Handwritten Prescription BD dataset/Training/training_words/1935.png,Metro,train
143,42,3.4047619047619047,150.2029637029637,102.04964870300766,2379.104823054623,0.3732933732933733,True,data/metadata/Doctor’s Handwritten Prescription BD dataset/Training/training_words/1936.png,Metro,train
174,71,2.4507042253521125,236.95604662457504,53.61784979692988,3282.784361314248,0.08653067832281043,False,data/metadata/Doctor’s Handwritten Prescription BD dataset/Training/training_words/1937.png,Metro,train
143,27,5.296296296296297,231.97876197876198,42.30403962482393,1915.000860047221,0.1750841750841751,True,data/metadata/Doctor’s Handwritten Prescription BD dataset/Training/training_words/1938.png,Metro,train
157,34,4.617647058823529,238.1738478831023,36.90925011859578,1218.418171754267,0.1346946421880854,True,data/metadata/Doctor’s Handwritten Prescription BD dataset/Training/training_words/1939.png,Metro,train
144,28,5.142857142857143,235.98015873015873,39.60012304542626,1392.4367005916952,0.13913690476190477,True,data/metadata/Doctor’s Handwritten Prescription BD dataset/Training/training_words/1940.png,Metro,train
134,24,5.583333333333333,229.5752487562189,42.11279493014763,1814.9820478414829,0.20677860696517414,True,data/metadata/Doctor’s Handwritten Prescription BD dataset/Training/training_words/1941.png,Metro,train
150,38,3.9473684210526314,173.58245614035087,97.9296527370308,4215.671412742382,0.31,True,data/metadata/Doctor’s Handwritten Prescription BD dataset/Training/training_words/1942.png,Metro,train
216,51,4.235294117647059,126.5075344952796,76.74223528611842,547.2096692458688,0.3401416122004357,True,data/metadata/Doctor’s Handwritten Prescription BD dataset/Training/training_words/1943.png,Metro,train
128,24,5.333333333333333,229.35774739583334,41.69198905900998,1438.8910207748413,0.2099609375,True,data/metadata/Doctor’s Handwritten Prescription BD dataset/Training/training_words/1944.png,Metro,train
171,84,2.0357142857142856,242.29546087440823,46.34477694760929,2539.1223893066,0.05973266499582289,False,data/metadata/Doctor’s Handwritten Prescription BD dataset/Training/training_words/1945.png,Metro,train
171,66,2.590909090909091,234.4893673577884,56.88724637952963,3690.889596946612,0.09569377990430622,False,data/metadata/Doctor’s Handwritten Prescription BD dataset/Training/training_words/1946.png,Metro,train
154,60,2.566666666666667,229.63290043290044,62.77538878447536,4953.332537621108,0.12034632034632034,False,data/metadata/Doctor’s Handwritten Prescription BD dataset/Training/training_words/1947.png,Metro,train
167,69,2.420289855072464,238.04686279614683,52.345885254110875,3306.5908183632732,0.08010066822875987,False,data/metadata/Doctor’s Handwritten Prescription BD dataset/Training/training_words/1948.png,Metro,train
156,50,3.12,157.92333333333335,83.13229659769323,1448.13685443787,0.2642307692307692,True,data/metadata/Doctor’s Handwritten Prescription BD dataset/Training/training_words/1949.png,Metro,train
161,70,2.3,235.52866015971605,55.620987531836555,3551.004614019521,0.09254658385093167,False,data/metadata/Doctor’s Handwritten Prescription BD dataset/Training/training_words/1950.png,Metro,train
162,65,2.4923076923076923,233.52792022792022,58.73266674975516,3631.3230769230768,0.10189933523266857,False,data/metadata/Doctor’s Handwritten Prescription BD dataset/Training/training_words/1951.png,Metro,train
159,39,4.076923076923077,164.46347363328496,95.53446189841968,3982.323472804728,0.3167231091759394,True,data/metadata/Doctor’s Handwritten Prescription BD dataset/Training/training_words/1952.png,Metro,train
145,67,2.1641791044776117,233.31950591868244,58.69197685858387,3779.7387545033453,0.10355120946989192,False,data/metadata/Doctor’s Handwritten Prescription BD dataset/Training/training_words/1953.png,Metro,train
154,48,3.2083333333333335,156.6868235930736,83.54465521579995,1518.5631306542932,0.26975108225108224,True,data/metadata/Doctor’s Handwritten Prescription BD dataset/Training/training_words/1954.png,Metro,train
150,38,3.9473684210526314,173.58245614035087,97.9296527370308,4215.671412742382,0.31,True,data/metadata/Doctor’s Handwritten Prescription BD dataset/Training/training_words/1955.png,Metro,train
159,39,4.076923076923077,164.46347363328496,95.53446189841968,3982.323472804728,0.3167231091759394,True,data/metadata/Doctor’s Handwritten Prescription BD dataset/Training/training_words/1956.png,Metro,train
128,47,2.723404255319149,182.72905585106383,98.54399327480469,3038.324998336661,0.28158244680851063,True,data/metadata/Doctor’s Handwritten Prescription BD dataset/Training/training_words/1957.png,Metro,train
136,36,3.7777777777777777,150.1907679738562,104.64018240736594,3679.705345533502,0.3925653594771242,True,data/metadata/Doctor’s Handwritten Prescription BD dataset/Training/training_words/1958.png,Metro,train
147,43,3.4186046511627906,154.9545957918051,94.61651754833598,2939.7884811581093,0.3368137952855561,True,data/metadata/Doctor’s Handwritten Prescription BD dataset/Training/training_words/1959.png,Metro,train
169,50,3.38,216.32355029585798,80.35939936737545,5447.391928307832,0.15597633136094674,False,data/metadata/Doctor’s Handwritten Prescription BD dataset/Training/training_words/1960.png,Metsina,train
214,57,3.754385964912281,238.42113461223153,48.15663289016374,1905.4146581406787,0.08280045909165437,False,data/metadata/Doctor’s Handwritten Prescription BD dataset/Training/training_words/1961.png,Metsina,train
183,61,3.0,226.5520021499597,68.38670505425806,8996.223695829593,0.11341037355549584,True,data/metadata/Doctor’s Handwritten Prescription BD dataset/Training/training_words/1962.png,Metsina,train
101,14,7.214285714285714,231.36916548797737,45.394960867331825,10496.860804462947,0.1775106082036775,True,data/metadata/Doctor’s Handwritten Prescription BD dataset/Training/training_words/1963.png,Metsina,train
169,50,3.38,216.32355029585798,80.35939936737545,5447.391928307832,0.15597633136094674,False,data/metadata/Doctor’s Handwritten Prescription BD dataset/Training/training_words/1964.png,Metsina,train
211,62,3.403225806451613,229.74613973398564,65.27590001383011,7286.127349973699,0.10227793915303471,False,data/metadata/Doctor’s Handwritten Prescription BD dataset/Training/training_words/1965.png,Metsina,train
221,64,3.453125,233.06971153846155,62.08256484308598,6195.4858597285065,0.08851809954751132,False,data/metadata/Doctor’s Handwritten Prescription BD dataset/Training/training_words/1966.png,Metsina,train
186,63,2.9523809523809526,226.45613585936167,69.61394222319663,8234.078511691416,0.11529271206690561,False,data/metadata/Doctor’s Handwritten Prescription BD dataset/Training/training_words/1967.png,Metsina,train
125,22,5.681818181818182,236.61163636363636,46.72150848917586,9910.699962181818,0.10763636363636364,True,data/metadata/Doctor’s Handwritten Prescription BD dataset/Training/training_words/1968.png,Metsina,train
187,64,2.921875,225.73069852941177,70.51713998879438,8156.914856108881,0.11781417112299465,False,data/metadata/Doctor’s Handwritten Prescription BD dataset/Training/training_words/1969.png,Metsina,train
217,62,3.5,230.3294930875576,65.1987803118329,7039.102720380556,0.09818641296268768,True,data/metadata/Doctor’s Handwritten Prescription BD dataset/Training/training_words/1970.png,Metsina,train
218,73,2.9863013698630136,232.5964559507352,62.638642225217104,6556.840198188709,0.08910393364333291,False,data/metadata/Doctor’s Handwritten Prescription BD dataset/Training/training_words/1971.png,Metsina,train
245,68,3.6029411764705883,236.70228091236496,54.55643977430949,1854.4802279615324,0.084093637454982,True,data/metadata/Doctor’s Handwritten Prescription BD dataset/Training/training_words/1972.png,Metsina,train
185,69,2.681159420289855,227.47661574618095,68.6166609718799,7812.784802193498,0.11147669408538974,False,data/metadata/Doctor’s Handwritten Prescription BD dataset/Training/training_words/1973.png,Metsina,train
176,62,2.838709677419355,220.5584677419355,74.91934978063063,9372.254215542522,0.13975439882697946,False,data/metadata/Doctor’s Handwritten Prescription BD dataset/Training/training_words/1974.png,Metsina,train
213,65,3.276923076923077,229.13911159263273,67.15702080884778,7122.771214575654,0.1037919826652221,False,data/metadata/Doctor’s Handwritten Prescription BD dataset/Training/training_words/1975.png,Metsina,train
192,67,2.8656716417910446,233.070506840796,59.217837331863215,4515.723216067517,0.07882462686567164,False,data/metadata/Doctor’s Handwritten Prescription BD dataset/Training/training_words/1976.png,Metsina,train
227,79,2.8734177215189876,232.48960017844198,64.36502704183977,2773.9150727428832,0.08726928009814308,False,data/metadata/Doctor’s Handwritten Prescription BD dataset/Training/training_words/1977.png,Metsina,train
201,66,3.0454545454545454,227.23910749283883,69.10618186098144,7806.009743898002,0.10930197497361677,False,data/metadata/Doctor’s Handwritten Prescription BD dataset/Training/training_words/1978.png,Metsina,train
206,71,2.9014084507042255,226.55490222890742,69.6312111509999,7695.633871146223,0.11335977027211815,False,data/metadata/Doctor’s Handwritten Prescription BD dataset/Training/training_words/1979.png,Metsina,train
204,70,2.914285714285714,222.32899159663864,74.75154851523612,8158.373496334809,0.13018207282913166,True,data/metadata/Doctor’s Handwritten Prescription BD dataset/Training/training_words/1980.png,Metsina,train
209,61,3.4262295081967213,231.74186210683192,64.9015348786284,3145.9752137422543,0.09255627892383717,False,data/metadata/Doctor’s Handwritten Prescription BD dataset/Training/training_words/1981.png,Metsina,train
106,17,6.235294117647059,234.6465038845727,43.31979668955589,9545.488093756967,0.14594894561598223,True,data/metadata/Doctor’s Handwritten Prescription BD dataset/Training/training_words/1982.png,Metsina,train
96,23,4.173913043478261,234.76947463768116,43.09460261707949,7199.697736163621,0.14356884057971014,True,data/metadata/Doctor’s Handwritten Prescription BD dataset/Training/training_words/1983.png,Metsina,train
209,61,3.4262295081967213,231.74186210683192,64.9015348786284,3145.9752137422543,0.09255627892383717,False,data/metadata/Doctor’s Handwritten Prescription BD dataset/Training/training_words/1984.png,Metsina,train
209,77,2.7142857142857144,230.92698688870937,66.196967279116,3103.178027713913,0.09445100354191263,False,data/metadata/Doctor’s Handwritten Prescription BD dataset/Training/training_words/1985.png,Metsina,train
209,77,2.7142857142857144,230.92698688870937,66.196967279116,3103.178027713913,0.09445100354191263,False,data/metadata/Doctor’s Handwritten Prescription BD dataset/Training/training_words/1986.png,Metsina,train
235,57,4.12280701754386,231.4493467711833,64.02353662824146,3618.5667786487497,0.09234789100410601,False,data/metadata/Doctor’s Handwritten Prescription BD dataset/Training/training_words/1987.png,Metsina,train
184,54,3.4074074074074074,219.6441223832528,76.70229140854644,5005.408712124343,0.14361916264090177,False,data/metadata/Doctor’s Handwritten Prescription BD dataset/Training/training_words/1988.png,Metsina,train
173,73,2.3698630136986303,234.8719613587774,57.10842387149067,5292.183779437068,0.0779159078311822,False,data/metadata/Doctor’s Handwritten Prescription BD dataset/Training/training_words/1989.png,Metsina,train
227,79,2.8734177215189876,232.48960017844198,64.36502704183977,2773.9150727428832,0.08726928009814308,False,data/metadata/Doctor’s Handwritten Prescription BD dataset/Training/training_words/1990.png,Metsina,train
209,64,3.265625,230.46374102870814,65.78984957648535,3507.3293959106577,0.09711423444976076,False,data/metadata/Doctor’s Handwritten Prescription BD dataset/Training/training_words/1991.png,Metsina,train
190,77,2.4675324675324677,177.97976760082022,49.03024859813234,2253.9455598357104,0.08215994531784006,False,data/metadata/Doctor’s Handwritten Prescription BD dataset/Training/training_words/1992.png,Metsina,train
212,60,3.533333333333333,232.7806603773585,63.087405700777296,3239.0749964400143,0.08915094339622641,False,data/metadata/Doctor’s Handwritten Prescription BD dataset/Training/training_words/1993.png,Metsina,train
229,61,3.7540983606557377,241.93249337819458,43.76121219244009,1583.4997494452,0.0675066218054263,False,data/metadata/Doctor’s Handwritten Prescription BD dataset/Training/training_words/1994.png,Metsina,train
227,60,3.783333333333333,240.19258443465492,46.674828726406126,2047.5906020558002,0.07312775330396476,False,data/metadata/Doctor’s Handwritten Prescription BD dataset/Training/training_words/1995.png,Metsina,train
239,57,4.192982456140351,239.33854510753872,48.16621572756981,1967.2696175585406,0.07839682889231447,False,data/metadata/Doctor’s Handwritten Prescription BD dataset/Training/training_words/1996.png,Metsina,train
211,58,3.6379310344827585,238.17805196927603,49.93894378427044,2275.3363294655987,0.08473606798496486,False,data/metadata/Doctor’s Handwritten Prescription BD dataset/Training/training_words/1997.png,Metsina,train
204,38,5.368421052631579,227.85049019607843,61.44329372204064,4039.0494924542927,0.12770897832817338,False,data/metadata/Doctor’s Handwritten Prescription BD dataset/Training/training_words/1998.png,Metsina,train
220,68,3.235294117647059,231.02633689839573,64.55717506073456,6689.055312991507,0.09572192513368984,True,data/metadata/Doctor’s Handwritten Prescription BD dataset/Training/training_words/1999.png,Metsina,train
175,78,2.2435897435897436,229.09216117216118,68.16562788531816,3162.8235897435898,0.10344322344322344,False,data/metadata/Doctor’s Handwritten Prescription BD dataset/Training/training_words/2000.png,Monas,train
91,20,4.55,231.30054945054945,61.33136712241703,26725.051168639053,0.11373626373626373,True,data/metadata/Doctor’s Handwritten Prescription BD dataset/Training/training_words/2001.png,Monas,train
94,27,3.4814814814814814,232.31993695823482,59.49252892016568,18160.165066249123,0.10717100078802207,True,data/metadata/Doctor’s Handwritten Prescription BD dataset/Training/training_words/2002.png,Monas,train
298,67,4.447761194029851,225.88630672142642,58.22748013494791,6102.118200259283,0.07472703596113393,True,data/metadata/Doctor’s Handwritten Prescription BD dataset/Training/training_words/2003.png,Monas,train
171,73,2.3424657534246576,225.1586958263238,73.49819500528794,3082.489062811878,0.11583753905311223,False,data/metadata/Doctor’s Handwritten Prescription BD dataset/Training/training_words/2004.png,Monas,train
392,104,3.769230769230769,212.01228905023547,61.689018066742626,611.9956305356889,0.10052001569858712,True,data/metadata/Doctor’s Handwritten Prescription BD dataset/Training/training_words/2005.png,Monas,train
392,74,5.297297297297297,201.4786610590182,70.98776356202264,892.5282184730352,0.14230557087699944,True,data/metadata/Doctor’s Handwritten Prescription BD dataset/Training/training_words/2006.png,Monas,train
114,29,3.9310344827586206,226.6306715063521,78.24657779000127,27266.680376546847,0.11161524500907441,True,data/metadata/Doctor’s Handwritten Prescription BD dataset/Training/training_words/2007.png,Monas,train
92,39,2.358974358974359,242.06633221850612,43.87351401636084,8718.775919421732,0.06159420289855073,False,data/metadata/Doctor’s Handwritten Prescription BD dataset/Training/training_words/2008.png,Monas,train
105,18,5.833333333333333,216.92539682539683,88.4093607560137,44540.79140589568,0.1523809523809524,True,data/metadata/Doctor’s Handwritten Prescription BD dataset/Training/training_words/2009.png,Monas,train
189,95,1.9894736842105263,238.9179058758006,54.84615327190411,2089.737231968811,0.06471734892787524,False,data/metadata/Doctor’s Handwritten Prescription BD dataset/Training/training_words/2010.png,Monas,train
210,88,2.3863636363636362,236.7663961038961,57.884616407691716,2313.5583333333334,0.07245670995670996,False,data/metadata/Doctor’s Handwritten Prescription BD dataset/Training/training_words/2011.png,Monas,train
89,23,3.869565217391304,232.2354665363947,63.46768313639036,27009.16862619502,0.10307767464582315,False,data/metadata/Doctor’s Handwritten Prescription BD dataset/Training/training_words/2012.png,Monas,train
165,88,1.875,232.16425619834712,63.784352408626106,3150.095447696347,0.0922176308539945,False,data/metadata/Doctor’s Handwritten Prescription BD dataset/Training/training_words/2013.png,Monas,train
207,63,3.2857142857142856,228.8455639904915,67.90624949055868,3261.443512362587,0.1022160877233341,False,data/metadata/Doctor’s Handwritten Prescription BD dataset/Training/training_words/2014.png,Monas,train
147,62,2.370967741935484,212.88599956111477,83.90759162139808,4460.948211542682,0.16491112574061884,False,data/metadata/Doctor’s Handwritten Prescription BD dataset/Training/training_words/2015.png,Monas,train
82,22,3.727272727272727,227.79711751662973,68.06843980314612,26691.877244949635,0.12749445676274945,True,data/metadata/Doctor’s Handwritten Prescription BD dataset/Training/training_words/2016.png,Monas,train
180,73,2.4657534246575343,230.93835616438355,66.06980192700561,3014.6518147557395,0.09452054794520548,False,data/metadata/Doctor’s Handwritten Prescription BD dataset/Training/training_words/2017.png,Monas,train
159,69,2.3043478260869565,223.46139823170176,75.07212003688021,3498.738582865454,0.12305168170631665,False,data/metadata/Doctor’s Handwritten Prescription BD dataset/Training/training_words/2018.png,Monas,train
159,69,2.3043478260869565,223.46139823170176,75.07212003688021,3498.738582865454,0.12305168170631665,False,data/metadata/Doctor’s Handwritten Prescription BD dataset/Training/training_words/2019.png,Monas,train
190,81,2.345679012345679,232.9565951916829,63.77755415205617,2643.280896681938,0.08921377517868746,False,data/metadata/Doctor’s Handwritten Prescription BD dataset/Training/training_words/2020.png,Monas,train
209,80,2.6125,233.43133971291866,63.70694867664298,2450.241685998346,0.08462918660287082,False,data/metadata/Doctor’s Handwritten Prescription BD dataset/Training/training_words/2021.png,Monas,train
132,39,3.3846153846153846,244.1536519036519,44.16145560440999,13038.92773892774,0.0473970473970474,False,data/metadata/Doctor’s Handwritten Prescription BD dataset/Training/training_words/2022.png,Monas,train
543,110,4.9363636363636365,211.5071655784363,59.89578613953798,598.7977001560317,0.09613259668508287,True,data/metadata/Doctor’s Handwritten Prescription BD dataset/Training/training_words/2023.png,Monas,train
175,45,3.888888888888889,186.78044444444444,106.29281950300174,14504.134674027715,0.25155555555555553,True,data/metadata/Doctor’s Handwritten Prescription BD dataset/Training/training_words/2024.png,Monas,train
209,80,2.6125,233.43133971291866,63.70694867664298,2450.241685998346,0.08462918660287082,False,data/metadata/Doctor’s Handwritten Prescription BD dataset/Training/training_words/2025.png,Monas,train
200,88,2.272727272727273,230.8581818181818,67.80087406491853,2264.896647724044,0.09357954545454546,False,data/metadata/Doctor’s Handwritten Prescription BD dataset/Training/training_words/2026.png,Monas,train
205,55,3.727272727272727,231.0409756097561,65.34903665326202,3316.461463406768,0.09623059866962307,False,data/metadata/Doctor’s Handwritten Prescription BD dataset/Training/training_words/2027.png,Monas,train
231,71,3.2535211267605635,234.90829827449545,61.23132806737403,2414.8968965306995,0.07993415035668557,False,data/metadata/Doctor’s Handwritten Prescription BD dataset/Training/training_words/2028.png,Monas,train
92,24,3.8333333333333335,230.04528985507247,66.7974898609789,25664.782607875182,0.10371376811594203,True,data/metadata/Doctor’s Handwritten Prescription BD dataset/Training/training_words/2029.png,Monas,train
197,56,3.517857142857143,226.90600072516315,70.22302831573994,3455.4162435233566,0.10959028281363306,False,data/metadata/Doctor’s Handwritten Prescription BD dataset/Training/training_words/2030.png,Monas,train
231,71,3.2535211267605635,234.90829827449545,61.23132806737403,2414.8968965306995,0.07993415035668557,False,data/metadata/Doctor’s Handwritten Prescription BD dataset/Training/training_words/2031.png,Monas,train
100,29,3.4482758620689653,235.17862068965516,58.140245051506504,20113.785505350774,0.09172413793103448,True,data/metadata/Doctor’s Handwritten Prescription BD dataset/Training/training_words/2032.png,Monas,train
154,72,2.138888888888889,223.69642857142858,74.49994684291386,3553.7700216450216,0.12572150072150073,False,data/metadata/Doctor’s Handwritten Prescription BD dataset/Training/training_words/2033.png,Monas,train
93,24,3.875,234.24686379928315,56.9741459398597,16117.328448375534,0.09722222222222222,True,data/metadata/Doctor’s Handwritten Prescription BD dataset/Training/training_words/2034.png,Monas,train
90,23,3.9130434782608696,232.40096618357487,62.87303822994843,27378.911096174943,0.10241545893719807,False,data/metadata/Doctor’s Handwritten Prescription BD dataset/Training/training_words/2035.png,Monas,train
88,19,4.631578947368421,229.2511961722488,67.79996479233525,36440.85250452142,0.11004784688995216,True,data/metadata/Doctor’s Handwritten Prescription BD dataset/Training/training_words/2036.png,Monas,train
95,23,4.130434782608695,227.27185354691076,71.24025974289289,33423.36586650189,0.12036613272311213,True,data/metadata/Doctor’s Handwritten Prescription BD dataset/Training/training_words/2037.png,Monas,train
92,37,2.4864864864864864,231.09694477085782,55.24237803933799,9644.420696740268,0.11780258519388954,True,data/metadata/Doctor’s Handwritten Prescription BD dataset/Training/training_words/2038.png,Monas,train
89,28,3.1785714285714284,233.21950240770465,55.726555695684695,13769.821083325387,0.10473515248796147,True,data/metadata/Doctor’s Handwritten Prescription BD dataset/Training/training_words/2039.png,Monas,train
189,41,4.609756097560975,227.49619305716865,71.83233077592513,7932.053807383319,0.10685249709639953,False,data/metadata/Doctor’s Handwritten Prescription BD dataset/Training/training_words/2040.png,Montair,train
117,36,3.25,195.82027540360875,90.34551823876537,8364.81785050446,0.2329059829059829,True,data/metadata/Doctor’s Handwritten Prescription BD dataset/Training/training_words/2041.png,Montair,train
126,32,3.9375,221.17881944444446,78.70111557691374,27467.285714285714,0.13516865079365079,True,data/metadata/Doctor’s Handwritten Prescription BD dataset/Training/training_words/2042.png,Montair,train
137,22,6.2272727272727275,197.46980756469807,92.12794893847334,19078.463778192367,0.21400132714001327,True,data/metadata/Doctor’s Handwritten Prescription BD dataset/Training/training_words/2043.png,Montair,train
183,59,3.1016949152542375,236.55487635454293,59.24314774208936,5831.3444472229085,0.07029730480689081,False,data/metadata/Doctor’s Handwritten Prescription BD dataset/Training/training_words/2044.png,Montair,train
680,121,5.619834710743802,233.11592124453088,68.15312518743663,5729.433266450994,0.08241370928536704,True,data/metadata/Doctor’s Handwritten Prescription BD dataset/Training/training_words/2045.png,Montair,train
182,59,3.0847457627118646,237.77668094617246,58.1636060922562,5375.970199292233,0.06695846526355001,False,data/metadata/Doctor’s Handwritten Prescription BD dataset/Training/training_words/2046.png,Montair,train
193,61,3.1639344262295084,235.59874288626517,60.938060757691254,6271.399683163911,0.07508706362014779,False,data/metadata/Doctor’s Handwritten Prescription BD dataset/Training/training_words/2047.png,Montair,train
128,28,4.571428571428571,179.83147321428572,98.79060564598777,9012.93184957699,0.30245535714285715,True,data/metadata/Doctor’s Handwritten Prescription BD dataset/Training/training_words/2048.png,Montair,train
142,54,2.6296296296296298,230.65101721439748,67.92857540501832,7402.170057381325,0.09389671361502347,False,data/metadata/Doctor’s Handwritten Prescription BD dataset/Training/training_words/2049.png,Montair,train
199,60,3.316666666666667,234.95904522613066,62.39184207528552,6081.130318257957,0.07705192629815745,True,data/metadata/Doctor’s Handwritten Prescription BD dataset/Training/training_words/2050.png,Montair,train
163,59,2.76271186440678,234.50036393885827,63.12137367132269,6305.23136113133,0.08069044400540709,False,data/metadata/Doctor’s Handwritten Prescription BD dataset/Training/training_words/2051.png,Montair,train
110,33,3.3333333333333335,191.04765840220387,94.55762269467456,7225.513299865674,0.256198347107438,True,data/metadata/Doctor’s Handwritten Prescription BD dataset/Training/training_words/2052.png,Montair,train
163,59,2.76271186440678,234.50036393885827,63.12137367132269,6305.23136113133,0.08069044400540709,False,data/metadata/Doctor’s Handwritten Prescription BD dataset/Training/training_words/2053.png,Montair,train
173,63,2.746031746031746,238.4250848701716,57.227871097651686,5122.140012845215,0.06514359115515185,False,data/metadata/Doctor’s Handwritten Prescription BD dataset/Training/training_words/2054.png,Montair,train
173,63,2.746031746031746,238.4250848701716,57.227871097651686,5122.140012845215,0.06514359115515185,False,data/metadata/Doctor’s Handwritten Prescription BD dataset/Training/training_words/2055.png,Montair,train
114,37,3.081081081081081,197.69938359412043,90.04975288100542,7715.745040222524,0.22617354196301565,True,data/metadata/Doctor’s Handwritten Prescription BD dataset/Training/training_words/2056.png,Montair,train
135,28,4.821428571428571,215.95396825396824,90.30797979365772,34218.68493323255,0.15343915343915343,True,data/metadata/Doctor’s Handwritten Prescription BD dataset/Training/training_words/2057.png,Montair,train
190,55,3.4545454545454546,236.92516746411482,59.09501187748173,6501.525167464115,0.06899521531100479,False,data/metadata/Doctor’s Handwritten Prescription BD dataset/Training/training_words/2058.png,Montair,train
184,59,3.1186440677966103,236.92603168754607,58.873296125091784,6069.827008106116,0.07056005895357406,False,data/metadata/Doctor’s Handwritten Prescription BD dataset/Training/training_words/2059.png,Montair,train
163,56,2.9107142857142856,233.125328659071,64.58566166923639,7472.2334511444415,0.08424627519719544,False,data/metadata/Doctor’s Handwritten Prescription BD dataset/Training/training_words/2060.png,Montair,train
183,56,3.267857142857143,238.8192818110851,55.55833740653186,5871.54703261534,0.06284153005464481,False,data/metadata/Doctor’s Handwritten Prescription BD dataset/Training/training_words/2061.png,Montair,train
117,37,3.1621621621621623,177.73134673134672,99.82482063839751,8644.076537863093,0.30838530838530837,True,data/metadata/Doctor’s Handwritten Prescription BD dataset/Training/training_words/2062.png,Montair,train
127,29,4.379310344827586,201.84686396959,86.64583573489205,7643.314828151653,0.22020092316046702,True,data/metadata/Doctor’s Handwritten Prescription BD dataset/Training/training_words/2063.png,Montair,train
178,58,3.0689655172413794,234.3520922123208,62.97253999001697,6484.105772956219,0.08146067415730338,False,data/metadata/Doctor’s Handwritten Prescription BD dataset/Training/training_words/2064.png,Montair,train
194,60,3.2333333333333334,237.25317869415807,57.95198931440816,6274.141322426222,0.06975945017182131,False,data/metadata/Doctor’s Handwritten Prescription BD dataset/Training/training_words/2065.png,Montair,train
183,45,4.066666666666666,228.2790528233151,70.2738858537269,9090.893496202365,0.1052823315118397,False,data/metadata/Doctor’s Handwritten Prescription BD dataset/Training/training_words/2066.png,Montair,train
185,60,3.0833333333333335,233.00837837837838,64.93388197930165,6746.055495495495,0.08414414414414415,False,data/metadata/Doctor’s Handwritten Prescription BD dataset/Training/training_words/2067.png,Montair,train
171,45,3.8,226.15971410006497,73.76060773163209,8040.0510437357325,0.11163092917478883,False,data/metadata/Doctor’s Handwritten Prescription BD dataset/Training/training_words/2068.png,Montair,train
124,34,3.6470588235294117,189.91034155597723,94.6185692671791,7559.251166379817,0.25925047438330173,True,data/metadata/Doctor’s Handwritten Prescription BD dataset/Training/training_words/2069.png,Montair,train
124,22,5.636363636363637,212.93621700879766,93.02530341485077,42848.273756971255,0.1656891495601173,True,data/metadata/Doctor’s Handwritten Prescription BD dataset/Training/training_words/2070.png,Montair,train
180,47,3.8297872340425534,228.69775413711585,70.2708271183161,8299.317108615707,0.1008274231678487,False,data/metadata/Doctor’s Handwritten Prescription BD dataset/Training/training_words/2071.png,Montair,train
134,32,4.1875,187.71571828358208,94.82226655316168,8569.647302292322,0.26888992537313433,True,data/metadata/Doctor’s Handwritten Prescription BD dataset/Training/training_words/2072.png,Montair,train
137,26,5.269230769230769,240.13335204941043,51.938296592602974,26221.377691040336,0.05811341942728804,True,data/metadata/Doctor’s Handwritten Prescription BD dataset/Training/training_words/2073.png,Montair,train
114,30,3.8,185.79795321637428,95.56181580048346,8881.74042089874,0.27748538011695906,True,data/metadata/Doctor’s Handwritten Prescription BD dataset/Training/training_words/2074.png,Montair,train
137,29,4.724137931034483,186.1925497105462,95.36595786666587,9178.561369156225,0.2708280896048326,True,data/metadata/Doctor’s Handwritten Prescription BD dataset/Training/training_words/2075.png,Montair,train
84,35,2.4,193.9268707482993,90.29951536548687,8828.267750821416,0.25272108843537416,True,data/metadata/Doctor’s Handwritten Prescription BD dataset/Training/training_words/2076.png,Montair,train
520,104,5.0,238.45991124260354,60.6490930115877,6970.861227914253,0.06627218934911243,True,data/metadata/Doctor’s Handwritten Prescription BD dataset/Training/training_words/2077.png,Montair,train
155,20,7.75,220.1767741935484,77.14667038106373,25021.069475442247,0.13612903225806453,True,data/metadata/Doctor’s Handwritten Prescription BD dataset/Training/training_words/2078.png,Montair,train
328,64,5.125,224.10546875,80.21121795671021,12817.154015554126,0.12399961890243902,True,data/metadata/Doctor’s Handwritten Prescription BD dataset/Training/training_words/2079.png,Montair,train
258,81,3.185185185185185,220.4579864101828,79.8463268304801,5291.487077112929,0.1348932912240406,True,data/metadata/Doctor’s Handwritten Prescription BD dataset/Training/training_words/2080.png,Montene,train
202,63,3.2063492063492065,243.38983184032688,41.42187312870463,5389.329718686155,0.05366965267955367,False,data/metadata/Doctor’s Handwritten Prescription BD dataset/Training/training_words/2081.png,Montene,train
219,44,4.9772727272727275,236.33115400581153,53.7018797965858,8789.16622169209,0.07783312577833126,True,data/metadata/Doctor’s Handwritten Prescription BD dataset/Training/training_words/2082.png,Montene,train
522,93,5.612903225806452,214.96792732665926,76.71040691806982,6263.906045967351,0.12099864046471388,True,data/metadata/Doctor’s Handwritten Prescription BD dataset/Training/training_words/2083.png,Montene,train
300,132,2.272727272727273,240.2712878787879,54.867159262286265,2440.313787878788,0.05785353535353535,False,data/metadata/Doctor’s Handwritten Prescription BD dataset/Training/training_words/2084.png,Montene,train
180,38,4.7368421052631575,231.4375730994152,59.176445131805934,12091.750710453642,0.09751461988304093,True,data/metadata/Doctor’s Handwritten Prescription BD dataset/Training/training_words/2085.png,Montene,train
197,42,4.690476190476191,233.54218032390622,58.402148483028974,10186.534068338871,0.08931592941745226,True,data/metadata/Doctor’s Handwritten Prescription BD dataset/Training/training_words/2086.png,Montene,train
189,53,3.5660377358490565,236.30108815014475,53.72090004961084,9103.776876126001,0.07886592792253169,False,data/metadata/Doctor’s Handwritten Prescription BD dataset/Training/training_words/2087.png,Montene,train
347,92,3.7717391304347827,239.40693522115023,50.10015107731329,563.6435597033166,0.0738629244455582,False,data/metadata/Doctor’s Handwritten Prescription BD dataset/Training/training_words/2088.png,Montene,train
162,54,3.0,232.84499314128945,57.821724552390975,10447.278196450781,0.09030635573845451,True,data/metadata/Doctor’s Handwritten Prescription BD dataset/Training/training_words/2089.png,Montene,train
187,50,3.74,235.87700534759358,54.899626988154246,9058.388234150247,0.08032085561497326,True,data/metadata/Doctor’s Handwritten Prescription BD dataset/Training/training_words/2090.png,Montene,train
188,55,3.418181818181818,236.37030947775628,54.61053338307468,8073.936170212766,0.07659574468085106,False,data/metadata/Doctor’s Handwritten Prescription BD dataset/Training/training_words/2091.png,Montene,train
210,55,3.8181818181818183,242.74285714285713,41.64167730539239,5115.796559352336,0.05748917748917749,False,data/metadata/Doctor’s Handwritten Prescription BD dataset/Training/training_words/2092.png,Montene,train
177,51,3.4705882352941178,233.14445552232192,58.70501408235155,9504.515570161126,0.0901739226764152,True,data/metadata/Doctor’s Handwritten Prescription BD dataset/Training/training_words/2093.png,Montene,train
177,53,3.339622641509434,232.88370109796398,59.65547258757517,8721.778900101099,0.09050207866965142,False,data/metadata/Doctor’s Handwritten Prescription BD dataset/Training/training_words/2094.png,Montene,train
176,55,3.2,234.69380165289257,56.84184091790013,9201.341486141231,0.08068181818181819,False,data/metadata/Doctor’s Handwritten Prescription BD dataset/Training/training_words/2095.png,Montene,train
321,74,4.337837837837838,234.251031405237,57.00685424126272,1094.085164517016,0.09724677948977015,False,data/metadata/Doctor’s Handwritten Prescription BD dataset/Training/training_words/2096.png,Montene,train
310,83,3.7349397590361444,222.47232802176447,78.23649330379895,4664.26808852551,0.1280217644772639,False,data/metadata/Doctor’s Handwritten Prescription BD dataset/Training/training_words/2097.png,Montene,train
275,100,2.75,229.15774545454545,71.0418948611485,4274.568072727273,0.10003636363636363,False,data/metadata/Doctor’s Handwritten Prescription BD dataset/Training/training_words/2098.png,Montene,train
299,105,2.8476190476190477,225.55989807294156,75.76229078468145,4472.605701544832,0.1159738811912725,False,data/metadata/Doctor’s Handwritten Prescription BD dataset/Training/training_words/2099.png,Montene,train
332,85,3.9058823529411764,227.81729270021262,72.41492086606428,4283.826590149735,0.10566973777462792,False,data/metadata/Doctor’s Handwritten Prescription BD dataset/Training/training_words/2100.png,Montene,train
269,102,2.6372549019607843,230.96472046067498,68.6435355674167,3715.4603105182596,0.09235367009257235,False,data/metadata/Doctor’s Handwritten Prescription BD dataset/Training/training_words/2101.png,Montene,train
320,65,4.923076923076923,232.11716346153847,58.90764833481867,858.9687018652922,0.10778846153846154,False,data/metadata/Doctor’s Handwritten Prescription BD dataset/Training/training_words/2102.png,Montene,train
326,84,3.880952380952381,235.47812591294186,55.75203689490614,724.954425942156,0.0913307040607654,False,data/metadata/Doctor’s Handwritten Prescription BD dataset/Training/training_words/2103.png,Montene,train
311,81,3.8395061728395063,225.54324957326028,74.77619887775421,4490.884262865347,0.11472351236552737,False,data/metadata/Doctor’s Handwritten Prescription BD dataset/Training/training_words/2104.png,Montene,train
308,102,3.019607843137255,227.4329640947288,72.98405332973408,4086.986694677871,0.10695187165775401,True,data/metadata/Doctor’s Handwritten Prescription BD dataset/Training/training_words/2105.png,Montene,train
304,99,3.0707070707070705,227.32924641148324,73.32946118920913,4081.844630515683,0.10792131844763424,True,data/metadata/Doctor’s Handwritten Prescription BD dataset/Training/training_words/2106.png,Montene,train
277,108,2.564814814814815,230.56000133707715,69.25222702972094,3949.9660382404063,0.09366225431207381,False,data/metadata/Doctor’s Handwritten Prescription BD dataset/Training/training_words/2107.png,Montene,train
274,95,2.8842105263157896,226.91744141375335,73.17534070430851,4656.346139070303,0.10829811755666538,True,data/metadata/Doctor’s Handwritten Prescription BD dataset/Training/training_words/2108.png,Montene,train
329,81,4.061728395061729,236.91144132988106,53.6941152594177,957.4090208060148,0.08491875867762393,False,data/metadata/Doctor’s Handwritten Prescription BD dataset/Training/training_words/2109.png,Montene,train
296,95,3.1157894736842104,233.4706614509246,64.85671914566103,3699.340611664296,0.08374822190611664,False,data/metadata/Doctor’s Handwritten Prescription BD dataset/Training/training_words/2110.png,Montene,train
281,76,3.6973684210526314,220.24826746581758,80.6531998386729,5437.500089149082,0.1356995692077168,False,data/metadata/Doctor’s Handwritten Prescription BD dataset/Training/training_words/2111.png,Montene,train
359,77,4.662337662337662,237.6526064464783,52.02414954762854,748.9769559349418,0.08305900227905799,False,data/metadata/Doctor’s Handwritten Prescription BD dataset/Training/training_words/2112.png,Montene,train
265,105,2.5238095238095237,228.9381850853549,71.7186315320884,3692.7864869721475,0.10382749326145553,False,data/metadata/Doctor’s Handwritten Prescription BD dataset/Training/training_words/2113.png,Montene,train
252,63,4.0,246.46359284454522,33.970136015084705,4228.398589065256,0.04094230284706475,False,data/metadata/Doctor’s Handwritten Prescription BD dataset/Training/training_words/2114.png,Montene,train
203,51,3.980392156862745,237.7885637013426,50.50618897415025,8335.028627626938,0.0729257220129431,False,data/metadata/Doctor’s Handwritten Prescription BD dataset/Training/training_words/2115.png,Montene,train
181,52,3.480769230769231,235.92711432214196,53.046447825509325,9107.33404164896,0.0811729706757331,False,data/metadata/Doctor’s Handwritten Prescription BD dataset/Training/training_words/2116.png,Montene,train
188,42,4.476190476190476,234.34156534954408,55.610501136548756,9863.937436676799,0.08713272543059777,False,data/metadata/Doctor’s Handwritten Prescription BD dataset/Training/training_words/2117.png,Montene,train
198,42,4.714285714285714,235.8435545935546,53.22147977682683,9734.449799811602,0.07696007696007696,False,data/metadata/Doctor’s Handwritten Prescription BD dataset/Training/training_words/2118.png,Montene,train
207,46,4.5,237.38290275152278,51.481318799296936,8866.213048946533,0.07393404746901912,True,data/metadata/Doctor’s Handwritten Prescription BD dataset/Training/training_words/2119.png,Montene,train
221,62,3.564516129032258,227.73908918406073,72.11859760934077,5067.914650527427,0.10451029046854474,True,data/metadata/Doctor’s Handwritten Prescription BD dataset/Training/training_words/2120.png,Montex,train
135,28,4.821428571428571,168.18333333333334,104.60711827175861,7695.2005053050025,0.34074074074074073,True,data/metadata/Doctor’s Handwritten Prescription BD dataset/Training/training_words/2121.png,Montex,train
132,28,4.714285714285714,179.27137445887445,99.60741772291298,9147.157589856706,0.30167748917748916,True,data/metadata/Doctor’s Handwritten Prescription BD dataset/Training/training_words/2122.png,Montex,train
131,28,4.678571428571429,174.49563794983644,101.80955038806557,7778.620931760911,0.32360959651035986,True,data/metadata/Doctor’s Handwritten Prescription BD dataset/Training/training_words/2123.png,Montex,train
212,101,2.099009900990099,240.5731365589389,53.86569587454329,2759.238557818046,0.05590323183261722,False,data/metadata/Doctor’s Handwritten Prescription BD dataset/Training/training_words/2124.png,Montex,train
139,40,3.475,188.3865107913669,95.32630102423,5306.622240049687,0.2591726618705036,True,data/metadata/Doctor’s Handwritten Prescription BD dataset/Training/training_words/2125.png,Montex,train
149,35,4.257142857142857,165.662895493768,98.60401778892437,3840.6635662118547,0.3171620325982742,True,data/metadata/Doctor’s Handwritten Prescription BD dataset/Training/training_words/2126.png,Montex,train
126,33,3.8181818181818183,184.6048581048581,99.05817641195074,7438.067035132932,0.2821067821067821,True,data/metadata/Doctor’s Handwritten Prescription BD dataset/Training/training_words/2127.png,Montex,train
158,33,4.787878787878788,180.95262754123513,101.13955928535711,5246.658140302385,0.2945914844649022,True,data/metadata/Doctor’s Handwritten Prescription BD dataset/Training/training_words/2128.png,Montex,train
155,31,5.0,190.51987513007285,97.5034216981969,6110.3941166037375,0.2514047866805411,True,data/metadata/Doctor’s Handwritten Prescription BD dataset/Training/training_words/2129.png,Montex,train
150,31,4.838709677419355,179.55698924731183,101.66401272529275,6083.33503901029,0.2982795698924731,True,data/metadata/Doctor’s Handwritten Prescription BD dataset/Training/training_words/2130.png,Montex,train
118,31,3.806451612903226,170.7843083652269,102.6575770968802,9013.800343532797,0.3367960634226353,True,data/metadata/Doctor’s Handwritten Prescription BD dataset/Training/training_words/2131.png,Montex,train
186,39,4.769230769230769,189.2402812241522,94.59561764750129,4306.6930366855395,0.24772539288668322,True,data/metadata/Doctor’s Handwritten Prescription BD dataset/Training/training_words/2132.png,Montex,train
113,28,4.035714285714286,170.18109987357775,101.56822364756488,10046.556780132367,0.33786346396965866,True,data/metadata/Doctor’s Handwritten Prescription BD dataset/Training/training_words/2133.png,Montex,train
130,31,4.193548387096774,175.57394540942929,101.48217639136703,8294.940288099797,0.3198511166253102,True,data/metadata/Doctor’s Handwritten Prescription BD dataset/Training/training_words/2134.png,Montex,train
136,26,5.230769230769231,165.46634615384616,105.73121817314843,8368.958916992766,0.353789592760181,True,data/metadata/Doctor’s Handwritten Prescription BD dataset/Training/training_words/2135.png,Montex,train
151,43,3.511627906976744,200.56876636377638,90.17042452535016,5445.024127133418,0.2170029262282458,True,data/metadata/Doctor’s Handwritten Prescription BD dataset/Training/training_words/2136.png,Montex,train
221,63,3.507936507936508,223.22272498743087,78.0196810188842,4877.848883143,0.12253106370753429,False,data/metadata/Doctor’s Handwritten Prescription BD dataset/Training/training_words/2137.png,Montex,train
232,77,3.012987012987013,237.9203985669503,58.41853081751901,3856.652261531572,0.06493506493506493,False,data/metadata/Doctor’s Handwritten Prescription BD dataset/Training/training_words/2138.png,Montex,train
243,67,3.626865671641791,232.5516860143726,66.14104137174321,4282.454149008046,0.08709538726122475,False,data/metadata/Doctor’s Handwritten Prescription BD dataset/Training/training_words/2139.png,Montex,train
200,69,2.898550724637681,233.5690579710145,64.2630058949067,4772.0634782608695,0.08456521739130435,False,data/metadata/Doctor’s Handwritten Prescription BD dataset/Training/training_words/2140.png,Montex,train
216,73,2.958904109589041,234.8904109589041,62.715275436638365,4457.982623033993,0.078259766615931,False,data/metadata/Doctor’s Handwritten Prescription BD dataset/Training/training_words/2141.png,Montex,train
123,32,3.84375,169.24568089430895,102.89807618199227,7969.814002637216,0.35060975609756095,True,data/metadata/Doctor’s Handwritten Prescription BD dataset/Training/training_words/2142.png,Montex,train
162,34,4.764705882352941,192.61855482933913,96.57438272460092,5429.299784455593,0.24600580973129993,True,data/metadata/Doctor’s Handwritten Prescription BD dataset/Training/training_words/2143.png,Montex,train
209,75,2.7866666666666666,233.27215311004784,64.96872956309018,4151.120255183413,0.08331738437001594,False,data/metadata/Doctor’s Handwritten Prescription BD dataset/Training/training_words/2144.png,Montex,train
228,68,3.3529411764705883,233.3003095975232,64.29574810886292,4231.939499484004,0.0837203302373581,False,data/metadata/Doctor’s Handwritten Prescription BD dataset/Training/training_words/2145.png,Montex,train
213,62,3.435483870967742,225.93063758897472,74.12315458981057,5676.192610930296,0.11578070573981523,False,data/metadata/Doctor’s Handwritten Prescription BD dataset/Training/training_words/2146.png,Montex,train
163,63,2.5873015873015874,226.5440646606291,72.91528073353616,7020.6954912844485,0.11296133995520499,False,data/metadata/Doctor’s Handwritten Prescription BD dataset/Training/training_words/2147.png,Montex,train
200,60,3.3333333333333335,227.47833333333332,72.11093095979894,6070.019166666667,0.106,False,data/metadata/Doctor’s Handwritten Prescription BD dataset/Training/training_words/2148.png,Montex,train
142,34,4.176470588235294,205.06400165700083,86.00525891837795,6549.564126198048,0.19987572493786246,True,data/metadata/Doctor’s Handwritten Prescription BD dataset/Training/training_words/2149.png,Montex,train
252,100,2.52,241.10944444444445,53.56484653033501,2619.285158730159,0.05369047619047619,False,data/metadata/Doctor’s Handwritten Prescription BD dataset/Training/training_words/2150.png,Montex,train
249,77,3.2337662337662336,233.69629166014707,65.00638667528361,4530.578775233928,0.08115579199916549,True,data/metadata/Doctor’s Handwritten Prescription BD dataset/Training/training_words/2151.png,Montex,train
118,30,3.933333333333333,171.3997175141243,101.56198101957625,8746.076337897794,0.3290960451977401,True,data/metadata/Doctor’s Handwritten Prescription BD dataset/Training/training_words/2152.png,Montex,train
214,84,2.5476190476190474,235.98642634623943,62.27028576731598,3532.32287494437,0.07365376056964842,False,data/metadata/Doctor’s Handwritten Prescription BD dataset/Training/training_words/2153.png,Montex,train
156,34,4.588235294117647,193.15837104072398,93.98430295625455,7214.615317504192,0.2515082956259427,True,data/metadata/Doctor’s Handwritten Prescription BD dataset/Training/training_words/2154.png,Montex,train
103,31,3.3225806451612905,147.10773567178202,110.41527247410345,7067.605233771142,0.4274976511118071,True,data/metadata/Doctor’s Handwritten Prescription BD dataset/Training/training_words/2155.png,Montex,train
135,42,3.2142857142857144,165.7952380952381,103.81758122460661,3678.699699492051,0.3305114638447972,True,data/metadata/Doctor’s Handwritten Prescription BD dataset/Training/training_words/2156.png,Montex,train
140,45,3.111111111111111,203.59936507936507,88.25745599822949,6168.4588070294785,0.2026984126984127,True,data/metadata/Doctor’s Handwritten Prescription BD dataset/Training/training_words/2157.png,Montex,train
125,26,4.8076923076923075,172.8443076923077,102.33330042214968,9284.099084591717,0.33415384615384613,True,data/metadata/Doctor’s Handwritten Prescription BD dataset/Training/training_words/2158.png,Montex,train
133,32,4.15625,184.81578947368422,98.66125447282316,7570.462748686949,0.274906015037594,True,data/metadata/Doctor’s Handwritten Prescription BD dataset/Training/training_words/2159.png,Montex,train
342,85,4.023529411764706,234.02094943240454,64.07425985082908,4525.700643138769,0.08252493980048159,False,data/metadata/Doctor’s Handwritten Prescription BD dataset/Training/training_words/2160.png,Napa Extend,train
154,38,4.052631578947368,241.70198222829802,37.58734247847742,4835.456403866577,0.07518796992481203,True,data/metadata/Doctor’s Handwritten Prescription BD dataset/Training/training_words/2161.png,Napa Extend,train
150,31,4.838709677419355,240.0025806451613,47.61176769925475,18380.03478973292,0.0664516129032258,True,data/metadata/Doctor’s Handwritten Prescription BD dataset/Training/training_words/2162.png,Napa Extend,train
141,17,8.294117647058824,215.10054234459741,67.45987472004713,12133.043184804257,0.19941593658740092,True,data/metadata/Doctor’s Handwritten Prescription BD dataset/Training/training_words/2163.png,Napa Extend,train
394,73,5.397260273972603,238.64828593282803,57.134971610168925,3664.5398200746035,0.06303455948821361,True,data/metadata/Doctor’s Handwritten Prescription BD dataset/Training/training_words/2164.png,Napa Extend,train
162,43,3.7674418604651163,243.06474303761127,42.76580892477358,13267.086704801113,0.056847545219638244,False,data/metadata/Doctor’s Handwritten Prescription BD dataset/Training/training_words/2165.png,Napa Extend,train
166,54,3.074074074074074,245.38420348058904,36.137657017426484,9320.9999939766,0.04875055778670236,False,data/metadata/Doctor’s Handwritten Prescription BD dataset/Training/training_words/2166.png,Napa Extend,train
170,28,6.071428571428571,237.9762605042017,52.9874099471462,21798.956719864418,0.07962184873949579,True,data/metadata/Doctor’s Handwritten Prescription BD dataset/Training/training_words/2167.png,Napa Extend,train
136,22,6.181818181818182,223.45955882352942,61.01503032867043,8932.222679261455,0.17212566844919786,True,data/metadata/Doctor’s Handwritten Prescription BD dataset/Training/training_words/2168.png,Napa Extend,train
123,40,3.075,237.8489837398374,48.34776374487053,16333.526666501419,0.09024390243902439,True,data/metadata/Doctor’s Handwritten Prescription BD dataset/Training/training_words/2169.png,Napa Extend,train
171,40,4.275,240.53157894736842,48.354803427022524,17272.076965027703,0.07222222222222222,True,data/metadata/Doctor’s Handwritten Prescription BD dataset/Training/training_words/2170.png,Napa Extend,train
137,30,4.566666666666666,238.1153284671533,52.65708589049041,22152.3926621912,0.08126520681265206,True,data/metadata/Doctor’s Handwritten Prescription BD dataset/Training/training_words/2171.png,Napa Extend,train
147,30,4.9,239.89569160997732,46.763446822941084,16765.87420899728,0.06757369614512472,True,data/metadata/Doctor’s Handwritten Prescription BD dataset/Training/training_words/2172.png,Napa Extend,train
170,35,4.857142857142857,238.670756302521,52.7180322690326,19223.571735781374,0.07764705882352942,True,data/metadata/Doctor’s Handwritten Prescription BD dataset/Training/training_words/2173.png,Napa Extend,train
929,168,5.529761904761905,240.2602260495156,57.52128908416162,3392.3951554655705,0.05924188835921882,True,data/metadata/Doctor’s Handwritten Prescription BD dataset/Training/training_words/2174.png,Napa Extend,train
250,66,3.787878787878788,226.38048484848485,67.6530101084543,12611.960481098256,0.0986060606060606,True,data/metadata/Doctor’s Handwritten Prescription BD dataset/Training/training_words/2175.png,Napa Extend,train
147,44,3.340909090909091,242.9213048855906,40.679154251640384,11889.3517229726,0.05859616573902288,False,data/metadata/Doctor’s Handwritten Prescription BD dataset/Training/training_words/2176.png,Napa Extend,train
327,98,3.336734693877551,233.40173500592897,65.39819511152353,4514.601840333557,0.08428509018286214,True,data/metadata/Doctor’s Handwritten Prescription BD dataset/Training/training_words/2177.png,Napa Extend,train
371,46,8.065217391304348,235.13881401617252,63.56770076958756,15473.609008526042,0.07154576350638697,True,data/metadata/Doctor’s Handwritten Prescription BD dataset/Training/training_words/2178.png,Napa Extend,train
301,83,3.6265060240963853,232.2325581395349,66.52113434978914,4919.508982263725,0.09002121442580956,False,data/metadata/Doctor’s Handwritten Prescription BD dataset/Training/training_words/2179.png,Napa Extend,train
386,196,1.969387755102041,240.78395632864544,53.81520058277983,2307.79906418526,0.055620175531352435,False,data/metadata/Doctor’s Handwritten Prescription BD dataset/Training/training_words/2180.png,Napa Extend,train
473,153,3.0915032679738563,238.43178709115782,57.98329148761595,2679.3864223631667,0.06446130249139825,False,data/metadata/Doctor’s Handwritten Prescription BD dataset/Training/training_words/2181.png,Napa Extend,train
127,19,6.684210526315789,216.32739328636552,66.18869833685706,13531.840485187895,0.19146290924160797,True,data/metadata/Doctor’s Handwritten Prescription BD dataset/Training/training_words/2182.png,Napa Extend,train
139,18,7.722222222222222,217.02318145483613,66.77083185793515,10519.676213785166,0.1938449240607514,True,data/metadata/Doctor’s Handwritten Prescription BD dataset/Training/training_words/2183.png,Napa Extend,train
414,146,2.835616438356164,245.92667593144068,43.19829125031139,2107.7613989808747,0.03520614122162663,False,data/metadata/Doctor’s Handwritten Prescription BD dataset/Training/training_words/2184.png,Napa Extend,train
414,154,2.688311688311688,237.07696530522617,59.92135707736296,2867.883100784771,0.06964050442311312,False,data/metadata/Doctor’s Handwritten Prescription BD dataset/Training/training_words/2185.png,Napa Extend,train
333,112,2.9732142857142856,240.01160982410983,55.34402370839673,3059.033462033462,0.05853174603174603,False,data/metadata/Doctor’s Handwritten Prescription BD dataset/Training/training_words/2186.png,Napa Extend,train
299,93,3.21505376344086,235.46161038587405,61.946372518972574,4404.112633509548,0.07764232027906642,False,data/metadata/Doctor’s Handwritten Prescription BD dataset/Training/training_words/2187.png,Napa Extend,train
352,100,3.52,239.85991477272728,55.080411321597566,3480.692556818182,0.06039772727272727,False,data/metadata/Doctor’s Handwritten Prescription BD dataset/Training/training_words/2188.png,Napa Extend,train
149,37,4.027027027027027,243.38835479775076,39.42198354437779,10234.286415148088,0.054235443497188465,False,data/metadata/Doctor’s Handwritten Prescription BD dataset/Training/training_words/2189.png,Napa Extend,train
334,117,2.8547008547008548,238.099595680434,58.30375297327358,3646.3835406110857,0.06722452530835764,False,data/metadata/Doctor’s Handwritten Prescription BD dataset/Training/training_words/2190.png,Napa Extend,train
353,109,3.238532110091743,239.48473113808248,55.97565695060104,3253.7942147256804,0.059827949164435894,False,data/metadata/Doctor’s Handwritten Prescription BD dataset/Training/training_words/2191.png,Napa Extend,train
154,41,3.7560975609756095,243.1651884700665,40.52933472366811,11087.009796597633,0.061292366170414954,True,data/metadata/Doctor’s Handwritten Prescription BD dataset/Training/training_words/2192.png,Napa Extend,train
352,92,3.8260869565217392,236.11802124505928,61.51087636671042,3738.7411067193675,0.07448122529644269,False,data/metadata/Doctor’s Handwritten Prescription BD dataset/Training/training_words/2193.png,Napa Extend,train
143,36,3.9722222222222223,240.4415306915307,38.1903062974478,5749.59731840399,0.09207459207459208,True,data/metadata/Doctor’s Handwritten Prescription BD dataset/Training/training_words/2194.png,Napa Extend,train
152,39,3.8974358974358974,240.52243589743588,39.092439101137195,6264.390873995594,0.08805668016194332,False,data/metadata/Doctor’s Handwritten Prescription BD dataset/Training/training_words/2195.png,Napa Extend,train
156,40,3.9,239.68189102564102,47.81418620905597,16090.915343909228,0.07099358974358974,True,data/metadata/Doctor’s Handwritten Prescription BD dataset/Training/training_words/2196.png,Napa Extend,train
174,34,5.117647058823529,240.10125084516565,47.3946972530886,15521.398502948192,0.06862745098039216,True,data/metadata/Doctor’s Handwritten Prescription BD dataset/Training/training_words/2197.png,Napa Extend,train
165,38,4.342105263157895,237.96905901116426,44.80327368537194,8169.275885142027,0.09393939393939393,True,data/metadata/Doctor’s Handwritten Prescription BD dataset/Training/training_words/2198.png,Napa Extend,train
154,37,4.162162162162162,240.8139698139698,46.45921381451736,15949.637307727513,0.06353106353106353,True,data/metadata/Doctor’s Handwritten Prescription BD dataset/Training/training_words/2199.png,Napa Extend,train
98,34,2.8823529411764706,223.65846338535414,76.5911436179931,20014.242489342676,0.13145258103241297,True,data/metadata/Doctor’s Handwritten Prescription BD dataset/Training/training_words/2200.png,Napa,train
297,96,3.09375,220.81695426487093,78.0978972481611,1044.48460257563,0.13194444444444445,True,data/metadata/Doctor’s Handwritten Prescription BD dataset/Training/training_words/2201.png,Napa,train
167,89,1.8764044943820224,236.57020789880912,60.46441321939982,3459.5793960899764,0.07225997443315615,True,data/metadata/Doctor’s Handwritten Prescription BD dataset/Training/training_words/2202.png,Napa,train
97,37,2.6216216216216215,234.44497074393982,57.43121045845457,18129.896807223646,0.07132906101978267,True,data/metadata/Doctor’s Handwritten Prescription BD dataset/Training/training_words/2203.png,Napa,train
83,18,4.611111111111111,211.87951807228916,90.79286454624096,30251.615278606612,0.17402945113788487,True,data/metadata/Doctor’s Handwritten Prescription BD dataset/Training/training_words/2204.png,Napa,train
169,70,2.414285714285714,231.47988165680474,68.03362297869559,4638.362806424345,0.09002535925612849,False,data/metadata/Doctor’s Handwritten Prescription BD dataset/Training/training_words/2205.png,Napa,train
193,62,3.1129032258064515,228.16062176165804,72.79370547760153,4772.746113989638,0.1053819154270433,False,data/metadata/Doctor’s Handwritten Prescription BD dataset/Training/training_words/2206.png,Napa,train
161,66,2.4393939393939394,227.17231319405232,73.05246129923816,5516.048183700357,0.10982495765104461,False,data/metadata/Doctor’s Handwritten Prescription BD dataset/Training/training_words/2207.png,Napa,train
53,12,4.416666666666667,239.93710691823898,50.98068885034053,40781.0644258534,0.06132075471698113,True,data/metadata/Doctor’s Handwritten Prescription BD dataset/Training/training_words/2208.png,Napa,train
221,72,3.0694444444444446,238.70933886375062,57.30502316117294,3159.0291603821015,0.06196581196581197,False,data/metadata/Doctor’s Handwritten Prescription BD dataset/Training/training_words/2209.png,Napa,train
175,73,2.3972602739726026,232.23365949119375,67.59122531687886,3953.7446467254645,0.08868884540117417,False,data/metadata/Doctor’s Handwritten Prescription BD dataset/Training/training_words/2210.png,Napa,train
164,59,2.7796610169491527,223.99441918147994,77.03995576903034,5364.9196915468365,0.1177139313766019,False,data/metadata/Doctor’s Handwritten Prescription BD dataset/Training/training_words/2211.png,Napa,train
485,163,2.9754601226993866,236.0434001644425,64.26167392773378,5474.602275437361,0.07059642021377523,True,data/metadata/Doctor’s Handwritten Prescription BD dataset/Training/training_words/2212.png,Napa,train
165,67,2.462686567164179,231.0862053369516,68.50855198974573,4488.327815468114,0.09326096788783356,False,data/metadata/Doctor’s Handwritten Prescription BD dataset/Training/training_words/2213.png,Napa,train
200,69,2.898550724637681,228.21760869565216,72.41772318958131,4312.471083674648,0.10072463768115943,False,data/metadata/Doctor’s Handwritten Prescription BD dataset/Training/training_words/2214.png,Napa,train
163,68,2.3970588235294117,228.2718332731866,72.45758597468308,4720.131180079394,0.10420425839047276,False,data/metadata/Doctor’s Handwritten Prescription BD dataset/Training/training_words/2215.png,Napa,train
182,55,3.309090909090909,211.0157842157842,64.33947452868078,1082.5904038419123,0.12157842157842158,False,data/metadata/Doctor’s Handwritten Prescription BD dataset/Training/training_words/2216.png,Napa,train
61,13,4.6923076923076925,213.35561160151323,81.65856172540795,61229.77269901042,0.19041614123581338,True,data/metadata/Doctor’s Handwritten Prescription BD dataset/Training/training_words/2217.png,Napa,train
168,70,2.4,228.8358843537415,72.00470934664946,4770.190816326531,0.10195578231292517,False,data/metadata/Doctor’s Handwritten Prescription BD dataset/Training/training_words/2218.png,Napa,train
209,71,2.943661971830986,228.22993463171372,72.97921344411202,4346.799446634617,0.10472403800795202,False,data/metadata/Doctor’s Handwritten Prescription BD dataset/Training/training_words/2219.png,Napa,train
142,60,2.3666666666666667,222.93544600938966,78.04265603771307,6193.886381449888,0.12699530516431926,False,data/metadata/Doctor’s Handwritten Prescription BD dataset/Training/training_words/2220.png,Napa,train
160,69,2.318840579710145,229.17871376811595,71.47836426336222,4660.025362318841,0.10135869565217391,False,data/metadata/Doctor’s Handwritten Prescription BD dataset/Training/training_words/2221.png,Napa,train
62,13,4.769230769230769,203.81141439205956,74.57159145308385,12601.807633813396,0.271712158808933,True,data/metadata/Doctor’s Handwritten Prescription BD dataset/Training/training_words/2222.png,Napa,train
75,22,3.409090909090909,234.0218181818182,58.96598513342096,44779.25085619834,0.07212121212121213,True,data/metadata/Doctor’s Handwritten Prescription BD dataset/Training/training_words/2223.png,Napa,train
158,67,2.3582089552238807,228.8502739467221,71.53461525242744,4692.863404496505,0.10287171736255432,False,data/metadata/Doctor’s Handwritten Prescription BD dataset/Training/training_words/2224.png,Napa,train
160,76,2.1052631578947367,229.43470394736843,70.96931680110063,4708.281578947369,0.09958881578947368,False,data/metadata/Doctor’s Handwritten Prescription BD dataset/Training/training_words/2225.png,Napa,train
97,25,3.88,217.44329896907217,84.0516641650278,33360.18698284621,0.14061855670103093,True,data/metadata/Doctor’s Handwritten Prescription BD dataset/Training/training_words/2226.png,Napa,train
142,26,5.461538461538462,237.8575297941495,52.66243267184399,19387.84808615213,0.0880281690140845,True,data/metadata/Doctor’s Handwritten Prescription BD dataset/Training/training_words/2227.png,Napa,train
77,27,2.8518518518518516,239.6127946127946,51.39083050657488,26699.856078825775,0.07118807118807119,True,data/metadata/Doctor’s Handwritten Prescription BD dataset/Training/training_words/2228.png,Napa,train
187,87,2.1494252873563218,213.32804720634334,49.62846670866385,700.2324048817509,0.07978363759296822,False,data/metadata/Doctor’s Handwritten Prescription BD dataset/Training/training_words/2229.png,Napa,train
75,28,2.6785714285714284,228.38476190476192,70.54004304338322,22416.491541950112,0.11,False,data/metadata/Doctor’s Handwritten Prescription BD dataset/Training/training_words/2230.png,Napa,train
124,39,3.1794871794871793,217.514888337469,62.85998056264218,3543.0752617619714,0.1575682382133995,True,data/metadata/Doctor’s Handwritten Prescription BD dataset/Training/training_words/2231.png,Napa,train
67,15,4.466666666666667,217.89154228855722,63.47105093329217,12556.67295958021,0.20497512437810944,True,data/metadata/Doctor’s Handwritten Prescription BD dataset/Training/training_words/2232.png,Napa,train
140,42,3.3333333333333335,225.09642857142856,68.57522847234279,14695.432249033967,0.11751700680272109,True,data/metadata/Doctor’s Handwritten Prescription BD dataset/Training/training_words/2233.png,Napa,train
62,15,4.133333333333334,222.2301075268817,75.14711562002859,60527.773680194245,0.12688172043010754,True,data/metadata/Doctor’s Handwritten Prescription BD dataset/Training/training_words/2234.png,Napa,train
73,25,2.92,234.94465753424657,61.14369964031155,40597.311547832614,0.07287671232876712,True,data/metadata/Doctor’s Handwritten Prescription BD dataset/Training/training_words/2235.png,Napa,train
156,73,2.136986301369863,228.77142606252195,71.59122610280866,5331.263435164099,0.10124692658939234,False,data/metadata/Doctor’s Handwritten Prescription BD dataset/Training/training_words/2236.png,Napa,train
178,79,2.2531645569620253,231.6685393258427,68.30309690369951,4332.0459394111795,0.08981652680984213,False,data/metadata/Doctor’s Handwritten Prescription BD dataset/Training/training_words/2237.png,Napa,train
157,72,2.1805555555555554,232.99929228591648,65.31153227887475,4738.641122400165,0.08448336871903751,False,data/metadata/Doctor’s Handwritten Prescription BD dataset/Training/training_words/2238.png,Napa,train
166,67,2.4776119402985075,232.73718755619493,66.99804794373269,4347.782583713528,0.08703470598813164,False,data/metadata/Doctor’s Handwritten Prescription BD dataset/Training/training_words/2239.png,Napa,train
191,75,2.546666666666667,233.26631762652704,65.4083892331643,4238.269458987784,0.08342059336823734,False,data/metadata/Doctor’s Handwritten Prescription BD dataset/Training/training_words/2240.png,Nexcap,train
237,60,3.95,165.56708860759494,99.13131022279809,303.49511314070037,0.34662447257383966,True,data/metadata/Doctor’s Handwritten Prescription BD dataset/Training/training_words/2241.png,Nexcap,train
202,51,3.9607843137254903,177.62347117064647,95.85821895184763,804.6299321356987,0.3011065812463599,True,data/metadata/Doctor’s Handwritten Prescription BD dataset/Training/training_words/2242.png,Nexcap,train
230,77,2.987012987012987,154.37521174477698,98.95710838966795,228.70888379535916,0.3642010163749294,True,data/metadata/Doctor’s Handwritten Prescription BD dataset/Training/training_words/2243.png,Nexcap,train
173,80,2.1625,227.57384393063583,71.91375018832666,5196.7724417318905,0.10679190751445086,False,data/metadata/Doctor’s Handwritten Prescription BD dataset/Training/training_words/2244.png,Nexcap,train
181,54,3.3518518518518516,182.82003273992225,92.84104497165708,243.8105200448072,0.2786985880908533,True,data/metadata/Doctor’s Handwritten Prescription BD dataset/Training/training_words/2245.png,Nexcap,train
270,92,2.9347826086956523,154.68309178743962,98.9111446957835,134.5237036453593,0.36183574879227054,True,data/metadata/Doctor’s Handwritten Prescription BD dataset/Training/training_words/2246.png,Nexcap,train
263,70,3.757142857142857,181.0422596414992,94.74524036349874,325.22980259234924,0.28658337859858773,True,data/metadata/Doctor’s Handwritten Prescription BD dataset/Training/training_words/2247.png,Nexcap,train
171,45,3.8,126.2220922677063,104.23661756986381,589.7451681619035,0.501364522417154,True,data/metadata/Doctor’s Handwritten Prescription BD dataset/Training/training_words/2248.png,Nexcap,train
210,70,3.0,154.72217687074829,98.90382237110441,309.8586829746865,0.3607482993197279,True,data/metadata/Doctor’s Handwritten Prescription BD dataset/Training/training_words/2249.png,Nexcap,train
260,65,4.0,185.25431952662723,91.69800283509582,192.1366654213788,0.2693491124260355,True,data/metadata/Doctor’s Handwritten Prescription BD dataset/Training/training_words/2250.png,Nexcap,train
177,47,3.765957446808511,169.051208077894,99.09660103526384,673.6341575667378,0.3373001562687823,True,data/metadata/Doctor’s Handwritten Prescription BD dataset/Training/training_words/2251.png,Nexcap,train
218,70,3.1142857142857143,157.3519003931848,101.51092894660229,204.86154252029914,0.3790956749672346,True,data/metadata/Doctor’s Handwritten Prescription BD dataset/Training/training_words/2252.png,Nexcap,train
215,57,3.7719298245614037,158.46332109343126,100.8639178676281,261.471489650849,0.3773153814769482,True,data/metadata/Doctor’s Handwritten Prescription BD dataset/Training/training_words/2253.png,Nexcap,train
261,83,3.144578313253012,173.62692147901953,97.10980254643052,147.17249896086193,0.3006508793795873,True,data/metadata/Doctor’s Handwritten Prescription BD dataset/Training/training_words/2254.png,Nexcap,train
201,54,3.7222222222222223,127.2386217062834,104.27566280709297,345.82960489304594,0.49742030587801733,True,data/metadata/Doctor’s Handwritten Prescription BD dataset/Training/training_words/2255.png,Nexcap,train
203,81,2.506172839506173,163.89205132883293,101.30894393854372,179.17329125002027,0.3469561515538527,True,data/metadata/Doctor’s Handwritten Prescription BD dataset/Training/training_words/2256.png,Nexcap,train
234,74,3.1621621621621623,231.5440632940633,68.19724519027369,3903.2695772695774,0.08974358974358974,True,data/metadata/Doctor’s Handwritten Prescription BD dataset/Training/training_words/2257.png,Nexcap,train
184,82,2.2439024390243905,237.08728791092258,59.349494880230694,4372.644750795334,0.06939289501590667,False,data/metadata/Doctor’s Handwritten Prescription BD dataset/Training/training_words/2258.png,Nexcap,train
160,77,2.0779220779220777,231.92613636363637,66.78250022551578,4824.751298701299,0.08887987012987013,False,data/metadata/Doctor’s Handwritten Prescription BD dataset/Training/training_words/2259.png,Nexcap,train
190,63,3.015873015873016,228.20342522974101,71.15783441378713,5114.381528626635,0.10292397660818714,False,data/metadata/Doctor’s Handwritten Prescription BD dataset/Training/training_words/2260.png,Nexcap,train
194,57,3.4035087719298245,224.59341653101828,75.16861253975904,6305.318773076051,0.11620546210888044,False,data/metadata/Doctor’s Handwritten Prescription BD dataset/Training/training_words/2261.png,Nexcap,train
177,60,2.95,173.05988700564973,100.15826549080505,562.70400384273,0.3184557438794727,True,data/metadata/Doctor’s Handwritten Prescription BD dataset/Training/training_words/2262.png,Nexcap,train
223,70,3.1857142857142855,174.09468289557975,96.93614468946507,245.48155927986835,0.29814221652786677,True,data/metadata/Doctor’s Handwritten Prescription BD dataset/Training/training_words/2263.png,Nexcap,train
189,68,2.7794117647058822,227.44389978213508,73.52765112674643,5241.267662620604,0.10838779956427015,False,data/metadata/Doctor’s Handwritten Prescription BD dataset/Training/training_words/2264.png,Nexcap,train
189,68,2.7794117647058822,227.44389978213508,73.52765112674643,5241.267662620604,0.10838779956427015,False,data/metadata/Doctor’s Handwritten Prescription BD dataset/Training/training_words/2265.png,Nexcap,train
178,70,2.5428571428571427,230.47808988764044,69.26949547306552,5166.2191011235955,0.0963884430176565,False,data/metadata/Doctor’s Handwritten Prescription BD dataset/Training/training_words/2266.png,Nexcap,train
178,70,2.5428571428571427,230.47808988764044,69.26949547306552,5166.2191011235955,0.0963884430176565,False,data/metadata/Doctor’s Handwritten Prescription BD dataset/Training/training_words/2267.png,Nexcap,train
176,73,2.410958904109589,226.2237702366127,74.46858831788937,5139.967777085928,0.11270236612702367,False,data/metadata/Doctor’s Handwritten Prescription BD dataset/Training/training_words/2268.png,Nexcap,train
160,42,3.8095238095238093,158.91622023809524,98.01770964254645,528.2005863803855,0.3755952380952381,True,data/metadata/Doctor’s Handwritten Prescription BD dataset/Training/training_words/2269.png,Nexcap,train
182,69,2.63768115942029,231.34432234432234,67.5595701643975,4783.043318999841,0.09276954929128842,False,data/metadata/Doctor’s Handwritten Prescription BD dataset/Training/training_words/2270.png,Nexcap,train
176,73,2.410958904109589,226.2237702366127,74.46858831788937,5139.967777085928,0.11270236612702367,False,data/metadata/Doctor’s Handwritten Prescription BD dataset/Training/training_words/2271.png,Nexcap,train
173,67,2.582089552238806,162.78181347597274,101.58305556372108,308.1612402787585,0.35216978690363215,True,data/metadata/Doctor’s Handwritten Prescription BD dataset/Training/training_words/2272.png,Nexcap,train
182,69,2.63768115942029,231.34432234432234,67.5595701643975,4783.043318999841,0.09276954929128842,False,data/metadata/Doctor’s Handwritten Prescription BD dataset/Training/training_words/2273.png,Nexcap,train
210,70,3.0,154.72217687074829,98.90382237110441,309.8586829746865,0.3607482993197279,True,data/metadata/Doctor’s Handwritten Prescription BD dataset/Training/training_words/2274.png,Nexcap,train
203,63,3.2222222222222223,173.53968253968253,97.12288145462688,348.8405452137831,0.3011963406052076,True,data/metadata/Doctor’s Handwritten Prescription BD dataset/Training/training_words/2275.png,Nexcap,train
161,55,2.9272727272727272,173.74884246188594,99.89349575494334,755.2429630144486,0.31767363071710897,True,data/metadata/Doctor’s Handwritten Prescription BD dataset/Training/training_words/2276.png,Nexcap,train
226,74,3.054054054054054,173.293051901459,97.16290833110864,236.0736034711246,0.3176273618751495,True,data/metadata/Doctor’s Handwritten Prescription BD dataset/Training/training_words/2277.png,Nexcap,train
183,46,3.9782608695652173,165.66654787360417,99.10749076418954,712.2236549783212,0.3421240199572345,True,data/metadata/Doctor’s Handwritten Prescription BD dataset/Training/training_words/2278.png,Nexcap,train
230,50,4.6,162.6866956521739,97.34898055089575,312.4774655500945,0.3628695652173913,True,data/metadata/Doctor’s Handwritten Prescription BD dataset/Training/training_words/2279.png,Nexcap,train
95,24,3.9583333333333335,208.5828947368421,69.15222952125875,29000.7639881502,0.1206140350877193,True,data/metadata/Doctor’s Handwritten Prescription BD dataset/Training/training_words/2280.png,Nexum,train
211,67,3.1492537313432836,235.25500459786377,61.86728986614209,3982.891701003142,0.07575864752069039,False,data/metadata/Doctor’s Handwritten Prescription BD dataset/Training/training_words/2281.png,Nexum,train
196,52,3.769230769230769,221.81544348508635,79.06275318535013,5374.3668272369105,0.12912087912087913,False,data/metadata/Doctor’s Handwritten Prescription BD dataset/Training/training_words/2282.png,Nexum,train
87,19,4.578947368421052,197.58620689655172,88.53231921726348,8048.0067793657545,0.2383545069570478,True,data/metadata/Doctor’s Handwritten Prescription BD dataset/Training/training_words/2283.png,Nexum,train
74,21,3.5238095238095237,207.2232947232947,73.3986642274934,36503.824767403916,0.13513513513513514,True,data/metadata/Doctor’s Handwritten Prescription BD dataset/Training/training_words/2284.png,Nexum,train
196,65,3.0153846153846153,233.92119309262168,63.37566653024383,4117.578021978022,0.08390894819466248,False,data/metadata/Doctor’s Handwritten Prescription BD dataset/Training/training_words/2285.png,Nexum,train
199,56,3.5535714285714284,228.0987975592247,71.05138797335597,5423.294149318019,0.10812993539124192,False,data/metadata/Doctor’s Handwritten Prescription BD dataset/Training/training_words/2286.png,Nexum,train
188,52,3.6153846153846154,225.82518412438625,74.05141410686447,5835.087942246753,0.11650981996726678,False,data/metadata/Doctor’s Handwritten Prescription BD dataset/Training/training_words/2287.png,Nexum,train
91,20,4.55,212.96978021978023,70.62388125307473,14971.705534053859,0.20164835164835165,True,data/metadata/Doctor’s Handwritten Prescription BD dataset/Training/training_words/2288.png,Nexum,train
199,43,4.627906976744186,218.67091270305013,80.78761327451137,6526.11290352472,0.14023606404113592,False,data/metadata/Doctor’s Handwritten Prescription BD dataset/Training/training_words/2289.png,Nexum,train
128,24,5.333333333333333,212.25846354166666,87.58155942185715,28750.673476219177,0.16861979166666666,True,data/metadata/Doctor’s Handwritten Prescription BD dataset/Training/training_words/2290.png,Nexum,train
82,33,2.484848484848485,211.35550628233554,74.20786411450078,9569.837398373984,0.1419068736141907,False,data/metadata/Doctor’s Handwritten Prescription BD dataset/Training/training_words/2291.png,Nexum,train
160,53,3.018867924528302,220.45436320754717,79.05875855384797,6325.727459380006,0.1340801886792453,False,data/metadata/Doctor’s Handwritten Prescription BD dataset/Training/training_words/2292.png,Nexum,train
88,29,3.0344827586206895,209.18808777429467,79.06609006338172,7311.5344827586205,0.14772727272727273,False,data/metadata/Doctor’s Handwritten Prescription BD dataset/Training/training_words/2293.png,Nexum,train
99,33,3.0,216.99724517906336,68.11159340950661,7777.134374043465,0.12121212121212122,False,data/metadata/Doctor’s Handwritten Prescription BD dataset/Training/training_words/2294.png,Nexum,train
128,24,5.333333333333333,212.25846354166666,87.58155942185715,28750.673476219177,0.16861979166666666,True,data/metadata/Doctor’s Handwritten Prescription BD dataset/Training/training_words/2295.png,Nexum,train
75,27,2.7777777777777777,206.88691358024693,77.64128691414052,9645.055802469136,0.15950617283950616,False,data/metadata/Doctor’s Handwritten Prescription BD dataset/Training/training_words/2296.png,Nexum,train
78,23,3.391304347826087,198.31270903010034,78.03107165702139,33981.52360245784,0.1588628762541806,True,data/metadata/Doctor’s Handwritten Prescription BD dataset/Training/training_words/2297.png,Nexum,train
74,31,2.3870967741935485,211.35047951176983,73.52408941178966,8712.66085440279,0.14559721011333915,False,data/metadata/Doctor’s Handwritten Prescription BD dataset/Training/training_words/2298.png,Nexum,train
178,81,2.197530864197531,207.93813288944375,95.92927847078093,9427.520518415342,0.18615619364683036,True,data/metadata/Doctor’s Handwritten Prescription BD dataset/Training/training_words/2299.png,Nexum,train
200,67,2.985074626865672,203.97141791044777,99.07167014265583,9763.665206009135,0.20216417910447762,True,data/metadata/Doctor’s Handwritten Prescription BD dataset/Training/training_words/2300.png,Nexum,train
83,23,3.608695652173913,194.1634363541121,75.97619284646629,34594.96130347797,0.14824515453116816,False,data/metadata/Doctor’s Handwritten Prescription BD dataset/Training/training_words/2301.png,Nexum,train
86,14,6.142857142857143,214.1935215946844,62.80375957828064,8674.38102987274,0.23588039867109634,True,data/metadata/Doctor’s Handwritten Prescription BD dataset/Training/training_words/2302.png,Nexum,train
82,16,5.125,211.1783536585366,64.42011659163467,10723.765768492527,0.2507621951219512,True,data/metadata/Doctor’s Handwritten Prescription BD dataset/Training/training_words/2303.png,Nexum,train
51,14,3.642857142857143,195.89635854341736,79.56573600038656,42663.45854616356,0.18347338935574228,True,data/metadata/Doctor’s Handwritten Prescription BD dataset/Training/training_words/2304.png,Nexum,train
73,18,4.055555555555555,208.9870624048706,62.890404903813945,25599.48289003333,0.106544901065449,True,data/metadata/Doctor’s Handwritten Prescription BD dataset/Training/training_words/2305.png,Nexum,train
99,30,3.3,212.2037037037037,60.60230173996339,19972.966960400867,0.09562289562289562,True,data/metadata/Doctor’s Handwritten Prescription BD dataset/Training/training_words/2306.png,Nexum,train
79,16,4.9375,204.09572784810126,66.36450825879946,25809.874216371576,0.12341772151898735,True,data/metadata/Doctor’s Handwritten Prescription BD dataset/Training/training_words/2307.png,Nexum,train
86,25,3.44,210.80697674418604,64.72787723122028,25686.67552709573,0.10418604651162791,True,data/metadata/Doctor’s Handwritten Prescription BD dataset/Training/training_words/2308.png,Nexum,train
213,62,3.435483870967742,233.9828865667121,63.92603260356166,3853.819708635461,0.08041799182189914,True,data/metadata/Doctor’s Handwritten Prescription BD dataset/Training/training_words/2309.png,Nexum,train
75,19,3.9473684210526314,205.90245614035086,75.25261989449217,46435.7134104032,0.14947368421052631,True,data/metadata/Doctor’s Handwritten Prescription BD dataset/Training/training_words/2310.png,Nexum,train
51,19,2.6842105263157894,196.04643962848297,81.80683350722961,42258.56861786592,0.18988648090815274,True,data/metadata/Doctor’s Handwritten Prescription BD dataset/Training/training_words/2311.png,Nexum,train
70,21,3.3333333333333335,207.57823129251702,72.79190591638401,10063.885283446712,0.23197278911564626,True,data/metadata/Doctor’s Handwritten Prescription BD dataset/Training/training_words/2312.png,Nexum,train
65,23,2.8260869565217392,203.43745819397992,75.89023891627956,36637.99514725786,0.14648829431438126,True,data/metadata/Doctor’s Handwritten Prescription BD dataset/Training/training_words/2313.png,Nexum,train
171,54,3.1666666666666665,222.601581113277,77.27451580170876,5583.288036523872,0.12497292614251679,False,data/metadata/Doctor’s Handwritten Prescription BD dataset/Training/training_words/2314.png,Nexum,train
239,55,4.345454545454546,232.3964244960061,66.02430781664063,4311.648839863065,0.08756181057436288,False,data/metadata/Doctor’s Handwritten Prescription BD dataset/Training/training_words/2315.png,Nexum,train
206,57,3.6140350877192984,230.93118719127918,68.1536722812054,4011.18862688117,0.09580991313234542,False,data/metadata/Doctor’s Handwritten Prescription BD dataset/Training/training_words/2316.png,Nexum,train
206,57,3.6140350877192984,230.93118719127918,68.1536722812054,4011.18862688117,0.09580991313234542,False,data/metadata/Doctor’s Handwritten Prescription BD dataset/Training/training_words/2317.png,Nexum,train
209,67,3.1194029850746268,230.59615796615012,68.53924547751909,4335.726344354781,0.09397986145825894,False,data/metadata/Doctor’s Handwritten Prescription BD dataset/Training/training_words/2318.png,Nexum,train
209,67,3.1194029850746268,230.59615796615012,68.53924547751909,4335.726344354781,0.09397986145825894,False,data/metadata/Doctor’s Handwritten Prescription BD dataset/Training/training_words/2319.png,Nexum,train
223,58,3.8448275862068964,226.36206896551724,70.85375961887163,3706.0722850608918,0.11048399567032627,False,data/metadata/Doctor’s Handwritten Prescription BD dataset/Training/training_words/2320.png,Nidazyl,train
146,56,2.607142857142857,196.1366193737769,79.54200357176884,1029.3386586103761,0.24266144814090018,True,data/metadata/Doctor’s Handwritten Prescription BD dataset/Training/training_words/2321.png,Nidazyl,train
140,30,4.666666666666667,191.00357142857143,79.02187603446784,1878.6214462018143,0.2569047619047619,True,data/metadata/Doctor’s Handwritten Prescription BD dataset/Training/training_words/2322.png,Nidazyl,train
119,32,3.71875,231.3061974789916,42.3808542897704,8231.964276887225,0.08718487394957983,False,data/metadata/Doctor’s Handwritten Prescription BD dataset/Training/training_words/2323.png,Nidazyl,train
218,64,3.40625,227.01125286697248,71.29480988387283,3165.2476320301244,0.11231364678899082,False,data/metadata/Doctor’s Handwritten Prescription BD dataset/Training/training_words/2324.png,Nidazyl,train
141,47,3.0,202.86751169458276,74.85904028888136,2259.4079403050227,0.1994869473366531,True,data/metadata/Doctor’s Handwritten Prescription BD dataset/Training/training_words/2325.png,Nidazyl,train
150,51,2.9411764705882355,201.13464052287583,80.97979359055452,2851.7898379084963,0.20522875816993463,True,data/metadata/Doctor’s Handwritten Prescription BD dataset/Training/training_words/2326.png,Nidazyl,train
111,20,5.55,176.64324324324323,86.9676740416812,2962.2160530801075,0.3054054054054054,True,data/metadata/Doctor’s Handwritten Prescription BD dataset/Training/training_words/2327.png,Nidazyl,train
133,25,5.32,180.1642105263158,85.93882828986777,1528.3130357623381,0.2962406015037594,True,data/metadata/Doctor’s Handwritten Prescription BD dataset/Training/training_words/2328.png,Nidazyl,train
135,45,3.0,201.4727572016461,82.34763232790004,1915.8608504801095,0.20674897119341565,True,data/metadata/Doctor’s Handwritten Prescription BD dataset/Training/training_words/2329.png,Nidazyl,train
145,44,3.2954545454545454,204.29184952978056,79.72637038142898,2665.460829271528,0.19843260188087775,True,data/metadata/Doctor’s Handwritten Prescription BD dataset/Training/training_words/2330.png,Nidazyl,train
131,32,4.09375,180.21946564885496,90.78768445007324,2985.480101536096,0.27934160305343514,True,data/metadata/Doctor’s Handwritten Prescription BD dataset/Training/training_words/2331.png,Nidazyl,train
164,46,3.5652173913043477,190.93571049840932,85.80844549698894,1422.021044284981,0.24986744432661717,True,data/metadata/Doctor’s Handwritten Prescription BD dataset/Training/training_words/2332.png,Nidazyl,train
128,59,2.169491525423729,199.0188029661017,80.69044555893413,1486.2806608643352,0.19372351694915255,True,data/metadata/Doctor’s Handwritten Prescription BD dataset/Training/training_words/2333.png,Nidazyl,train
129,69,1.8695652173913044,191.84675879114707,82.40334662906083,1721.5688987758224,0.21154926412762612,True,data/metadata/Doctor’s Handwritten Prescription BD dataset/Training/training_words/2334.png,Nidazyl,train
121,31,3.903225806451613,183.75473207144762,91.1107475331565,3658.4106670639185,0.2743268461743535,True,data/metadata/Doctor’s Handwritten Prescription BD dataset/Training/training_words/2335.png,Nidazyl,train
154,49,3.142857142857143,193.85793798038696,83.46925529547133,1418.7409386929003,0.22223694672674266,True,data/metadata/Doctor’s Handwritten Prescription BD dataset/Training/training_words/2336.png,Nidazyl,train
237,55,4.3090909090909095,225.59846566935175,71.36314923947644,3676.2057154611175,0.11568853087840429,False,data/metadata/Doctor’s Handwritten Prescription BD dataset/Training/training_words/2337.png,Nidazyl,train
129,39,3.3076923076923075,192.16915126217452,84.42894692324462,2699.9351992206066,0.22679387795666867,True,data/metadata/Doctor’s Handwritten Prescription BD dataset/Training/training_words/2338.png,Nidazyl,train
120,25,4.8,231.853,45.936877607575084,9295.615578222221,0.09633333333333334,True,data/metadata/Doctor’s Handwritten Prescription BD dataset/Training/training_words/2339.png,Nidazyl,train
112,23,4.869565217391305,231.76009316770185,47.436488013156875,8996.379143449085,0.11024844720496894,False,data/metadata/Doctor’s Handwritten Prescription BD dataset/Training/training_words/2340.png,Nidazyl,train
115,19,6.052631578947368,231.5620137299771,50.65569084228537,9822.630381684985,0.11624713958810069,True,data/metadata/Doctor’s Handwritten Prescription BD dataset/Training/training_words/2341.png,Nidazyl,train
161,55,2.9272727272727272,201.86651609260304,82.21763836885714,1033.9918875438752,0.20666290231507622,True,data/metadata/Doctor’s Handwritten Prescription BD dataset/Training/training_words/2342.png,Nidazyl,train
118,30,3.933333333333333,149.3237288135593,98.38402361974262,2671.5911778224654,0.3918079096045198,True,data/metadata/Doctor’s Handwritten Prescription BD dataset/Training/training_words/2343.png,Nidazyl,train
84,16,5.25,229.10863095238096,54.521758297835675,13786.618301357,0.14434523809523808,True,data/metadata/Doctor’s Handwritten Prescription BD dataset/Training/training_words/2344.png,Nidazyl,train
226,72,3.138888888888889,234.91297935103245,60.01412627604485,3061.5207697026653,0.08019911504424779,False,data/metadata/Doctor’s Handwritten Prescription BD dataset/Training/training_words/2345.png,Nidazyl,train
209,62,3.370967741935484,232.75490044759994,62.26231394102993,3535.842413095167,0.09060040129649637,False,data/metadata/Doctor’s Handwritten Prescription BD dataset/Training/training_words/2346.png,Nidazyl,train
205,46,4.456521739130435,221.4778366914104,75.18344117504445,4583.78621349026,0.13234358430540827,False,data/metadata/Doctor’s Handwritten Prescription BD dataset/Training/training_words/2347.png,Nidazyl,train
219,67,3.2686567164179103,230.99291215157092,65.34627331922779,3162.9914809514075,0.09595856334764534,True,data/metadata/Doctor’s Handwritten Prescription BD dataset/Training/training_words/2348.png,Nidazyl,train
140,35,4.0,145.80795918367346,98.6322589626739,1568.7119331945023,0.40775510204081633,False,data/metadata/Doctor’s Handwritten Prescription BD dataset/Training/training_words/2349.png,Nidazyl,train
190,60,3.1666666666666665,223.87973684210527,71.77879526053327,4514.745789473684,0.12517543859649122,False,data/metadata/Doctor’s Handwritten Prescription BD dataset/Training/training_words/2350.png,Nidazyl,train
223,58,3.8448275862068964,226.36206896551724,70.85375961887163,3706.0722850608918,0.11048399567032627,False,data/metadata/Doctor’s Handwritten Prescription BD dataset/Training/training_words/2351.png,Nidazyl,train
173,58,2.9827586206896552,207.3862866254734,77.9497908762554,1394.7146431354047,0.18108431333466216,True,data/metadata/Doctor’s Handwritten Prescription BD dataset/Training/training_words/2352.png,Nidazyl,train
190,60,3.1666666666666665,223.87973684210527,71.77879526053327,4514.745789473684,0.12517543859649122,False,data/metadata/Doctor’s Handwritten Prescription BD dataset/Training/training_words/2353.png,Nidazyl,train
135,45,3.0,187.33925925925925,89.17866450876313,1703.419272157022,0.26041152263374484,True,data/metadata/Doctor’s Handwritten Prescription BD dataset/Training/training_words/2354.png,Nidazyl,train
178,58,3.0689655172413794,203.48324292909726,74.34331266777082,1171.6647086546232,0.1964354901201085,True,data/metadata/Doctor’s Handwritten Prescription BD dataset/Training/training_words/2355.png,Nidazyl,train
182,61,2.9836065573770494,201.3874977481535,80.85393696724245,1523.422663550424,0.20113493064312737,True,data/metadata/Doctor’s Handwritten Prescription BD dataset/Training/training_words/2356.png,Nidazyl,train
153,64,2.390625,181.40716911764707,74.442491907388,855.3222358283506,0.18760212418300654,True,data/metadata/Doctor’s Handwritten Prescription BD dataset/Training/training_words/2357.png,Nidazyl,train
123,40,3.075,191.16036585365853,81.4829929775631,2152.3290883402738,0.2682926829268293,True,data/metadata/Doctor’s Handwritten Prescription BD dataset/Training/training_words/2358.png,Nidazyl,train
114,36,3.1666666666666665,185.8915692007797,90.03940921381424,3295.329434460366,0.2692495126705653,True,data/metadata/Doctor’s Handwritten Prescription BD dataset/Training/training_words/2359.png,Nidazyl,train
112,50,2.24,237.3369642857143,56.83607246847359,4505.863214285714,0.07339285714285715,False,data/metadata/Doctor’s Handwritten Prescription BD dataset/Training/training_words/2360.png,Nizoder,train
121,62,1.9516129032258065,224.38496400959744,72.66779113032564,7664.817515311477,0.12436683551053053,True,data/metadata/Doctor’s Handwritten Prescription BD dataset/Training/training_words/2361.png,Nizoder,train
260,82,3.1707317073170733,228.92565666041276,68.38980851223305,4401.747185741088,0.10440900562851782,True,data/metadata/Doctor’s Handwritten Prescription BD dataset/Training/training_words/2362.png,Nizoder,train
135,49,2.7551020408163267,211.87014361300075,83.56441019085977,9520.481769404496,0.17414965986394557,True,data/metadata/Doctor’s Handwritten Prescription BD dataset/Training/training_words/2363.png,Nizoder,train
123,41,3.0,236.0394606385088,58.85587910078265,5088.179654967282,0.07951616101526869,False,data/metadata/Doctor’s Handwritten Prescription BD dataset/Training/training_words/2364.png,Nizoder,train
208,83,2.5060240963855422,230.65158711770158,65.6178049131772,4385.396618376264,0.1029309545875811,True,data/metadata/Doctor’s Handwritten Prescription BD dataset/Training/training_words/2365.png,Nizoder,train
238,66,3.606060606060606,231.0483193277311,64.94448978631817,4397.769416857652,0.09256429844665139,False,data/metadata/Doctor’s Handwritten Prescription BD dataset/Training/training_words/2366.png,Nizoder,train
202,78,2.58974358974359,229.45893627824321,66.74074002638578,4405.86881097485,0.10161208428535161,False,data/metadata/Doctor’s Handwritten Prescription BD dataset/Training/training_words/2367.png,Nizoder,train
110,49,2.2448979591836733,221.49814471243042,76.11614682390706,7905.32133580705,0.1385899814471243,False,data/metadata/Doctor’s Handwritten Prescription BD dataset/Training/training_words/2368.png,Nizoder,train
185,86,2.1511627906976742,231.14921433060968,65.3210520000417,4522.549715879035,0.09547454431175362,False,data/metadata/Doctor’s Handwritten Prescription BD dataset/Training/training_words/2369.png,Nizoder,train
182,83,2.1927710843373496,228.6721170395869,67.58539473586836,4936.885873162982,0.105256189593539,False,data/metadata/Doctor’s Handwritten Prescription BD dataset/Training/training_words/2370.png,Nizoder,train
228,65,3.5076923076923077,239.03468286099866,54.1216305082084,3900.45681511471,0.06383265856950067,False,data/metadata/Doctor’s Handwritten Prescription BD dataset/Training/training_words/2371.png,Nizoder,train
213,52,4.096153846153846,214.1044600938967,83.50909136451244,6022.786841391712,0.16097869266883352,False,data/metadata/Doctor’s Handwritten Prescription BD dataset/Training/training_words/2372.png,Nizoder,train
209,52,4.019230769230769,234.85084652189914,60.73013550084545,5335.217887375782,0.0792234081707766,False,data/metadata/Doctor’s Handwritten Prescription BD dataset/Training/training_words/2373.png,Nizoder,train
181,35,5.171428571428572,217.04956590370955,65.72402951922591,1947.1561453669717,0.18468823993685873,True,data/metadata/Doctor’s Handwritten Prescription BD dataset/Training/training_words/2374.png,Nizoder,train
159,36,4.416666666666667,208.80328441649198,74.70328506722144,2109.764865962141,0.223445143256464,True,data/metadata/Doctor’s Handwritten Prescription BD dataset/Training/training_words/2375.png,Nizoder,train
127,50,2.54,225.26535433070867,71.09330663639508,7644.352086304173,0.11748031496062993,False,data/metadata/Doctor’s Handwritten Prescription BD dataset/Training/training_words/2376.png,Nizoder,train
139,38,3.6578947368421053,234.00037864445287,61.226360102349425,5725.914426353654,0.08879212419538053,False,data/metadata/Doctor’s Handwritten Prescription BD dataset/Training/training_words/2377.png,Nizoder,train
178,41,4.341463414634147,226.80885174020278,59.95116578063165,1750.7868875017357,0.14606741573033707,True,data/metadata/Doctor’s Handwritten Prescription BD dataset/Training/training_words/2378.png,Nizoder,train
162,35,4.628571428571429,218.26507936507937,65.35959220938247,2299.4810777662688,0.2,True,data/metadata/Doctor’s Handwritten Prescription BD dataset/Training/training_words/2379.png,Nizoder,train
155,38,4.078947368421052,220.44567062818336,64.5105473202015,1791.2078584173344,0.18064516129032257,True,data/metadata/Doctor’s Handwritten Prescription BD dataset/Training/training_words/2380.png,Nizoder,train
121,47,2.574468085106383,239.1155266397046,53.346512330975976,5036.706875329699,0.06646738174784596,False,data/metadata/Doctor’s Handwritten Prescription BD dataset/Training/training_words/2381.png,Nizoder,train
115,51,2.2549019607843137,222.79420289855074,74.029772820949,7773.395032621596,0.12975277067348678,False,data/metadata/Doctor’s Handwritten Prescription BD dataset/Training/training_words/2382.png,Nizoder,train
121,57,2.1228070175438596,225.91242569233,72.30184291614111,5928.801507901986,0.1154124981876178,True,data/metadata/Doctor’s Handwritten Prescription BD dataset/Training/training_words/2383.png,Nizoder,train
126,60,2.1,242.1121693121693,48.75634930898321,3726.9574074074076,0.053835978835978834,False,data/metadata/Doctor’s Handwritten Prescription BD dataset/Training/training_words/2384.png,Nizoder,train
126,49,2.5714285714285716,238.0604146420473,55.96133734271125,4493.051830255912,0.07191448007774538,False,data/metadata/Doctor’s Handwritten Prescription BD dataset/Training/training_words/2385.png,Nizoder,train
141,42,3.357142857142857,236.72711921648093,57.96862254448642,5274.529888551165,0.07497467071935157,False,data/metadata/Doctor’s Handwritten Prescription BD dataset/Training/training_words/2386.png,Nizoder,train
139,34,4.088235294117647,231.34320778671182,65.01398872386065,6127.72908621399,0.09521794329242489,False,data/metadata/Doctor’s Handwritten Prescription BD dataset/Training/training_words/2387.png,Nizoder,train
117,48,2.4375,234.54861111111111,61.347038848027665,4945.060996740083,0.08511396011396011,True,data/metadata/Doctor’s Handwritten Prescription BD dataset/Training/training_words/2388.png,Nizoder,train
139,59,2.3559322033898304,226.5217656383368,69.20357846165011,5941.888306304109,0.11535178636751615,False,data/metadata/Doctor’s Handwritten Prescription BD dataset/Training/training_words/2389.png,Nizoder,train
127,39,3.2564102564102564,233.94205532000808,61.81807121632877,5323.009286281557,0.08681607106803957,False,data/metadata/Doctor’s Handwritten Prescription BD dataset/Training/training_words/2390.png,Nizoder,train
117,44,2.659090909090909,237.3343045843046,57.149641463338966,4411.146464646465,0.07420357420357421,False,data/metadata/Doctor’s Handwritten Prescription BD dataset/Training/training_words/2391.png,Nizoder,train
132,60,2.2,229.04406565656566,68.04841712611268,5792.001811996224,0.10391414141414142,True,data/metadata/Doctor’s Handwritten Prescription BD dataset/Training/training_words/2392.png,Nizoder,train
133,47,2.8297872340425534,236.96112621980484,57.91530833309217,4248.860181731026,0.0715085586306191,False,data/metadata/Doctor’s Handwritten Prescription BD dataset/Training/training_words/2393.png,Nizoder,train
218,77,2.831168831168831,228.156559037293,69.9785488071311,4045.3194154706343,0.10890027403788871,False,data/metadata/Doctor’s Handwritten Prescription BD dataset/Training/training_words/2394.png,Nizoder,train
213,71,3.0,224.56926535740263,72.65434866808316,4275.986176803232,0.12133835879124512,True,data/metadata/Doctor’s Handwritten Prescription BD dataset/Training/training_words/2395.png,Nizoder,train
256,83,3.0843373493975905,232.35184487951807,63.29419708312623,3522.551393072289,0.09243222891566265,False,data/metadata/Doctor’s Handwritten Prescription BD dataset/Training/training_words/2396.png,Nizoder,train
233,88,2.647727272727273,230.77584861490442,66.28276977960687,3471.4271361685524,0.09705423332032774,False,data/metadata/Doctor’s Handwritten Prescription BD dataset/Training/training_words/2397.png,Nizoder,train
240,80,3.0,227.24984375,70.09928022823952,4345.118125,0.1146875,False,data/metadata/Doctor’s Handwritten Prescription BD dataset/Training/training_words/2398.png,Nizoder,train
240,80,3.0,227.24984375,70.09928022823952,4345.118125,0.1146875,False,data/metadata/Doctor’s Handwritten Prescription BD dataset/Training/training_words/2399.png,Nizoder,train
126,45,2.8,229.4978835978836,69.46179018240514,6797.249735449735,0.10035273368606702,False,data/metadata/Doctor’s Handwritten Prescription BD dataset/Training/training_words/2400.png,Odmon,train
151,55,2.7454545454545456,234.08500903070438,56.124371634304225,2516.559059052434,0.09981938591210114,False,data/metadata/Doctor’s Handwritten Prescription BD dataset/Training/training_words/2401.png,Odmon,train
183,71,2.5774647887323945,236.95867005310552,55.200665129656244,5622.372412063593,0.07488647733394906,False,data/metadata/Doctor’s Handwritten Prescription BD dataset/Training/training_words/2402.png,Odmon,train
177,71,2.492957746478873,242.1136309381714,47.41064454112503,4377.142516088304,0.052359353863292754,False,data/metadata/Doctor’s Handwritten Prescription BD dataset/Training/training_words/2403.png,Odmon,train
102,49,2.0816326530612246,226.96978791516608,72.40114956392826,6980.835528449075,0.10724289715886355,False,data/metadata/Doctor’s Handwritten Prescription BD dataset/Training/training_words/2404.png,Odmon,train
145,60,2.4166666666666665,228.83758620689656,65.6846852366164,8397.744588769983,0.1060919540229885,True,data/metadata/Doctor’s Handwritten Prescription BD dataset/Training/training_words/2405.png,Odmon,train
151,74,2.0405405405405403,234.57123679971363,58.97302504965316,6556.210567163365,0.08278145695364239,False,data/metadata/Doctor’s Handwritten Prescription BD dataset/Training/training_words/2406.png,Odmon,train
162,55,2.9454545454545453,229.7820426487093,65.3666690934706,7776.753759014258,0.1005611672278339,False,data/metadata/Doctor’s Handwritten Prescription BD dataset/Training/training_words/2407.png,Odmon,train
159,72,2.2083333333333335,243.60534591194968,43.1558178179146,4664.165094339623,0.04882948986722572,False,data/metadata/Doctor’s Handwritten Prescription BD dataset/Training/training_words/2408.png,Odmon,train
177,61,2.901639344262295,234.3601926461054,60.40224847548829,6389.693057089007,0.08289339631379086,False,data/metadata/Doctor’s Handwritten Prescription BD dataset/Training/training_words/2409.png,Odmon,train
164,55,2.981818181818182,230.65676274944568,63.54107156613729,7721.688687813727,0.097450110864745,False,data/metadata/Doctor’s Handwritten Prescription BD dataset/Training/training_words/2410.png,Odmon,train
204,68,3.0,237.50756920415225,54.746441061611065,5614.684323772655,0.07093425605536333,False,data/metadata/Doctor’s Handwritten Prescription BD dataset/Training/training_words/2411.png,Odmon,train
155,58,2.6724137931034484,236.24082313681868,52.9569300704026,2100.8669630945765,0.09110122358175751,False,data/metadata/Doctor’s Handwritten Prescription BD dataset/Training/training_words/2412.png,Odmon,train
189,71,2.6619718309859155,234.54929577464787,58.96160854804463,5820.589189785385,0.08174975780609584,False,data/metadata/Doctor’s Handwritten Prescription BD dataset/Training/training_words/2413.png,Odmon,train
172,73,2.356164383561644,234.62750876075182,59.15549812001297,6561.391126320506,0.08211213762344696,False,data/metadata/Doctor’s Handwritten Prescription BD dataset/Training/training_words/2414.png,Odmon,train
112,27,4.148148148148148,225.63789682539684,79.85918182008554,40569.43990929705,0.11937830687830688,True,data/metadata/Doctor’s Handwritten Prescription BD dataset/Training/training_words/2415.png,Odmon,train
163,69,2.36231884057971,231.43833911265227,52.758424154827345,3599.588952873232,0.06463945941139859,False,data/metadata/Doctor’s Handwritten Prescription BD dataset/Training/training_words/2416.png,Odmon,train
118,52,2.269230769230769,223.10528031290744,77.62908246325604,6418.482724902216,0.125,False,data/metadata/Doctor’s Handwritten Prescription BD dataset/Training/training_words/2417.png,Odmon,train
124,27,4.592592592592593,224.9605734767025,81.03439834025096,38641.29181520664,0.12126642771804062,True,data/metadata/Doctor’s Handwritten Prescription BD dataset/Training/training_words/2418.png,Odmon,train
119,32,3.71875,217.16517857142858,89.7812542176633,47171.46524234694,0.15178571428571427,True,data/metadata/Doctor’s Handwritten Prescription BD dataset/Training/training_words/2419.png,Odmon,train
145,65,2.230769230769231,233.92106100795755,65.23175844440799,4790.330817778215,0.08212201591511936,False,data/metadata/Doctor’s Handwritten Prescription BD dataset/Training/training_words/2420.png,Odmon,train
137,53,2.5849056603773586,233.07230409034568,65.24246413870792,5992.770141853739,0.08511224349263187,False,data/metadata/Doctor’s Handwritten Prescription BD dataset/Training/training_words/2421.png,Odmon,train
192,69,2.782608695652174,244.26487016908212,42.05919953939898,4233.282004830918,0.043629227053140096,False,data/metadata/Doctor’s Handwritten Prescription BD dataset/Training/training_words/2422.png,Odmon,train
156,72,2.1666666666666665,239.982995014245,50.21073269087672,5514.926007339823,0.06214387464387464,False,data/metadata/Doctor’s Handwritten Prescription BD dataset/Training/training_words/2423.png,Odmon,train
148,45,3.2888888888888888,233.6807807807808,63.9936574136857,5888.6864864864865,0.08258258258258258,False,data/metadata/Doctor’s Handwritten Prescription BD dataset/Training/training_words/2424.png,Odmon,train
140,51,2.7450980392156863,228.84327731092438,71.39347476568973,6361.687114845939,0.10406162464985995,False,data/metadata/Doctor’s Handwritten Prescription BD dataset/Training/training_words/2425.png,Odmon,train
153,58,2.6379310344827585,238.08755916159566,57.886007218522934,4527.6409736308315,0.06502141086319585,False,data/metadata/Doctor’s Handwritten Prescription BD dataset/Training/training_words/2426.png,Odmon,train
123,48,2.5625,229.07876016260164,70.37584733147229,6766.530819214018,0.10044037940379404,False,data/metadata/Doctor’s Handwritten Prescription BD dataset/Training/training_words/2427.png,Odmon,train
123,48,2.5625,229.07876016260164,70.37584733147229,6766.530819214018,0.10044037940379404,False,data/metadata/Doctor’s Handwritten Prescription BD dataset/Training/training_words/2428.png,Odmon,train
177,63,2.8095238095238093,237.92682270648373,52.640243852304714,4684.455188793941,0.06340238543628374,False,data/metadata/Doctor’s Handwritten Prescription BD dataset/Training/training_words/2429.png,Odmon,train
136,46,2.9565217391304346,222.97490409207163,78.1193049688381,7322.252237851662,0.12404092071611253,False,data/metadata/Doctor’s Handwritten Prescription BD dataset/Training/training_words/2430.png,Odmon,train
127,53,2.3962264150943398,234.4182142326549,62.807433420764305,5429.115733174863,0.07933442281978903,False,data/metadata/Doctor’s Handwritten Prescription BD dataset/Training/training_words/2431.png,Odmon,train
166,60,2.7666666666666666,239.92038152610442,49.96292587612773,4955.03032128514,0.06445783132530121,False,data/metadata/Doctor’s Handwritten Prescription BD dataset/Training/training_words/2432.png,Odmon,train
138,53,2.6037735849056602,231.5862729012852,66.86487427071573,6320.537599124966,0.09146841673502872,False,data/metadata/Doctor’s Handwritten Prescription BD dataset/Training/training_words/2433.png,Odmon,train
169,54,3.1296296296296298,234.8655489809336,55.26379670681207,2392.7756931125537,0.09566074950690336,False,data/metadata/Doctor’s Handwritten Prescription BD dataset/Training/training_words/2434.png,Odmon,train
201,48,4.1875,235.60458126036485,53.754914617296926,2029.626249184821,0.0945273631840796,False,data/metadata/Doctor’s Handwritten Prescription BD dataset/Training/training_words/2435.png,Odmon,train
185,43,4.3023255813953485,231.2600879949717,58.66280817709743,2595.460287119446,0.11502199874292897,False,data/metadata/Doctor’s Handwritten Prescription BD dataset/Training/training_words/2436.png,Odmon,train
162,52,3.1153846153846154,229.06113485280153,64.71053369708584,8486.334757834758,0.10576923076923077,False,data/metadata/Doctor’s Handwritten Prescription BD dataset/Training/training_words/2437.png,Odmon,train
166,66,2.515151515151515,233.25209930631618,60.00971360287563,6888.7821158426395,0.08798831690397955,False,data/metadata/Doctor’s Handwritten Prescription BD dataset/Training/training_words/2438.png,Odmon,train
155,61,2.540983606557377,230.7765203595981,62.197931092659985,8204.175568482284,0.09888947646747752,False,data/metadata/Doctor’s Handwritten Prescription BD dataset/Training/training_words/2439.png,Odmon,train
212,80,2.65,230.17853773584906,69.9070817716206,4601.725235849057,0.09587264150943396,False,data/metadata/Doctor’s Handwritten Prescription BD dataset/Training/training_words/2440.png,Omastin,train
95,26,3.6538461538461537,231.7336032388664,57.78246484264905,17913.261730072612,0.11862348178137652,True,data/metadata/Doctor’s Handwritten Prescription BD dataset/Training/training_words/2441.png,Omastin,train
87,33,2.6363636363636362,233.2748171368861,60.632961600849356,24891.435841497892,0.1013584117032393,True,data/metadata/Doctor’s Handwritten Prescription BD dataset/Training/training_words/2442.png,Omastin,train
101,32,3.15625,216.32518564356437,70.0891079541049,7587.6615099009905,0.12314356435643564,False,data/metadata/Doctor’s Handwritten Prescription BD dataset/Training/training_words/2443.png,Omastin,train
212,80,2.65,230.17853773584906,69.9070817716206,4601.725235849057,0.09587264150943396,False,data/metadata/Doctor’s Handwritten Prescription BD dataset/Training/training_words/2444.png,Omastin,train
71,22,3.227272727272727,228.78233034571062,58.978022731998635,17375.452376873272,0.13124199743918052,True,data/metadata/Doctor’s Handwritten Prescription BD dataset/Training/training_words/2445.png,Omastin,train
93,26,3.576923076923077,233.27377998345742,57.52873471121637,22858.615691966992,0.10628618693134823,True,data/metadata/Doctor’s Handwritten Prescription BD dataset/Training/training_words/2446.png,Omastin,train
100,31,3.225806451612903,230.70903225806452,62.07688143536928,29805.195960874087,0.11741935483870967,True,data/metadata/Doctor’s Handwritten Prescription BD dataset/Training/training_words/2447.png,Omastin,train
645,110,5.863636363636363,231.62666666666667,71.23526151203025,9318.710428378183,0.08797744890768147,True,data/metadata/Doctor’s Handwritten Prescription BD dataset/Training/training_words/2448.png,Omastin,train
102,36,2.8333333333333335,238.07598039215685,53.927606706643026,22379.07961140005,0.07761437908496732,True,data/metadata/Doctor’s Handwritten Prescription BD dataset/Training/training_words/2449.png,Omastin,train
90,29,3.103448275862069,227.9758620689655,59.1522144541652,14597.416468489895,0.1310344827586207,True,data/metadata/Doctor’s Handwritten Prescription BD dataset/Training/training_words/2450.png,Omastin,train
76,36,2.111111111111111,228.08954678362574,63.58351170630406,18715.08195457042,0.13084795321637427,True,data/metadata/Doctor’s Handwritten Prescription BD dataset/Training/training_words/2451.png,Omastin,train
97,28,3.4642857142857144,234.37886597938143,57.22198958775512,19953.42522899265,0.10014727540500737,True,data/metadata/Doctor’s Handwritten Prescription BD dataset/Training/training_words/2452.png,Omastin,train
163,42,3.880952380952381,226.64519427402863,66.0597503695383,11211.025450269435,0.11904761904761904,True,data/metadata/Doctor’s Handwritten Prescription BD dataset/Training/training_words/2453.png,Omastin,train
85,29,2.9310344827586206,206.8239350912779,77.37712915821172,11899.044219066936,0.1663286004056795,False,data/metadata/Doctor’s Handwritten Prescription BD dataset/Training/training_words/2454.png,Omastin,train
245,86,2.8488372093023258,234.56022781205505,64.21677110438459,4004.0350261034646,0.07935453251067869,False,data/metadata/Doctor’s Handwritten Prescription BD dataset/Training/training_words/2455.png,Omastin,train
92,41,2.2439024390243905,229.61134676564157,56.467833152166925,6892.9645714389335,0.12354188759278897,True,data/metadata/Doctor’s Handwritten Prescription BD dataset/Training/training_words/2456.png,Omastin,train
198,76,2.6052631578947367,227.71484582668793,73.98228941415113,4756.004253056884,0.10566188197767146,False,data/metadata/Doctor’s Handwritten Prescription BD dataset/Training/training_words/2457.png,Omastin,train
233,63,3.6984126984126986,222.72198378636148,79.49991630782576,5009.780911506234,0.12616663260440084,False,data/metadata/Doctor’s Handwritten Prescription BD dataset/Training/training_words/2458.png,Omastin,train
202,65,3.1076923076923078,217.52985529322163,84.55035264427654,5476.077606853719,0.1456207159177456,False,data/metadata/Doctor’s Handwritten Prescription BD dataset/Training/training_words/2459.png,Omastin,train
230,60,3.8333333333333335,215.60753623188407,86.22674373133637,6708.605054799412,0.15384057971014492,True,data/metadata/Doctor’s Handwritten Prescription BD dataset/Training/training_words/2460.png,Omastin,train
193,75,2.5733333333333333,222.9740932642487,78.88923578206347,5622.174302374709,0.12338514680483592,False,data/metadata/Doctor’s Handwritten Prescription BD dataset/Training/training_words/2461.png,Omastin,train
100,35,2.857142857142857,220.5577142857143,55.67170438437487,11689.843495836734,0.13,True,data/metadata/Doctor’s Handwritten Prescription BD dataset/Training/training_words/2462.png,Omastin,train
95,30,3.1666666666666665,211.05964912280703,73.85711159536513,8509.801403508773,0.1407017543859649,False,data/metadata/Doctor’s Handwritten Prescription BD dataset/Training/training_words/2463.png,Omastin,train
218,71,3.0704225352112675,218.84662101046646,83.57271767336813,5678.8118619809775,0.14226644269285438,False,data/metadata/Doctor’s Handwritten Prescription BD dataset/Training/training_words/2464.png,Omastin,train
217,75,2.8933333333333335,229.13382488479263,71.17349760015362,4795.301259600615,0.09990783410138249,False,data/metadata/Doctor’s Handwritten Prescription BD dataset/Training/training_words/2465.png,Omastin,train
220,78,2.8205128205128207,231.69399766899767,68.61377505386352,3781.3558275058276,0.09289044289044289,False,data/metadata/Doctor’s Handwritten Prescription BD dataset/Training/training_words/2466.png,Omastin,train
212,71,2.9859154929577465,226.20003986181237,74.95512284784678,5090.411639649216,0.11167951102843476,False,data/metadata/Doctor’s Handwritten Prescription BD dataset/Training/training_words/2467.png,Omastin,train
234,77,3.038961038961039,227.92335442335443,73.26385060555623,4684.3990453990455,0.10461760461760462,False,data/metadata/Doctor’s Handwritten Prescription BD dataset/Training/training_words/2468.png,Omastin,train
91,47,1.9361702127659575,230.26069675005846,62.674169427866545,20594.970377355938,0.11222819733458031,True,data/metadata/Doctor’s Handwritten Prescription BD dataset/Training/training_words/2469.png,Omastin,train
198,76,2.6052631578947367,227.71484582668793,73.98228941415113,4756.004253056884,0.10566188197767146,False,data/metadata/Doctor’s Handwritten Prescription BD dataset/Training/training_words/2470.png,Omastin,train
234,77,3.038961038961039,227.92335442335443,73.26385060555623,4684.3990453990455,0.10461760461760462,False,data/metadata/Doctor’s Handwritten Prescription BD dataset/Training/training_words/2471.png,Omastin,train
114,31,3.6774193548387095,230.40379173740803,52.25368766604191,11631.258324341534,0.10101867572156197,True,data/metadata/Doctor’s Handwritten Prescription BD dataset/Training/training_words/2472.png,Omastin,train
203,59,3.440677966101695,216.31067880103532,85.22960701352062,6792.7140352341985,0.14878517157885948,False,data/metadata/Doctor’s Handwritten Prescription BD dataset/Training/training_words/2473.png,Omastin,train
90,28,3.2142857142857144,230.05674603174603,64.92781976847738,22750.58707420005,0.1126984126984127,True,data/metadata/Doctor’s Handwritten Prescription BD dataset/Training/training_words/2474.png,Omastin,train
121,32,3.78125,234.23347107438016,59.409136429150585,19827.758583558163,0.0952995867768595,True,data/metadata/Doctor’s Handwritten Prescription BD dataset/Training/training_words/2475.png,Omastin,train
87,30,2.9,234.1088122605364,49.72561146686912,11299.863783708402,0.10957854406130269,True,data/metadata/Doctor’s Handwritten Prescription BD dataset/Training/training_words/2476.png,Omastin,train
77,20,3.85,232.0948051948052,56.70408582842488,21123.753403187722,0.11818181818181818,True,data/metadata/Doctor’s Handwritten Prescription BD dataset/Training/training_words/2477.png,Omastin,train
79,26,3.0384615384615383,230.8218111002921,62.030989141373595,27620.148868808956,0.11781888997078871,True,data/metadata/Doctor’s Handwritten Prescription BD dataset/Training/training_words/2478.png,Omastin,train
84,25,3.36,227.61,67.82977148715747,28646.61475623583,0.12285714285714286,True,data/metadata/Doctor’s Handwritten Prescription BD dataset/Training/training_words/2479.png,Omastin,train
195,84,2.3214285714285716,235.33345543345544,62.534504598256454,3715.168376068376,0.07735042735042735,False,data/metadata/Doctor’s Handwritten Prescription BD dataset/Training/training_words/2480.png,Opton,train
116,74,1.5675675675675675,233.25349487418453,62.689392814705435,5836.944897361549,0.09168219944082014,False,data/metadata/Doctor’s Handwritten Prescription BD dataset/Training/training_words/2481.png,Opton,train
157,70,2.242857142857143,240.20955414012738,51.65595607196132,4665.284986218756,0.06078252957233849,False,data/metadata/Doctor’s Handwritten Prescription BD dataset/Training/training_words/2482.png,Opton,train
74,32,2.3125,214.1891891891892,71.21643722079662,9525.478885135135,0.13175675675675674,False,data/metadata/Doctor’s Handwritten Prescription BD dataset/Training/training_words/2483.png,Opton,train
194,82,2.3658536585365852,233.1140935378426,66.03386788104613,4219.542242896656,0.08423434749811416,False,data/metadata/Doctor’s Handwritten Prescription BD dataset/Training/training_words/2484.png,Opton,train
175,70,2.5,244.23967346938775,45.50074439282879,2966.553955958351,0.04236734693877551,False,data/metadata/Doctor’s Handwritten Prescription BD dataset/Training/training_words/2485.png,Opton,train
169,72,2.3472222222222223,243.00065746219593,48.05068172286333,3227.80161078238,0.04881656804733728,False,data/metadata/Doctor’s Handwritten Prescription BD dataset/Training/training_words/2486.png,Opton,train
176,49,3.5918367346938775,238.9373840445269,55.49790251116004,3549.3353793163838,0.06621057513914656,True,data/metadata/Doctor’s Handwritten Prescription BD dataset/Training/training_words/2487.png,Opton,train
116,46,2.5217391304347827,222.03073463268365,75.30666808311967,7101.174986766361,0.13062218890554722,False,data/metadata/Doctor’s Handwritten Prescription BD dataset/Training/training_words/2488.png,Opton,train
170,61,2.7868852459016393,240.8919961427194,51.491480075020974,3111.3546768039614,0.05891996142719383,False,data/metadata/Doctor’s Handwritten Prescription BD dataset/Training/training_words/2489.png,Opton,train
139,52,2.673076923076923,235.73671831765358,60.31105725206609,4436.271716184585,0.0781682346430548,False,data/metadata/Doctor’s Handwritten Prescription BD dataset/Training/training_words/2490.png,Opton,train
171,52,3.2884615384615383,234.84840305892936,61.07235744449813,4929.594753311544,0.07827260458839407,True,data/metadata/Doctor’s Handwritten Prescription BD dataset/Training/training_words/2491.png,Opton,train
148,73,2.0273972602739727,239.74639022584228,52.743437040050225,4044.9703801065907,0.060718252499074414,False,data/metadata/Doctor’s Handwritten Prescription BD dataset/Training/training_words/2492.png,Opton,train
191,63,3.0317460317460316,238.40363999002741,55.07198625394759,4173.449015208177,0.06681625529793069,False,data/metadata/Doctor’s Handwritten Prescription BD dataset/Training/training_words/2493.png,Opton,train
172,53,3.2452830188679247,235.1690434401053,60.58128046507743,4929.542562527425,0.07744624835454146,False,data/metadata/Doctor’s Handwritten Prescription BD dataset/Training/training_words/2494.png,Opton,train
173,71,2.436619718309859,240.68883823170236,51.78619232811764,3823.6860701782953,0.05641944150451844,False,data/metadata/Doctor’s Handwritten Prescription BD dataset/Training/training_words/2495.png,Opton,train
114,67,1.7014925373134329,238.25386226760932,54.59402496911399,5064.949518422003,0.06991358994501179,False,data/metadata/Doctor’s Handwritten Prescription BD dataset/Training/training_words/2496.png,Opton,train
160,67,2.388059701492537,220.6920708955224,80.41789901449441,5712.287126865672,0.1316231343283582,False,data/metadata/Doctor’s Handwritten Prescription BD dataset/Training/training_words/2497.png,Opton,train
174,91,1.9120879120879122,237.84545913856257,58.63526589756686,3580.3483642793985,0.0658709106984969,False,data/metadata/Doctor’s Handwritten Prescription BD dataset/Training/training_words/2498.png,Opton,train
146,62,2.3548387096774195,223.7023862129916,75.60802310765477,6280.798224975586,0.12273530711444984,True,data/metadata/Doctor’s Handwritten Prescription BD dataset/Training/training_words/2499.png,Opton,train
200,85,2.3529411764705883,228.634,70.97777313563816,4222.272,0.10164705882352941,True,data/metadata/Doctor’s Handwritten Prescription BD dataset/Training/training_words/2500.png,Opton,train
194,88,2.2045454545454546,229.83727741330833,70.04497147780161,3731.1785379568882,0.09805529522024367,False,data/metadata/Doctor’s Handwritten Prescription BD dataset/Training/training_words/2501.png,Opton,train
109,54,2.0185185185185186,229.46262317363235,67.4151777959859,5539.078652888284,0.10788311247026844,False,data/metadata/Doctor’s Handwritten Prescription BD dataset/Training/training_words/2502.png,Opton,train
66,26,2.5384615384615383,200.88053613053614,81.78644411924635,11933.643691826821,0.1888111888111888,False,data/metadata/Doctor’s Handwritten Prescription BD dataset/Training/training_words/2503.png,Opton,train
193,74,2.608108108108108,228.36773561125892,71.2653085250577,3990.358653251946,0.10355692480044812,False,data/metadata/Doctor’s Handwritten Prescription BD dataset/Training/training_words/2504.png,Opton,train
168,85,1.9764705882352942,229.8530112044818,69.81511421608846,3716.698039215686,0.09852941176470588,False,data/metadata/Doctor’s Handwritten Prescription BD dataset/Training/training_words/2505.png,Opton,train
163,70,2.3285714285714287,222.52559158632778,77.93191090196827,4849.893251533742,0.12787028921998247,False,data/metadata/Doctor’s Handwritten Prescription BD dataset/Training/training_words/2506.png,Opton,train
190,67,2.8358208955223883,221.29882168106835,79.60175881516076,4969.293008641005,0.1314218381775334,False,data/metadata/Doctor’s Handwritten Prescription BD dataset/Training/training_words/2507.png,Opton,train
172,63,2.7301587301587302,220.20856404577336,79.9066919890121,6480.543740319275,0.13565891472868216,False,data/metadata/Doctor’s Handwritten Prescription BD dataset/Training/training_words/2508.png,Opton,train
101,57,1.7719298245614035,230.823345492444,64.20436114462048,7437.420645276177,0.09640437727983325,False,data/metadata/Doctor’s Handwritten Prescription BD dataset/Training/training_words/2509.png,Opton,train
160,67,2.388059701492537,220.6920708955224,80.41789901449441,5712.287126865672,0.1316231343283582,False,data/metadata/Doctor’s Handwritten Prescription BD dataset/Training/training_words/2510.png,Opton,train
181,57,3.175438596491228,218.33129785790442,81.60775863632355,5447.487254046719,0.14296791703014441,True,data/metadata/Doctor’s Handwritten Prescription BD dataset/Training/training_words/2511.png,Opton,train
100,50,2.0,227.5538,69.92712710786851,6072.06658236,0.1102,False,data/metadata/Doctor’s Handwritten Prescription BD dataset/Training/training_words/2512.png,Opton,train
208,67,3.1044776119402986,227.2062284730195,73.84821550756381,4963.3384495886385,0.1079219288174512,False,data/metadata/Doctor’s Handwritten Prescription BD dataset/Training/training_words/2513.png,Opton,train
144,65,2.2153846153846155,239.42168803418804,52.73931677508419,5976.567718560523,0.0641025641025641,False,data/metadata/Doctor’s Handwritten Prescription BD dataset/Training/training_words/2514.png,Opton,train
144,65,2.2153846153846155,239.42168803418804,52.73931677508419,5976.567718560523,0.0641025641025641,False,data/metadata/Doctor’s Handwritten Prescription BD dataset/Training/training_words/2515.png,Opton,train
162,74,2.189189189189189,244.51267934601267,42.998099872602175,3909.9400987295826,0.04287620954287621,True,data/metadata/Doctor’s Handwritten Prescription BD dataset/Training/training_words/2516.png,Opton,train
108,68,1.588235294117647,236.01348039215685,58.48617193307988,5609.265650864784,0.0784313725490196,False,data/metadata/Doctor’s Handwritten Prescription BD dataset/Training/training_words/2517.png,Opton,train
146,68,2.1470588235294117,241.76218775181306,49.234129923083245,3357.8168815471395,0.056103948428686545,False,data/metadata/Doctor’s Handwritten Prescription BD dataset/Training/training_words/2518.png,Opton,train
173,68,2.5441176470588234,241.80032301938115,49.22444757709345,3913.964807165887,0.05295817749064944,False,data/metadata/Doctor’s Handwritten Prescription BD dataset/Training/training_words/2519.png,Opton,train
216,83,2.602409638554217,229.71385542168676,70.66230714429408,4557.4050348227165,0.09962070504239179,False,data/metadata/Doctor’s Handwritten Prescription BD dataset/Training/training_words/2520.png,Progut,train
55,25,2.2,216.63854545454546,80.50473213461501,59572.97494214876,0.14327272727272727,True,data/metadata/Doctor’s Handwritten Prescription BD dataset/Training/training_words/2521.png,Progut,train
92,45,2.0444444444444443,216.02487922705313,68.33887647619686,30970.923611052767,0.10072463768115943,True,data/metadata/Doctor’s Handwritten Prescription BD dataset/Training/training_words/2522.png,Progut,train
92,41,2.2439024390243905,215.4867444326617,65.42999613945848,28939.115729677516,0.09544008483563096,True,data/metadata/Doctor’s Handwritten Prescription BD dataset/Training/training_words/2523.png,Progut,train
205,88,2.3295454545454546,236.7379157427938,60.74304266349775,3843.2192904656317,0.07139689578713969,False,data/metadata/Doctor’s Handwritten Prescription BD dataset/Training/training_words/2524.png,Progut,train
65,37,1.7567567567567568,213.73721413721412,69.04678554659854,38882.10726544232,0.10893970893970895,True,data/metadata/Doctor’s Handwritten Prescription BD dataset/Training/training_words/2525.png,Progut,train
94,41,2.292682926829268,215.1670991177997,69.6991429004744,32252.433257933782,0.10508562532433835,True,data/metadata/Doctor’s Handwritten Prescription BD dataset/Training/training_words/2526.png,Progut,train
79,31,2.5483870967741935,224.29358922008984,60.95740136585861,9985.367005907863,0.16414863209473254,False,data/metadata/Doctor’s Handwritten Prescription BD dataset/Training/training_words/2527.png,Progut,train
63,35,1.8,226.6140589569161,63.27684041183204,39158.65465850136,0.09070294784580499,True,data/metadata/Doctor’s Handwritten Prescription BD dataset/Training/training_words/2528.png,Progut,train
113,35,3.2285714285714286,218.0867256637168,71.36922256818193,8260.535939815976,0.17142857142857143,True,data/metadata/Doctor’s Handwritten Prescription BD dataset/Training/training_words/2529.png,Progut,train
95,30,3.1666666666666665,225.60631578947368,60.535697128037356,12045.03047633118,0.15543859649122807,False,data/metadata/Doctor’s Handwritten Prescription BD dataset/Training/training_words/2530.png,Progut,train
65,24,2.7083333333333335,223.31153846153848,57.818142128328525,10757.39003903682,0.16987179487179488,True,data/metadata/Doctor’s Handwritten Prescription BD dataset/Training/training_words/2531.png,Progut,train
59,26,2.269230769230769,214.36049543676663,78.39631060395993,53516.748200289316,0.13624511082138202,True,data/metadata/Doctor’s Handwritten Prescription BD dataset/Training/training_words/2532.png,Progut,train
114,32,3.5625,229.2017543859649,64.80799388565838,15102.152266803248,0.12938596491228072,True,data/metadata/Doctor’s Handwritten Prescription BD dataset/Training/training_words/2533.png,Progut,train
101,33,3.0606060606060606,210.73057305730572,74.84938382784175,9232.42904290429,0.14401440144014402,False,data/metadata/Doctor’s Handwritten Prescription BD dataset/Training/training_words/2534.png,Progut,train
81,35,2.3142857142857145,216.21657848324514,69.40301499636735,7823.999294532628,0.12134038800705467,False,data/metadata/Doctor’s Handwritten Prescription BD dataset/Training/training_words/2535.png,Progut,train
46,17,2.7058823529411766,213.76470588235293,79.28446555353972,61276.01498060583,0.149616368286445,True,data/metadata/Doctor’s Handwritten Prescription BD dataset/Training/training_words/2536.png,Progut,train
186,69,2.6956521739130435,230.72985818918497,68.06221682455637,5202.814399251987,0.09178743961352658,False,data/metadata/Doctor’s Handwritten Prescription BD dataset/Training/training_words/2537.png,Progut,train
82,32,2.5625,214.1471036585366,71.64526970770125,8136.713953166828,0.1330030487804878,False,data/metadata/Doctor’s Handwritten Prescription BD dataset/Training/training_words/2538.png,Progut,train
78,38,2.0526315789473686,216.88191632928476,69.84620822840017,8279.39608636977,0.11875843454790823,False,data/metadata/Doctor’s Handwritten Prescription BD dataset/Training/training_words/2539.png,Progut,train
89,32,2.78125,207.7250702247191,79.85482291177127,7567.891149589502,0.15625,False,data/metadata/Doctor’s Handwritten Prescription BD dataset/Training/training_words/2540.png,Progut,train
116,39,2.9743589743589745,226.02188328912467,71.14311492621471,23243.418952539985,0.10632183908045977,True,data/metadata/Doctor’s Handwritten Prescription BD dataset/Training/training_words/2541.png,Progut,train
222,107,2.074766355140187,208.40654205607476,95.85348983731338,7527.170437513831,0.18434789930117032,True,data/metadata/Doctor’s Handwritten Prescription BD dataset/Training/training_words/2542.png,Progut,train
65,41,1.5853658536585367,210.60562851782365,71.22565813894187,37285.08209525888,0.11444652908067542,True,data/metadata/Doctor’s Handwritten Prescription BD dataset/Training/training_words/2543.png,Progut,train
82,49,1.6734693877551021,234.95495271279245,59.24976628635601,32262.536245184376,0.0823792931806869,True,data/metadata/Doctor’s Handwritten Prescription BD dataset/Training/training_words/2544.png,Progut,train
167,74,2.2567567567567566,228.49150347952744,71.7653432603287,5517.206018270121,0.1036575497653342,False,data/metadata/Doctor’s Handwritten Prescription BD dataset/Training/training_words/2545.png,Progut,train
189,64,2.953125,226.281498015873,74.60778978475017,5276.201726896632,0.11334325396825397,False,data/metadata/Doctor’s Handwritten Prescription BD dataset/Training/training_words/2546.png,Progut,train
189,64,2.953125,226.281498015873,74.60778978475017,5276.201726896632,0.11334325396825397,False,data/metadata/Doctor’s Handwritten Prescription BD dataset/Training/training_words/2547.png,Progut,train
185,68,2.7205882352941178,228.8519077901431,70.56653047238765,5343.56312101122,0.10254372019077901,False,data/metadata/Doctor’s Handwritten Prescription BD dataset/Training/training_words/2548.png,Progut,train
51,19,2.6842105263157894,216.10216718266253,77.71015240521014,51960.82859671488,0.14860681114551083,True,data/metadata/Doctor’s Handwritten Prescription BD dataset/Training/training_words/2549.png,Progut,train
175,82,2.1341463414634148,233.27637630662022,65.58162820181086,4548.7229268292685,0.08550522648083624,False,data/metadata/Doctor’s Handwritten Prescription BD dataset/Training/training_words/2550.png,Progut,train
208,79,2.632911392405063,231.39696932814022,68.34767406584754,4773.949518041928,0.0936587147030185,False,data/metadata/Doctor’s Handwritten Prescription BD dataset/Training/training_words/2551.png,Progut,train
244,117,2.0854700854700856,218.33603054504695,87.1188163105522,6460.310024418461,0.14470365699873897,True,data/metadata/Doctor’s Handwritten Prescription BD dataset/Training/training_words/2552.png,Progut,train
170,79,2.151898734177215,235.93521965748326,61.574678848426174,4012.197911367456,0.07356664184661206,False,data/metadata/Doctor’s Handwritten Prescription BD dataset/Training/training_words/2553.png,Progut,train
47,29,1.6206896551724137,211.31621423330887,85.40978306401095,48612.18560649898,0.15847395451210564,True,data/metadata/Doctor’s Handwritten Prescription BD dataset/Training/training_words/2554.png,Progut,train
68,35,1.9428571428571428,216.74117647058824,75.80123434369443,46064.99555539863,0.12436974789915967,True,data/metadata/Doctor’s Handwritten Prescription BD dataset/Training/training_words/2555.png,Progut,train
66,35,1.8857142857142857,213.02900432900432,81.01260405573787,46350.65382507824,0.14155844155844155,True,data/metadata/Doctor’s Handwritten Prescription BD dataset/Training/training_words/2556.png,Progut,train
76,38,2.0,219.10353185595568,66.80503023791188,38461.70234735288,0.09799168975069251,True,data/metadata/Doctor’s Handwritten Prescription BD dataset/Training/training_words/2557.png,Progut,train
62,43,1.441860465116279,212.75581395348837,75.86254704788486,33905.706807375136,0.12415603900975244,True,data/metadata/Doctor’s Handwritten Prescription BD dataset/Training/training_words/2558.png,Progut,train
65,38,1.7105263157894737,214.29716599190283,68.37290547062275,37972.311299152585,0.10647773279352227,True,data/metadata/Doctor’s Handwritten Prescription BD dataset/Training/training_words/2559.png,Progut,train
246,84,2.9285714285714284,237.36609562524197,59.83189910194177,3671.621657824343,0.06765389082462253,True,data/metadata/Doctor’s Handwritten Prescription BD dataset/Training/training_words/2560.png,Provair,train
163,68,2.3970588235294117,237.34653554673403,55.30629253486526,6365.271645010687,0.07289787080476362,False,data/metadata/Doctor’s Handwritten Prescription BD dataset/Training/training_words/2561.png,Provair,train
166,59,2.8135593220338984,235.2661833775781,57.0126675196147,7152.7148253928835,0.08004900959771288,False,data/metadata/Doctor’s Handwritten Prescription BD dataset/Training/training_words/2562.png,Provair,train
212,63,3.365079365079365,232.55480682839175,59.72815957257552,3996.941517541249,0.08086253369272237,False,data/metadata/Doctor’s Handwritten Prescription BD dataset/Training/training_words/2563.png,Provair,train
215,58,3.706896551724138,228.18476343223736,71.88871729850065,5704.813472179262,0.10352846832397755,False,data/metadata/Doctor’s Handwritten Prescription BD dataset/Training/training_words/2564.png,Provair,train
171,57,3.0,234.88519544475224,56.83011437104222,7483.331076228583,0.08310249307479224,False,data/metadata/Doctor’s Handwritten Prescription BD dataset/Training/training_words/2565.png,Provair,train
170,56,3.0357142857142856,233.834243697479,59.1599051181429,7480.646945737855,0.08634453781512605,False,data/metadata/Doctor’s Handwritten Prescription BD dataset/Training/training_words/2566.png,Provair,train
191,54,3.537037037037037,234.48836532867946,58.332634504115745,6868.451229493572,0.08512701182858251,False,data/metadata/Doctor’s Handwritten Prescription BD dataset/Training/training_words/2567.png,Provair,train
223,84,2.6547619047619047,243.92995942771728,43.35924140507577,3652.904868673927,0.04564381806534273,False,data/metadata/Doctor’s Handwritten Prescription BD dataset/Training/training_words/2568.png,Provair,train
165,55,3.0,230.57774104683196,62.63674090900275,8498.159779614325,0.09663911845730028,False,data/metadata/Doctor’s Handwritten Prescription BD dataset/Training/training_words/2569.png,Provair,train
177,70,2.5285714285714285,237.03244552058112,55.1985987798233,6073.774290339327,0.07344632768361582,False,data/metadata/Doctor’s Handwritten Prescription BD dataset/Training/training_words/2570.png,Provair,train
209,66,3.1666666666666665,210.33246338987965,56.09730467603895,2839.915369992215,0.08300710453820502,False,data/metadata/Doctor’s Handwritten Prescription BD dataset/Training/training_words/2571.png,Provair,train
166,57,2.912280701754386,234.92728809976748,57.245648343806465,7071.253646163602,0.08000422743606003,False,data/metadata/Doctor’s Handwritten Prescription BD dataset/Training/training_words/2572.png,Provair,train
200,57,3.508771929824561,183.6259649122807,57.8872172617976,3121.0233105263155,0.11342105263157895,True,data/metadata/Doctor’s Handwritten Prescription BD dataset/Training/training_words/2573.png,Provair,train
235,71,3.3098591549295775,225.8085705723704,58.05100553217715,3623.7069525733264,0.07791429427629608,False,data/metadata/Doctor’s Handwritten Prescription BD dataset/Training/training_words/2574.png,Provair,train
124,28,4.428571428571429,225.12269585253455,80.68648029508908,30952.77738663754,0.11952764976958526,True,data/metadata/Doctor’s Handwritten Prescription BD dataset/Training/training_words/2575.png,Provair,train
192,58,3.310344827586207,237.72961566091954,52.05934637820976,2419.142780172414,0.08090876436781609,False,data/metadata/Doctor’s Handwritten Prescription BD dataset/Training/training_words/2576.png,Provair,train
234,66,3.5454545454545454,233.50135975135976,65.48999311223261,4474.273892773893,0.0854053354053354,False,data/metadata/Doctor’s Handwritten Prescription BD dataset/Training/training_words/2577.png,Provair,train
125,34,3.676470588235294,229.5,74.89925233271691,25914.522816,0.10376470588235294,True,data/metadata/Doctor’s Handwritten Prescription BD dataset/Training/training_words/2578.png,Provair,train
115,25,4.6,213.792,91.84441592170968,42036.630297890355,0.16452173913043477,True,data/metadata/Doctor’s Handwritten Prescription BD dataset/Training/training_words/2579.png,Provair,train
111,31,3.5806451612903225,225.84655623365302,79.97020474956356,29103.773481330707,0.11740773031095612,True,data/metadata/Doctor’s Handwritten Prescription BD dataset/Training/training_words/2580.png,Provair,train
165,54,3.0555555555555554,230.98092031425364,66.77001648745035,7105.962962962963,0.09382716049382717,False,data/metadata/Doctor’s Handwritten Prescription BD dataset/Training/training_words/2581.png,Provair,train
252,65,3.876923076923077,241.62954822954822,48.04239332812802,3774.020757020757,0.05402930402930403,False,data/metadata/Doctor’s Handwritten Prescription BD dataset/Training/training_words/2582.png,Provair,train
257,73,3.5205479452054793,241.14967219231383,49.94221687520807,3486.2089622692397,0.054368104045626565,False,data/metadata/Doctor’s Handwritten Prescription BD dataset/Training/training_words/2583.png,Provair,train
221,79,2.7974683544303796,235.9810985738015,61.132073465891466,4354.632389833023,0.07325734578154533,True,data/metadata/Doctor’s Handwritten Prescription BD dataset/Training/training_words/2584.png,Provair,train
202,70,2.8857142857142857,232.96244695898162,65.40275345719975,5194.715558698727,0.0864922206506365,False,data/metadata/Doctor’s Handwritten Prescription BD dataset/Training/training_words/2585.png,Provair,train
204,72,2.8333333333333335,232.53907952069716,65.86168908666704,5179.492510893247,0.08700980392156862,False,data/metadata/Doctor’s Handwritten Prescription BD dataset/Training/training_words/2586.png,Provair,train
221,58,3.810344827586207,230.81916055546887,67.92207246145286,5587.898424091122,0.09276018099547512,False,data/metadata/Doctor’s Handwritten Prescription BD dataset/Training/training_words/2587.png,Provair,train
207,59,3.5084745762711864,227.73200687791697,71.80067951980942,6133.076394006387,0.10587079341685089,False,data/metadata/Doctor’s Handwritten Prescription BD dataset/Training/training_words/2588.png,Provair,train
224,57,3.9298245614035086,240.25203634085213,47.502223390661655,2051.9550438596493,0.07025375939849623,False,data/metadata/Doctor’s Handwritten Prescription BD dataset/Training/training_words/2589.png,Provair,train
166,60,2.7666666666666666,228.61937751004015,69.66226907692456,7768.722689311462,0.10150602409638554,False,data/metadata/Doctor’s Handwritten Prescription BD dataset/Training/training_words/2590.png,Provair,train
204,76,2.6842105263157894,232.34462074303406,66.78723151785087,4876.2211042311665,0.08862229102167182,True,data/metadata/Doctor’s Handwritten Prescription BD dataset/Training/training_words/2591.png,Provair,train
191,50,3.82,236.7801047120419,52.474454737415186,2843.916837411255,0.08544502617801047,False,data/metadata/Doctor’s Handwritten Prescription BD dataset/Training/training_words/2592.png,Provair,train
214,72,2.9722222222222223,233.53615005192108,64.9855622716742,4593.02946142191,0.08417705088265835,False,data/metadata/Doctor’s Handwritten Prescription BD dataset/Training/training_words/2593.png,Provair,train
153,63,2.4285714285714284,235.56074281564477,56.54602799479295,7064.281771968046,0.07884635335615728,False,data/metadata/Doctor’s Handwritten Prescription BD dataset/Training/training_words/2594.png,Provair,train
164,54,3.037037037037037,232.96194670280036,60.64450235402802,7854.125623636213,0.08875338753387534,False,data/metadata/Doctor’s Handwritten Prescription BD dataset/Training/training_words/2595.png,Provair,train
164,54,3.037037037037037,232.96194670280036,60.64450235402802,7854.125623636213,0.08875338753387534,False,data/metadata/Doctor’s Handwritten Prescription BD dataset/Training/training_words/2596.png,Provair,train
158,66,2.393939393939394,236.28413885692368,56.4404030150192,6670.052359033371,0.07537399309551208,False,data/metadata/Doctor’s Handwritten Prescription BD dataset/Training/training_words/2597.png,Provair,train
148,67,2.208955223880597,235.69554255748287,56.71170079585194,7332.332288307301,0.0782573618394514,False,data/metadata/Doctor’s Handwritten Prescription BD dataset/Training/training_words/2598.png,Provair,train
160,56,2.857142857142857,233.97354910714284,58.135756235116084,7384.405803571429,0.08448660714285715,False,data/metadata/Doctor’s Handwritten Prescription BD dataset/Training/training_words/2599.png,Provair,train
241,73,3.3013698630136985,233.6417325072472,65.3218671900943,3582.6310464389244,0.08247598476666856,False,data/metadata/Doctor’s Handwritten Prescription BD dataset/Training/training_words/2600.png,Renova,train
150,29,5.172413793103448,243.01747126436783,44.85455081970703,16166.855786708942,0.05724137931034483,True,data/metadata/Doctor’s Handwritten Prescription BD dataset/Training/training_words/2601.png,Renova,train
98,38,2.5789473684210527,240.5563909774436,50.863280966429095,22448.795063676724,0.06686358754027927,True,data/metadata/Doctor’s Handwritten Prescription BD dataset/Training/training_words/2602.png,Renova,train
135,35,3.857142857142857,214.14920634920634,87.27256071565375,20620.241534290748,0.16105820105820107,True,data/metadata/Doctor’s Handwritten Prescription BD dataset/Training/training_words/2603.png,Renova,train
232,74,3.135135135135135,237.4619641192917,58.651328058293004,3686.633376284602,0.0684412861136999,False,data/metadata/Doctor’s Handwritten Prescription BD dataset/Training/training_words/2604.png,Renova,train
74,28,2.642857142857143,235.9353281853282,54.45813867319959,22276.83006342146,0.09314671814671814,True,data/metadata/Doctor’s Handwritten Prescription BD dataset/Training/training_words/2605.png,Renova,train
82,32,2.5625,236.233993902439,56.55626086646009,27314.08578282435,0.08498475609756098,True,data/metadata/Doctor’s Handwritten Prescription BD dataset/Training/training_words/2606.png,Renova,train
90,33,2.727272727272727,237.85353535353536,53.96170636196137,25406.88612998674,0.07811447811447811,True,data/metadata/Doctor’s Handwritten Prescription BD dataset/Training/training_words/2607.png,Renova,train
109,15,7.266666666666667,213.451376146789,68.64633862759703,12246.618188143535,0.21406727828746178,False,data/metadata/Doctor’s Handwritten Prescription BD dataset/Training/training_words/2608.png,Renova,train
93,38,2.4473684210526314,238.02829654782116,54.10135107881034,25427.076771000375,0.07979626485568761,True,data/metadata/Doctor’s Handwritten Prescription BD dataset/Training/training_words/2609.png,Renova,train
215,95,2.263157894736842,241.1109424724602,52.84715292063295,2928.648029375765,0.05370869033047736,False,data/metadata/Doctor’s Handwritten Prescription BD dataset/Training/training_words/2610.png,Renova,train
207,66,3.1363636363636362,232.26753037622603,67.05009040101282,4209.2623334797245,0.08842043624652321,False,data/metadata/Doctor’s Handwritten Prescription BD dataset/Training/training_words/2611.png,Renova,train
137,32,4.28125,241.5492700729927,47.47275284034969,15255.943399854812,0.06523722627737226,True,data/metadata/Doctor’s Handwritten Prescription BD dataset/Training/training_words/2612.png,Renova,train
170,73,2.328767123287671,230.40249798549556,69.3761033538513,4748.324083083941,0.0959709911361805,False,data/metadata/Doctor’s Handwritten Prescription BD dataset/Training/training_words/2613.png,Renova,train
233,62,3.7580645161290325,233.10459642807697,66.21214157338925,4272.874692843704,0.08639069638654298,False,data/metadata/Doctor’s Handwritten Prescription BD dataset/Training/training_words/2614.png,Renova,train
235,58,4.051724137931035,223.8630961115187,76.82717813299217,5310.662949376376,0.1206896551724138,True,data/metadata/Doctor’s Handwritten Prescription BD dataset/Training/training_words/2615.png,Renova,train
104,25,4.16,232.7280769230769,64.07174089188743,29544.21711005917,0.09846153846153846,False,data/metadata/Doctor’s Handwritten Prescription BD dataset/Training/training_words/2616.png,Renova,train
204,63,3.238095238095238,225.61406784936196,74.67275623788248,5522.1359033264725,0.11601307189542484,True,data/metadata/Doctor’s Handwritten Prescription BD dataset/Training/training_words/2617.png,Renova,train
227,71,3.1971830985915495,235.94775702674195,60.65484718083771,4043.025625116337,0.0752621455605882,False,data/metadata/Doctor’s Handwritten Prescription BD dataset/Training/training_words/2618.png,Renova,train
231,77,3.0,235.2753134311576,62.21900358538752,3923.969303423849,0.07527969865632203,False,data/metadata/Doctor’s Handwritten Prescription BD dataset/Training/training_words/2619.png,Renova,train
212,61,3.4754098360655736,228.73275595422209,71.2987686724749,4627.851993879043,0.10439220538199814,False,data/metadata/Doctor’s Handwritten Prescription BD dataset/Training/training_words/2620.png,Renova,train
204,59,3.457627118644068,225.27534064473247,75.20488880954512,5954.2683615819205,0.11332668660684612,False,data/metadata/Doctor’s Handwritten Prescription BD dataset/Training/training_words/2621.png,Renova,train
91,19,4.7894736842105265,221.21573163678426,63.019723573976094,11827.207624435472,0.1920185078079815,True,data/metadata/Doctor’s Handwritten Prescription BD dataset/Training/training_words/2622.png,Renova,train
107,19,5.631578947368421,219.32120019675358,68.28040784558215,11452.20312362013,0.17117560255779635,True,data/metadata/Doctor’s Handwritten Prescription BD dataset/Training/training_words/2623.png,Renova,train
215,56,3.8392857142857144,222.41993355481728,78.86956662446211,5107.610760856669,0.126578073089701,True,data/metadata/Doctor’s Handwritten Prescription BD dataset/Training/training_words/2624.png,Renova,train
201,68,2.9558823529411766,232.66015510681885,66.48586715387086,4311.279777582675,0.08713784021071115,False,data/metadata/Doctor’s Handwritten Prescription BD dataset/Training/training_words/2625.png,Renova,train
223,85,2.623529411764706,237.17683988393563,59.18288375007053,3550.3065154312844,0.06900553943550515,False,data/metadata/Doctor’s Handwritten Prescription BD dataset/Training/training_words/2626.png,Renova,train
201,82,2.451219512195122,236.73886664239777,59.749661837330386,3839.7520931925737,0.07128989200339765,False,data/metadata/Doctor’s Handwritten Prescription BD dataset/Training/training_words/2627.png,Renova,train
272,95,2.863157894736842,241.27542569659443,53.426437662498614,2486.085294117647,0.05297987616099071,False,data/metadata/Doctor’s Handwritten Prescription BD dataset/Training/training_words/2628.png,Renova,train
97,29,3.3448275862068964,233.5488801990757,60.89416824216964,22279.176887967085,0.0984713828652684,True,data/metadata/Doctor’s Handwritten Prescription BD dataset/Training/training_words/2629.png,Renova,train
235,55,4.2727272727272725,228.50096711798838,70.84812275634101,5624.118484522745,0.10429400386847196,True,data/metadata/Doctor’s Handwritten Prescription BD dataset/Training/training_words/2630.png,Renova,train
218,89,2.449438202247191,237.09210390681372,60.428286394993215,3076.657457994021,0.06921966807545614,False,data/metadata/Doctor’s Handwritten Prescription BD dataset/Training/training_words/2631.png,Renova,train
78,16,4.875,209.47676282051282,74.49759786891532,14086.42780692698,0.23157051282051283,True,data/metadata/Doctor’s Handwritten Prescription BD dataset/Training/training_words/2632.png,Renova,train
227,62,3.661290322580645,226.27341196532615,74.06214716094028,5474.54781084246,0.11361375586187296,True,data/metadata/Doctor’s Handwritten Prescription BD dataset/Training/training_words/2633.png,Renova,train
88,30,2.933333333333333,237.85151515151514,54.03957512344539,23226.027461977734,0.07613636363636364,True,data/metadata/Doctor’s Handwritten Prescription BD dataset/Training/training_words/2634.png,Renova,train
91,36,2.5277777777777777,239.76892551892553,50.98885438260858,21286.152653012774,0.07234432234432235,True,data/metadata/Doctor’s Handwritten Prescription BD dataset/Training/training_words/2635.png,Renova,train
88,24,3.6666666666666665,234.7315340909091,58.5652025096392,35442.52065017181,0.09138257575757576,True,data/metadata/Doctor’s Handwritten Prescription BD dataset/Training/training_words/2636.png,Renova,train
95,35,2.7142857142857144,237.42736842105262,52.87239770371166,20261.687389541523,0.08842105263157894,True,data/metadata/Doctor’s Handwritten Prescription BD dataset/Training/training_words/2637.png,Renova,train
93,34,2.735294117647059,238.5170777988615,53.92064817038204,22657.026421039533,0.07495256166982922,True,data/metadata/Doctor’s Handwritten Prescription BD dataset/Training/training_words/2638.png,Renova,train
93,32,2.90625,237.87567204301075,54.31398906497762,23366.944609632435,0.08030913978494623,True,data/metadata/Doctor’s Handwritten Prescription BD dataset/Training/training_words/2639.png,Renova,train
182,95,1.9157894736842105,240.79253903990747,53.54433028635898,3410.7255060728744,0.055639097744360905,False,data/metadata/Doctor’s Handwritten Prescription BD dataset/Training/training_words/2640.png,Rhinil,train
121,60,2.0166666666666666,233.5878787878788,58.29029770248443,8979.40717579628,0.08787878787878788,True,data/metadata/Doctor’s Handwritten Prescription BD dataset/Training/training_words/2641.png,Rhinil,train
125,55,2.272727272727273,231.48450909090909,61.82923239223947,9250.862447624462,0.09483636363636364,True,data/metadata/Doctor’s Handwritten Prescription BD dataset/Training/training_words/2642.png,Rhinil,train
980,266,3.6842105263157894,245.5017415988952,41.640733881111714,172.4312663643785,0.04343256099432254,True,data/metadata/Doctor’s Handwritten Prescription BD dataset/Training/training_words/2643.png,Rhinil,train
170,98,1.7346938775510203,239.60114045618246,55.16247886316941,3845.7775510204083,0.06092436974789916,False,data/metadata/Doctor’s Handwritten Prescription BD dataset/Training/training_words/2644.png,Rhinil,train
123,52,2.3653846153846154,229.63289555972483,64.74084339936431,9921.301647913742,0.10553470919324578,False,data/metadata/Doctor’s Handwritten Prescription BD dataset/Training/training_words/2645.png,Rhinil,train
142,54,2.6296296296296298,233.84024517475223,59.11644179673463,8047.723395318879,0.08594157537819509,False,data/metadata/Doctor’s Handwritten Prescription BD dataset/Training/training_words/2646.png,Rhinil,train
160,60,2.6666666666666665,237.82791666666665,53.64789887771054,6495.256666666667,0.07333333333333333,False,data/metadata/Doctor’s Handwritten Prescription BD dataset/Training/training_words/2647.png,Rhinil,train
126,21,6.0,236.9225245653817,36.6738558069508,2562.7337947608708,0.15381708238851097,True,data/metadata/Doctor’s Handwritten Prescription BD dataset/Training/training_words/2648.png,Rhinil,train
148,64,2.3125,187.22941300675674,53.91905814891033,3962.2447737922967,0.09385557432432433,False,data/metadata/Doctor’s Handwritten Prescription BD dataset/Training/training_words/2649.png,Rhinil,train
129,55,2.3454545454545452,212.9061310782241,67.63436446274041,6450.192730471041,0.12078928823114869,False,data/metadata/Doctor’s Handwritten Prescription BD dataset/Training/training_words/2650.png,Rhinil,train
156,59,2.6440677966101696,229.46142981312474,63.53670255407831,5170.160196726816,0.09658843980877879,False,data/metadata/Doctor’s Handwritten Prescription BD dataset/Training/training_words/2651.png,Rhinil,train
134,49,2.7346938775510203,234.82668291197075,57.70473063300998,7664.1773828598,0.08269875114224795,True,data/metadata/Doctor’s Handwritten Prescription BD dataset/Training/training_words/2652.png,Rhinil,train
189,63,3.0,240.32275132275132,50.50518340301807,4184.227933148568,0.06214831611657008,False,data/metadata/Doctor’s Handwritten Prescription BD dataset/Training/training_words/2653.png,Rhinil,train
145,63,2.3015873015873014,240.14690749863163,49.25809383689241,4639.786316365627,0.06513409961685823,False,data/metadata/Doctor’s Handwritten Prescription BD dataset/Training/training_words/2654.png,Rhinil,train
139,55,2.5272727272727273,234.65075212557227,58.14791754654706,6079.7580117724,0.08253760627861348,False,data/metadata/Doctor’s Handwritten Prescription BD dataset/Training/training_words/2655.png,Rhinil,train
160,71,2.2535211267605635,244.1369718309859,40.319106617530934,1420.862676056338,0.05334507042253521,False,data/metadata/Doctor’s Handwritten Prescription BD dataset/Training/training_words/2656.png,Rhinil,train
189,98,1.9285714285714286,239.95032933808443,55.45273233415222,3420.682971601339,0.05803908865133355,False,data/metadata/Doctor’s Handwritten Prescription BD dataset/Training/training_words/2657.png,Rhinil,train
217,74,2.9324324324324325,244.27662224436418,42.91343655245081,3102.7191431062397,0.04539793249470669,False,data/metadata/Doctor’s Handwritten Prescription BD dataset/Training/training_words/2658.png,Rhinil,train
177,60,2.95,239.3223163841808,50.53783959364068,5589.1276836158195,0.0655367231638418,False,data/metadata/Doctor’s Handwritten Prescription BD dataset/Training/training_words/2659.png,Rhinil,train
158,66,2.393939393939394,241.8897199846567,44.95059639239577,5655.73245109321,0.0580168776371308,False,data/metadata/Doctor’s Handwritten Prescription BD dataset/Training/training_words/2660.png,Rhinil,train
215,125,1.72,243.98493023255813,46.987987736300866,2844.7040744186047,0.04349767441860465,False,data/metadata/Doctor’s Handwritten Prescription BD dataset/Training/training_words/2661.png,Rhinil,train
93,22,4.2272727272727275,238.79081133919843,33.79187397079441,1958.5077718820978,0.15102639296187684,True,data/metadata/Doctor’s Handwritten Prescription BD dataset/Training/training_words/2662.png,Rhinil,train
134,23,5.826086956521739,237.56294613887087,36.960105684586296,2771.6547537332376,0.14957819597663854,True,data/metadata/Doctor’s Handwritten Prescription BD dataset/Training/training_words/2663.png,Rhinil,train
185,73,2.5342465753424657,234.29359496482783,64.08999301326352,4632.935653461681,0.08093298778230285,False,data/metadata/Doctor’s Handwritten Prescription BD dataset/Training/training_words/2664.png,Rhinil,train
166,78,2.128205128205128,235.98787457522397,61.3312218597941,4560.740654927402,0.07645968489341984,False,data/metadata/Doctor’s Handwritten Prescription BD dataset/Training/training_words/2665.png,Rhinil,train
176,81,2.1728395061728394,238.2436167227834,57.21599512498809,3909.353815937149,0.06558641975308642,False,data/metadata/Doctor’s Handwritten Prescription BD dataset/Training/training_words/2666.png,Rhinil,train
173,77,2.2467532467532467,236.39238795886195,59.88832786978894,4380.9341641017945,0.07311763381127542,False,data/metadata/Doctor’s Handwritten Prescription BD dataset/Training/training_words/2667.png,Rhinil,train
190,79,2.4050632911392404,238.25429713524318,57.51514376244146,3938.066222518321,0.06562291805463025,False,data/metadata/Doctor’s Handwritten Prescription BD dataset/Training/training_words/2668.png,Rhinil,train
139,48,2.8958333333333335,233.81639688249402,55.01128629319126,2665.089928057554,0.10206834532374101,False,data/metadata/Doctor’s Handwritten Prescription BD dataset/Training/training_words/2669.png,Rhinil,train
178,79,2.2531645569620253,236.52574313753377,60.69180427396531,4270.500497795477,0.07303370786516854,False,data/metadata/Doctor’s Handwritten Prescription BD dataset/Training/training_words/2670.png,Rhinil,train
184,81,2.271604938271605,233.8851986044015,64.64383850870736,4377.123859294583,0.08199141170155663,False,data/metadata/Doctor’s Handwritten Prescription BD dataset/Training/training_words/2671.png,Rhinil,train
119,43,2.7674418604651163,242.94410787570843,28.517277247191906,808.6018514045137,0.12038303693570451,True,data/metadata/Doctor’s Handwritten Prescription BD dataset/Training/training_words/2672.png,Rhinil,train
240,120,2.0,244.66756944444444,45.9760412054554,2563.748611111111,0.04003472222222222,False,data/metadata/Doctor’s Handwritten Prescription BD dataset/Training/training_words/2673.png,Rhinil,train
135,53,2.547169811320755,234.07658979734452,58.12368319110256,8435.845683475758,0.08693221523410202,True,data/metadata/Doctor’s Handwritten Prescription BD dataset/Training/training_words/2674.png,Rhinil,train
136,55,2.4727272727272727,235.02713903743316,57.30552731921773,7461.170312205097,0.08462566844919786,False,data/metadata/Doctor’s Handwritten Prescription BD dataset/Training/training_words/2675.png,Rhinil,train
127,55,2.309090909090909,235.09978525411597,57.08269685776218,7738.5235988561235,0.08246241947029348,False,data/metadata/Doctor’s Handwritten Prescription BD dataset/Training/training_words/2676.png,Rhinil,train
140,51,2.7450980392156863,232.91820728291316,59.98179022579209,9024.612809751352,0.0927170868347339,True,data/metadata/Doctor’s Handwritten Prescription BD dataset/Training/training_words/2677.png,Rhinil,train
137,53,2.5849056603773586,235.74314832667676,56.61467889477538,7961.952822952628,0.07753752926594133,True,data/metadata/Doctor’s Handwritten Prescription BD dataset/Training/training_words/2678.png,Rhinil,train
135,65,2.076923076923077,238.2725925925926,52.94349399620625,6625.785739739125,0.06792022792022792,True,data/metadata/Doctor’s Handwritten Prescription BD dataset/Training/training_words/2679.png,Rhinil,train
186,63,2.9523809523809526,227.02500426693976,72.92333232571558,5616.403652500427,0.10684417136030039,False,data/metadata/Doctor’s Handwritten Prescription BD dataset/Training/training_words/2680.png,Ritch,train
151,53,2.849056603773585,239.2813944770711,48.76115173716859,8011.6430594118865,0.06722479070348619,True,data/metadata/Doctor’s Handwritten Prescription BD dataset/Training/training_words/2681.png,Ritch,train
127,39,3.2564102564102564,234.1665657177468,55.238801338239185,11200.198515429245,0.08762366242681204,True,data/metadata/Doctor’s Handwritten Prescription BD dataset/Training/training_words/2682.png,Ritch,train
167,50,3.34,235.97904191616766,53.049879739726464,2444.282874251497,0.09137724550898203,False,data/metadata/Doctor’s Handwritten Prescription BD dataset/Training/training_words/2683.png,Ritch,train
192,64,3.0,226.33064778645834,73.7161113314299,5193.055501302083,0.10807291666666667,True,data/metadata/Doctor’s Handwritten Prescription BD dataset/Training/training_words/2684.png,Ritch,train
125,42,2.9761904761904763,232.2064761904762,57.64726265307218,11237.494476190475,0.09542857142857143,True,data/metadata/Doctor’s Handwritten Prescription BD dataset/Training/training_words/2685.png,Ritch,train
170,49,3.4693877551020407,240.24297719087636,46.88634083912705,7653.559961910335,0.06266506602641056,True,data/metadata/Doctor’s Handwritten Prescription BD dataset/Training/training_words/2686.png,Ritch,train
157,36,4.361111111111111,235.9187898089172,53.519942451458995,9396.344807360778,0.08209483368719038,True,data/metadata/Doctor’s Handwritten Prescription BD dataset/Training/training_words/2687.png,Ritch,train
154,44,3.5,232.60448642266823,57.30813946396484,3221.6579101844277,0.10714285714285714,False,data/metadata/Doctor’s Handwritten Prescription BD dataset/Training/training_words/2688.png,Ritch,train
125,46,2.717391304347826,234.4328695652174,56.744326033384056,9339.978900597354,0.09165217391304348,True,data/metadata/Doctor’s Handwritten Prescription BD dataset/Training/training_words/2689.png,Ritch,train
171,50,3.42,242.24023391812867,44.10151839893363,6060.945730994152,0.051929824561403506,True,data/metadata/Doctor’s Handwritten Prescription BD dataset/Training/training_words/2690.png,Ritch,train
154,50,3.08,239.8738961038961,47.97858092604988,7432.992926294485,0.0625974025974026,False,data/metadata/Doctor’s Handwritten Prescription BD dataset/Training/training_words/2691.png,Ritch,train
137,45,3.0444444444444443,238.82546634225466,48.783711203608966,7591.277512262473,0.07039740470397404,True,data/metadata/Doctor’s Handwritten Prescription BD dataset/Training/training_words/2692.png,Ritch,train
157,44,3.5681818181818183,239.41155182397222,48.746034474386335,7157.242212984349,0.06572090330052113,True,data/metadata/Doctor’s Handwritten Prescription BD dataset/Training/training_words/2693.png,Ritch,train
182,99,1.8383838383838385,236.9791874791875,59.95293562198519,3475.7220557220558,0.07153957153957154,False,data/metadata/Doctor’s Handwritten Prescription BD dataset/Training/training_words/2694.png,Ritch,train
173,64,2.703125,225.71676300578034,74.23686276171064,5873.87968348007,0.11596820809248555,False,data/metadata/Doctor’s Handwritten Prescription BD dataset/Training/training_words/2695.png,Ritch,train
177,56,3.1607142857142856,238.58292978208232,49.27692439281214,1756.0754406330182,0.08000403551251009,False,data/metadata/Doctor’s Handwritten Prescription BD dataset/Training/training_words/2696.png,Ritch,train
186,68,2.735294117647059,226.9186432637571,73.53076677520026,5243.275674402174,0.10792220113851993,True,data/metadata/Doctor’s Handwritten Prescription BD dataset/Training/training_words/2697.png,Ritch,train
187,73,2.5616438356164384,228.2315581276097,72.1701583702994,4974.885941885175,0.10416819280638781,True,data/metadata/Doctor’s Handwritten Prescription BD dataset/Training/training_words/2698.png,Ritch,train
153,87,1.7586206896551724,234.31500262940426,64.28483740030319,4010.6928081999604,0.08068514762226729,False,data/metadata/Doctor’s Handwritten Prescription BD dataset/Training/training_words/2699.png,Ritch,train
178,91,1.956043956043956,235.47931843437462,62.40127333770445,3667.769230769231,0.07537967650327201,False,data/metadata/Doctor’s Handwritten Prescription BD dataset/Training/training_words/2700.png,Ritch,train
169,71,2.380281690140845,224.65322110175848,75.47877466459764,5407.350279189933,0.1197599799983332,True,data/metadata/Doctor’s Handwritten Prescription BD dataset/Training/training_words/2701.png,Ritch,train
192,41,4.682926829268292,235.18572154471545,53.6957876482538,2696.657467072242,0.09705284552845528,False,data/metadata/Doctor’s Handwritten Prescription BD dataset/Training/training_words/2702.png,Ritch,train
181,66,2.742424242424242,241.92499581449857,44.37999580681187,1707.4678645917902,0.06479156202913108,True,data/metadata/Doctor’s Handwritten Prescription BD dataset/Training/training_words/2703.png,Ritch,train
160,76,2.1052631578947367,223.81998355263158,76.69974189382044,5191.309051402084,0.12171052631578948,True,data/metadata/Doctor’s Handwritten Prescription BD dataset/Training/training_words/2704.png,Ritch,train
180,81,2.2222222222222223,234.3221536351166,63.38140900263135,4379.0200807380315,0.08113854595336077,False,data/metadata/Doctor’s Handwritten Prescription BD dataset/Training/training_words/2705.png,Ritch,train
169,55,3.0727272727272728,221.13275954814415,79.04774445663386,6296.776761699839,0.1303926842388381,False,data/metadata/Doctor’s Handwritten Prescription BD dataset/Training/training_words/2706.png,Ritch,train
172,77,2.2337662337662336,228.3810782241015,71.26454118796472,5027.123678646934,0.10261250377529448,False,data/metadata/Doctor’s Handwritten Prescription BD dataset/Training/training_words/2707.png,Ritch,train
198,69,2.869565217391304,227.92351046698872,72.07840638696372,5087.439832465475,0.10320597277119016,False,data/metadata/Doctor’s Handwritten Prescription BD dataset/Training/training_words/2708.png,Ritch,train
154,52,2.9615384615384617,235.9975024975025,53.69139342602514,4408.510360128757,0.08778721278721278,False,data/metadata/Doctor’s Handwritten Prescription BD dataset/Training/training_words/2709.png,Ritch,train
225,88,2.5568181818181817,235.2869191919192,62.849348096580826,3517.692690110703,0.07555555555555556,False,data/metadata/Doctor’s Handwritten Prescription BD dataset/Training/training_words/2710.png,Ritch,train
170,61,2.7868852459016393,224.5900675024108,75.33109967535479,5970.173695736068,0.11918997107039538,True,data/metadata/Doctor’s Handwritten Prescription BD dataset/Training/training_words/2711.png,Ritch,train
190,44,4.318181818181818,235.98923444976077,52.82000109505749,2526.935834788009,0.09055023923444976,True,data/metadata/Doctor’s Handwritten Prescription BD dataset/Training/training_words/2712.png,Ritch,train
225,88,2.5568181818181817,235.2869191919192,62.849348096580826,3517.692690110703,0.07555555555555556,False,data/metadata/Doctor’s Handwritten Prescription BD dataset/Training/training_words/2713.png,Ritch,train
149,42,3.5476190476190474,238.93624161073825,49.35747202609831,8983.798146515635,0.0655161393416427,True,data/metadata/Doctor’s Handwritten Prescription BD dataset/Training/training_words/2714.png,Ritch,train
177,46,3.847826086956522,241.51645787275854,46.01872795775697,6363.229588522711,0.0552689756816507,True,data/metadata/Doctor’s Handwritten Prescription BD dataset/Training/training_words/2715.png,Ritch,train
194,42,4.619047619047619,240.1132793323515,48.4705175399551,7503.260515273526,0.06062837506136475,True,data/metadata/Doctor’s Handwritten Prescription BD dataset/Training/training_words/2716.png,Ritch,train
148,42,3.5238095238095237,236.6613577863578,52.734248134791336,9299.500308059369,0.07464607464607464,True,data/metadata/Doctor’s Handwritten Prescription BD dataset/Training/training_words/2717.png,Ritch,train
180,41,4.390243902439025,242.05189701897018,43.85395064205988,7132.722930556472,0.05433604336043361,True,data/metadata/Doctor’s Handwritten Prescription BD dataset/Training/training_words/2718.png,Ritch,train
155,38,4.078947368421052,237.23938879456708,51.50525128880086,7737.86791171477,0.07555178268251274,True,data/metadata/Doctor’s Handwritten Prescription BD dataset/Training/training_words/2719.png,Ritch,train
233,112,2.080357142857143,236.4715282035561,61.104876262286965,3258.723712446352,0.07066217044757818,False,data/metadata/Doctor’s Handwritten Prescription BD dataset/Training/training_words/2720.png,Rivotril,train
99,33,3.0,232.35047444138354,64.17521667188642,32928.75869490651,0.08539944903581267,True,data/metadata/Doctor’s Handwritten Prescription BD dataset/Training/training_words/2721.png,Rivotril,train
113,29,3.896551724137931,230.17607567897468,69.04861873978957,32039.254726699968,0.09459871833994507,True,data/metadata/Doctor’s Handwritten Prescription BD dataset/Training/training_words/2722.png,Rivotril,train
620,117,5.299145299145299,216.66827956989246,71.08243279957405,982.1350649697165,0.11404742211193825,True,data/metadata/Doctor’s Handwritten Prescription BD dataset/Training/training_words/2723.png,Rivotril,train
243,98,2.479591836734694,233.47816410514824,65.28542231667839,4189.433400434299,0.08427815570672713,False,data/metadata/Doctor’s Handwritten Prescription BD dataset/Training/training_words/2724.png,Rivotril,train
94,24,3.9166666666666665,225.9197695035461,74.53311082442977,32730.352492447248,0.10948581560283688,True,data/metadata/Doctor’s Handwritten Prescription BD dataset/Training/training_words/2725.png,Rivotril,train
124,31,4.0,232.03355879292403,67.49089943452906,27161.51812323434,0.08922996878251821,True,data/metadata/Doctor’s Handwritten Prescription BD dataset/Training/training_words/2726.png,Rivotril,train
103,40,2.575,230.22718446601942,62.497517145518046,23481.474702552077,0.08228155339805825,True,data/metadata/Doctor’s Handwritten Prescription BD dataset/Training/training_words/2727.png,Rivotril,train
107,65,1.646153846153846,242.68511861969804,44.790867036904224,15455.807316398266,0.04299065420560748,True,data/metadata/Doctor’s Handwritten Prescription BD dataset/Training/training_words/2728.png,Rivotril,train
109,39,2.7948717948717947,230.17666431427898,63.54713690313836,23905.915449288063,0.08656786638438015,True,data/metadata/Doctor’s Handwritten Prescription BD dataset/Training/training_words/2729.png,Rivotril,train
318,134,2.373134328358209,232.6318173284521,66.26286417331922,3576.6114240120155,0.08708814418473669,False,data/metadata/Doctor’s Handwritten Prescription BD dataset/Training/training_words/2730.png,Rivotril,train
252,121,2.0826446280991737,236.33769513314968,61.62441934170959,3240.028007346189,0.07293716384625476,False,data/metadata/Doctor’s Handwritten Prescription BD dataset/Training/training_words/2731.png,Rivotril,train
126,34,3.7058823529411766,236.82142857142858,57.475136492741605,27944.15173057241,0.06722689075630252,True,data/metadata/Doctor’s Handwritten Prescription BD dataset/Training/training_words/2732.png,Rivotril,train
237,94,2.521276595744681,230.82960768471136,69.06909423714825,3885.565400843882,0.0949367088607595,False,data/metadata/Doctor’s Handwritten Prescription BD dataset/Training/training_words/2733.png,Rivotril,train
220,111,1.981981981981982,236.19815724815726,61.37900548539853,3369.1470925470926,0.07526617526617527,False,data/metadata/Doctor’s Handwritten Prescription BD dataset/Training/training_words/2734.png,Rivotril,train
239,120,1.9916666666666667,238.08141562064156,58.865089027578556,2862.3412133891215,0.06694560669456066,False,data/metadata/Doctor’s Handwritten Prescription BD dataset/Training/training_words/2735.png,Rivotril,train
105,35,3.0,229.1121088435374,66.65550344187788,27760.792709260026,0.09224489795918367,True,data/metadata/Doctor’s Handwritten Prescription BD dataset/Training/training_words/2736.png,Rivotril,train
288,111,2.5945945945945947,237.07748373373374,60.509172494595525,2933.099411911912,0.06991366366366367,False,data/metadata/Doctor’s Handwritten Prescription BD dataset/Training/training_words/2737.png,Rivotril,train
195,93,2.096774193548387,226.65172318720707,74.06575751942226,5141.9179469665405,0.11022883926109732,False,data/metadata/Doctor’s Handwritten Prescription BD dataset/Training/training_words/2738.png,Rivotril,train
235,124,1.8951612903225807,236.0372340425532,61.720106427663715,3344.4593685655454,0.07409059711736445,False,data/metadata/Doctor’s Handwritten Prescription BD dataset/Training/training_words/2739.png,Rivotril,train
275,95,2.8947368421052633,230.8698947368421,69.29890566386324,4101.7968229665075,0.09404784688995216,False,data/metadata/Doctor’s Handwritten Prescription BD dataset/Training/training_words/2740.png,Rivotril,train
284,116,2.4482758620689653,236.0343309859155,62.29473485098604,2988.302513355998,0.0743382710053424,False,data/metadata/Doctor’s Handwritten Prescription BD dataset/Training/training_words/2741.png,Rivotril,train
113,53,2.1320754716981134,242.52546334947402,47.4366207511144,15880.96392916707,0.04474870596092837,False,data/metadata/Doctor’s Handwritten Prescription BD dataset/Training/training_words/2742.png,Rivotril,train
118,55,2.1454545454545455,231.5582434514638,58.64667714552903,22989.282003509015,0.07103235747303543,False,data/metadata/Doctor’s Handwritten Prescription BD dataset/Training/training_words/2743.png,Rivotril,train
234,108,2.1666666666666665,233.78137860082305,65.0011971535997,3879.564577397911,0.08115701171256727,False,data/metadata/Doctor’s Handwritten Prescription BD dataset/Training/training_words/2744.png,Rivotril,train
231,97,2.381443298969072,228.0635515687062,72.59234942170345,4357.854509751417,0.10746641674476726,False,data/metadata/Doctor’s Handwritten Prescription BD dataset/Training/training_words/2745.png,Rivotril,train
356,112,3.1785714285714284,234.03955156500803,64.8143223686609,3084.5691713483147,0.08120987158908508,False,data/metadata/Doctor’s Handwritten Prescription BD dataset/Training/training_words/2746.png,Rivotril,train
229,102,2.2450980392156863,232.40435824985016,66.4067148581269,4316.044691729174,0.08596626423495163,False,data/metadata/Doctor’s Handwritten Prescription BD dataset/Training/training_words/2747.png,Rivotril,train
264,122,2.1639344262295084,239.26903253849974,56.55962387550709,2928.598857426726,0.06141331346249379,False,data/metadata/Doctor’s Handwritten Prescription BD dataset/Training/training_words/2748.png,Rivotril,train
135,41,3.292682926829268,237.24317976513098,54.54274188163611,23138.173326641907,0.061788617886178863,True,data/metadata/Doctor’s Handwritten Prescription BD dataset/Training/training_words/2749.png,Rivotril,train
261,118,2.211864406779661,235.13088512241055,63.30797974021884,3290.4085979609067,0.07831677381648158,False,data/metadata/Doctor’s Handwritten Prescription BD dataset/Training/training_words/2750.png,Rivotril,train
237,105,2.257142857142857,231.98219811131204,67.61340397864463,4081.809684548925,0.0881655615832831,False,data/metadata/Doctor’s Handwritten Prescription BD dataset/Training/training_words/2751.png,Rivotril,train
107,40,2.675,223.09042056074767,69.96907195132484,22461.331220193904,0.09929906542056074,True,data/metadata/Doctor’s Handwritten Prescription BD dataset/Training/training_words/2752.png,Rivotril,train
227,85,2.6705882352941175,226.37584866545737,74.32021315715677,4960.115055713915,0.11070225447006997,False,data/metadata/Doctor’s Handwritten Prescription BD dataset/Training/training_words/2753.png,Rivotril,train
98,41,2.3902439024390243,239.22050771528123,53.193380666028375,24515.480299825496,0.05699352911896466,True,data/metadata/Doctor’s Handwritten Prescription BD dataset/Training/training_words/2754.png,Rivotril,train
97,40,2.425,231.29536082474226,64.58177010600161,30659.219598190564,0.088659793814433,True,data/metadata/Doctor’s Handwritten Prescription BD dataset/Training/training_words/2755.png,Rivotril,train
103,49,2.1020408163265305,234.78085991678225,62.003028922906765,32345.042579071178,0.07549039033088964,True,data/metadata/Doctor’s Handwritten Prescription BD dataset/Training/training_words/2756.png,Rivotril,train
101,38,2.6578947368421053,230.78113600833768,68.01483483586983,34373.71076466893,0.0924960917144346,True,data/metadata/Doctor’s Handwritten Prescription BD dataset/Training/training_words/2757.png,Rivotril,train
133,35,3.8,227.84597207303975,66.63316147987169,23368.58419176682,0.09172932330827067,True,data/metadata/Doctor’s Handwritten Prescription BD dataset/Training/training_words/2758.png,Rivotril,train
93,22,4.2272727272727275,235.00439882697947,60.64319215578835,41478.49118299637,0.07624633431085044,True,data/metadata/Doctor’s Handwritten Prescription BD dataset/Training/training_words/2759.png,Rivotril,train
190,51,3.7254901960784315,224.03240454076368,76.0537544303293,7215.594200227698,0.12105263157894737,False,data/metadata/Doctor’s Handwritten Prescription BD dataset/Training/training_words/2760.png,Romycin,train
115,33,3.484848484848485,200.66824769433464,85.93530876296624,5798.191891487481,0.22661396574440051,True,data/metadata/Doctor’s Handwritten Prescription BD dataset/Training/training_words/2761.png,Romycin,train
132,51,2.588235294117647,220.67260843731432,70.12317957194496,4217.889762921409,0.14260249554367202,True,data/metadata/Doctor’s Handwritten Prescription BD dataset/Training/training_words/2762.png,Romycin,train
131,44,2.977272727272727,210.61727966689799,79.8721629096581,4380.905468193544,0.18199167244968772,True,data/metadata/Doctor’s Handwritten Prescription BD dataset/Training/training_words/2763.png,Romycin,train
190,54,3.5185185185185186,223.31715399610135,77.30327858008155,7072.8859511948585,0.12251461988304094,False,data/metadata/Doctor’s Handwritten Prescription BD dataset/Training/training_words/2764.png,Romycin,train
111,39,2.8461538461538463,207.75352275352276,80.89220375027712,5190.015127340145,0.1958881958881959,True,data/metadata/Doctor’s Handwritten Prescription BD dataset/Training/training_words/2765.png,Romycin,train
128,34,3.764705882352941,209.6204044117647,78.42573427705523,5759.420110260327,0.18658088235294118,True,data/metadata/Doctor’s Handwritten Prescription BD dataset/Training/training_words/2766.png,Romycin,train
136,33,4.121212121212121,197.02384135472371,88.3351088455927,6448.538781919145,0.2410873440285205,True,data/metadata/Doctor’s Handwritten Prescription BD dataset/Training/training_words/2767.png,Romycin,train
162,44,3.6818181818181817,201.0415263748597,85.98755204148847,3310.3562910995165,0.22376543209876543,True,data/metadata/Doctor’s Handwritten Prescription BD dataset/Training/training_words/2768.png,Romycin,train
164,32,5.125,204.18654725609755,82.45352808163545,7040.399965630055,0.21169969512195122,True,data/metadata/Doctor’s Handwritten Prescription BD dataset/Training/training_words/2769.png,Romycin,train
112,41,2.731707317073171,205.25021777003485,84.57818257519259,4769.134799604143,0.20209059233449478,True,data/metadata/Doctor’s Handwritten Prescription BD dataset/Training/training_words/2770.png,Romycin,train
121,36,3.361111111111111,187.63842975206612,96.63593546716093,4545.419985395318,0.27226813590449955,True,data/metadata/Doctor’s Handwritten Prescription BD dataset/Training/training_words/2771.png,Romycin,train
171,42,4.071428571428571,215.39445836814258,75.05897755306847,4633.970377942907,0.16541353383458646,True,data/metadata/Doctor’s Handwritten Prescription BD dataset/Training/training_words/2772.png,Romycin,train
131,36,3.638888888888889,196.57866836301952,90.5853360032432,5020.981633095714,0.23112807463952503,True,data/metadata/Doctor’s Handwritten Prescription BD dataset/Training/training_words/2773.png,Romycin,train
128,35,3.657142857142857,199.53973214285713,85.16657382070048,6381.711712721221,0.23415178571428572,True,data/metadata/Doctor’s Handwritten Prescription BD dataset/Training/training_words/2774.png,Romycin,train
135,53,2.547169811320755,209.7695317959469,83.02043980422788,3263.3035295818213,0.18518518518518517,True,data/metadata/Doctor’s Handwritten Prescription BD dataset/Training/training_words/2775.png,Romycin,train
121,26,4.653846153846154,190.0540368722187,89.53980460989284,8456.147869685074,0.26509853782581055,True,data/metadata/Doctor’s Handwritten Prescription BD dataset/Training/training_words/2776.png,Romycin,train
177,65,2.723076923076923,229.98600608431116,70.31290760475503,5095.5508039982615,0.09526292916123424,False,data/metadata/Doctor’s Handwritten Prescription BD dataset/Training/training_words/2777.png,Romycin,train
108,20,5.4,221.1263888888889,54.4593056354303,6999.95485060871,0.14351851851851852,True,data/metadata/Doctor’s Handwritten Prescription BD dataset/Training/training_words/2778.png,Romycin,train
112,21,5.333333333333333,221.65858843537416,54.98962814431156,7685.091127937145,0.14965986394557823,True,data/metadata/Doctor’s Handwritten Prescription BD dataset/Training/training_words/2779.png,Romycin,train
102,22,4.636363636363637,217.174688057041,59.430772510201955,8114.553294028682,0.18716577540106952,True,data/metadata/Doctor’s Handwritten Prescription BD dataset/Training/training_words/2780.png,Romycin,train
112,24,4.666666666666667,224.62574404761904,56.90329456615063,8780.445428619038,0.14992559523809523,True,data/metadata/Doctor’s Handwritten Prescription BD dataset/Training/training_words/2781.png,Romycin,train
199,39,5.102564102564102,205.23618090452263,81.44137523934891,3659.8969505166433,0.21324571575827858,True,data/metadata/Doctor’s Handwritten Prescription BD dataset/Training/training_words/2782.png,Romycin,train
137,41,3.341463414634146,201.83745771764288,85.17679317504361,3441.049315151248,0.2200462880541214,True,data/metadata/Doctor’s Handwritten Prescription BD dataset/Training/training_words/2783.png,Romycin,train
108,19,5.684210526315789,227.26315789473685,55.23835422206389,9797.392733139162,0.15253411306042886,True,data/metadata/Doctor’s Handwritten Prescription BD dataset/Training/training_words/2784.png,Romycin,train
199,67,2.970149253731343,233.2942323558089,65.4506779893558,4954.519162979074,0.08542713567839195,False,data/metadata/Doctor’s Handwritten Prescription BD dataset/Training/training_words/2785.png,Romycin,train
209,55,3.8,230.2091344062636,68.93812447210779,6017.720574162679,0.09386689865158765,False,data/metadata/Doctor’s Handwritten Prescription BD dataset/Training/training_words/2786.png,Romycin,train
198,62,3.193548387096774,231.76498859563375,67.23989444053477,5571.339041063893,0.08887259693711307,False,data/metadata/Doctor’s Handwritten Prescription BD dataset/Training/training_words/2787.png,Romycin,train
172,59,2.9152542372881354,224.58435159637366,76.07685391445182,6538.740332350041,0.11480094599921167,False,data/metadata/Doctor’s Handwritten Prescription BD dataset/Training/training_words/2788.png,Romycin,train
125,34,3.676470588235294,209.17458823529412,77.06411151537388,6783.917712442906,0.19788235294117648,True,data/metadata/Doctor’s Handwritten Prescription BD dataset/Training/training_words/2789.png,Romycin,train
197,58,3.396551724137931,229.20855942587082,70.90243356293824,5761.313845615264,0.10029756695256432,False,data/metadata/Doctor’s Handwritten Prescription BD dataset/Training/training_words/2790.png,Romycin,train
220,56,3.9285714285714284,227.20089285714286,72.76200741615627,6114.048627271673,0.10722402597402597,False,data/metadata/Doctor’s Handwritten Prescription BD dataset/Training/training_words/2791.png,Romycin,train
135,52,2.5961538461538463,207.38304843304843,82.8685336674213,2504.787377862193,0.1943019943019943,True,data/metadata/Doctor’s Handwritten Prescription BD dataset/Training/training_words/2792.png,Romycin,train
203,59,3.440677966101695,226.5933873257076,74.35386407221495,5583.710845748721,0.10920931785923019,False,data/metadata/Doctor’s Handwritten Prescription BD dataset/Training/training_words/2793.png,Romycin,train
122,39,3.128205128205128,201.3972257250946,87.7745272990782,4530.274231395596,0.21542664985287935,True,data/metadata/Doctor’s Handwritten Prescription BD dataset/Training/training_words/2794.png,Romycin,train
107,41,2.6097560975609757,209.44586277638479,81.06560630867544,5013.372455629078,0.18509231821290176,True,data/metadata/Doctor’s Handwritten Prescription BD dataset/Training/training_words/2795.png,Romycin,train
131,28,4.678571428571429,208.6273173391494,78.21410640185456,6341.961380975967,0.19956379498364232,True,data/metadata/Doctor’s Handwritten Prescription BD dataset/Training/training_words/2796.png,Romycin,train
119,35,3.4,212.50492196878753,77.42734835633539,5294.325294103235,0.1781512605042017,True,data/metadata/Doctor’s Handwritten Prescription BD dataset/Training/training_words/2797.png,Romycin,train
132,34,3.8823529411764706,209.00200534759358,78.053110748918,6225.122109741644,0.19206773618538325,True,data/metadata/Doctor’s Handwritten Prescription BD dataset/Training/training_words/2798.png,Romycin,train
121,35,3.4571428571428573,216.55206611570247,72.73553081268106,5242.994429342258,0.16080283353010627,True,data/metadata/Doctor’s Handwritten Prescription BD dataset/Training/training_words/2799.png,Romycin,train
145,46,3.152173913043478,231.65577211394302,65.68707522785625,7471.721437841799,0.08950524737631184,False,data/metadata/Doctor’s Handwritten Prescription BD dataset/Training/training_words/2800.png,Rozith,train
82,23,3.5652173913043477,190.9034994697773,81.73135920741541,5403.1612517978665,0.2354188759278897,False,data/metadata/Doctor’s Handwritten Prescription BD dataset/Training/training_words/2801.png,Rozith,train
78,33,2.3636363636363638,211.14024864024864,74.73129375706569,11550.197358197358,0.15734265734265734,False,data/metadata/Doctor’s Handwritten Prescription BD dataset/Training/training_words/2802.png,Rozith,train
58,14,4.142857142857143,209.26354679802955,66.94672539133033,21487.842199216193,0.1933497536945813,False,data/metadata/Doctor’s Handwritten Prescription BD dataset/Training/training_words/2803.png,Rozith,train
155,61,2.540983606557377,239.23479640401905,54.80470857187483,5510.092437863565,0.059545214172395555,False,data/metadata/Doctor’s Handwritten Prescription BD dataset/Training/training_words/2804.png,Rozith,train
118,35,3.3714285714285714,205.56513317191283,83.14072928853075,3916.6609536902956,0.20823244552058112,False,data/metadata/Doctor’s Handwritten Prescription BD dataset/Training/training_words/2805.png,Rozith,train
81,16,5.0625,213.79166666666666,69.27461316615913,13742.456273338668,0.21064814814814814,True,data/metadata/Doctor’s Handwritten Prescription BD dataset/Training/training_words/2806.png,Rozith,train
70,24,2.9166666666666665,209.34285714285716,72.55120734401895,9207.928055555556,0.21369047619047618,True,data/metadata/Doctor’s Handwritten Prescription BD dataset/Training/training_words/2807.png,Rozith,train
80,34,2.3529411764705883,217.51470588235293,62.3961590652018,13308.39153925173,0.14963235294117647,True,data/metadata/Doctor’s Handwritten Prescription BD dataset/Training/training_words/2808.png,Rozith,train
75,21,3.5714285714285716,199.16126984126984,81.15543009132624,10675.556073973292,0.27555555555555555,True,data/metadata/Doctor’s Handwritten Prescription BD dataset/Training/training_words/2809.png,Rozith,train
272,78,3.4871794871794872,238.7712104072398,59.368336117000354,8156.739514862497,0.06245286576168929,True,data/metadata/Doctor’s Handwritten Prescription BD dataset/Training/training_words/2810.png,Rozith,train
301,50,6.02,233.3091029900332,50.29476175500501,733.8790368141632,0.12026578073089701,True,data/metadata/Doctor’s Handwritten Prescription BD dataset/Training/training_words/2811.png,Rozith,train
73,23,3.1739130434782608,173.76176295413936,85.34382238781404,7094.883412479634,0.32578916021441334,True,data/metadata/Doctor’s Handwritten Prescription BD dataset/Training/training_words/2812.png,Rozith,train
101,25,4.04,236.43881188118812,44.08486773196455,4721.391470483286,0.1104950495049505,True,data/metadata/Doctor’s Handwritten Prescription BD dataset/Training/training_words/2813.png,Rozith,train
103,20,5.15,232.02184466019418,51.2232218319939,8066.539956640589,0.13106796116504854,True,data/metadata/Doctor’s Handwritten Prescription BD dataset/Training/training_words/2814.png,Rozith,train
99,21,4.714285714285714,228.47138047138048,56.49971181245826,11342.245324589721,0.1447811447811448,True,data/metadata/Doctor’s Handwritten Prescription BD dataset/Training/training_words/2815.png,Rozith,train
81,16,5.0625,217.11111111111111,56.11768388346444,9317.809775567746,0.18904320987654322,True,data/metadata/Doctor’s Handwritten Prescription BD dataset/Training/training_words/2816.png,Rozith,train
165,62,2.661290322580645,239.58455522971653,54.932739784817755,5169.430498533724,0.060703812316715546,False,data/metadata/Doctor’s Handwritten Prescription BD dataset/Training/training_words/2817.png,Rozith,train
89,20,4.45,227.27528089887642,55.84550876874698,9265.578028026765,0.16292134831460675,True,data/metadata/Doctor’s Handwritten Prescription BD dataset/Training/training_words/2818.png,Rozith,train
92,18,5.111111111111111,229.33816425120773,55.71168137868982,14012.854127284185,0.1316425120772947,True,data/metadata/Doctor’s Handwritten Prescription BD dataset/Training/training_words/2819.png,Rozith,train
134,65,2.0615384615384613,238.38197474167623,56.4815141720964,6036.805510907004,0.06463834672789896,False,data/metadata/Doctor’s Handwritten Prescription BD dataset/Training/training_words/2820.png,Rozith,train
148,67,2.208955223880597,240.9849737797499,51.40856677939127,5702.157724889068,0.05344897135941912,False,data/metadata/Doctor’s Handwritten Prescription BD dataset/Training/training_words/2821.png,Rozith,train
59,19,3.1052631578947367,215.29081177520072,58.58497336178727,14344.3708569114,0.17573595004460305,False,data/metadata/Doctor’s Handwritten Prescription BD dataset/Training/training_words/2822.png,Rozith,train
55,21,2.619047619047619,183.06493506493507,84.03870541926241,15300.28390772287,0.2961038961038961,False,data/metadata/Doctor’s Handwritten Prescription BD dataset/Training/training_words/2823.png,Rozith,train
135,59,2.288135593220339,237.8824858757062,57.001926165161855,6341.409918392969,0.06616446955430007,False,data/metadata/Doctor’s Handwritten Prescription BD dataset/Training/training_words/2824.png,Rozith,train
126,64,1.96875,237.68377976190476,57.8677697393142,5639.947916666667,0.06696428571428571,False,data/metadata/Doctor’s Handwritten Prescription BD dataset/Training/training_words/2825.png,Rozith,train
136,51,2.6666666666666665,231.15974625144176,66.84275799659035,8073.667243367935,0.09284890426758939,False,data/metadata/Doctor’s Handwritten Prescription BD dataset/Training/training_words/2826.png,Rozith,train
136,60,2.2666666666666666,235.38480392156862,61.33275293678485,5635.103431372549,0.0778186274509804,False,data/metadata/Doctor’s Handwritten Prescription BD dataset/Training/training_words/2827.png,Rozith,train
161,55,2.9272727272727272,239.00451722190851,55.43486909324,5644.26470920384,0.06120835686053077,False,data/metadata/Doctor’s Handwritten Prescription BD dataset/Training/training_words/2828.png,Rozith,train
68,23,2.9565217391304346,209.28388746803068,67.65816911359036,12209.522123007437,0.18925831202046037,False,data/metadata/Doctor’s Handwritten Prescription BD dataset/Training/training_words/2829.png,Rozith,train
144,59,2.440677966101695,237.33345103578154,57.97657687993994,6057.500235404897,0.06756120527306968,False,data/metadata/Doctor’s Handwritten Prescription BD dataset/Training/training_words/2830.png,Rozith,train
139,63,2.2063492063492065,238.48018727874842,56.885836373096595,5625.080050245518,0.06372045220966084,False,data/metadata/Doctor’s Handwritten Prescription BD dataset/Training/training_words/2831.png,Rozith,train
76,19,4.0,199.26939058171746,81.27618779785817,12213.9203025606,0.21121883656509696,False,data/metadata/Doctor’s Handwritten Prescription BD dataset/Training/training_words/2832.png,Rozith,train
163,53,3.0754716981132075,237.56499594860517,57.66143410725528,6003.726588725547,0.06910522051163329,False,data/metadata/Doctor’s Handwritten Prescription BD dataset/Training/training_words/2833.png,Rozith,train
77,20,3.85,187.22727272727272,83.4486094852965,7067.91441178951,0.2545454545454545,True,data/metadata/Doctor’s Handwritten Prescription BD dataset/Training/training_words/2834.png,Rozith,train
86,19,4.526315789473684,187.12301101591189,82.60586944238031,7433.006137928865,0.25642594859241125,True,data/metadata/Doctor’s Handwritten Prescription BD dataset/Training/training_words/2835.png,Rozith,train
88,40,2.2,225.05142045454545,56.7054483034963,11864.65937491929,0.1059659090909091,False,data/metadata/Doctor’s Handwritten Prescription BD dataset/Training/training_words/2836.png,Rozith,train
85,29,2.9310344827586206,205.6734279918864,79.09932162384403,12478.647398672696,0.18336713995943205,False,data/metadata/Doctor’s Handwritten Prescription BD dataset/Training/training_words/2837.png,Rozith,train
78,32,2.4375,210.68429487179486,67.89015692421916,8917.48194402711,0.17548076923076922,False,data/metadata/Doctor’s Handwritten Prescription BD dataset/Training/training_words/2838.png,Rozith,train
95,33,2.878787878787879,220.3652312599681,78.75751413017086,14753.166188197767,0.14322169059011164,False,data/metadata/Doctor’s Handwritten Prescription BD dataset/Training/training_words/2839.png,Rozith,train
186,67,2.7761194029850746,224.217140105922,75.63612030307448,5557.591537970503,0.1189215214251324,True,data/metadata/Doctor’s Handwritten Prescription BD dataset/Training/training_words/2840.png,Sergel,train
80,35,2.2857142857142856,234.55285714285714,58.76355824446832,29319.88904285715,0.09464285714285714,True,data/metadata/Doctor’s Handwritten Prescription BD dataset/Training/training_words/2841.png,Sergel,train
105,35,3.0,205.7572789115646,87.30225779282532,10404.766312851127,0.20843537414965987,True,data/metadata/Doctor’s Handwritten Prescription BD dataset/Training/training_words/2842.png,Sergel,train
143,20,7.15,226.76363636363635,68.29442179501427,25631.370951635778,0.13006993006993006,False,data/metadata/Doctor’s Handwritten Prescription BD dataset/Training/training_words/2843.png,Sergel,train
165,77,2.142857142857143,228.26406926406926,70.97306307758349,4826.394254224422,0.10476190476190476,False,data/metadata/Doctor’s Handwritten Prescription BD dataset/Training/training_words/2844.png,Sergel,train
67,23,2.9130434782608696,224.99156391953278,78.59850782141305,34787.54899373853,0.12264763140817651,True,data/metadata/Doctor’s Handwritten Prescription BD dataset/Training/training_words/2845.png,Sergel,train
63,42,1.5,203.88548752834467,86.00512013164719,23455.840971611622,0.18216175359032502,True,data/metadata/Doctor’s Handwritten Prescription BD dataset/Training/training_words/2846.png,Sergel,train
197,73,2.6986301369863015,229.7085738126695,68.80502855289824,5208.634031013143,0.10041026354217371,False,data/metadata/Doctor’s Handwritten Prescription BD dataset/Training/training_words/2847.png,Sergel,train
156,63,2.4761904761904763,239.24949124949126,50.07314170788761,14036.611298046382,0.06868131868131869,False,data/metadata/Doctor’s Handwritten Prescription BD dataset/Training/training_words/2848.png,Sergel,train
209,81,2.580246913580247,233.08955047551538,65.54662183401916,3945.593714927048,0.08565184003780495,False,data/metadata/Doctor’s Handwritten Prescription BD dataset/Training/training_words/2849.png,Sergel,train
145,63,2.3015873015873014,215.85177887246851,84.0840727320123,6730.858894362343,0.15413245758073343,True,data/metadata/Doctor’s Handwritten Prescription BD dataset/Training/training_words/2850.png,Sergel,train
195,71,2.7464788732394365,226.85250993138317,73.45686736669532,4902.969591910437,0.10928132899963885,False,data/metadata/Doctor’s Handwritten Prescription BD dataset/Training/training_words/2851.png,Sergel,train
79,33,2.393939393939394,232.40161104718067,59.78375079984821,21702.533364702656,0.10586881472957423,True,data/metadata/Doctor’s Handwritten Prescription BD dataset/Training/training_words/2852.png,Sergel,train
174,71,2.4507042253521125,228.33899951432736,70.63878745323538,5591.94289660692,0.10522907560304355,False,data/metadata/Doctor’s Handwritten Prescription BD dataset/Training/training_words/2853.png,Sergel,train
217,54,4.018518518518518,219.44487113841953,81.24579991599597,6018.2342250094025,0.13807817033623485,True,data/metadata/Doctor’s Handwritten Prescription BD dataset/Training/training_words/2854.png,Sergel,train
189,69,2.739130434782609,227.8101372594126,71.69610134823036,5257.88819685264,0.1060501495284104,False,data/metadata/Doctor’s Handwritten Prescription BD dataset/Training/training_words/2855.png,Sergel,train
73,36,2.0277777777777777,235.40563165905633,52.55114779136653,13810.989151341719,0.09779299847792998,True,data/metadata/Doctor’s Handwritten Prescription BD dataset/Training/training_words/2856.png,Sergel,train
194,87,2.2298850574712645,232.4020618556701,66.43952281036903,3936.734921199194,0.08875459177627681,False,data/metadata/Doctor’s Handwritten Prescription BD dataset/Training/training_words/2857.png,Sergel,train
189,69,2.739130434782609,227.8101372594126,71.69610134823036,5257.88819685264,0.1060501495284104,False,data/metadata/Doctor’s Handwritten Prescription BD dataset/Training/training_words/2858.png,Sergel,train
195,73,2.671232876712329,232.8844397611521,65.64805359550742,3981.926378644187,0.08914646996838778,False,data/metadata/Doctor’s Handwritten Prescription BD dataset/Training/training_words/2859.png,Sergel,train
195,73,2.671232876712329,232.8844397611521,65.64805359550742,3981.926378644187,0.08914646996838778,False,data/metadata/Doctor’s Handwritten Prescription BD dataset/Training/training_words/2860.png,Sergel,train
191,72,2.6527777777777777,228.6279813845259,71.30657269113432,4524.173065735893,0.10245782431646305,False,data/metadata/Doctor’s Handwritten Prescription BD dataset/Training/training_words/2861.png,Sergel,train
104,45,2.311111111111111,237.68311965811967,45.04929177482186,7683.054565664037,0.08012820512820513,False,data/metadata/Doctor’s Handwritten Prescription BD dataset/Training/training_words/2862.png,Sergel,train
108,43,2.511627906976744,226.6421188630491,49.672877370276694,7053.232081989598,0.09302325581395349,False,data/metadata/Doctor’s Handwritten Prescription BD dataset/Training/training_words/2863.png,Sergel,train
191,72,2.6527777777777777,228.6279813845259,71.30657269113432,4524.173065735893,0.10245782431646305,False,data/metadata/Doctor’s Handwritten Prescription BD dataset/Training/training_words/2864.png,Sergel,train
190,67,2.8358208955223883,224.89976433621368,75.9331434234898,4679.762201608241,0.11704634721131187,False,data/metadata/Doctor’s Handwritten Prescription BD dataset/Training/training_words/2865.png,Sergel,train
190,67,2.8358208955223883,224.89976433621368,75.9331434234898,4679.762201608241,0.11704634721131187,False,data/metadata/Doctor’s Handwritten Prescription BD dataset/Training/training_words/2866.png,Sergel,train
179,62,2.8870967741935485,224.1318255541539,75.83525536290699,5874.095422590547,0.12047215714543161,False,data/metadata/Doctor’s Handwritten Prescription BD dataset/Training/training_words/2867.png,Sergel,train
179,62,2.8870967741935485,224.1318255541539,75.83525536290699,5874.095422590547,0.12047215714543161,False,data/metadata/Doctor’s Handwritten Prescription BD dataset/Training/training_words/2868.png,Sergel,train
68,33,2.0606060606060606,231.14260249554368,60.093148013286864,27802.55820075559,0.11898395721925134,True,data/metadata/Doctor’s Handwritten Prescription BD dataset/Training/training_words/2869.png,Sergel,train
80,37,2.1621621621621623,228.47939189189188,70.80579822156069,36319.68683242787,0.10033783783783784,True,data/metadata/Doctor’s Handwritten Prescription BD dataset/Training/training_words/2870.png,Sergel,train
186,67,2.7761194029850746,224.217140105922,75.63612030307448,5557.591537970503,0.1189215214251324,True,data/metadata/Doctor’s Handwritten Prescription BD dataset/Training/training_words/2871.png,Sergel,train
106,38,2.789473684210526,231.15690168818273,49.605596489826496,8400.848366301825,0.1002979145978153,False,data/metadata/Doctor’s Handwritten Prescription BD dataset/Training/training_words/2872.png,Sergel,train
79,36,2.1944444444444446,210.72116736990154,74.64537323930585,8962.639240506329,0.14170182841068918,False,data/metadata/Doctor’s Handwritten Prescription BD dataset/Training/training_words/2873.png,Sergel,train
74,35,2.1142857142857143,234.62664092664093,59.319148469976476,28041.554461770098,0.09613899613899614,True,data/metadata/Doctor’s Handwritten Prescription BD dataset/Training/training_words/2874.png,Sergel,train
73,30,2.433333333333333,233.52283105022832,59.32571788814746,30270.331999124286,0.09726027397260274,False,data/metadata/Doctor’s Handwritten Prescription BD dataset/Training/training_words/2875.png,Sergel,train
60,34,1.7647058823529411,232.7686274509804,63.105081956244575,29635.14034001346,0.09411764705882353,True,data/metadata/Doctor’s Handwritten Prescription BD dataset/Training/training_words/2876.png,Sergel,train
82,36,2.2777777777777777,237.4369918699187,52.3319360556301,14687.820700195909,0.07757452574525746,True,data/metadata/Doctor’s Handwritten Prescription BD dataset/Training/training_words/2877.png,Sergel,train
85,41,2.073170731707317,237.14949784791966,53.26459523172761,16292.010148350484,0.07862266857962698,True,data/metadata/Doctor’s Handwritten Prescription BD dataset/Training/training_words/2878.png,Sergel,train
127,42,3.0238095238095237,239.895200599925,50.115458027650654,14692.414385912674,0.0712410948631421,True,data/metadata/Doctor’s Handwritten Prescription BD dataset/Training/training_words/2879.png,Sergel,train
215,92,2.3369565217391304,234.72659251769463,62.201185136401435,3663.1518705763397,0.07775530839231547,False,data/metadata/Doctor’s Handwritten Prescription BD dataset/Training/training_words/2880.png,Tamen,train
128,35,3.657142857142857,181.48080357142857,95.95028980487754,5416.278904456313,0.3013392857142857,True,data/metadata/Doctor’s Handwritten Prescription BD dataset/Training/training_words/2881.png,Tamen,train
120,35,3.4285714285714284,199.455,87.4345435372738,4365.092475283446,0.22333333333333333,True,data/metadata/Doctor’s Handwritten Prescription BD dataset/Training/training_words/2882.png,Tamen,train
111,17,6.529411764705882,217.53577106518284,67.9367646664961,12089.050601148236,0.17541070482246954,True,data/metadata/Doctor’s Handwritten Prescription BD dataset/Training/training_words/2883.png,Tamen,train
224,82,2.731707317073171,235.70481271777004,59.920420101418095,3811.7878919860627,0.07605618466898954,False,data/metadata/Doctor’s Handwritten Prescription BD dataset/Training/training_words/2884.png,Tamen,train
132,29,4.551724137931035,184.43416927899688,92.72971196072089,5352.377315474493,0.296760710553814,True,data/metadata/Doctor’s Handwritten Prescription BD dataset/Training/training_words/2885.png,Tamen,train
122,31,3.935483870967742,182.5150713907985,94.39403534244781,6517.51259535762,0.2953463775780011,True,data/metadata/Doctor’s Handwritten Prescription BD dataset/Training/training_words/2886.png,Tamen,train
96,39,2.4615384615384617,197.68509615384616,89.36258091404343,4020.7772287511875,0.23130341880341881,True,data/metadata/Doctor’s Handwritten Prescription BD dataset/Training/training_words/2887.png,Tamen,train
96,14,6.857142857142857,220.9657738095238,65.57761001828858,13183.136034491921,0.16220238095238096,True,data/metadata/Doctor’s Handwritten Prescription BD dataset/Training/training_words/2888.png,Tamen,train
113,58,1.9482758620689655,216.9839792493134,77.52747189255061,2591.514474129108,0.1498321635642356,True,data/metadata/Doctor’s Handwritten Prescription BD dataset/Training/training_words/2889.png,Tamen,train
142,55,2.581818181818182,206.85697823303457,84.49272085618207,2810.6838416882388,0.18975672215108835,True,data/metadata/Doctor’s Handwritten Prescription BD dataset/Training/training_words/2890.png,Tamen,train
122,34,3.588235294117647,186.4281581485053,94.23375906706372,5601.263114103158,0.2796528447444552,True,data/metadata/Doctor’s Handwritten Prescription BD dataset/Training/training_words/2891.png,Tamen,train
121,26,4.653846153846154,172.21900826446281,96.99212534362348,6066.872128160807,0.34551811824539097,True,data/metadata/Doctor’s Handwritten Prescription BD dataset/Training/training_words/2892.png,Tamen,train
119,34,3.5,190.08749382105785,91.70949242195958,5287.337052468047,0.2698961937716263,True,data/metadata/Doctor’s Handwritten Prescription BD dataset/Training/training_words/2893.png,Tamen,train
115,32,3.59375,190.86141304347825,93.33952649707925,4817.559268002718,0.2578804347826087,True,data/metadata/Doctor’s Handwritten Prescription BD dataset/Training/training_words/2894.png,Tamen,train
119,31,3.838709677419355,193.3784223366766,91.25659272042309,5159.036125878399,0.2499322309568989,True,data/metadata/Doctor’s Handwritten Prescription BD dataset/Training/training_words/2895.png,Tamen,train
131,39,3.358974358974359,195.9217067919358,90.28662811743912,2860.2569851575067,0.23957721667645332,True,data/metadata/Doctor’s Handwritten Prescription BD dataset/Training/training_words/2896.png,Tamen,train
224,82,2.731707317073171,235.70481271777004,59.920420101418095,3811.7878919860627,0.07605618466898954,False,data/metadata/Doctor’s Handwritten Prescription BD dataset/Training/training_words/2897.png,Tamen,train
114,34,3.3529411764705883,195.17595459236327,91.29396886445313,4638.149747167347,0.23993808049535603,True,data/metadata/Doctor’s Handwritten Prescription BD dataset/Training/training_words/2898.png,Tamen,train
93,19,4.894736842105263,163.72891907187324,101.19779852766155,8043.996851028205,0.3633276740237691,True,data/metadata/Doctor’s Handwritten Prescription BD dataset/Training/training_words/2899.png,Tamen,train
129,28,4.607142857142857,174.4205426356589,99.82572049725084,6684.181091559572,0.32475083056478404,True,data/metadata/Doctor’s Handwritten Prescription BD dataset/Training/training_words/2900.png,Tamen,train
122,34,3.588235294117647,169.67526518804243,103.29967777631508,4488.875590785582,0.3481195756991321,True,data/metadata/Doctor’s Handwritten Prescription BD dataset/Training/training_words/2901.png,Tamen,train
105,19,5.526315789473684,200.4611528822055,81.00901196609853,10365.836587458622,0.2636591478696742,True,data/metadata/Doctor’s Handwritten Prescription BD dataset/Training/training_words/2902.png,Tamen,train
85,16,5.3125,210.69411764705882,69.60913327995227,12010.290657439446,0.24338235294117647,True,data/metadata/Doctor’s Handwritten Prescription BD dataset/Training/training_words/2903.png,Tamen,train
136,23,5.913043478260869,179.06170076726343,97.59409698288798,5802.129904958759,0.3075447570332481,True,data/metadata/Doctor’s Handwritten Prescription BD dataset/Training/training_words/2904.png,Tamen,train
226,89,2.539325842696629,239.49398428954956,54.348243930969694,3132.8958934075768,0.061499453117231775,False,data/metadata/Doctor’s Handwritten Prescription BD dataset/Training/training_words/2905.png,Tamen,train
236,107,2.205607476635514,242.2709884365595,49.77803281898313,2473.390860129891,0.04989703785838746,False,data/metadata/Doctor’s Handwritten Prescription BD dataset/Training/training_words/2906.png,Tamen,train
217,92,2.358695652173913,241.96749148467242,50.13754268843837,2771.791324383891,0.05089160488879984,False,data/metadata/Doctor’s Handwritten Prescription BD dataset/Training/training_words/2907.png,Tamen,train
201,81,2.4814814814814814,236.27111356796266,59.41256012424154,3949.0221730851913,0.07235427799275229,False,data/metadata/Doctor’s Handwritten Prescription BD dataset/Training/training_words/2908.png,Tamen,train
107,22,4.863636363636363,165.03101104502974,99.61078618280526,4862.916935255091,0.3678844519966015,True,data/metadata/Doctor’s Handwritten Prescription BD dataset/Training/training_words/2909.png,Tamen,train
225,86,2.616279069767442,236.05571059431526,59.14753941030434,3763.9685788113693,0.07364341085271318,False,data/metadata/Doctor’s Handwritten Prescription BD dataset/Training/training_words/2910.png,Tamen,train
206,83,2.4819277108433737,235.35015791320623,60.97129974019923,3958.24880102936,0.0772604983038952,False,data/metadata/Doctor’s Handwritten Prescription BD dataset/Training/training_words/2911.png,Tamen,train
93,20,4.65,226.63548387096773,60.32014436457955,10276.831753959996,0.14086021505376345,True,data/metadata/Doctor’s Handwritten Prescription BD dataset/Training/training_words/2912.png,Tamen,train
184,83,2.216867469879518,233.42083551597696,63.20733958162267,4518.735463593504,0.08473022524882137,False,data/metadata/Doctor’s Handwritten Prescription BD dataset/Training/training_words/2913.png,Tamen,train
113,28,4.035714285714286,194.99905183312262,87.60691318634069,4871.942779547406,0.24557522123893805,True,data/metadata/Doctor’s Handwritten Prescription BD dataset/Training/training_words/2914.png,Tamen,train
121,42,2.880952380952381,175.8819362455726,99.40947953073733,4842.085376527041,0.3156237701692247,True,data/metadata/Doctor’s Handwritten Prescription BD dataset/Training/training_words/2915.png,Tamen,train
143,36,3.9722222222222223,178.61227661227662,99.26711050334934,4792.300304876208,0.3123543123543124,True,data/metadata/Doctor’s Handwritten Prescription BD dataset/Training/training_words/2916.png,Tamen,train
134,33,4.0606060606060606,165.00226142017186,104.2824179789887,4741.573590049015,0.3618272274988693,True,data/metadata/Doctor’s Handwritten Prescription BD dataset/Training/training_words/2917.png,Tamen,train
139,30,4.633333333333334,179.94052757793764,96.3696038166061,6146.705244667575,0.30599520383693046,True,data/metadata/Doctor’s Handwritten Prescription BD dataset/Training/training_words/2918.png,Tamen,train
128,30,4.266666666666667,183.32708333333332,96.27795479232542,4475.432582194011,0.2838541666666667,True,data/metadata/Doctor’s Handwritten Prescription BD dataset/Training/training_words/2919.png,Tamen,train
175,83,2.108433734939759,236.37493975903615,60.29663567627642,5232.636970740104,0.07270223752151463,False,data/metadata/Doctor’s Handwritten Prescription BD dataset/Training/training_words/2920.png,Telfast,train
126,33,3.8181818181818183,225.43338143338144,68.54840866574038,15959.290507227617,0.12193362193362194,True,data/metadata/Doctor’s Handwritten Prescription BD dataset/Training/training_words/2921.png,Telfast,train
108,26,4.153846153846154,206.55163817663816,81.36771663692359,8916.138018233414,0.20797720797720798,True,data/metadata/Doctor’s Handwritten Prescription BD dataset/Training/training_words/2922.png,Telfast,train
251,94,2.6702127659574466,209.94583368653048,94.54523479821927,7716.379782917715,0.17936763583962023,True,data/metadata/Doctor’s Handwritten Prescription BD dataset/Training/training_words/2923.png,Telfast,train
147,72,2.0416666666666665,230.718820861678,67.77441295703606,6595.736772486773,0.09391534391534391,False,data/metadata/Doctor’s Handwritten Prescription BD dataset/Training/training_words/2924.png,Telfast,train
133,42,3.1666666666666665,219.2329036877909,70.49347565281279,8016.428733494265,0.16702470461868957,True,data/metadata/Doctor’s Handwritten Prescription BD dataset/Training/training_words/2925.png,Telfast,train
93,23,4.043478260869565,216.58251519401588,68.40225666737508,16601.239939667626,0.19822346891070594,True,data/metadata/Doctor’s Handwritten Prescription BD dataset/Training/training_words/2926.png,Telfast,train
63,20,3.15,210.78650793650795,65.61858023405014,12171.179447593851,0.24126984126984127,True,data/metadata/Doctor’s Handwritten Prescription BD dataset/Training/training_words/2927.png,Telfast,train
74,25,2.96,227.32324324324324,65.65666924622661,28653.863003360122,0.10270270270270271,True,data/metadata/Doctor’s Handwritten Prescription BD dataset/Training/training_words/2928.png,Telfast,train
65,27,2.4074074074074074,218.47065527065527,60.77608822201887,12199.588055291757,0.20113960113960114,True,data/metadata/Doctor’s Handwritten Prescription BD dataset/Training/training_words/2929.png,Telfast,train
137,39,3.5128205128205128,239.1508515815085,50.349388324636465,9895.365870583599,0.072992700729927,False,data/metadata/Doctor’s Handwritten Prescription BD dataset/Training/training_words/2930.png,Telfast,train
152,48,3.1666666666666665,242.55550986842104,47.55591630106033,7259.972039473684,0.05413925438596491,False,data/metadata/Doctor’s Handwritten Prescription BD dataset/Training/training_words/2931.png,Telfast,train
140,35,4.0,205.72510204081632,82.63604332010235,4074.2344529779257,0.21653061224489795,True,data/metadata/Doctor’s Handwritten Prescription BD dataset/Training/training_words/2932.png,Telfast,train
193,44,4.386363636363637,234.99964672633067,49.5430188406315,2144.7672565506778,0.10975035327366933,True,data/metadata/Doctor’s Handwritten Prescription BD dataset/Training/training_words/2933.png,Telfast,train
160,64,2.5,230.63671875,67.93172022458211,6595.345898399353,0.09208984375,False,data/metadata/Doctor’s Handwritten Prescription BD dataset/Training/training_words/2934.png,Telfast,train
161,65,2.476923076923077,229.1795508838987,69.96425380643853,6840.340550598779,0.09861442904921165,False,data/metadata/Doctor’s Handwritten Prescription BD dataset/Training/training_words/2935.png,Telfast,train
90,35,2.5714285714285716,219.4431746031746,77.41457827569968,31958.46633217435,0.14793650793650795,True,data/metadata/Doctor’s Handwritten Prescription BD dataset/Training/training_words/2936.png,Telfast,train
147,72,2.0416666666666665,230.718820861678,67.77441295703606,6595.736772486773,0.09391534391534391,False,data/metadata/Doctor’s Handwritten Prescription BD dataset/Training/training_words/2937.png,Telfast,train
157,81,1.9382716049382716,233.3932531257372,64.71972123450493,5644.630880769788,0.08335299205787529,True,data/metadata/Doctor’s Handwritten Prescription BD dataset/Training/training_words/2938.png,Telfast,train
185,90,2.0555555555555554,238.61681681681682,56.525282706613154,4104.378498498499,0.06252252252252252,False,data/metadata/Doctor’s Handwritten Prescription BD dataset/Training/training_words/2939.png,Telfast,train
196,62,3.161290322580645,229.7713133640553,69.89797622465706,6679.563857801185,0.09809084924292298,False,data/metadata/Doctor’s Handwritten Prescription BD dataset/Training/training_words/2940.png,Telfast,train
196,62,3.161290322580645,229.7713133640553,69.89797622465706,6679.563857801185,0.09809084924292298,False,data/metadata/Doctor’s Handwritten Prescription BD dataset/Training/training_words/2941.png,Telfast,train
51,17,3.0,218.97808535178777,73.35086230384105,53864.19209540115,0.14071510957324107,True,data/metadata/Doctor’s Handwritten Prescription BD dataset/Training/training_words/2942.png,Telfast,train
315,112,2.8125,217.13630952380953,88.09151303055837,6962.4823686303225,0.14934807256235827,True,data/metadata/Doctor’s Handwritten Prescription BD dataset/Training/training_words/2943.png,Telfast,train
177,66,2.6818181818181817,231.70895394624208,66.54085743525737,6440.774010244251,0.09167950693374423,False,data/metadata/Doctor’s Handwritten Prescription BD dataset/Training/training_words/2944.png,Telfast,train
177,66,2.6818181818181817,231.70895394624208,66.54085743525737,6440.774010244251,0.09167950693374423,False,data/metadata/Doctor’s Handwritten Prescription BD dataset/Training/training_words/2945.png,Telfast,train
165,72,2.2916666666666665,231.72895622895624,66.3902065963586,7049.8237373737375,0.08905723905723906,False,data/metadata/Doctor’s Handwritten Prescription BD dataset/Training/training_words/2946.png,Telfast,train
183,62,2.9516129032258065,230.6428697338269,68.23901835948986,6618.8889476467475,0.09404195311122862,True,data/metadata/Doctor’s Handwritten Prescription BD dataset/Training/training_words/2947.png,Telfast,train
181,61,2.9672131147540983,230.73462548682184,67.3564681424346,7171.319083416357,0.09446608097092654,False,data/metadata/Doctor’s Handwritten Prescription BD dataset/Training/training_words/2948.png,Telfast,train
66,20,3.3,207.34015151515152,86.91789173126179,50637.78801595501,0.19772727272727272,True,data/metadata/Doctor’s Handwritten Prescription BD dataset/Training/training_words/2949.png,Telfast,train
157,66,2.378787878787879,231.72013124879368,65.59585719719068,7271.10345493148,0.09071607797722447,False,data/metadata/Doctor’s Handwritten Prescription BD dataset/Training/training_words/2950.png,Telfast,train
150,60,2.5,226.98133333333334,72.58197118048285,7114.333333333333,0.10833333333333334,False,data/metadata/Doctor’s Handwritten Prescription BD dataset/Training/training_words/2951.png,Telfast,train
58,24,2.4166666666666665,216.52945402298852,77.76042078401137,44130.358051241084,0.16307471264367815,True,data/metadata/Doctor’s Handwritten Prescription BD dataset/Training/training_words/2952.png,Telfast,train
164,68,2.411764705882353,233.00224175035868,63.44302546874127,7485.748027259684,0.08805595408895266,False,data/metadata/Doctor’s Handwritten Prescription BD dataset/Training/training_words/2953.png,Telfast,train
88,23,3.8260869565217392,201.83893280632412,87.81430701119918,12392.040126193191,0.22924901185770752,True,data/metadata/Doctor’s Handwritten Prescription BD dataset/Training/training_words/2954.png,Telfast,train
83,21,3.9523809523809526,214.8502581755594,62.84752796494501,9057.19845861604,0.23465289730349972,True,data/metadata/Doctor’s Handwritten Prescription BD dataset/Training/training_words/2955.png,Telfast,train
107,31,3.4516129032258065,221.7684654808562,64.63760478400039,12261.701603337206,0.14802532408803135,True,data/metadata/Doctor’s Handwritten Prescription BD dataset/Training/training_words/2956.png,Telfast,train
88,19,4.631578947368421,217.86184210526315,62.708966861496876,9321.558477584647,0.20334928229665072,True,data/metadata/Doctor’s Handwritten Prescription BD dataset/Training/training_words/2957.png,Telfast,train
62,22,2.8181818181818183,204.58724340175954,73.59703739632144,12596.474193440887,0.24486803519061584,True,data/metadata/Doctor’s Handwritten Prescription BD dataset/Training/training_words/2958.png,Telfast,train
78,23,3.391304347826087,199.79598662207357,81.40007906197174,11637.241226483917,0.2591973244147157,True,data/metadata/Doctor’s Handwritten Prescription BD dataset/Training/training_words/2959.png,Telfast,train
199,66,3.015151515151515,235.0502512562814,62.138232625922164,5224.276381909548,0.07507233135373839,False,data/metadata/Doctor’s Handwritten Prescription BD dataset/Training/training_words/2960.png,Tridosil,train
153,46,3.3260869565217392,208.96106848536516,80.10039463996668,2596.4646864449805,0.19167377095765842,True,data/metadata/Doctor’s Handwritten Prescription BD dataset/Training/training_words/2961.png,Tridosil,train
151,45,3.3555555555555556,199.02075055187638,84.18439069751253,3305.9772649347738,0.24091243561442238,True,data/metadata/Doctor’s Handwritten Prescription BD dataset/Training/training_words/2962.png,Tridosil,train
136,57,2.3859649122807016,203.30714654282767,86.79638349809863,2688.018938869,0.20936532507739938,True,data/metadata/Doctor’s Handwritten Prescription BD dataset/Training/training_words/2963.png,Tridosil,train
200,54,3.7037037037037037,219.6663888888889,81.7192840693782,6665.717777777778,0.13833333333333334,False,data/metadata/Doctor’s Handwritten Prescription BD dataset/Training/training_words/2964.png,Tridosil,train
169,38,4.447368421052632,205.97383992525693,79.11887032044154,2889.8692638567923,0.21192774836499534,True,data/metadata/Doctor’s Handwritten Prescription BD dataset/Training/training_words/2965.png,Tridosil,train
172,41,4.195121951219512,205.93094157685763,80.34589093825477,2818.1963919111217,0.20788428814520704,True,data/metadata/Doctor’s Handwritten Prescription BD dataset/Training/training_words/2966.png,Tridosil,train
164,41,4.0,207.2556513979774,79.39408923965162,2719.727113753605,0.2007733491969066,True,data/metadata/Doctor’s Handwritten Prescription BD dataset/Training/training_words/2967.png,Tridosil,train
135,43,3.13953488372093,207.74298018949182,80.60754718144304,4115.392925253038,0.19621016365202412,True,data/metadata/Doctor’s Handwritten Prescription BD dataset/Training/training_words/2968.png,Tridosil,train
112,49,2.2857142857142856,210.4963556851312,76.50740489790306,3122.7964572783767,0.18677113702623907,True,data/metadata/Doctor’s Handwritten Prescription BD dataset/Training/training_words/2969.png,Tridosil,train
142,69,2.0579710144927534,221.5054092671974,67.90766548911057,2114.461076732232,0.13533374157991426,True,data/metadata/Doctor’s Handwritten Prescription BD dataset/Training/training_words/2970.png,Tridosil,train
153,50,3.06,208.32013071895426,80.20037406385903,2661.928047092998,0.1930718954248366,True,data/metadata/Doctor’s Handwritten Prescription BD dataset/Training/training_words/2971.png,Tridosil,train
155,65,2.3846153846153846,203.2706699751861,87.15475234817222,2001.1261762488532,0.20436724565756823,True,data/metadata/Doctor’s Handwritten Prescription BD dataset/Training/training_words/2972.png,Tridosil,train
179,35,5.114285714285714,193.15291300877894,88.3554270315513,3491.9495797540017,0.25458898643256184,True,data/metadata/Doctor’s Handwritten Prescription BD dataset/Training/training_words/2973.png,Tridosil,train
165,51,3.235294117647059,198.7809863339275,86.07116634111264,2967.6663017720457,0.2326797385620915,True,data/metadata/Doctor’s Handwritten Prescription BD dataset/Training/training_words/2974.png,Tridosil,train
149,57,2.6140350877192984,212.6573648887319,75.45504245876043,2863.317902447253,0.17638054868715414,True,data/metadata/Doctor’s Handwritten Prescription BD dataset/Training/training_words/2975.png,Tridosil,train
134,39,3.4358974358974357,207.8505549177191,80.8782450659656,4099.485863720638,0.18714121699196326,True,data/metadata/Doctor’s Handwritten Prescription BD dataset/Training/training_words/2976.png,Tridosil,train
211,65,3.246153846153846,228.14166970470288,72.21910283386157,5574.177032446227,0.1040466642362377,False,data/metadata/Doctor’s Handwritten Prescription BD dataset/Training/training_words/2977.png,Tridosil,train
113,18,6.277777777777778,231.00491642084563,43.285303259732586,6169.807515355961,0.18141592920353983,True,data/metadata/Doctor’s Handwritten Prescription BD dataset/Training/training_words/2978.png,Tridosil,train
86,13,6.615384615384615,225.32737030411448,46.05870663176465,8412.785286145398,0.21377459749552774,True,data/metadata/Doctor’s Handwritten Prescription BD dataset/Training/training_words/2979.png,Tridosil,train
116,32,3.625,245.25754310344828,33.736802132116644,7214.924911517166,0.0625,True,data/metadata/Doctor’s Handwritten Prescription BD dataset/Training/training_words/2980.png,Tridosil,train
96,31,3.096774193548387,244.21975806451613,34.40103011625882,8310.578583868079,0.07358870967741936,True,data/metadata/Doctor’s Handwritten Prescription BD dataset/Training/training_words/2981.png,Tridosil,train
157,30,5.233333333333333,191.8832271762208,89.71172725691846,5808.786862843208,0.2585987261146497,True,data/metadata/Doctor’s Handwritten Prescription BD dataset/Training/training_words/2982.png,Tridosil,train
157,52,3.019230769230769,211.29593336599706,79.66670760094208,3297.289141844395,0.17993630573248406,True,data/metadata/Doctor’s Handwritten Prescription BD dataset/Training/training_words/2983.png,Tridosil,train
164,48,3.4166666666666665,216.30005081300814,84.28270341847059,8231.477388211382,0.14900914634146342,False,data/metadata/Doctor’s Handwritten Prescription BD dataset/Training/training_words/2984.png,Tridosil,train
184,54,3.4074074074074074,231.5636070853462,66.5043130285636,6348.174082566428,0.08917069243156199,False,data/metadata/Doctor’s Handwritten Prescription BD dataset/Training/training_words/2985.png,Tridosil,train
184,54,3.4074074074074074,217.37822061191628,84.09685764686415,7192.10104633422,0.14553140096618358,False,data/metadata/Doctor’s Handwritten Prescription BD dataset/Training/training_words/2986.png,Tridosil,train
216,55,3.9272727272727272,227.9307239057239,72.76160394674908,5639.088720538721,0.10496632996632997,False,data/metadata/Doctor’s Handwritten Prescription BD dataset/Training/training_words/2987.png,Tridosil,train
197,62,3.1774193548387095,230.63361716063534,68.1996519037777,5430.361224823972,0.09390862944162437,False,data/metadata/Doctor’s Handwritten Prescription BD dataset/Training/training_words/2988.png,Tridosil,train
121,41,2.951219512195122,210.51199354968756,76.03266828886336,4843.370478972023,0.1912920782100383,True,data/metadata/Doctor’s Handwritten Prescription BD dataset/Training/training_words/2989.png,Tridosil,train
206,69,2.9855072463768115,231.54073448712538,67.58927095302927,5570.5172365273675,0.09159983115238497,False,data/metadata/Doctor’s Handwritten Prescription BD dataset/Training/training_words/2990.png,Tridosil,train
186,62,3.0,231.39091224419008,67.09575950923416,5916.467132214343,0.09113770378078391,False,data/metadata/Doctor’s Handwritten Prescription BD dataset/Training/training_words/2991.png,Tridosil,train
145,44,3.2954545454545454,197.93887147335423,86.75471327739153,4641.967330214915,0.2371473354231975,True,data/metadata/Doctor’s Handwritten Prescription BD dataset/Training/training_words/2992.png,Tridosil,train
186,60,3.1,229.82428315412187,69.21017961470518,6608.463258437071,0.09883512544802868,False,data/metadata/Doctor’s Handwritten Prescription BD dataset/Training/training_words/2993.png,Tridosil,train
143,50,2.86,212.8788811188811,74.20584779988134,2918.776939331997,0.17468531468531467,True,data/metadata/Doctor’s Handwritten Prescription BD dataset/Training/training_words/2994.png,Tridosil,train
141,59,2.389830508474576,202.9186200264455,87.36240974575892,2620.100820855073,0.2047121048202909,True,data/metadata/Doctor’s Handwritten Prescription BD dataset/Training/training_words/2995.png,Tridosil,train
139,46,3.0217391304347827,208.4340006255865,81.58430708786199,4499.108897960034,0.18329684078823896,True,data/metadata/Doctor’s Handwritten Prescription BD dataset/Training/training_words/2996.png,Tridosil,train
163,32,5.09375,193.13995398773005,87.71605865874076,4310.6697837470365,0.25881901840490795,True,data/metadata/Doctor’s Handwritten Prescription BD dataset/Training/training_words/2997.png,Tridosil,train
151,46,3.282608695652174,198.3154333429312,85.88387847802467,3722.665277507064,0.2302044342067377,True,data/metadata/Doctor’s Handwritten Prescription BD dataset/Training/training_words/2998.png,Tridosil,train
137,51,2.6862745098039214,212.2994131959353,74.40515081216783,3147.2892086141123,0.18663231716044082,True,data/metadata/Doctor’s Handwritten Prescription BD dataset/Training/training_words/2999.png,Tridosil,train
136,55,2.4727272727272727,239.9592245989305,53.75810666823966,4884.097593582887,0.057754010695187166,False,data/metadata/Doctor’s Handwritten Prescription BD dataset/Training/training_words/3000.png,Trilock,train
127,26,4.884615384615385,222.32313749242883,71.45205516886485,17009.061814949073,0.145366444579043,True,data/metadata/Doctor’s Handwritten Prescription BD dataset/Training/training_words/3001.png,Trilock,train
141,33,4.2727272727272725,225.25252525252526,65.7346231429038,14561.748635787897,0.12508059316569956,True,data/metadata/Doctor’s Handwritten Prescription BD dataset/Training/training_words/3002.png,Trilock,train
96,27,3.5555555555555554,218.5655864197531,64.14032302637489,12209.36422595998,0.1693672839506173,True,data/metadata/Doctor’s Handwritten Prescription BD dataset/Training/training_words/3003.png,Trilock,train
110,60,1.8333333333333333,229.68136363636364,70.34377587392576,6373.361212121212,0.09909090909090909,False,data/metadata/Doctor’s Handwritten Prescription BD dataset/Training/training_words/3004.png,Trilock,train
153,46,3.3260869565217392,232.23671497584542,56.47735997678594,10246.5154779062,0.08553566354077863,True,data/metadata/Doctor’s Handwritten Prescription BD dataset/Training/training_words/3005.png,Trilock,train
155,30,5.166666666666667,222.95483870967743,66.59926783821943,13470.120429228813,0.13655913978494624,True,data/metadata/Doctor’s Handwritten Prescription BD dataset/Training/training_words/3006.png,Trilock,train
79,16,4.9375,216.689082278481,65.56506340293743,13059.955052775997,0.2120253164556962,True,data/metadata/Doctor’s Handwritten Prescription BD dataset/Training/training_words/3007.png,Trilock,train
95,27,3.5185185185185186,215.1625730994152,68.74403523872836,14180.183513407734,0.1750487329434698,True,data/metadata/Doctor’s Handwritten Prescription BD dataset/Training/training_words/3008.png,Trilock,train
89,22,4.045454545454546,200.09959141981614,84.09377997374293,8953.183033697433,0.24361593462717057,True,data/metadata/Doctor’s Handwritten Prescription BD dataset/Training/training_words/3009.png,Trilock,train
90,23,3.9130434782608696,220.86280193236715,63.09549175711273,14054.480676095127,0.1748792270531401,True,data/metadata/Doctor’s Handwritten Prescription BD dataset/Training/training_words/3010.png,Trilock,train
133,53,2.509433962264151,234.98524613420344,62.20226853609711,6486.546744219038,0.0763228826783941,False,data/metadata/Doctor’s Handwritten Prescription BD dataset/Training/training_words/3011.png,Trilock,train
118,28,4.214285714285714,218.94461259079904,75.35873219601906,18639.251104758194,0.162227602905569,True,data/metadata/Doctor’s Handwritten Prescription BD dataset/Training/training_words/3012.png,Trilock,train
132,54,2.4444444444444446,230.27960157126824,69.02476799127821,7175.250561167228,0.09848484848484848,False,data/metadata/Doctor’s Handwritten Prescription BD dataset/Training/training_words/3013.png,Trilock,train
114,54,2.111111111111111,230.6341780376868,68.65143258326358,6823.499213723458,0.09291747888239116,False,data/metadata/Doctor’s Handwritten Prescription BD dataset/Training/training_words/3014.png,Trilock,train
119,51,2.3333333333333335,237.22079420003294,58.41284668966667,6111.203822705553,0.06722689075630252,False,data/metadata/Doctor’s Handwritten Prescription BD dataset/Training/training_words/3015.png,Trilock,train
133,36,3.6944444444444446,232.5325814536341,57.35308847828294,9913.287652436578,0.1010860484544695,True,data/metadata/Doctor’s Handwritten Prescription BD dataset/Training/training_words/3016.png,Trilock,train
110,60,1.8333333333333333,229.68136363636364,70.34377587392576,6373.361212121212,0.09909090909090909,False,data/metadata/Doctor’s Handwritten Prescription BD dataset/Training/training_words/3017.png,Trilock,train
119,51,2.3333333333333335,237.22079420003294,58.41284668966667,6111.203822705553,0.06722689075630252,False,data/metadata/Doctor’s Handwritten Prescription BD dataset/Training/training_words/3018.png,Trilock,train
133,52,2.5576923076923075,237.28383458646616,58.23808584808158,5659.222093695778,0.06694621168305379,False,data/metadata/Doctor’s Handwritten Prescription BD dataset/Training/training_words/3019.png,Trilock,train
141,41,3.4390243902439024,230.09738799515654,67.96452488280966,7360.334544196506,0.09410136654558035,False,data/metadata/Doctor’s Handwritten Prescription BD dataset/Training/training_words/3020.png,Trilock,train
137,37,3.7027027027027026,230.13040047346615,68.05488020940918,7664.463996843559,0.0962714539356875,False,data/metadata/Doctor’s Handwritten Prescription BD dataset/Training/training_words/3021.png,Trilock,train
97,26,3.730769230769231,220.71332275971452,62.864441763256735,11038.127074134609,0.16058683584456782,True,data/metadata/Doctor’s Handwritten Prescription BD dataset/Training/training_words/3022.png,Trilock,train
109,22,4.954545454545454,227.10425354462052,54.101347211175394,8064.671308659355,0.14678899082568808,True,data/metadata/Doctor’s Handwritten Prescription BD dataset/Training/training_words/3023.png,Trilock,train
118,53,2.2264150943396226,232.6375119923249,66.42261949927843,5809.5356571794055,0.08490566037735849,False,data/metadata/Doctor’s Handwritten Prescription BD dataset/Training/training_words/3024.png,Trilock,train
133,46,2.891304347826087,234.35403726708074,63.176591023604324,6129.057208237986,0.07829355998692383,False,data/metadata/Doctor’s Handwritten Prescription BD dataset/Training/training_words/3025.png,Trilock,train
138,37,3.72972972972973,231.98511555033295,65.06870765114438,8129.370544457501,0.09106933019976499,False,data/metadata/Doctor’s Handwritten Prescription BD dataset/Training/training_words/3026.png,Trilock,train
125,48,2.6041666666666665,232.8745,64.83808615633767,6528.016828638889,0.08183333333333333,False,data/metadata/Doctor’s Handwritten Prescription BD dataset/Training/training_words/3027.png,Trilock,train
126,47,2.6808510638297873,234.1697061803445,62.305498020924176,7238.3762242485645,0.07885849375211078,False,data/metadata/Doctor’s Handwritten Prescription BD dataset/Training/training_words/3028.png,Trilock,train
113,25,4.52,219.6403539823009,73.10781612547156,19775.46686330958,0.15787610619469025,True,data/metadata/Doctor’s Handwritten Prescription BD dataset/Training/training_words/3029.png,Trilock,train
142,66,2.1515151515151514,238.7790226205719,56.62723329423645,4648.387537345284,0.061246265471617586,False,data/metadata/Doctor’s Handwritten Prescription BD dataset/Training/training_words/3030.png,Trilock,train
115,52,2.2115384615384617,238.98127090301003,55.69179686317984,5845.485114791782,0.06020066889632107,False,data/metadata/Doctor’s Handwritten Prescription BD dataset/Training/training_words/3031.png,Trilock,train
110,36,3.0555555555555554,222.67323232323233,64.69419744058487,12917.548185835629,0.13484848484848486,True,data/metadata/Doctor’s Handwritten Prescription BD dataset/Training/training_words/3032.png,Trilock,train
116,55,2.109090909090909,235.3746081504702,61.996006402021024,6100.897178683385,0.07774294670846395,False,data/metadata/Doctor’s Handwritten Prescription BD dataset/Training/training_words/3033.png,Trilock,train
134,27,4.962962962962963,223.25262576008845,69.73773640939825,16460.3608348681,0.13819789939192925,True,data/metadata/Doctor’s Handwritten Prescription BD dataset/Training/training_words/3034.png,Trilock,train
134,30,4.466666666666667,226.69925373134328,67.72195753063693,16122.170895460507,0.12462686567164179,True,data/metadata/Doctor’s Handwritten Prescription BD dataset/Training/training_words/3035.png,Trilock,train
138,27,5.111111111111111,223.04965110037574,69.79714071506444,14652.83748824828,0.14090177133655393,True,data/metadata/Doctor’s Handwritten Prescription BD dataset/Training/training_words/3036.png,Trilock,train
131,24,5.458333333333333,219.50477099236642,73.5037862495104,19186.692916431963,0.1494910941475827,True,data/metadata/Doctor’s Handwritten Prescription BD dataset/Training/training_words/3037.png,Trilock,train
145,27,5.37037037037037,223.28045977011493,69.46620787894699,15000.174929643166,0.140485312899106,True,data/metadata/Doctor’s Handwritten Prescription BD dataset/Training/training_words/3038.png,Trilock,train
115,29,3.9655172413793105,213.71634182908545,77.65873845216716,19909.380617097748,0.16911544227886058,True,data/metadata/Doctor’s Handwritten Prescription BD dataset/Training/training_words/3039.png,Trilock,train
161,74,2.175675675675676,234.92403894577808,62.389593102139685,4162.161322700776,0.07755581668625147,True,data/metadata/Doctor’s Handwritten Prescription BD dataset/Training/training_words/3040.png,Vifas,train
160,71,2.2535211267605635,244.86531690140845,38.61717801610758,4229.159770747061,0.04621478873239437,False,data/metadata/Doctor’s Handwritten Prescription BD dataset/Training/training_words/3041.png,Vifas,train
139,55,2.5272727272727273,240.902419882276,47.76188377315934,7016.436120779815,0.059777632439502945,True,data/metadata/Doctor’s Handwritten Prescription BD dataset/Training/training_words/3042.png,Vifas,train
74,24,3.0833333333333335,230.7533783783784,65.8774711475993,29923.552912392963,0.11317567567567567,True,data/metadata/Doctor’s Handwritten Prescription BD dataset/Training/training_words/3043.png,Vifas,train
147,56,2.625,223.72060252672497,76.32951284925191,7192.270529507617,0.12062682215743441,False,data/metadata/Doctor’s Handwritten Prescription BD dataset/Training/training_words/3044.png,Vifas,train
141,45,3.1333333333333333,236.7717888100867,53.832814114846,8027.954627813267,0.07659574468085106,True,data/metadata/Doctor’s Handwritten Prescription BD dataset/Training/training_words/3045.png,Vifas,train
142,58,2.4482758620689653,239.74550752792618,50.71227557121449,6891.438500181391,0.06362311801845556,True,data/metadata/Doctor’s Handwritten Prescription BD dataset/Training/training_words/3046.png,Vifas,train
149,56,2.6607142857142856,240.10726270373922,49.51040619076473,7638.264123283653,0.05980345158197507,True,data/metadata/Doctor’s Handwritten Prescription BD dataset/Training/training_words/3047.png,Vifas,train
154,40,3.85,236.73084415584415,52.01576268900197,2681.4816545528333,0.08636363636363636,False,data/metadata/Doctor’s Handwritten Prescription BD dataset/Training/training_words/3048.png,Vifas,train
135,60,2.25,239.37358024691358,50.40173858721473,8111.353553360766,0.06308641975308642,True,data/metadata/Doctor’s Handwritten Prescription BD dataset/Training/training_words/3049.png,Vifas,train
136,62,2.193548387096774,239.60246679316887,49.94084435701305,7120.47591760707,0.06392314990512334,False,data/metadata/Doctor’s Handwritten Prescription BD dataset/Training/training_words/3050.png,Vifas,train
137,59,2.3220338983050848,240.8332302362984,48.476812858584324,6814.835333415811,0.05505381665223308,False,data/metadata/Doctor’s Handwritten Prescription BD dataset/Training/training_words/3051.png,Vifas,train
160,67,2.388059701492537,242.2429104477612,43.882940304157486,5075.416509723422,0.05578358208955224,False,data/metadata/Doctor’s Handwritten Prescription BD dataset/Training/training_words/3052.png,Vifas,train
132,59,2.23728813559322,239.85066769388803,50.011340941010836,6912.454434198611,0.059322033898305086,False,data/metadata/Doctor’s Handwritten Prescription BD dataset/Training/training_words/3053.png,Vifas,train
157,54,2.9074074074074074,240.04694503420617,50.03727946862637,6454.181401472004,0.06027364944562397,True,data/metadata/Doctor’s Handwritten Prescription BD dataset/Training/training_words/3054.png,Vifas,train
189,48,3.9375,242.58752204585537,44.9367359865629,6562.5314901423535,0.04861111111111111,True,data/metadata/Doctor’s Handwritten Prescription BD dataset/Training/training_words/3055.png,Vifas,train
144,52,2.769230769230769,237.63568376068375,50.53214437917821,2253.0018696581196,0.08466880341880342,False,data/metadata/Doctor’s Handwritten Prescription BD dataset/Training/training_words/3056.png,Vifas,train
153,65,2.353846153846154,232.17878330819508,65.89297363289826,5273.745090142592,0.08748114630467571,False,data/metadata/Doctor’s Handwritten Prescription BD dataset/Training/training_words/3057.png,Vifas,train
146,58,2.5172413793103448,230.44048181388757,66.99929761794763,6624.913668861785,0.09636277751535191,False,data/metadata/Doctor’s Handwritten Prescription BD dataset/Training/training_words/3058.png,Vifas,train
146,58,2.5172413793103448,230.44048181388757,66.99929761794763,6624.913668861785,0.09636277751535191,False,data/metadata/Doctor’s Handwritten Prescription BD dataset/Training/training_words/3059.png,Vifas,train
136,63,2.1587301587301586,224.8965919701214,75.56954642532102,5586.65551362157,0.11566293183940243,True,data/metadata/Doctor’s Handwritten Prescription BD dataset/Training/training_words/3060.png,Vifas,train
138,60,2.3,231.28381642512076,65.89941192237676,6174.842026885108,0.08683574879227053,False,data/metadata/Doctor’s Handwritten Prescription BD dataset/Training/training_words/3061.png,Vifas,train
173,54,3.2037037037037037,242.2056304859773,44.43711803435202,1968.3740098021651,0.060907728537786344,False,data/metadata/Doctor’s Handwritten Prescription BD dataset/Training/training_words/3062.png,Vifas,train
163,45,3.6222222222222222,238.3940013633265,49.29354961398104,2335.8130864290465,0.08248125426039536,False,data/metadata/Doctor’s Handwritten Prescription BD dataset/Training/training_words/3063.png,Vifas,train
145,63,2.3015873015873014,233.39408866995075,63.988863358495635,5306.449698960044,0.08472906403940887,False,data/metadata/Doctor’s Handwritten Prescription BD dataset/Training/training_words/3064.png,Vifas,train
148,47,3.148936170212766,221.6588556641748,77.96882114538415,7701.431282346176,0.1286658999424957,False,data/metadata/Doctor’s Handwritten Prescription BD dataset/Training/training_words/3065.png,Vifas,train
142,52,2.730769230769231,224.26489707475622,75.56559922479832,6350.941224268689,0.11904117009750813,False,data/metadata/Doctor’s Handwritten Prescription BD dataset/Training/training_words/3066.png,Vifas,train
151,68,2.2205882352941178,234.1461823139852,63.26026463003616,5290.433969614336,0.0820997273081418,False,data/metadata/Doctor’s Handwritten Prescription BD dataset/Training/training_words/3067.png,Vifas,train
151,68,2.2205882352941178,234.1461823139852,63.26026463003616,5290.433969614336,0.0820997273081418,False,data/metadata/Doctor’s Handwritten Prescription BD dataset/Training/training_words/3068.png,Vifas,train
151,44,3.4318181818181817,236.75647200481637,51.47290802589019,2081.465984256164,0.09045755568934377,False,data/metadata/Doctor’s Handwritten Prescription BD dataset/Training/training_words/3069.png,Vifas,train
153,54,2.8333333333333335,227.15613652868555,72.30782641134925,6646.989932646988,0.10772210118615347,False,data/metadata/Doctor’s Handwritten Prescription BD dataset/Training/training_words/3070.png,Vifas,train
154,69,2.2318840579710146,235.74985883681535,60.86699121598219,4714.394315829099,0.07472237907020515,False,data/metadata/Doctor’s Handwritten Prescription BD dataset/Training/training_words/3071.png,Vifas,train
170,49,3.4693877551020407,239.98175270108044,48.11644442453007,2124.835054021609,0.07370948379351741,False,data/metadata/Doctor’s Handwritten Prescription BD dataset/Training/training_words/3072.png,Vifas,train
164,67,2.4477611940298507,229.01292318893337,69.96860818088768,5221.755827177983,0.09892610120131053,True,data/metadata/Doctor’s Handwritten Prescription BD dataset/Training/training_words/3073.png,Vifas,train
137,67,2.044776119402985,241.12517703453534,47.874974683620756,6580.719229526333,0.05741366161891274,False,data/metadata/Doctor’s Handwritten Prescription BD dataset/Training/training_words/3074.png,Vifas,train
113,46,2.4565217391304346,233.49557522123894,57.823315882139056,10620.485922827333,0.08849557522123894,True,data/metadata/Doctor’s Handwritten Prescription BD dataset/Training/training_words/3075.png,Vifas,train
117,54,2.1666666666666665,236.30674264007598,54.53773844749451,9183.332048897111,0.07771446660335549,True,data/metadata/Doctor’s Handwritten Prescription BD dataset/Training/training_words/3076.png,Vifas,train
134,59,2.2711864406779663,240.74298001517835,47.46532111179427,7375.492906052901,0.058436630407285604,True,data/metadata/Doctor’s Handwritten Prescription BD dataset/Training/training_words/3077.png,Vifas,train
132,56,2.357142857142857,239.1525974025974,50.798739031524136,7474.0743590092725,0.0689935064935065,True,data/metadata/Doctor’s Handwritten Prescription BD dataset/Training/training_words/3078.png,Vifas,train
122,52,2.3461538461538463,238.21327238335434,50.5608931477612,8473.817501399382,0.07093316519546028,True,data/metadata/Doctor’s Handwritten Prescription BD dataset/Training/training_words/3079.png,Vifas,train
172,75,2.2933333333333334,235.28666666666666,55.23823660710516,4011.1666666666665,0.09372093023255813,False,data/metadata/Doctor’s Handwritten Prescription BD dataset/Training/training_words/3080.png,Zithrin,train
163,70,2.3285714285714287,193.10920245398773,92.58798687782259,1929.4343736793148,0.2517966695880806,True,data/metadata/Doctor’s Handwritten Prescription BD dataset/Training/training_words/3081.png,Zithrin,train
186,57,3.263157894736842,187.67666478023014,94.31750373967351,1357.4789789015545,0.27042067534427466,True,data/metadata/Doctor’s Handwritten Prescription BD dataset/Training/training_words/3082.png,Zithrin,train
159,52,3.0576923076923075,205.72738268021286,80.45117508399066,2406.024631470672,0.20815191098209967,True,data/metadata/Doctor’s Handwritten Prescription BD dataset/Training/training_words/3083.png,Zithrin,train
190,72,2.638888888888889,234.25504385964913,57.121091464156706,4203.687134310557,0.1,False,data/metadata/Doctor’s Handwritten Prescription BD dataset/Training/training_words/3084.png,Zithrin,train
151,54,2.7962962962962963,179.7862398822664,96.44109863550601,1569.3765838038412,0.3103998037772872,True,data/metadata/Doctor’s Handwritten Prescription BD dataset/Training/training_words/3085.png,Zithrin,train
176,68,2.588235294117647,185.48178475935828,96.38370376448546,1083.4658221556504,0.2797459893048128,True,data/metadata/Doctor’s Handwritten Prescription BD dataset/Training/training_words/3086.png,Zithrin,train
143,58,2.4655172413793105,180.67795997106342,97.68548964301505,1940.4631016439553,0.30166385338799134,True,data/metadata/Doctor’s Handwritten Prescription BD dataset/Training/training_words/3087.png,Zithrin,train
138,43,3.2093023255813953,174.20660599932592,97.74445015655856,2698.3605342681417,0.3279406808223795,True,data/metadata/Doctor’s Handwritten Prescription BD dataset/Training/training_words/3088.png,Zithrin,train
137,46,2.9782608695652173,194.85036496350364,88.30793463380971,2658.9099583373663,0.24373214852427802,True,data/metadata/Doctor’s Handwritten Prescription BD dataset/Training/training_words/3089.png,Zithrin,train
155,40,3.875,193.9017741935484,91.3650540065863,2295.3999387096774,0.2414516129032258,True,data/metadata/Doctor’s Handwritten Prescription BD dataset/Training/training_words/3090.png,Zithrin,train
127,57,2.2280701754385963,186.9125569830087,95.85056205204438,2117.8008990342387,0.2721370355021412,True,data/metadata/Doctor’s Handwritten Prescription BD dataset/Training/training_words/3091.png,Zithrin,train
146,54,2.7037037037037037,182.91742770167428,98.16553754097978,2003.519192677384,0.2865296803652968,True,data/metadata/Doctor’s Handwritten Prescription BD dataset/Training/training_words/3092.png,Zithrin,train
153,47,3.25531914893617,186.24280350438048,94.97113868589749,2512.898672011966,0.27701293283270756,True,data/metadata/Doctor’s Handwritten Prescription BD dataset/Training/training_words/3093.png,Zithrin,train
125,45,2.7777777777777777,179.4823111111111,96.48539738906314,2703.541714362469,0.31093333333333334,True,data/metadata/Doctor’s Handwritten Prescription BD dataset/Training/training_words/3094.png,Zithrin,train
147,57,2.5789473684210527,186.07721685165293,95.94064247849136,1803.4245485616018,0.28452082587420935,True,data/metadata/Doctor’s Handwritten Prescription BD dataset/Training/training_words/3095.png,Zithrin,train
157,40,3.925,183.28487261146498,93.501843848179,2601.1558762779423,0.2945859872611465,True,data/metadata/Doctor’s Handwritten Prescription BD dataset/Training/training_words/3096.png,Zithrin,train
174,60,2.9,229.69166666666666,61.27900398197566,5428.668199233716,0.12136015325670498,False,data/metadata/Doctor’s Handwritten Prescription BD dataset/Training/training_words/3097.png,Zithrin,train
118,25,4.72,223.11796610169492,51.90799862532736,5603.68639080724,0.1423728813559322,True,data/metadata/Doctor’s Handwritten Prescription BD dataset/Training/training_words/3098.png,Zithrin,train
124,23,5.391304347826087,227.9077840112202,49.28569269703492,6005.911648330249,0.1276297335203366,True,data/metadata/Doctor’s Handwritten Prescription BD dataset/Training/training_words/3099.png,Zithrin,train
124,24,5.166666666666667,229.72177419354838,48.686695971221674,5785.9916532077405,0.12903225806451613,True,data/metadata/Doctor’s Handwritten Prescription BD dataset/Training/training_words/3100.png,Zithrin,train
117,23,5.086956521739131,228.76848755109626,49.17736791028521,6308.859407350512,0.14121144555927165,True,data/metadata/Doctor’s Handwritten Prescription BD dataset/Training/training_words/3101.png,Zithrin,train
159,41,3.8780487804878048,171.9453903973002,96.81382699572478,3081.2493230814966,0.3456051541647492,True,data/metadata/Doctor’s Handwritten Prescription BD dataset/Training/training_words/3102.png,Zithrin,train
130,57,2.280701754385965,208.16666666666666,81.04866431597999,1789.4410244754417,0.19487179487179487,True,data/metadata/Doctor’s Handwritten Prescription BD dataset/Training/training_words/3103.png,Zithrin,train
93,21,4.428571428571429,228.03533026113672,54.69631545008913,9980.208229805969,0.15104966717869944,True,data/metadata/Doctor’s Handwritten Prescription BD dataset/Training/training_words/3104.png,Zithrin,train
213,84,2.5357142857142856,243.0050301810865,43.96258008531647,2563.6028392577687,0.055387882852671586,False,data/metadata/Doctor’s Handwritten Prescription BD dataset/Training/training_words/3105.png,Zithrin,train
193,76,2.539473684210526,236.68277883828742,53.6347008994519,3805.2654758658305,0.08685574038723752,False,data/metadata/Doctor’s Handwritten Prescription BD dataset/Training/training_words/3106.png,Zithrin,train
181,61,2.9672131147540983,233.55293904537632,57.14788803997396,4546.060782151443,0.10180237297346255,False,data/metadata/Doctor’s Handwritten Prescription BD dataset/Training/training_words/3107.png,Zithrin,train
170,80,2.125,238.25882352941176,50.989542570581015,3728.2873529411763,0.07919117647058824,False,data/metadata/Doctor’s Handwritten Prescription BD dataset/Training/training_words/3108.png,Zithrin,train
184,58,3.1724137931034484,202.4113568215892,85.17496111802686,1151.1432625522182,0.210832083958021,True,data/metadata/Doctor’s Handwritten Prescription BD dataset/Training/training_words/3109.png,Zithrin,train
184,60,3.066666666666667,232.01458333333332,58.89077233584135,4654.577304851593,0.1105072463768116,False,data/metadata/Doctor’s Handwritten Prescription BD dataset/Training/training_words/3110.png,Zithrin,train
168,82,2.048780487804878,238.59995644599303,50.58744940936347,3504.954994192799,0.0779616724738676,False,data/metadata/Doctor’s Handwritten Prescription BD dataset/Training/training_words/3111.png,Zithrin,train
140,62,2.2580645161290325,203.68467741935484,85.52765605083727,1697.7430035544396,0.2120967741935484,True,data/metadata/Doctor’s Handwritten Prescription BD dataset/Training/training_words/3112.png,Zithrin,train
172,59,2.9152542372881354,230.59568387859676,60.63514184677939,5098.65490737091,0.1175601103665747,False,data/metadata/Doctor’s Handwritten Prescription BD dataset/Training/training_words/3113.png,Zithrin,train
146,51,2.8627450980392157,183.60703733548215,96.13742387631058,1818.328948805651,0.2886113349449369,True,data/metadata/Doctor’s Handwritten Prescription BD dataset/Training/training_words/3114.png,Zithrin,train
137,70,1.957142857142857,190.32659019812306,94.795463432226,1823.0298469143106,0.26329509906152243,True,data/metadata/Doctor’s Handwritten Prescription BD dataset/Training/training_words/3115.png,Zithrin,train
184,58,3.1724137931034484,202.4113568215892,85.17496111802686,1151.1432625522182,0.210832083958021,True,data/metadata/Doctor’s Handwritten Prescription BD dataset/Training/training_words/3116.png,Zithrin,train
165,46,3.5869565217391304,186.74874835309618,92.17516968006082,1798.1237916369398,0.27786561264822135,True,data/metadata/Doctor’s Handwritten Prescription BD dataset/Training/training_words/3117.png,Zithrin,train
186,45,4.133333333333334,190.6805256869773,92.78819274426219,1440.4456577581939,0.26045400238948624,True,data/metadata/Doctor’s Handwritten Prescription BD dataset/Training/training_words/3118.png,Zithrin,train
152,69,2.2028985507246377,187.26334858886347,95.77163468292468,1276.0172065357758,0.2725972540045767,True,data/metadata/Doctor’s Handwritten Prescription BD dataset/Training/training_words/3119.png,Zithrin,train
216,69,3.130434782608696,233.77569779924852,62.4549785015023,3803.9649758454107,0.0855475040257649,False,data/metadata/Doctor’s Handwritten Prescription BD dataset/Validation/validation_words/0.png,Aceta,validation
283,143,1.979020979020979,224.3903728780054,80.39760083179162,7263.128369707039,0.12362549111665719,False,data/metadata/Doctor’s Handwritten Prescription BD dataset/Validation/validation_words/1.png,Aceta,validation
200,77,2.5974025974025974,244.0342207792208,44.37158252115622,2843.878181818182,0.04493506493506493,False,data/metadata/Doctor’s Handwritten Prescription BD dataset/Validation/validation_words/2.png,Aceta,validation
194,78,2.4871794871794872,243.96358710018504,45.17211989827827,2478.3047845625165,0.045400475812846945,False,data/metadata/Doctor’s Handwritten Prescription BD dataset/Validation/validation_words/3.png,Aceta,validation
183,85,2.152941176470588,241.60289296046287,49.83775803537637,2927.148826743812,0.05503053680488589,False,data/metadata/Doctor’s Handwritten Prescription BD dataset/Validation/validation_words/4.png,Aceta,validation
193,81,2.382716049382716,243.5462803044841,45.70816286099116,2488.6075609288046,0.04823130557154737,False,data/metadata/Doctor’s Handwritten Prescription BD dataset/Validation/validation_words/5.png,Aceta,validation
193,75,2.5733333333333333,238.77927461139896,54.874310005778234,3213.016373056995,0.06687392055267703,False,data/metadata/Doctor’s Handwritten Prescription BD dataset/Validation/validation_words/6.png,Aceta,validation
162,69,2.347826086956522,235.387457505815,59.45671380110349,3946.7933440687066,0.08132045088566828,False,data/metadata/Doctor’s Handwritten Prescription BD dataset/Validation/validation_words/7.png,Aceta,validation
184,80,2.3,238.75326086956522,55.70276796472458,3119.1271739130434,0.06610054347826087,False,data/metadata/Doctor’s Handwritten Prescription BD dataset/Validation/validation_words/8.png,Aceta,validation
181,61,2.9672131147540983,232.94592881079612,64.03233627406387,4161.422878362468,0.08712978896839055,False,data/metadata/Doctor’s Handwritten Prescription BD dataset/Validation/validation_words/9.png,Aceta,validation
76,30,2.533333333333333,221.11271929824562,48.69458177620795,4946.236657240689,0.12149122807017544,True,data/metadata/Doctor’s Handwritten Prescription BD dataset/Validation/validation_words/10.png,Ace,validation
253,90,2.811111111111111,229.66385595081246,66.13789548254641,6171.753008344313,0.07900746596398771,False,data/metadata/Doctor’s Handwritten Prescription BD dataset/Validation/validation_words/11.png,Ace,validation
84,35,2.4,232.41122448979593,40.40397968877696,3751.8361667592203,0.07551020408163266,False,data/metadata/Doctor’s Handwritten Prescription BD dataset/Validation/validation_words/12.png,Ace,validation
78,29,2.689655172413793,229.3921308576481,49.05821790936403,4447.920129874191,0.10698496905393456,False,data/metadata/Doctor’s Handwritten Prescription BD dataset/Validation/validation_words/13.png,Ace,validation
96,32,3.0,235.05859375,52.24042804170726,11305.954190466138,0.08138020833333333,True,data/metadata/Doctor’s Handwritten Prescription BD dataset/Validation/validation_words/14.png,Ace,validation
72,33,2.1818181818181817,231.9486531986532,46.07085258362478,6572.4561240916455,0.10227272727272728,False,data/metadata/Doctor’s Handwritten Prescription BD dataset/Validation/validation_words/15.png,Ace,validation
62,30,2.066666666666667,234.71827956989247,42.508749121549435,3710.295260723783,0.13010752688172042,True,data/metadata/Doctor’s Handwritten Prescription BD dataset/Validation/validation_words/16.png,Ace,validation
48,23,2.0869565217391304,230.82246376811594,53.30294539828681,11419.260632449854,0.12771739130434784,True,data/metadata/Doctor’s Handwritten Prescription BD dataset/Validation/validation_words/17.png,Ace,validation
59,27,2.185185185185185,234.03264281230383,54.19820349541506,13059.93897343565,0.1029504080351538,True,data/metadata/Doctor’s Handwritten Prescription BD dataset/Validation/validation_words/18.png,Ace,validation
55,20,2.75,225.53545454545454,66.11452609795388,16898.808327272727,0.12545454545454546,True,data/metadata/Doctor’s Handwritten Prescription BD dataset/Validation/validation_words/19.png,Ace,validation
84,23,3.652173913043478,228.58281573498965,62.01558338472538,27566.35963413406,0.12422360248447205,True,data/metadata/Doctor’s Handwritten Prescription BD dataset/Validation/validation_words/20.png,Alatrol,validation
112,22,5.090909090909091,220.82305194805195,84.56690382090648,37783.33704945369,0.1359577922077922,False,data/metadata/Doctor’s Handwritten Prescription BD dataset/Validation/validation_words/21.png,Alatrol,validation
79,26,3.0384615384615383,226.90652385589095,60.31598897544372,15795.125866454795,0.14459591041869524,True,data/metadata/Doctor’s Handwritten Prescription BD dataset/Validation/validation_words/22.png,Alatrol,validation
81,32,2.53125,226.44251543209876,67.05573804057659,22687.543787240655,0.13618827160493827,True,data/metadata/Doctor’s Handwritten Prescription BD dataset/Validation/validation_words/23.png,Alatrol,validation
83,38,2.1842105263157894,228.76696258719087,63.14240359487417,22407.814453488623,0.13379835129993659,True,data/metadata/Doctor’s Handwritten Prescription BD dataset/Validation/validation_words/24.png,Alatrol,validation
88,30,2.933333333333333,228.23712121212122,64.75652407205314,23692.912647928144,0.13106060606060607,True,data/metadata/Doctor’s Handwritten Prescription BD dataset/Validation/validation_words/25.png,Alatrol,validation
86,30,2.8666666666666667,225.9922480620155,66.26500077344267,31272.50898443603,0.14069767441860465,True,data/metadata/Doctor’s Handwritten Prescription BD dataset/Validation/validation_words/26.png,Alatrol,validation
96,37,2.5945945945945947,230.27393018018017,61.52743397197144,26815.815264588913,0.12190315315315316,True,data/metadata/Doctor’s Handwritten Prescription BD dataset/Validation/validation_words/27.png,Alatrol,validation
106,20,5.3,231.45518867924528,60.976401803084386,27012.84650320399,0.11320754716981132,True,data/metadata/Doctor’s Handwritten Prescription BD dataset/Validation/validation_words/28.png,Alatrol,validation
96,23,4.173913043478261,229.97826086956522,56.38794260201794,19209.186987207257,0.13677536231884058,True,data/metadata/Doctor’s Handwritten Prescription BD dataset/Validation/validation_words/29.png,Alatrol,validation
271,92,2.9456521739130435,234.9941440718755,62.056734606363165,2440.292154660677,0.08126103000160437,False,data/metadata/Doctor’s Handwritten Prescription BD dataset/Validation/validation_words/30.png,Amodis,validation
171,49,3.489795918367347,224.6512710347297,66.09307398063001,15930.755848270133,0.09631220909416398,True,data/metadata/Doctor’s Handwritten Prescription BD dataset/Validation/validation_words/31.png,Amodis,validation
295,111,2.6576576576576576,241.36149030386318,51.75842910714574,1684.0505115284777,0.05509238051610933,False,data/metadata/Doctor’s Handwritten Prescription BD dataset/Validation/validation_words/32.png,Amodis,validation
283,95,2.9789473684210526,236.2638274130556,60.461035018598125,2007.577013204389,0.07390738329923749,False,data/metadata/Doctor’s Handwritten Prescription BD dataset/Validation/validation_words/33.png,Amodis,validation
229,80,2.8625,228.7495633187773,70.02283976909933,3060.074563318777,0.10562227074235808,False,data/metadata/Doctor’s Handwritten Prescription BD dataset/Validation/validation_words/34.png,Amodis,validation
250,84,2.9761904761904763,229.28804761904763,70.09113611507874,2716.2469523809523,0.10366666666666667,False,data/metadata/Doctor’s Handwritten Prescription BD dataset/Validation/validation_words/35.png,Amodis,validation
236,66,3.5757575757575757,221.8177324088341,78.1780754143699,3854.518361433536,0.13392398561890087,False,data/metadata/Doctor’s Handwritten Prescription BD dataset/Validation/validation_words/36.png,Amodis,validation
250,82,3.048780487804878,229.9081463414634,69.02177247144944,2724.3424390243904,0.09917073170731708,False,data/metadata/Doctor’s Handwritten Prescription BD dataset/Validation/validation_words/37.png,Amodis,validation
295,85,3.4705882352941178,236.05463609172483,61.0760162964338,2262.091326021934,0.07533399800598205,False,data/metadata/Doctor’s Handwritten Prescription BD dataset/Validation/validation_words/38.png,Amodis,validation
245,63,3.888888888888889,225.3763524457402,73.08779938157517,4042.091077554505,0.11810819565921607,False,data/metadata/Doctor’s Handwritten Prescription BD dataset/Validation/validation_words/39.png,Amodis,validation
94,33,2.8484848484848486,223.15570599613153,69.75954786071755,15311.460904364441,0.11347517730496454,False,data/metadata/Doctor’s Handwritten Prescription BD dataset/Validation/validation_words/40.png,Atrizin,validation
129,22,5.863636363636363,189.37315010570825,104.13938698585328,24628.854372427755,0.2596899224806202,True,data/metadata/Doctor’s Handwritten Prescription BD dataset/Validation/validation_words/41.png,Atrizin,validation
110,29,3.793103448275862,235.34294670846396,59.2663686271656,16611.056590344044,0.07899686520376176,False,data/metadata/Doctor’s Handwritten Prescription BD dataset/Validation/validation_words/42.png,Atrizin,validation
86,28,3.0714285714285716,231.30606312292358,60.853295046824016,23266.97221315852,0.11004983388704319,True,data/metadata/Doctor’s Handwritten Prescription BD dataset/Validation/validation_words/43.png,Atrizin,validation
94,35,2.6857142857142855,236.05562310030396,57.65730648562327,28511.184845021755,0.08693009118541034,True,data/metadata/Doctor’s Handwritten Prescription BD dataset/Validation/validation_words/44.png,Atrizin,validation
82,28,2.9285714285714284,228.56228222996515,67.06559498231188,35087.839714425325,0.11454703832752614,True,data/metadata/Doctor’s Handwritten Prescription BD dataset/Validation/validation_words/45.png,Atrizin,validation
93,41,2.268292682926829,239.91555205874639,51.11462260498526,24113.197787408448,0.06923682140047208,True,data/metadata/Doctor’s Handwritten Prescription BD dataset/Validation/validation_words/46.png,Atrizin,validation
94,40,2.35,237.99840425531914,52.0775710043097,16666.260140334995,0.08138297872340426,True,data/metadata/Doctor’s Handwritten Prescription BD dataset/Validation/validation_words/47.png,Atrizin,validation
95,26,3.6538461538461537,232.54655870445345,62.76406610657374,29045.980192430627,0.09838056680161944,True,data/metadata/Doctor’s Handwritten Prescription BD dataset/Validation/validation_words/48.png,Atrizin,validation
106,38,2.789473684210526,235.75173783515393,58.74386388086177,22327.569159071703,0.08862959285004965,True,data/metadata/Doctor’s Handwritten Prescription BD dataset/Validation/validation_words/49.png,Atrizin,validation
226,102,2.215686274509804,234.2417577650529,63.72951341350868,2603.4472496963385,0.08324657296546938,False,data/metadata/Doctor’s Handwritten Prescription BD dataset/Validation/validation_words/50.png,Axodin,validation
65,19,3.4210526315789473,213.25506072874495,64.25053855928567,9460.94037666574,0.22995951417004049,True,data/metadata/Doctor’s Handwritten Prescription BD dataset/Validation/validation_words/51.png,Axodin,validation
216,81,2.6666666666666665,229.053040695016,70.18095396633457,3150.0278920896203,0.1031092821216278,False,data/metadata/Doctor’s Handwritten Prescription BD dataset/Validation/validation_words/52.png,Axodin,validation
220,91,2.4175824175824174,231.25564435564436,67.75793269548758,2899.3673326673324,0.09410589410589411,False,data/metadata/Doctor’s Handwritten Prescription BD dataset/Validation/validation_words/53.png,Axodin,validation
246,85,2.8941176470588235,232.46489717838355,66.1615003522681,2853.1999043519845,0.08766140602582496,False,data/metadata/Doctor’s Handwritten Prescription BD dataset/Validation/validation_words/54.png,Axodin,validation
231,74,3.1216216216216215,230.83660933660934,67.76979917163318,3909.760383760384,0.09740259740259741,False,data/metadata/Doctor’s Handwritten Prescription BD dataset/Validation/validation_words/55.png,Axodin,validation
214,77,2.779220779220779,231.8374802767326,66.62863112436577,3791.602621677388,0.09018084719019298,False,data/metadata/Doctor’s Handwritten Prescription BD dataset/Validation/validation_words/56.png,Axodin,validation
235,66,3.5606060606060606,227.98542875564152,71.13640274441619,3752.4250161186333,0.10818826563507415,False,data/metadata/Doctor’s Handwritten Prescription BD dataset/Validation/validation_words/57.png,Axodin,validation
249,79,3.151898734177215,232.00604951451376,66.11969029856822,3078.429363021707,0.08926846627014387,False,data/metadata/Doctor’s Handwritten Prescription BD dataset/Validation/validation_words/58.png,Axodin,validation
216,75,2.88,225.44314814814814,74.02441607520014,3859.5007407407406,0.11580246913580247,False,data/metadata/Doctor’s Handwritten Prescription BD dataset/Validation/validation_words/59.png,Axodin,validation
238,78,3.051282051282051,229.26879982762335,70.5595814165133,5178.897220426632,0.0989010989010989,False,data/metadata/Doctor’s Handwritten Prescription BD dataset/Validation/validation_words/60.png,Azithrocin,validation
136,24,5.666666666666667,203.81372549019608,82.85717532469586,8238.6140065382,0.22028186274509803,True,data/metadata/Doctor’s Handwritten Prescription BD dataset/Validation/validation_words/61.png,Azithrocin,validation
248,75,3.3066666666666666,229.20182795698923,70.69617194616247,5183.346559139785,0.0996236559139785,False,data/metadata/Doctor’s Handwritten Prescription BD dataset/Validation/validation_words/62.png,Azithrocin,validation
284,78,3.641025641025641,232.65705128205127,66.54183700216629,4245.67849404117,0.08604189237992055,False,data/metadata/Doctor’s Handwritten Prescription BD dataset/Validation/validation_words/63.png,Azithrocin,validation
261,74,3.527027027027027,229.3149528839184,70.24029494488657,5241.534327430879,0.09842601221911566,False,data/metadata/Doctor’s Handwritten Prescription BD dataset/Validation/validation_words/64.png,Azithrocin,validation
284,78,3.641025641025641,232.65705128205127,66.54183700216629,4245.67849404117,0.08604189237992055,False,data/metadata/Doctor’s Handwritten Prescription BD dataset/Validation/validation_words/65.png,Azithrocin,validation
268,84,3.1904761904761907,229.8537224591329,69.60674173163402,4741.076000592071,0.09768123667377399,False,data/metadata/Doctor’s Handwritten Prescription BD dataset/Validation/validation_words/66.png,Azithrocin,validation
268,84,3.1904761904761907,229.8537224591329,69.60674173163402,4741.076000592071,0.09768123667377399,False,data/metadata/Doctor’s Handwritten Prescription BD dataset/Validation/validation_words/67.png,Azithrocin,validation
277,70,3.9571428571428573,232.54053635894792,66.04767670137534,4756.238576585869,0.08638473439917484,False,data/metadata/Doctor’s Handwritten Prescription BD dataset/Validation/validation_words/68.png,Azithrocin,validation
252,85,2.9647058823529413,234.69957983193277,63.28791302029149,3939.8424836601307,0.07880485527544351,False,data/metadata/Doctor’s Handwritten Prescription BD dataset/Validation/validation_words/69.png,Azithrocin,validation
78,17,4.588235294117647,220.6681749622926,59.074575136765034,12574.691703122831,0.1907993966817496,True,data/metadata/Doctor’s Handwritten Prescription BD dataset/Validation/validation_words/70.png,Azyth,validation
58,22,2.6363636363636362,214.95689655172413,65.74321084482253,10577.19076746003,0.21473354231974923,True,data/metadata/Doctor’s Handwritten Prescription BD dataset/Validation/validation_words/71.png,Azyth,validation
84,37,2.27027027027027,235.91924066924068,45.909957230552834,6159.506713587553,0.11486486486486487,True,data/metadata/Doctor’s Handwritten Prescription BD dataset/Validation/validation_words/72.png,Azyth,validation
155,64,2.421875,226.7976814516129,73.5043043414541,6825.921774193548,0.11078629032258064,False,data/metadata/Doctor’s Handwritten Prescription BD dataset/Validation/validation_words/73.png,Azyth,validation
181,74,2.445945945945946,236.37277885620426,60.072573024652634,4844.311781394655,0.07070329998506794,False,data/metadata/Doctor’s Handwritten Prescription BD dataset/Validation/validation_words/74.png,Azyth,validation
162,61,2.6557377049180326,228.3188625784254,71.55885500206226,6445.995749848209,0.10352155434122647,False,data/metadata/Doctor’s Handwritten Prescription BD dataset/Validation/validation_words/75.png,Azyth,validation
177,88,2.0113636363636362,236.10458397534669,61.24846183864883,4564.247175141243,0.07145608628659476,False,data/metadata/Doctor’s Handwritten Prescription BD dataset/Validation/validation_words/76.png,Azyth,validation
168,83,2.0240963855421685,239.30522088353413,56.3324508743306,3197.830034423408,0.05952380952380952,False,data/metadata/Doctor’s Handwritten Prescription BD dataset/Validation/validation_words/77.png,Azyth,validation
174,76,2.289473684210526,237.012628554144,59.88511567054143,4317.152450090744,0.07047791893526921,False,data/metadata/Doctor’s Handwritten Prescription BD dataset/Validation/validation_words/78.png,Azyth,validation
156,63,2.4761904761904763,230.54741554741554,68.27181103177425,5687.279202279202,0.0927960927960928,False,data/metadata/Doctor’s Handwritten Prescription BD dataset/Validation/validation_words/79.png,Azyth,validation
88,54,1.6296296296296295,239.74031986531986,49.59006947434211,2759.675925925926,0.07112794612794612,False,data/metadata/Doctor’s Handwritten Prescription BD dataset/Validation/validation_words/80.png,Az,validation
63,30,2.1,220.07777777777778,83.38123565019765,16783.422576355646,0.1380952380952381,False,data/metadata/Doctor’s Handwritten Prescription BD dataset/Validation/validation_words/81.png,Az,validation
108,51,2.1176470588235294,242.86129266521422,44.35188897719416,2337.8304284676833,0.057915758896151054,False,data/metadata/Doctor’s Handwritten Prescription BD dataset/Validation/validation_words/82.png,Az,validation
96,42,2.2857142857142856,236.56076388888889,53.79604227908094,3823.004464285714,0.08978174603174603,False,data/metadata/Doctor’s Handwritten Prescription BD dataset/Validation/validation_words/83.png,Az,validation
96,45,2.1333333333333333,236.62037037037038,54.48431945550474,3312.997685185185,0.08564814814814815,False,data/metadata/Doctor’s Handwritten Prescription BD dataset/Validation/validation_words/84.png,Az,validation
84,50,1.68,239.05357142857142,51.04775296213334,2837.0876190476192,0.07666666666666666,False,data/metadata/Doctor’s Handwritten Prescription BD dataset/Validation/validation_words/85.png,Az,validation
104,50,2.08,237.06903846153847,54.2868666210989,3062.028963572485,0.08538461538461538,False,data/metadata/Doctor’s Handwritten Prescription BD dataset/Validation/validation_words/86.png,Az,validation
85,50,1.7,232.37411764705882,60.489515188591696,4034.2762352941177,0.10564705882352941,False,data/metadata/Doctor’s Handwritten Prescription BD dataset/Validation/validation_words/87.png,Az,validation
106,51,2.0784313725490198,236.57325194228636,55.06608630489372,2950.644827981242,0.08601553829078801,False,data/metadata/Doctor’s Handwritten Prescription BD dataset/Validation/validation_words/88.png,Az,validation
106,49,2.163265306122449,225.9614940315749,66.41170162108187,4112.143242202542,0.13380824027724297,False,data/metadata/Doctor’s Handwritten Prescription BD dataset/Validation/validation_words/89.png,Az,validation
348,101,3.4455445544554455,241.47465005121202,47.279173011711215,593.6054079832143,0.0635598042562877,False,data/metadata/Doctor’s Handwritten Prescription BD dataset/Validation/validation_words/90.png,Bacaid,validation
240,73,3.287671232876712,220.95342465753424,78.294256743114,5982.705208577673,0.1329337899543379,False,data/metadata/Doctor’s Handwritten Prescription BD dataset/Validation/validation_words/91.png,Bacaid,validation
286,86,3.3255813953488373,234.4894291754757,57.14574250091494,859.2860984311482,0.09741421369328346,True,data/metadata/Doctor’s Handwritten Prescription BD dataset/Validation/validation_words/92.png,Bacaid,validation
295,83,3.5542168674698793,235.45150091892995,54.71163667781968,643.8775209486965,0.09467020624872372,True,data/metadata/Doctor’s Handwritten Prescription BD dataset/Validation/validation_words/93.png,Bacaid,validation
187,87,2.1494252873563218,230.15803061036326,67.74009380540583,5444.500238058841,0.09693281701395291,False,data/metadata/Doctor’s Handwritten Prescription BD dataset/Validation/validation_words/94.png,Bacaid,validation
268,95,2.8210526315789473,235.88703849175178,54.89743315166822,686.9317360565593,0.09159465828750982,False,data/metadata/Doctor’s Handwritten Prescription BD dataset/Validation/validation_words/95.png,Bacaid,validation
224,75,2.986666666666667,229.41107142857143,67.51998167240951,5802.813809523809,0.10035714285714285,False,data/metadata/Doctor’s Handwritten Prescription BD dataset/Validation/validation_words/96.png,Bacaid,validation
190,82,2.317073170731707,226.00462130937098,71.71808292858633,6805.884990446426,0.11059050064184853,False,data/metadata/Doctor’s Handwritten Prescription BD dataset/Validation/validation_words/97.png,Bacaid,validation
182,76,2.3947368421052633,223.16461827646037,75.41117680653882,6904.573019086177,0.12406015037593984,False,data/metadata/Doctor’s Handwritten Prescription BD dataset/Validation/validation_words/98.png,Bacaid,validation
170,75,2.2666666666666666,221.37756862745098,76.29322195609103,7768.385568627451,0.13192156862745097,False,data/metadata/Doctor’s Handwritten Prescription BD dataset/Validation/validation_words/99.png,Bacaid,validation
177,61,2.901639344262295,228.8205056960267,69.9450373274531,8138.2430193541395,0.10428822821154024,False,data/metadata/Doctor’s Handwritten Prescription BD dataset/Validation/validation_words/100.png,Backtone,validation
254,83,3.0602409638554215,232.50464851532112,65.81884380200668,5482.037188122569,0.08780001897353193,False,data/metadata/Doctor’s Handwritten Prescription BD dataset/Validation/validation_words/101.png,Backtone,validation
182,46,3.9565217391304346,224.41292403248926,74.00938358270447,11618.586561075197,0.12111801242236025,True,data/metadata/Doctor’s Handwritten Prescription BD dataset/Validation/validation_words/102.png,Backtone,validation
176,42,4.190476190476191,220.1750541125541,78.2890131021454,12048.752582571426,0.13717532467532467,True,data/metadata/Doctor’s Handwritten Prescription BD dataset/Validation/validation_words/103.png,Backtone,validation
234,62,3.774193548387097,234.22332506203475,62.65048958502986,4805.043562172595,0.08133443617314585,False,data/metadata/Doctor’s Handwritten Prescription BD dataset/Validation/validation_words/104.png,Backtone,validation
185,59,3.135593220338983,232.04892349977095,65.11220230594064,8330.466330737518,0.08960146587265232,False,data/metadata/Doctor’s Handwritten Prescription BD dataset/Validation/validation_words/105.png,Backtone,validation
239,68,3.514705882352941,235.5060300270736,61.06995299502654,4055.6071858385485,0.07543686930839281,False,data/metadata/Doctor’s Handwritten Prescription BD dataset/Validation/validation_words/106.png,Backtone,validation
257,50,5.14,229.0513618677043,68.88107503621961,6278.64466887311,0.10194552529182879,False,data/metadata/Doctor’s Handwritten Prescription BD dataset/Validation/validation_words/107.png,Backtone,validation
263,52,5.0576923076923075,229.00614214682656,69.30542963631119,5788.0367764185075,0.09783562445159404,False,data/metadata/Doctor’s Handwritten Prescription BD dataset/Validation/validation_words/108.png,Backtone,validation
271,68,3.985294117647059,232.3087149989147,65.15082046638881,5183.058389407423,0.08883221185153028,False,data/metadata/Doctor’s Handwritten Prescription BD dataset/Validation/validation_words/109.png,Backtone,validation
158,49,3.2244897959183674,227.15926117282356,71.60329861743583,9708.883490235103,0.10991991733402222,False,data/metadata/Doctor’s Handwritten Prescription BD dataset/Validation/validation_words/110.png,Baclofen,validation
119,24,4.958333333333333,221.6502100840336,61.89302904830068,8354.149206618922,0.17752100840336135,True,data/metadata/Doctor’s Handwritten Prescription BD dataset/Validation/validation_words/111.png,Baclofen,validation
164,58,2.8275862068965516,231.81896551724137,65.96878344215035,7968.8084524810765,0.09156854499579478,False,data/metadata/Doctor’s Handwritten Prescription BD dataset/Validation/validation_words/112.png,Baclofen,validation
168,51,3.2941176470588234,231.0655929038282,66.87298182054519,8559.527544351075,0.09407096171802054,False,data/metadata/Doctor’s Handwritten Prescription BD dataset/Validation/validation_words/113.png,Baclofen,validation
282,75,3.76,232.71333333333334,65.31713539977203,4966.7895035461,0.0866193853427896,False,data/metadata/Doctor’s Handwritten Prescription BD dataset/Validation/validation_words/114.png,Baclofen,validation
170,49,3.4693877551020407,228.12665066026412,69.92374631086116,9559.120768307323,0.10636254501800721,False,data/metadata/Doctor’s Handwritten Prescription BD dataset/Validation/validation_words/115.png,Baclofen,validation
298,79,3.7721518987341773,232.9607085209413,65.11947309264443,4784.9257917952,0.08720584487299295,False,data/metadata/Doctor’s Handwritten Prescription BD dataset/Validation/validation_words/116.png,Baclofen,validation
275,79,3.481012658227848,232.1300345224396,65.61993145399062,4923.4013348676635,0.08925201380897584,False,data/metadata/Doctor’s Handwritten Prescription BD dataset/Validation/validation_words/117.png,Baclofen,validation
278,69,4.028985507246377,230.3331769367115,67.86707618985636,5449.722031070795,0.09717443436555104,False,data/metadata/Doctor’s Handwritten Prescription BD dataset/Validation/validation_words/118.png,Baclofen,validation
269,67,4.014925373134329,226.08516895078512,73.06752903926262,5651.7925983465575,0.11108028630083781,False,data/metadata/Doctor’s Handwritten Prescription BD dataset/Validation/validation_words/119.png,Baclofen,validation
130,38,3.4210526315789473,221.9935222672065,77.36409239464439,10340.032792866627,0.13016194331983805,False,data/metadata/Doctor’s Handwritten Prescription BD dataset/Validation/validation_words/120.png,Baclon,validation
180,65,2.769230769230769,231.21820512820514,67.6470907153332,4953.648972247791,0.09358974358974359,False,data/metadata/Doctor’s Handwritten Prescription BD dataset/Validation/validation_words/121.png,Baclon,validation
131,45,2.911111111111111,226.0398642917727,72.80598223131743,9541.308889277367,0.11450381679389313,False,data/metadata/Doctor’s Handwritten Prescription BD dataset/Validation/validation_words/122.png,Baclon,validation
131,45,2.911111111111111,226.0398642917727,72.80598223131743,9541.308889277367,0.11450381679389313,False,data/metadata/Doctor’s Handwritten Prescription BD dataset/Validation/validation_words/123.png,Baclon,validation
127,49,2.5918367346938775,229.61465531094328,68.79094263138396,8678.865160110994,0.09898762654668167,False,data/metadata/Doctor’s Handwritten Prescription BD dataset/Validation/validation_words/124.png,Baclon,validation
131,45,2.911111111111111,226.0398642917727,72.80598223131743,9541.308889277367,0.11450381679389313,False,data/metadata/Doctor’s Handwritten Prescription BD dataset/Validation/validation_words/125.png,Baclon,validation
127,49,2.5918367346938775,229.61465531094328,68.79094263138396,8678.865160110994,0.09898762654668167,False,data/metadata/Doctor’s Handwritten Prescription BD dataset/Validation/validation_words/126.png,Baclon,validation
127,49,2.5918367346938775,229.61465531094328,68.79094263138396,8678.865160110994,0.09898762654668167,False,data/metadata/Doctor’s Handwritten Prescription BD dataset/Validation/validation_words/127.png,Baclon,validation
127,49,2.5918367346938775,229.61465531094328,68.79094263138396,8678.865160110994,0.09898762654668167,False,data/metadata/Doctor’s Handwritten Prescription BD dataset/Validation/validation_words/128.png,Baclon,validation
127,49,2.5918367346938775,229.61465531094328,68.79094263138396,8678.865160110994,0.09898762654668167,False,data/metadata/Doctor’s Handwritten Prescription BD dataset/Validation/validation_words/129.png,Baclon,validation
136,42,3.238095238095238,226.63042717086836,72.42367134318674,9200.850840336134,0.11116946778711484,False,data/metadata/Doctor’s Handwritten Prescription BD dataset/Validation/validation_words/130.png,Bacmax,validation
177,67,2.6417910447761193,231.02116535964245,68.69897139579506,4509.509908086685,0.09292520448604435,False,data/metadata/Doctor’s Handwritten Prescription BD dataset/Validation/validation_words/131.png,Bacmax,validation
163,50,3.26,236.07067484662576,60.16122438229199,6991.094969325153,0.07447852760736197,False,data/metadata/Doctor’s Handwritten Prescription BD dataset/Validation/validation_words/132.png,Bacmax,validation
153,46,3.3260869565217392,234.97911338448424,61.03467763546166,8065.394146064223,0.0792838874680307,False,data/metadata/Doctor’s Handwritten Prescription BD dataset/Validation/validation_words/133.png,Bacmax,validation
172,44,3.909090909090909,235.669133192389,59.76633887804245,7917.5806025369975,0.07743128964059197,False,data/metadata/Doctor’s Handwritten Prescription BD dataset/Validation/validation_words/134.png,Bacmax,validation
151,45,3.3555555555555556,232.48167770419425,64.88639811712699,8543.72715231788,0.08830022075055188,False,data/metadata/Doctor’s Handwritten Prescription BD dataset/Validation/validation_words/135.png,Bacmax,validation
155,38,4.078947368421052,228.78505942275044,68.28474523733101,10310.620033955858,0.10271646859083192,False,data/metadata/Doctor’s Handwritten Prescription BD dataset/Validation/validation_words/136.png,Bacmax,validation
164,42,3.9047619047619047,230.88675958188153,66.3450375376787,8856.547038327526,0.09596399535423926,False,data/metadata/Doctor’s Handwritten Prescription BD dataset/Validation/validation_words/137.png,Bacmax,validation
153,54,2.8333333333333335,224.85887194383926,67.67372226460758,5699.485723530532,0.14366981360445413,True,data/metadata/Doctor’s Handwritten Prescription BD dataset/Validation/validation_words/138.png,Bacmax,validation
186,47,3.9574468085106385,225.96259437199726,66.3789606079265,4945.137611517457,0.13669640814458933,False,data/metadata/Doctor’s Handwritten Prescription BD dataset/Validation/validation_words/139.png,Bacmax,validation
64,27,2.3703703703703702,221.3726851851852,75.73222804732475,38250.891307856975,0.1412037037037037,True,data/metadata/Doctor’s Handwritten Prescription BD dataset/Validation/validation_words/140.png,Beklo,validation
235,27,8.703703703703704,219.193853427896,84.22487027182846,48783.90447965394,0.13270291568163908,True,data/metadata/Doctor’s Handwritten Prescription BD dataset/Validation/validation_words/141.png,Beklo,validation
67,31,2.161290322580645,221.8960038517092,75.70510005733037,39915.107105378884,0.13818006740491093,True,data/metadata/Doctor’s Handwritten Prescription BD dataset/Validation/validation_words/142.png,Beklo,validation
115,36,3.1944444444444446,228.18864734299518,66.65260298475785,21146.3107406824,0.12053140096618357,True,data/metadata/Doctor’s Handwritten Prescription BD dataset/Validation/validation_words/143.png,Beklo,validation
81,29,2.793103448275862,220.65985525755642,74.80038776313278,28678.66838075531,0.1528309919114517,True,data/metadata/Doctor’s Handwritten Prescription BD dataset/Validation/validation_words/144.png,Beklo,validation
94,40,2.35,228.76835106382978,66.64142543081759,27832.98435689226,0.11941489361702128,True,data/metadata/Doctor’s Handwritten Prescription BD dataset/Validation/validation_words/145.png,Beklo,validation
74,29,2.5517241379310347,221.30801491146318,77.11065928561995,35548.96627896978,0.14119291705498602,False,data/metadata/Doctor’s Handwritten Prescription BD dataset/Validation/validation_words/146.png,Beklo,validation
82,29,2.8275862068965516,222.62405382674515,75.47302445066936,36889.871249702024,0.1417157275021026,True,data/metadata/Doctor’s Handwritten Prescription BD dataset/Validation/validation_words/147.png,Beklo,validation
74,29,2.5517241379310347,221.37278657968312,76.66631006597048,37638.8262531822,0.1435228331780056,True,data/metadata/Doctor’s Handwritten Prescription BD dataset/Validation/validation_words/148.png,Beklo,validation
92,25,3.68,223.61434782608697,73.77275014329548,35687.12690718336,0.13695652173913042,True,data/metadata/Doctor’s Handwritten Prescription BD dataset/Validation/validation_words/149.png,Beklo,validation
118,40,2.95,176.98474576271187,98.34581507913506,3584.1351343004885,0.3135593220338983,True,data/metadata/Doctor’s Handwritten Prescription BD dataset/Validation/validation_words/150.png,Bicozin,validation
126,23,5.478260869565218,211.53381642512076,88.091021191092,31051.60984122697,0.17598343685300208,True,data/metadata/Doctor’s Handwritten Prescription BD dataset/Validation/validation_words/151.png,Bicozin,validation
116,42,2.761904761904762,190.41830870279145,91.536861542841,4148.029818147533,0.25882594417077176,True,data/metadata/Doctor’s Handwritten Prescription BD dataset/Validation/validation_words/152.png,Bicozin,validation
167,46,3.630434782608696,214.12900286383754,75.97304325209285,2744.0150721049777,0.16753449622494143,False,data/metadata/Doctor’s Handwritten Prescription BD dataset/Validation/validation_words/153.png,Bicozin,validation
127,36,3.5277777777777777,201.22747156605425,83.66040464165603,4145.8513357103875,0.22922134733158356,True,data/metadata/Doctor’s Handwritten Prescription BD dataset/Validation/validation_words/154.png,Bicozin,validation
121,44,2.75,193.87227648384672,89.1315908424301,4018.268747837359,0.25582268970698724,True,data/metadata/Doctor’s Handwritten Prescription BD dataset/Validation/validation_words/155.png,Bicozin,validation
131,44,2.977272727272727,206.55759888965997,81.49310146206928,3701.6896241766717,0.20489243580846633,True,data/metadata/Doctor’s Handwritten Prescription BD dataset/Validation/validation_words/156.png,Bicozin,validation
122,49,2.489795918367347,211.30963532954166,76.38516338824542,3382.9649508048974,0.18634994981599198,True,data/metadata/Doctor’s Handwritten Prescription BD dataset/Validation/validation_words/157.png,Bicozin,validation
128,32,4.0,204.84130859375,80.48154456927584,3640.4577030539513,0.2080078125,True,data/metadata/Doctor’s Handwritten Prescription BD dataset/Validation/validation_words/158.png,Bicozin,validation
130,41,3.1707317073170733,201.38780487804877,85.30848272380273,3052.49667410565,0.21913696060037524,True,data/metadata/Doctor’s Handwritten Prescription BD dataset/Validation/validation_words/159.png,Bicozin,validation
91,30,3.033333333333333,208.2234432234432,77.03338722345377,11316.183882783882,0.15494505494505495,False,data/metadata/Doctor’s Handwritten Prescription BD dataset/Validation/validation_words/160.png,Canazole,validation
103,35,2.942857142857143,205.4346740638003,81.99648831447752,8522.451595006934,0.1636615811373093,False,data/metadata/Doctor’s Handwritten Prescription BD dataset/Validation/validation_words/161.png,Canazole,validation
102,27,3.7777777777777777,208.61946259985476,77.17800303711945,10095.241830065359,0.1539578794480755,False,data/metadata/Doctor’s Handwritten Prescription BD dataset/Validation/validation_words/162.png,Canazole,validation
75,18,4.166666666666667,203.11555555555555,95.28102672789052,66389.67560438957,0.2051851851851852,True,data/metadata/Doctor’s Handwritten Prescription BD dataset/Validation/validation_words/163.png,Canazole,validation
205,60,3.4166666666666665,221.42325203252034,80.15142303050227,5420.634146341464,0.13,True,data/metadata/Doctor’s Handwritten Prescription BD dataset/Validation/validation_words/164.png,Canazole,validation
228,70,3.257142857142857,229.66190476190476,70.95554118208145,4719.801190440858,0.0981829573934837,False,data/metadata/Doctor’s Handwritten Prescription BD dataset/Validation/validation_words/165.png,Canazole,validation
205,71,2.887323943661972,221.75197526623154,80.50440291742075,4857.901614565441,0.1297835795259361,False,data/metadata/Doctor’s Handwritten Prescription BD dataset/Validation/validation_words/166.png,Canazole,validation
232,63,3.6825396825396823,225.7649151614669,76.05131712094303,4680.668856048166,0.11350574712643678,False,data/metadata/Doctor’s Handwritten Prescription BD dataset/Validation/validation_words/167.png,Canazole,validation
212,67,3.1641791044776117,223.42093776401015,78.4602600421338,5198.813291851978,0.12454238242748522,False,data/metadata/Doctor’s Handwritten Prescription BD dataset/Validation/validation_words/168.png,Canazole,validation
216,68,3.176470588235294,225.7619825708061,76.14373639900684,4655.346474196883,0.1150599128540305,False,data/metadata/Doctor’s Handwritten Prescription BD dataset/Validation/validation_words/169.png,Canazole,validation
104,20,5.2,182.1221153846154,95.4189169044454,13426.955214265903,0.26009615384615387,True,data/metadata/Doctor’s Handwritten Prescription BD dataset/Validation/validation_words/170.png,Candinil,validation
169,61,2.7704918032786887,237.70627606945388,50.73386421865022,4093.5919099721596,0.08196721311475409,False,data/metadata/Doctor’s Handwritten Prescription BD dataset/Validation/validation_words/171.png,Candinil,validation
122,47,2.595744680851064,216.4708754795954,61.56939567809253,6914.114824447738,0.1163236832926404,False,data/metadata/Doctor’s Handwritten Prescription BD dataset/Validation/validation_words/172.png,Candinil,validation
140,43,3.255813953488372,238.2626245847176,56.47126954603956,21188.272818484344,0.07009966777408638,False,data/metadata/Doctor’s Handwritten Prescription BD dataset/Validation/validation_words/173.png,Candinil,validation
140,30,4.666666666666667,223.34547619047618,66.64918767419739,14032.953469387756,0.11976190476190476,False,data/metadata/Doctor’s Handwritten Prescription BD dataset/Validation/validation_words/174.png,Candinil,validation
136,39,3.4871794871794872,238.3397435897436,57.178051046733664,18566.330378983446,0.0693815987933635,True,data/metadata/Doctor’s Handwritten Prescription BD dataset/Validation/validation_words/175.png,Candinil,validation
150,32,4.6875,231.59520833333335,62.90636972548909,14208.974183333334,0.09291666666666666,True,data/metadata/Doctor’s Handwritten Prescription BD dataset/Validation/validation_words/176.png,Candinil,validation
104,35,2.9714285714285715,227.03791208791208,61.35194536472521,8161.136730995652,0.11456043956043956,False,data/metadata/Doctor’s Handwritten Prescription BD dataset/Validation/validation_words/177.png,Candinil,validation
116,29,4.0,231.60998810939358,59.01986884154844,14810.717426312882,0.10820451843043995,True,data/metadata/Doctor’s Handwritten Prescription BD dataset/Validation/validation_words/178.png,Candinil,validation
121,37,3.27027027027027,215.0268036631673,70.82912202016249,7998.884074156801,0.12888094706276523,False,data/metadata/Doctor’s Handwritten Prescription BD dataset/Validation/validation_words/179.png,Candinil,validation
198,66,3.0,225.99686256504438,65.70304310944692,3555.836138115439,0.10904499540863177,True,data/metadata/Doctor’s Handwritten Prescription BD dataset/Validation/validation_words/180.png,Cetisoft,validation
212,74,2.864864864864865,229.82406935237123,70.1215581606789,4984.76325854156,0.09752677205507394,False,data/metadata/Doctor’s Handwritten Prescription BD dataset/Validation/validation_words/181.png,Cetisoft,validation
202,70,2.8857142857142857,212.88323903818954,76.940249520637,2181.0489144271564,0.1475954738330976,True,data/metadata/Doctor’s Handwritten Prescription BD dataset/Validation/validation_words/182.png,Cetisoft,validation
211,109,1.9357798165137614,233.5669811730945,58.667709978835376,1926.2783750301949,0.08109048219487804,True,data/metadata/Doctor’s Handwritten Prescription BD dataset/Validation/validation_words/183.png,Cetisoft,validation
266,77,3.4545454545454546,220.5564398008007,61.35134603388446,1107.4953032083033,0.09007909383849233,False,data/metadata/Doctor’s Handwritten Prescription BD dataset/Validation/validation_words/184.png,Cetisoft,validation
199,86,2.313953488372093,233.70480308519342,57.661910422656106,2460.544988221408,0.08238868762416734,False,data/metadata/Doctor’s Handwritten Prescription BD dataset/Validation/validation_words/185.png,Cetisoft,validation
213,90,2.3666666666666667,225.94767866458008,68.92298988944094,2346.499163378812,0.11283255086071987,False,data/metadata/Doctor’s Handwritten Prescription BD dataset/Validation/validation_words/186.png,Cetisoft,validation
206,83,2.4819277108433737,223.7723125511756,69.25891510896282,3034.750729971366,0.11785004094046088,True,data/metadata/Doctor’s Handwritten Prescription BD dataset/Validation/validation_words/187.png,Cetisoft,validation
235,119,1.9747899159663866,230.45571249776506,54.92359545207743,2001.48288917122,0.07527266225639191,False,data/metadata/Doctor’s Handwritten Prescription BD dataset/Validation/validation_words/188.png,Cetisoft,validation
211,75,2.8133333333333335,203.3768720379147,63.65791988178351,2143.653062799328,0.11563981042654028,False,data/metadata/Doctor’s Handwritten Prescription BD dataset/Validation/validation_words/189.png,Cetisoft,validation
208,116,1.793103448275862,239.06581564986737,52.06083985381255,765.4186836870026,0.058935676392572946,False,data/metadata/Doctor’s Handwritten Prescription BD dataset/Validation/validation_words/190.png,Conaz,validation
161,52,3.0961538461538463,230.17021022455805,67.94865445988246,5414.965229238864,0.09591495461060678,False,data/metadata/Doctor’s Handwritten Prescription BD dataset/Validation/validation_words/191.png,Conaz,validation
174,85,2.0470588235294116,230.93123732251522,63.698111666745625,1294.517421173874,0.0949290060851927,False,data/metadata/Doctor’s Handwritten Prescription BD dataset/Validation/validation_words/192.png,Conaz,validation
195,55,3.5454545454545454,220.56941724941726,74.64852066934709,2513.12300258312,0.1362237762237762,True,data/metadata/Doctor’s Handwritten Prescription BD dataset/Validation/validation_words/193.png,Conaz,validation
210,112,1.875,231.71624149659863,64.27423515096076,1085.753783997336,0.08741496598639456,False,data/metadata/Doctor’s Handwritten Prescription BD dataset/Validation/validation_words/194.png,Conaz,validation
213,58,3.6724137931034484,221.34361340456533,74.48770063455457,1730.4930372176846,0.13016027197668772,False,data/metadata/Doctor’s Handwritten Prescription BD dataset/Validation/validation_words/195.png,Conaz,validation
227,102,2.2254901960784315,227.05878034032997,71.07821340733081,1004.2775330396476,0.10533817051049495,False,data/metadata/Doctor’s Handwritten Prescription BD dataset/Validation/validation_words/196.png,Conaz,validation
177,65,2.723076923076923,200.80026075619296,93.80447778269033,2025.2330065589456,0.21121251629726207,True,data/metadata/Doctor’s Handwritten Prescription BD dataset/Validation/validation_words/197.png,Conaz,validation
225,89,2.5280898876404496,207.2983770287141,87.70840640537234,1757.3032119189338,0.1732334581772784,True,data/metadata/Doctor’s Handwritten Prescription BD dataset/Validation/validation_words/198.png,Conaz,validation
207,71,2.915492957746479,225.98407838334353,69.7615912457677,1689.3507506689446,0.11226780975709329,False,data/metadata/Doctor’s Handwritten Prescription BD dataset/Validation/validation_words/199.png,Conaz,validation
99,29,3.413793103448276,240.08777429467085,45.40963322443552,11879.656565656565,0.08289794496691048,False,data/metadata/Doctor’s Handwritten Prescription BD dataset/Validation/validation_words/200.png,Dancel,validation
68,22,3.090909090909091,219.59358288770053,60.70957920253616,9330.643141067803,0.1998663101604278,True,data/metadata/Doctor’s Handwritten Prescription BD dataset/Validation/validation_words/201.png,Dancel,validation
76,32,2.375,242.45600328947367,39.92573951890644,9546.549342105263,0.07360197368421052,False,data/metadata/Doctor’s Handwritten Prescription BD dataset/Validation/validation_words/202.png,Dancel,validation
158,56,2.8214285714285716,227.39602169981916,72.74927553497633,6011.908977486255,0.10736889692585895,False,data/metadata/Doctor’s Handwritten Prescription BD dataset/Validation/validation_words/203.png,Dancel,validation
180,61,2.9508196721311477,227.63834244080147,73.50479635530108,5081.373041894353,0.10655737704918032,False,data/metadata/Doctor’s Handwritten Prescription BD dataset/Validation/validation_words/204.png,Dancel,validation
157,62,2.532258064516129,229.6098212451202,71.07420519746458,4612.305527018697,0.09708239161701253,False,data/metadata/Doctor’s Handwritten Prescription BD dataset/Validation/validation_words/205.png,Dancel,validation
200,73,2.73972602739726,235.7180821917808,61.9868300342248,4072.2957534246575,0.07431506849315068,False,data/metadata/Doctor’s Handwritten Prescription BD dataset/Validation/validation_words/206.png,Dancel,validation
174,63,2.761904761904762,232.18071519795657,66.24813547320169,5188.097792373655,0.088578726509761,False,data/metadata/Doctor’s Handwritten Prescription BD dataset/Validation/validation_words/207.png,Dancel,validation
161,64,2.515625,232.7144798136646,66.0557080086296,4914.9960001569525,0.08627717391304347,False,data/metadata/Doctor’s Handwritten Prescription BD dataset/Validation/validation_words/208.png,Dancel,validation
171,56,3.0535714285714284,230.24791144527987,68.754627290339,5498.906904538132,0.09638680033416876,False,data/metadata/Doctor’s Handwritten Prescription BD dataset/Validation/validation_words/209.png,Dancel,validation
181,65,2.7846153846153845,241.08006799830005,46.15146129886762,1986.7517107745914,0.06612834679133021,False,data/metadata/Doctor’s Handwritten Prescription BD dataset/Validation/validation_words/210.png,Denixil,validation
133,29,4.586206896551724,219.219341457091,87.69297981079369,34383.397854824085,0.14156079854809436,True,data/metadata/Doctor’s Handwritten Prescription BD dataset/Validation/validation_words/211.png,Denixil,validation
187,69,2.710144927536232,242.49538866930172,44.14264734238312,1939.6180819415597,0.05874602805549097,True,data/metadata/Doctor’s Handwritten Prescription BD dataset/Validation/validation_words/212.png,Denixil,validation
197,64,3.078125,242.20280774111674,44.61414026725877,1985.000953387101,0.06012055837563452,True,data/metadata/Doctor’s Handwritten Prescription BD dataset/Validation/validation_words/213.png,Denixil,validation
142,46,3.0869565217391304,234.80679730557256,56.4844409237862,8901.487446417636,0.08466013472137171,False,data/metadata/Doctor’s Handwritten Prescription BD dataset/Validation/validation_words/214.png,Denixil,validation
210,56,3.75,239.63911564625852,48.345384733894285,2187.5928360578923,0.07363945578231293,False,data/metadata/Doctor’s Handwritten Prescription BD dataset/Validation/validation_words/215.png,Denixil,validation
162,61,2.6557377049180326,240.37209066990488,49.407246217641415,5619.865809191651,0.06243675369358429,False,data/metadata/Doctor’s Handwritten Prescription BD dataset/Validation/validation_words/216.png,Denixil,validation
140,53,2.641509433962264,237.1912398921833,52.79168698162271,7466.797035040431,0.0752021563342318,False,data/metadata/Doctor’s Handwritten Prescription BD dataset/Validation/validation_words/217.png,Denixil,validation
145,36,4.027777777777778,229.20785440613028,63.66472506813951,11066.318243126201,0.10862068965517241,True,data/metadata/Doctor’s Handwritten Prescription BD dataset/Validation/validation_words/218.png,Denixil,validation
149,45,3.311111111111111,233.7958240119314,58.30204911585,8724.132681154946,0.08933631618195377,False,data/metadata/Doctor’s Handwritten Prescription BD dataset/Validation/validation_words/219.png,Denixil,validation
274,122,2.2459016393442623,231.54645805911213,59.55054396414509,1221.968230193941,0.07718080650951298,False,data/metadata/Doctor’s Handwritten Prescription BD dataset/Validation/validation_words/220.png,Diflu,validation
149,58,2.5689655172413794,220.48715575098356,72.15671432805634,5614.547095579727,0.15413098819717658,True,data/metadata/Doctor’s Handwritten Prescription BD dataset/Validation/validation_words/221.png,Diflu,validation
288,81,3.5555555555555554,227.4099365569273,64.7140807073686,1080.0500320046697,0.09289266117969822,False,data/metadata/Doctor’s Handwritten Prescription BD dataset/Validation/validation_words/222.png,Diflu,validation
291,91,3.197802197802198,230.9414297043163,59.82555047986038,1197.308597726603,0.07790491295645935,False,data/metadata/Doctor’s Handwritten Prescription BD dataset/Validation/validation_words/223.png,Diflu,validation
233,132,1.7651515151515151,226.56935232149826,64.92915220908499,1029.2413010184277,0.09279490180777734,True,data/metadata/Doctor’s Handwritten Prescription BD dataset/Validation/validation_words/224.png,Diflu,validation
211,114,1.8508771929824561,229.55965743743243,62.813955412614476,1158.983267438527,0.083645131786813,False,data/metadata/Doctor’s Handwritten Prescription BD dataset/Validation/validation_words/225.png,Diflu,validation
182,134,1.3582089552238805,220.62178120387077,71.73158081566267,1309.7152656015487,0.11702476627849762,False,data/metadata/Doctor’s Handwritten Prescription BD dataset/Validation/validation_words/226.png,Diflu,validation
256,171,1.4970760233918128,230.29351699561403,55.28582892676727,881.1375860118543,0.06645193713450293,False,data/metadata/Doctor’s Handwritten Prescription BD dataset/Validation/validation_words/227.png,Diflu,validation
233,133,1.7518796992481203,217.30194585175386,68.9466347433761,1005.8092986834307,0.1116847913775856,True,data/metadata/Doctor’s Handwritten Prescription BD dataset/Validation/validation_words/228.png,Diflu,validation
362,152,2.3815789473684212,223.60041072986334,59.54485476241331,871.0320453754547,0.08283658040127945,True,data/metadata/Doctor’s Handwritten Prescription BD dataset/Validation/validation_words/229.png,Diflu,validation
247,86,2.872093023255814,238.1835043781188,51.67297597117509,2447.309713565211,0.07861783259580077,False,data/metadata/Doctor’s Handwritten Prescription BD dataset/Validation/validation_words/230.png,Dinafex,validation
86,31,2.774193548387097,206.24943735933982,78.04648605193432,10724.232558139534,0.16429107276819205,False,data/metadata/Doctor’s Handwritten Prescription BD dataset/Validation/validation_words/231.png,Dinafex,validation
246,89,2.764044943820225,236.72494747419384,54.37698981855228,2674.9343199049968,0.08678176669407144,False,data/metadata/Doctor’s Handwritten Prescription BD dataset/Validation/validation_words/232.png,Dinafex,validation
241,77,3.1298701298701297,232.0331950207469,60.16014336053625,3306.229239640028,0.10944657002748288,False,data/metadata/Doctor’s Handwritten Prescription BD dataset/Validation/validation_words/233.png,Dinafex,validation
255,78,3.269230769230769,230.42875816993464,61.970959947696095,3464.257114127702,0.11483157365510306,True,data/metadata/Doctor’s Handwritten Prescription BD dataset/Validation/validation_words/234.png,Dinafex,validation
272,85,3.2,234.8006920415225,56.914834842302895,2854.609775086505,0.09593425605536332,False,data/metadata/Doctor’s Handwritten Prescription BD dataset/Validation/validation_words/235.png,Dinafex,validation
286,89,3.2134831460674156,236.38324035515046,54.686420977813086,2832.7357817764446,0.08560540583012494,False,data/metadata/Doctor’s Handwritten Prescription BD dataset/Validation/validation_words/236.png,Dinafex,validation
286,96,2.9791666666666665,234.746976981352,56.84453455710618,2736.4900932400933,0.09389568764568765,False,data/metadata/Doctor’s Handwritten Prescription BD dataset/Validation/validation_words/237.png,Dinafex,validation
261,87,3.0,233.0073985995508,58.84088714754247,3046.766019289206,0.10375655084335227,False,data/metadata/Doctor’s Handwritten Prescription BD dataset/Validation/validation_words/238.png,Dinafex,validation
263,96,2.7395833333333335,232.74453422053233,58.63088680401854,3274.6071768060838,0.10103770595690748,False,data/metadata/Doctor’s Handwritten Prescription BD dataset/Validation/validation_words/239.png,Dinafex,validation
182,88,2.0681818181818183,222.11644605394605,78.47678563354556,5832.251185654848,0.1308066933066933,False,data/metadata/Doctor’s Handwritten Prescription BD dataset/Validation/validation_words/240.png,Disopan,validation
145,42,3.4523809523809526,241.1950738916256,47.65749837571546,8152.212479474549,0.06420361247947455,False,data/metadata/Doctor’s Handwritten Prescription BD dataset/Validation/validation_words/241.png,Disopan,validation
232,96,2.4166666666666665,231.13106142241378,67.93996688138147,4535.441720545977,0.09617456896551724,False,data/metadata/Doctor’s Handwritten Prescription BD dataset/Validation/validation_words/242.png,Disopan,validation
218,107,2.0373831775700935,230.87211695104176,68.48804964156223,4051.0889136585783,0.09624453399639887,False,data/metadata/Doctor’s Handwritten Prescription BD dataset/Validation/validation_words/243.png,Disopan,validation
259,89,2.9101123595505616,223.88616545919916,77.06002253957658,5389.478894624962,0.12389918007895535,False,data/metadata/Doctor’s Handwritten Prescription BD dataset/Validation/validation_words/244.png,Disopan,validation
186,101,1.8415841584158417,227.76024699244118,72.26290326253196,4777.265942723305,0.10768657510912381,False,data/metadata/Doctor’s Handwritten Prescription BD dataset/Validation/validation_words/245.png,Disopan,validation
235,91,2.5824175824175826,223.57470189385083,77.31556962970039,5411.4849660977325,0.12298339957914425,False,data/metadata/Doctor’s Handwritten Prescription BD dataset/Validation/validation_words/246.png,Disopan,validation
236,106,2.2264150943396226,234.86784457946914,63.17854149772287,3626.4666613367444,0.07787016309561881,False,data/metadata/Doctor’s Handwritten Prescription BD dataset/Validation/validation_words/247.png,Disopan,validation
234,76,3.0789473684210527,222.44956140350877,77.87655994939185,5822.537127175023,0.13006072874493926,True,data/metadata/Doctor’s Handwritten Prescription BD dataset/Validation/validation_words/248.png,Disopan,validation
253,103,2.4563106796116503,232.80878007598142,65.57738439426501,3995.5475651406423,0.08718676848689512,False,data/metadata/Doctor’s Handwritten Prescription BD dataset/Validation/validation_words/249.png,Disopan,validation
100,35,2.857142857142857,238.10914285714287,42.0110132071803,6689.7936084897965,0.07228571428571429,False,data/metadata/Doctor’s Handwritten Prescription BD dataset/Validation/validation_words/250.png,Esonix,validation
121,21,5.761904761904762,220.42778433687525,82.64588546484529,26451.36940697551,0.1373475009838646,True,data/metadata/Doctor’s Handwritten Prescription BD dataset/Validation/validation_words/251.png,Esonix,validation
100,25,4.0,226.5468,55.598537838328085,11162.71206464,0.106,False,data/metadata/Doctor’s Handwritten Prescription BD dataset/Validation/validation_words/252.png,Esonix,validation
85,28,3.0357142857142856,233.00714285714287,54.859181372969516,13181.449642680602,0.0957983193277311,True,data/metadata/Doctor’s Handwritten Prescription BD dataset/Validation/validation_words/253.png,Esonix,validation
94,26,3.6153846153846154,231.25654664484452,60.58813002308813,21385.001288937674,0.10024549918166939,True,data/metadata/Doctor’s Handwritten Prescription BD dataset/Validation/validation_words/254.png,Esonix,validation
81,28,2.892857142857143,232.37257495590828,58.82707962537043,16275.876438035204,0.09259259259259259,True,data/metadata/Doctor’s Handwritten Prescription BD dataset/Validation/validation_words/255.png,Esonix,validation
80,28,2.857142857142857,232.403125,59.854917516847856,20765.98101961097,0.09821428571428571,True,data/metadata/Doctor’s Handwritten Prescription BD dataset/Validation/validation_words/256.png,Esonix,validation
79,30,2.6333333333333333,232.8675105485232,61.09898035263556,22792.783823995444,0.09578059071729958,False,data/metadata/Doctor’s Handwritten Prescription BD dataset/Validation/validation_words/257.png,Esonix,validation
96,27,3.5555555555555554,229.51658950617283,67.76249624702288,34877.61553116903,0.1087962962962963,True,data/metadata/Doctor’s Handwritten Prescription BD dataset/Validation/validation_words/258.png,Esonix,validation
89,31,2.870967741935484,234.9456324755346,51.00963189600332,9763.881115032802,0.0844508880028996,False,data/metadata/Doctor’s Handwritten Prescription BD dataset/Validation/validation_words/259.png,Esonix,validation
104,33,3.1515151515151514,233.53350815850817,54.89183617868977,13253.979153337435,0.09120046620046621,False,data/metadata/Doctor’s Handwritten Prescription BD dataset/Validation/validation_words/260.png,Esoral,validation
78,30,2.6,212.41837606837606,73.21893002224331,10056.975213675214,0.1358974358974359,False,data/metadata/Doctor’s Handwritten Prescription BD dataset/Validation/validation_words/261.png,Esoral,validation
86,33,2.606060606060606,233.42952783650458,42.93133891479943,4238.608004922622,0.08315715292459479,False,data/metadata/Doctor’s Handwritten Prescription BD dataset/Validation/validation_words/262.png,Esoral,validation
82,27,3.037037037037037,237.00677506775068,42.66746536755601,5673.149486637143,0.08265582655826559,False,data/metadata/Doctor’s Handwritten Prescription BD dataset/Validation/validation_words/263.png,Esoral,validation
87,21,4.142857142857143,231.43787629994526,57.82139278958098,18047.16301455184,0.10892172961138478,True,data/metadata/Doctor’s Handwritten Prescription BD dataset/Validation/validation_words/264.png,Esoral,validation
85,26,3.269230769230769,232.94434389140272,57.63252347525729,14348.613449560818,0.10316742081447963,True,data/metadata/Doctor’s Handwritten Prescription BD dataset/Validation/validation_words/265.png,Esoral,validation
92,27,3.4074074074074074,236.18840579710144,56.27291383745855,21251.970805749388,0.08454106280193237,True,data/metadata/Doctor’s Handwritten Prescription BD dataset/Validation/validation_words/266.png,Esoral,validation
78,28,2.7857142857142856,230.68269230769232,63.22862864765902,26797.315769700388,0.11584249084249085,True,data/metadata/Doctor’s Handwritten Prescription BD dataset/Validation/validation_words/267.png,Esoral,validation
87,35,2.4857142857142858,237.71067323481117,53.72168778341581,18529.816726766807,0.08177339901477833,True,data/metadata/Doctor’s Handwritten Prescription BD dataset/Validation/validation_words/268.png,Esoral,validation
75,29,2.586206896551724,234.17333333333335,48.47664518063671,6985.8038263442995,0.12,True,data/metadata/Doctor’s Handwritten Prescription BD dataset/Validation/validation_words/269.png,Esoral,validation
196,62,3.161290322580645,241.54188610928242,45.17810984989466,1728.0900263331139,0.06723173140223832,False,data/metadata/Doctor’s Handwritten Prescription BD dataset/Validation/validation_words/270.png,Etizin,validation
165,72,2.2916666666666665,235.37441077441076,62.185801900322446,4837.756228956229,0.07643097643097643,False,data/metadata/Doctor’s Handwritten Prescription BD dataset/Validation/validation_words/271.png,Etizin,validation
186,61,3.0491803278688523,240.43354486162525,46.8980355165316,2053.855984487925,0.0697161995416887,False,data/metadata/Doctor’s Handwritten Prescription BD dataset/Validation/validation_words/272.png,Etizin,validation
194,66,2.9393939393939394,241.7277413308341,44.834099153584084,1863.5546704154951,0.06349578256794752,False,data/metadata/Doctor’s Handwritten Prescription BD dataset/Validation/validation_words/273.png,Etizin,validation
138,50,2.76,240.43405797101448,47.62872564662293,6208.846859399286,0.060144927536231886,False,data/metadata/Doctor’s Handwritten Prescription BD dataset/Validation/validation_words/274.png,Etizin,validation
163,52,3.1346153846153846,236.5027135441246,51.60287440364918,2775.50401127042,0.091670599339311,False,data/metadata/Doctor’s Handwritten Prescription BD dataset/Validation/validation_words/275.png,Etizin,validation
142,50,2.84,238.86774647887324,50.38860369414483,6707.695831680222,0.06718309859154929,False,data/metadata/Doctor’s Handwritten Prescription BD dataset/Validation/validation_words/276.png,Etizin,validation
129,52,2.480769230769231,239.56633870005962,49.532795553177,7252.810669466481,0.06469886702444842,False,data/metadata/Doctor’s Handwritten Prescription BD dataset/Validation/validation_words/277.png,Etizin,validation
131,46,2.847826086956522,236.96548290740125,53.018343143345895,7967.862971486872,0.07716561566544972,False,data/metadata/Doctor’s Handwritten Prescription BD dataset/Validation/validation_words/278.png,Etizin,validation
131,40,3.275,234.61469465648855,56.97898546014198,8733.315327778102,0.08511450381679389,False,data/metadata/Doctor’s Handwritten Prescription BD dataset/Validation/validation_words/279.png,Etizin,validation
96,31,3.096774193548387,238.5467069892473,48.58664216584409,13815.587416965654,0.07963709677419355,False,data/metadata/Doctor’s Handwritten Prescription BD dataset/Validation/validation_words/280.png,Exium,validation
137,39,3.5128205128205128,202.70540894628485,85.1473014529994,7148.628535961053,0.1980160958263148,False,data/metadata/Doctor’s Handwritten Prescription BD dataset/Validation/validation_words/281.png,Exium,validation
91,25,3.64,232.97010989010988,56.32625514508525,15869.049715541601,0.10241758241758242,True,data/metadata/Doctor’s Handwritten Prescription BD dataset/Validation/validation_words/282.png,Exium,validation
83,23,3.608695652173913,234.12100576217915,58.86409953952162,23925.473050513938,0.09795704557359874,False,data/metadata/Doctor’s Handwritten Prescription BD dataset/Validation/validation_words/283.png,Exium,validation
78,31,2.5161290322580645,235.3291976840364,56.66142372954039,27297.758385208537,0.0934656741108354,True,data/metadata/Doctor’s Handwritten Prescription BD dataset/Validation/validation_words/284.png,Exium,validation
91,23,3.9565217391304346,235.74964166268515,55.346387029376764,20879.300700421332,0.09364548494983277,True,data/metadata/Doctor’s Handwritten Prescription BD dataset/Validation/validation_words/285.png,Exium,validation
82,25,3.28,238.54048780487804,50.81319753434619,19431.37685758477,0.08146341463414634,True,data/metadata/Doctor’s Handwritten Prescription BD dataset/Validation/validation_words/286.png,Exium,validation
79,24,3.2916666666666665,238.64082278481013,49.87940308872573,22038.588994541027,0.08438818565400844,True,data/metadata/Doctor’s Handwritten Prescription BD dataset/Validation/validation_words/287.png,Exium,validation
108,23,4.695652173913044,237.09178743961354,53.07752310652693,21943.746357849657,0.08333333333333333,True,data/metadata/Doctor’s Handwritten Prescription BD dataset/Validation/validation_words/288.png,Exium,validation
83,30,2.7666666666666666,235.22208835341365,51.67686200149455,16006.957301333849,0.10682730923694779,True,data/metadata/Doctor’s Handwritten Prescription BD dataset/Validation/validation_words/289.png,Exium,validation
100,36,2.7777777777777777,217.49777777777777,67.33026391977215,17010.179749305553,0.11944444444444445,True,data/metadata/Doctor’s Handwritten Prescription BD dataset/Validation/validation_words/290.png,Fenadin,validation
91,24,3.7916666666666665,202.62820512820514,81.68671756890079,11689.250915750916,0.17811355311355312,False,data/metadata/Doctor’s Handwritten Prescription BD dataset/Validation/validation_words/291.png,Fenadin,validation
135,28,4.821428571428571,230.8378306878307,65.53482774986243,22055.04666414714,0.10185185185185185,True,data/metadata/Doctor’s Handwritten Prescription BD dataset/Validation/validation_words/292.png,Fenadin,validation
168,34,4.9411764705882355,233.99877450980392,59.54538760284194,14925.832446918721,0.0859593837535014,True,data/metadata/Doctor’s Handwritten Prescription BD dataset/Validation/validation_words/293.png,Fenadin,validation
139,29,4.793103448275862,235.9253287025552,58.72585887498945,18023.587151326166,0.08310592904986355,True,data/metadata/Doctor’s Handwritten Prescription BD dataset/Validation/validation_words/294.png,Fenadin,validation
100,16,6.25,227.485,56.523942051134405,12362.4963609375,0.13625,True,data/metadata/Doctor’s Handwritten Prescription BD dataset/Validation/validation_words/295.png,Fenadin,validation
116,31,3.7419354838709675,232.11929922135707,55.636477570374915,11989.873536100551,0.1181868743047831,True,data/metadata/Doctor’s Handwritten Prescription BD dataset/Validation/validation_words/296.png,Fenadin,validation
117,23,5.086956521739131,230.1103678929766,64.75703732868095,21340.992860990726,0.11296915644741731,True,data/metadata/Doctor’s Handwritten Prescription BD dataset/Validation/validation_words/297.png,Fenadin,validation
124,25,4.96,232.2035483870968,64.29210697797214,24508.964832049944,0.09580645161290323,True,data/metadata/Doctor’s Handwritten Prescription BD dataset/Validation/validation_words/298.png,Fenadin,validation
110,33,3.3333333333333335,231.1900826446281,60.35215946703786,16105.10484112348,0.11680440771349862,True,data/metadata/Doctor’s Handwritten Prescription BD dataset/Validation/validation_words/299.png,Fenadin,validation
213,69,3.0869565217391304,226.54684629516228,73.24591646074317,6386.3392883899405,0.1100904946587739,False,data/metadata/Doctor’s Handwritten Prescription BD dataset/Validation/validation_words/300.png,Fexofast,validation
117,24,4.875,218.5014245014245,62.507896920772936,10019.86667100409,0.19907407407407407,True,data/metadata/Doctor’s Handwritten Prescription BD dataset/Validation/validation_words/301.png,Fexofast,validation
190,69,2.753623188405797,232.4131197559115,65.69105426525518,5551.134553775743,0.08710907704042715,False,data/metadata/Doctor’s Handwritten Prescription BD dataset/Validation/validation_words/302.png,Fexofast,validation
195,59,3.305084745762712,226.37192524989135,73.1552162267206,6860.464841373316,0.11238591916558019,False,data/metadata/Doctor’s Handwritten Prescription BD dataset/Validation/validation_words/303.png,Fexofast,validation
197,56,3.517857142857143,223.07650471356055,77.7130976515137,6729.888868745467,0.12327773749093546,False,data/metadata/Doctor’s Handwritten Prescription BD dataset/Validation/validation_words/304.png,Fexofast,validation
195,59,3.305084745762712,226.37192524989135,73.1552162267206,6860.464841373316,0.11238591916558019,False,data/metadata/Doctor’s Handwritten Prescription BD dataset/Validation/validation_words/305.png,Fexofast,validation
206,57,3.6140350877192984,222.3172372679271,78.37667396989764,6594.720946127525,0.1251916198262647,True,data/metadata/Doctor’s Handwritten Prescription BD dataset/Validation/validation_words/306.png,Fexofast,validation
206,57,3.6140350877192984,222.3172372679271,78.37667396989764,6594.720946127525,0.1251916198262647,True,data/metadata/Doctor’s Handwritten Prescription BD dataset/Validation/validation_words/307.png,Fexofast,validation
198,57,3.473684210526316,226.19227361332625,73.49813821900786,6505.549524236524,0.11235158603579656,False,data/metadata/Doctor’s Handwritten Prescription BD dataset/Validation/validation_words/308.png,Fexofast,validation
181,65,2.7846153846153845,220.28644283892902,79.70611483336924,8058.089143979646,0.13540161495962602,False,data/metadata/Doctor’s Handwritten Prescription BD dataset/Validation/validation_words/309.png,Fexofast,validation
175,108,1.6203703703703705,239.96804232804232,48.33631008762561,1463.1971428571428,0.05619047619047619,False,data/metadata/Doctor’s Handwritten Prescription BD dataset/Validation/validation_words/310.png,Fexo,validation
89,20,4.45,231.24887640449438,65.0740492113408,27307.878076000507,0.10842696629213483,False,data/metadata/Doctor’s Handwritten Prescription BD dataset/Validation/validation_words/311.png,Fexo,validation
129,86,1.5,235.27140796827115,55.887980455086,1952.9677239102896,0.07535604831440418,False,data/metadata/Doctor’s Handwritten Prescription BD dataset/Validation/validation_words/312.png,Fexo,validation
153,72,2.125,232.78277051561366,58.58949758679551,1718.8383802522796,0.0813362381989833,True,data/metadata/Doctor’s Handwritten Prescription BD dataset/Validation/validation_words/313.png,Fexo,validation
135,87,1.5517241379310345,238.6383993188591,50.714828291058055,1751.6578969774373,0.061558109833971905,False,data/metadata/Doctor’s Handwritten Prescription BD dataset/Validation/validation_words/314.png,Fexo,validation
104,49,2.122448979591837,192.72076138147565,83.24844797447057,2016.490171401401,0.20153061224489796,True,data/metadata/Doctor’s Handwritten Prescription BD dataset/Validation/validation_words/315.png,Fexo,validation
165,73,2.26027397260274,223.38140307181402,66.73639265770758,1641.4728737484882,0.10610211706102117,True,data/metadata/Doctor’s Handwritten Prescription BD dataset/Validation/validation_words/316.png,Fexo,validation
135,87,1.5517241379310345,236.04427415921668,55.542863667053815,1786.4821626151431,0.07407407407407407,False,data/metadata/Doctor’s Handwritten Prescription BD dataset/Validation/validation_words/317.png,Fexo,validation
145,86,1.686046511627907,234.48540497193264,57.3749837518203,1610.763577805659,0.0756214915797915,False,data/metadata/Doctor’s Handwritten Prescription BD dataset/Validation/validation_words/318.png,Fexo,validation
176,87,2.0229885057471266,236.1492946708464,51.79825116694503,1365.3228835860225,0.06269592476489028,False,data/metadata/Doctor’s Handwritten Prescription BD dataset/Validation/validation_words/319.png,Fexo,validation
70,25,2.8,215.09942857142858,58.27201582444955,16550.99935869388,0.08571428571428572,True,data/metadata/Doctor’s Handwritten Prescription BD dataset/Validation/validation_words/320.png,Filmet,validation
623,222,2.8063063063063063,241.84491634491636,51.310881111141846,269.48961722510177,0.05149451216866947,True,data/metadata/Doctor’s Handwritten Prescription BD dataset/Validation/validation_words/321.png,Filmet,validation
54,21,2.5714285714285716,209.92151675485007,68.51120233707212,17566.58487926492,0.1164021164021164,True,data/metadata/Doctor’s Handwritten Prescription BD dataset/Validation/validation_words/322.png,Filmet,validation
79,32,2.46875,218.11669303797467,47.24462738004388,10715.239344030404,0.0625,True,data/metadata/Doctor’s Handwritten Prescription BD dataset/Validation/validation_words/323.png,Filmet,validation
96,29,3.310344827586207,216.01508620689654,70.15909508382413,26351.90455298235,0.10991379310344827,False,data/metadata/Doctor’s Handwritten Prescription BD dataset/Validation/validation_words/324.png,Filmet,validation
79,26,3.0384615384615383,218.38851022395326,47.08278549317305,9917.647797680731,0.07059396299902629,True,data/metadata/Doctor’s Handwritten Prescription BD dataset/Validation/validation_words/325.png,Filmet,validation
73,28,2.607142857142857,221.59735812133073,59.433939489780414,25935.163955359778,0.09637964774951076,True,data/metadata/Doctor’s Handwritten Prescription BD dataset/Validation/validation_words/326.png,Filmet,validation
69,32,2.15625,213.96875,70.86772878809104,36156.22848403697,0.12001811594202899,True,data/metadata/Doctor’s Handwritten Prescription BD dataset/Validation/validation_words/327.png,Filmet,validation
74,33,2.242424242424242,215.46150696150696,72.0182002250725,27640.486143223858,0.11547911547911548,True,data/metadata/Doctor’s Handwritten Prescription BD dataset/Validation/validation_words/328.png,Filmet,validation
74,33,2.242424242424242,211.85585585585585,72.70195194807567,25787.056212064195,0.12162162162162163,True,data/metadata/Doctor’s Handwritten Prescription BD dataset/Validation/validation_words/329.png,Filmet,validation
94,39,2.41025641025641,246.5330060010911,37.982906348144304,9689.117292862948,0.03873431533006001,False,data/metadata/Doctor’s Handwritten Prescription BD dataset/Validation/validation_words/330.png,Fixal,validation
94,30,3.1333333333333333,212.99113475177305,73.15165626986443,8576.809929078014,0.13794326241134752,False,data/metadata/Doctor’s Handwritten Prescription BD dataset/Validation/validation_words/331.png,Fixal,validation
110,41,2.682926829268293,246.39356984478937,38.92321856080301,8250.577288410577,0.03813747228381375,False,data/metadata/Doctor’s Handwritten Prescription BD dataset/Validation/validation_words/332.png,Fixal,validation
74,33,2.242424242424242,221.20556920556922,75.58519934793016,31854.41965524828,0.14823914823914824,True,data/metadata/Doctor’s Handwritten Prescription BD dataset/Validation/validation_words/333.png,Fixal,validation
68,33,2.0606060606060606,231.49866310160428,59.71711013117996,17548.566841742373,0.11363636363636363,True,data/metadata/Doctor’s Handwritten Prescription BD dataset/Validation/validation_words/334.png,Fixal,validation
94,38,2.473684210526316,225.98684210526315,71.35616073314324,28985.257448046832,0.12402015677491601,True,data/metadata/Doctor’s Handwritten Prescription BD dataset/Validation/validation_words/335.png,Fixal,validation
61,42,1.4523809523809523,227.97033567525372,69.05780466149238,27715.15978579015,0.11436377829820453,True,data/metadata/Doctor’s Handwritten Prescription BD dataset/Validation/validation_words/336.png,Fixal,validation
66,39,1.6923076923076923,229.8962703962704,67.18409719109862,24856.46730106637,0.10644910644910645,True,data/metadata/Doctor’s Handwritten Prescription BD dataset/Validation/validation_words/337.png,Fixal,validation
85,38,2.236842105263158,230.55201238390092,57.25771612911073,10158.534332831714,0.09504643962848297,True,data/metadata/Doctor’s Handwritten Prescription BD dataset/Validation/validation_words/338.png,Fixal,validation
70,32,2.1875,227.29910714285714,67.4429573729,21553.05736427774,0.12767857142857142,True,data/metadata/Doctor’s Handwritten Prescription BD dataset/Validation/validation_words/339.png,Fixal,validation
182,138,1.318840579710145,242.01238254499125,50.70797668088777,3796.5799490364707,0.05004777830864787,False,data/metadata/Doctor’s Handwritten Prescription BD dataset/Validation/validation_words/340.png,Flamyd,validation
95,26,3.6538461538461537,203.80566801619435,83.45527717113909,8574.524654395254,0.22186234817813766,True,data/metadata/Doctor’s Handwritten Prescription BD dataset/Validation/validation_words/341.png,Flamyd,validation
175,107,1.6355140186915889,237.60710280373831,58.33317887183791,4469.882189586115,0.06825100133511348,False,data/metadata/Doctor’s Handwritten Prescription BD dataset/Validation/validation_words/342.png,Flamyd,validation
175,109,1.6055045871559632,235.4446133682831,61.67882831943534,4733.8294614354245,0.07732634338138926,False,data/metadata/Doctor’s Handwritten Prescription BD dataset/Validation/validation_words/343.png,Flamyd,validation
187,108,1.7314814814814814,240.60031689443454,52.91630431471742,4206.81669637552,0.05664488017429194,False,data/metadata/Doctor’s Handwritten Prescription BD dataset/Validation/validation_words/344.png,Flamyd,validation
213,120,1.775,242.15105633802816,49.963044156223745,3857.1769170579028,0.05086071987480438,False,data/metadata/Doctor’s Handwritten Prescription BD dataset/Validation/validation_words/345.png,Flamyd,validation
196,103,1.9029126213592233,233.13200911432534,65.55107468151564,5001.30691499901,0.08415890628095898,False,data/metadata/Doctor’s Handwritten Prescription BD dataset/Validation/validation_words/346.png,Flamyd,validation
192,113,1.6991150442477876,239.31867625368733,55.23334061243578,4713.377992015897,0.062407817109144545,False,data/metadata/Doctor’s Handwritten Prescription BD dataset/Validation/validation_words/347.png,Flamyd,validation
189,103,1.8349514563106797,235.38865772846356,61.24520015751877,5352.980017465455,0.07880002054759336,True,data/metadata/Doctor’s Handwritten Prescription BD dataset/Validation/validation_words/348.png,Flamyd,validation
203,81,2.506172839506173,232.72711792252022,65.54414871031469,5317.580467239446,0.08727117922520221,True,data/metadata/Doctor’s Handwritten Prescription BD dataset/Validation/validation_words/349.png,Flamyd,validation
222,81,2.740740740740741,220.6101101101101,69.70545841801486,938.5764062608067,0.14536758981203426,False,data/metadata/Doctor’s Handwritten Prescription BD dataset/Validation/validation_words/350.png,Flexibac,validation
645,139,4.640287769784172,227.33688026323128,77.5078149738756,5296.9310125719685,0.11032290446712398,True,data/metadata/Doctor’s Handwritten Prescription BD dataset/Validation/validation_words/351.png,Flexibac,validation
173,45,3.8444444444444446,204.9654463712267,78.51847812587053,2154.214384842481,0.21695568400770712,True,data/metadata/Doctor’s Handwritten Prescription BD dataset/Validation/validation_words/352.png,Flexibac,validation
191,54,3.537037037037037,209.10248206321504,77.00794156094213,1580.629187933633,0.19740159007174715,True,data/metadata/Doctor’s Handwritten Prescription BD dataset/Validation/validation_words/353.png,Flexibac,validation
193,69,2.7971014492753623,209.26545017646617,79.0605065000207,1271.3918248322318,0.1923856724487497,True,data/metadata/Doctor’s Handwritten Prescription BD dataset/Validation/validation_words/354.png,Flexibac,validation
185,55,3.3636363636363638,206.31862407862408,78.87726977743164,1628.33989531117,0.20737100737100736,True,data/metadata/Doctor’s Handwritten Prescription BD dataset/Validation/validation_words/355.png,Flexibac,validation
197,67,2.9402985074626864,209.43563906356542,78.3582792783464,1519.714388361676,0.19653004015455716,True,data/metadata/Doctor’s Handwritten Prescription BD dataset/Validation/validation_words/356.png,Flexibac,validation
173,49,3.5306122448979593,208.68656364279815,77.26905617735024,2093.019782525989,0.19216704022649522,True,data/metadata/Doctor’s Handwritten Prescription BD dataset/Validation/validation_words/357.png,Flexibac,validation
223,62,3.596774193548387,218.9990597425141,69.56482437330985,1123.5403148749888,0.1518154202227687,True,data/metadata/Doctor’s Handwritten Prescription BD dataset/Validation/validation_words/358.png,Flexibac,validation
277,63,4.396825396825397,219.78465417454586,68.7023348575232,1183.1033504879751,0.15173915534926366,True,data/metadata/Doctor’s Handwritten Prescription BD dataset/Validation/validation_words/359.png,Flexibac,validation
149,35,4.257142857142857,218.15071907957815,66.09458276234132,5427.934196234955,0.11275167785234899,False,data/metadata/Doctor’s Handwritten Prescription BD dataset/Validation/validation_words/360.png,Flexilax,validation
133,17,7.823529411764706,217.4356479433879,65.90556512706098,10891.073573571517,0.19637328615656788,True,data/metadata/Doctor’s Handwritten Prescription BD dataset/Validation/validation_words/361.png,Flexilax,validation
136,52,2.6153846153846154,224.1126979638009,57.00966068272908,3949.404385851538,0.08144796380090498,False,data/metadata/Doctor’s Handwritten Prescription BD dataset/Validation/validation_words/362.png,Flexilax,validation
146,52,2.8076923076923075,227.10761327713382,54.369061731327136,3196.4101485424735,0.0708640674394099,False,data/metadata/Doctor’s Handwritten Prescription BD dataset/Validation/validation_words/363.png,Flexilax,validation
160,46,3.4782608695652173,219.5767663043478,61.12557306906393,3483.562769080813,0.0922554347826087,False,data/metadata/Doctor’s Handwritten Prescription BD dataset/Validation/validation_words/364.png,Flexilax,validation
161,54,2.9814814814814814,222.79698642742122,59.03983741319452,3737.7662279642655,0.08454106280193237,False,data/metadata/Doctor’s Handwritten Prescription BD dataset/Validation/validation_words/365.png,Flexilax,validation
174,55,3.1636363636363636,211.03887147335422,63.98027185799689,4020.994775295927,0.10491118077324973,False,data/metadata/Doctor’s Handwritten Prescription BD dataset/Validation/validation_words/366.png,Flexilax,validation
165,64,2.578125,209.53295454545454,55.84142060251534,2729.974618306646,0.0815340909090909,False,data/metadata/Doctor’s Handwritten Prescription BD dataset/Validation/validation_words/367.png,Flexilax,validation
159,48,3.3125,180.91378406708594,67.23555161664447,5737.198429376035,0.14910901467505241,False,data/metadata/Doctor’s Handwritten Prescription BD dataset/Validation/validation_words/368.png,Flexilax,validation
148,57,2.5964912280701755,231.93800379326694,45.47287575671426,2915.895209595311,0.05109056424845899,False,data/metadata/Doctor’s Handwritten Prescription BD dataset/Validation/validation_words/369.png,Flexilax,validation
168,80,2.1,230.4673363095238,69.19625281271682,4074.481398809524,0.09776785714285714,False,data/metadata/Doctor’s Handwritten Prescription BD dataset/Validation/validation_words/370.png,Flugal,validation
58,22,2.6363636363636362,216.96003134796237,60.879711822558455,8648.937891235346,0.21630094043887146,True,data/metadata/Doctor’s Handwritten Prescription BD dataset/Validation/validation_words/371.png,Flugal,validation
212,77,2.7532467532467533,233.61277873070327,65.59077435035917,3842.7550845381033,0.08208772359715756,False,data/metadata/Doctor’s Handwritten Prescription BD dataset/Validation/validation_words/372.png,Flugal,validation
189,73,2.589041095890411,230.88207581358267,69.04615514275744,4198.132645283741,0.09386098427194317,False,data/metadata/Doctor’s Handwritten Prescription BD dataset/Validation/validation_words/373.png,Flugal,validation
205,75,2.7333333333333334,234.0310894308943,64.74564072427488,3565.0883902439023,0.0816910569105691,False,data/metadata/Doctor’s Handwritten Prescription BD dataset/Validation/validation_words/374.png,Flugal,validation
220,83,2.6506024096385543,237.7356516976999,58.74937439518919,3240.6552026286968,0.06577217962760132,False,data/metadata/Doctor’s Handwritten Prescription BD dataset/Validation/validation_words/375.png,Flugal,validation
205,66,3.106060606060606,229.20192165558018,71.25226535216267,4636.310339897815,0.09903917220990392,False,data/metadata/Doctor’s Handwritten Prescription BD dataset/Validation/validation_words/376.png,Flugal,validation
226,93,2.4301075268817205,235.97811399752592,62.29323661237087,3164.732800456751,0.07384146921686174,False,data/metadata/Doctor’s Handwritten Prescription BD dataset/Validation/validation_words/377.png,Flugal,validation
226,67,3.373134328358209,235.48058380663056,62.384985332243076,3698.098860418645,0.07674019284110421,False,data/metadata/Doctor’s Handwritten Prescription BD dataset/Validation/validation_words/378.png,Flugal,validation
198,88,2.25,235.90249081726355,62.21629517978933,3324.1293617998163,0.07432277318640955,False,data/metadata/Doctor’s Handwritten Prescription BD dataset/Validation/validation_words/379.png,Flugal,validation
169,48,3.5208333333333335,209.6972386587771,77.63134224071433,4840.396693684254,0.1783777120315582,True,data/metadata/Doctor’s Handwritten Prescription BD dataset/Validation/validation_words/380.png,Ketocon,validation
179,70,2.557142857142857,236.27629688747007,59.66278172160114,5081.817458785267,0.06999201915403033,True,data/metadata/Doctor’s Handwritten Prescription BD dataset/Validation/validation_words/381.png,Ketocon,validation
199,80,2.4875,224.0106783919598,62.90153637179099,1716.435489061987,0.10201005025125628,False,data/metadata/Doctor’s Handwritten Prescription BD dataset/Validation/validation_words/382.png,Ketocon,validation
185,67,2.7611940298507465,224.3071399757967,67.82821223502035,1761.285452783616,0.1190802743041549,True,data/metadata/Doctor’s Handwritten Prescription BD dataset/Validation/validation_words/383.png,Ketocon,validation
224,83,2.6987951807228914,213.99483648881238,65.43143981842098,1527.2577443294508,0.11429647160068847,True,data/metadata/Doctor’s Handwritten Prescription BD dataset/Validation/validation_words/384.png,Ketocon,validation
251,67,3.746268656716418,226.66527918178033,63.74976298170246,2390.6464261923957,0.10394243919843016,True,data/metadata/Doctor’s Handwritten Prescription BD dataset/Validation/validation_words/385.png,Ketocon,validation
211,89,2.3707865168539324,237.05394323446404,49.990514226407655,1128.8735289419033,0.06448692688641568,False,data/metadata/Doctor’s Handwritten Prescription BD dataset/Validation/validation_words/386.png,Ketocon,validation
233,82,2.841463414634146,229.79529990578877,59.63802427994458,1662.5823807855002,0.08887260546425206,False,data/metadata/Doctor’s Handwritten Prescription BD dataset/Validation/validation_words/387.png,Ketocon,validation
191,67,2.8507462686567164,214.08470735328592,74.16264035303035,3256.662976248835,0.1482378682503712,True,data/metadata/Doctor’s Handwritten Prescription BD dataset/Validation/validation_words/388.png,Ketocon,validation
188,59,3.1864406779661016,210.16949152542372,70.97978039061331,2991.086630883049,0.1455102776776055,True,data/metadata/Doctor’s Handwritten Prescription BD dataset/Validation/validation_words/389.png,Ketocon,validation
160,66,2.4242424242424243,210.5876893939394,54.50680455125188,2885.9317019538425,0.0896780303030303,False,data/metadata/Doctor’s Handwritten Prescription BD dataset/Validation/validation_words/390.png,Ketoral,validation
236,75,3.1466666666666665,233.58079096045196,64.45782550963753,4508.223162565035,0.0843502824858757,False,data/metadata/Doctor’s Handwritten Prescription BD dataset/Validation/validation_words/391.png,Ketoral,validation
201,80,2.5125,204.00267412935324,50.73639248803346,2019.9058453843963,0.0789179104477612,False,data/metadata/Doctor’s Handwritten Prescription BD dataset/Validation/validation_words/392.png,Ketoral,validation
183,70,2.6142857142857143,216.74660421545667,50.78883706213014,2523.691949296784,0.07798594847775175,True,data/metadata/Doctor’s Handwritten Prescription BD dataset/Validation/validation_words/393.png,Ketoral,validation
139,62,2.2419354838709675,196.82107217451846,65.61710922914358,4055.605551932434,0.13448595961940124,True,data/metadata/Doctor’s Handwritten Prescription BD dataset/Validation/validation_words/394.png,Ketoral,validation
175,52,3.3653846153846154,204.01164835164835,58.18532231111014,2802.336503031035,0.10318681318681319,False,data/metadata/Doctor’s Handwritten Prescription BD dataset/Validation/validation_words/395.png,Ketoral,validation
184,93,1.978494623655914,201.84057971014494,43.96090658686228,1465.6674110372528,0.06036699392239364,False,data/metadata/Doctor’s Handwritten Prescription BD dataset/Validation/validation_words/396.png,Ketoral,validation
163,54,3.0185185185185186,203.58691206543966,58.32218221614957,3047.162345735805,0.10804362644853442,False,data/metadata/Doctor’s Handwritten Prescription BD dataset/Validation/validation_words/397.png,Ketoral,validation
156,73,2.136986301369863,203.08008429926238,52.267856101499476,2786.7019410433204,0.08587987355110643,False,data/metadata/Doctor’s Handwritten Prescription BD dataset/Validation/validation_words/398.png,Ketoral,validation
197,102,1.9313725490196079,194.10540459838757,41.86151717910508,1363.5257823439351,0.06006768189509306,False,data/metadata/Doctor’s Handwritten Prescription BD dataset/Validation/validation_words/399.png,Ketoral,validation
69,21,3.2857142857142856,181.2311939268461,81.79037636544015,20833.727891156464,0.2277432712215321,True,data/metadata/Doctor’s Handwritten Prescription BD dataset/Validation/validation_words/400.png,Ketotab,validation
181,55,3.290909090909091,223.29241587142138,76.74920952669942,7435.1833249623305,0.1233550979407333,False,data/metadata/Doctor’s Handwritten Prescription BD dataset/Validation/validation_words/401.png,Ketotab,validation
75,24,3.125,193.09666666666666,73.5069882543301,20274.94684444444,0.17722222222222223,True,data/metadata/Doctor’s Handwritten Prescription BD dataset/Validation/validation_words/402.png,Ketotab,validation
72,22,3.272727272727273,175.88257575757575,76.17893342923605,14495.144767992426,0.21275252525252525,True,data/metadata/Doctor’s Handwritten Prescription BD dataset/Validation/validation_words/403.png,Ketotab,validation
63,19,3.3157894736842106,178.41520467836258,74.74317287076694,20040.71595027669,0.19632414369256473,True,data/metadata/Doctor’s Handwritten Prescription BD dataset/Validation/validation_words/404.png,Ketotab,validation
79,24,3.2916666666666665,177.07805907172997,68.6794995148972,15559.100206519608,0.17457805907172996,False,data/metadata/Doctor’s Handwritten Prescription BD dataset/Validation/validation_words/405.png,Ketotab,validation
69,21,3.2857142857142856,179.94340924775707,65.95531121661088,17887.462455961868,0.16080055210489994,False,data/metadata/Doctor’s Handwritten Prescription BD dataset/Validation/validation_words/406.png,Ketotab,validation
64,20,3.2,191.65390625,75.0409246702505,28919.190603027342,0.1765625,True,data/metadata/Doctor’s Handwritten Prescription BD dataset/Validation/validation_words/407.png,Ketotab,validation
59,21,2.8095238095238093,180.37610976594027,71.22064258106822,23295.301467441328,0.17675544794188863,True,data/metadata/Doctor’s Handwritten Prescription BD dataset/Validation/validation_words/408.png,Ketotab,validation
63,19,3.3157894736842106,176.7201336675021,75.43128706524664,19067.912651302442,0.214703425229741,True,data/metadata/Doctor’s Handwritten Prescription BD dataset/Validation/validation_words/409.png,Ketotab,validation
65,29,2.2413793103448274,169.24244031830239,93.76101514004951,13132.04057834784,0.29708222811671087,True,data/metadata/Doctor’s Handwritten Prescription BD dataset/Validation/validation_words/410.png,Ketozol,validation
168,64,2.625,234.02473958333334,64.17310096880948,6675.434523809524,0.08091517857142858,False,data/metadata/Doctor’s Handwritten Prescription BD dataset/Validation/validation_words/411.png,Ketozol,validation
87,14,6.214285714285714,165.4646962233169,97.79132713759111,19357.48681113349,0.3620689655172414,True,data/metadata/Doctor’s Handwritten Prescription BD dataset/Validation/validation_words/412.png,Ketozol,validation
74,15,4.933333333333334,145.95675675675676,100.32563164145117,25504.364194464735,0.436036036036036,True,data/metadata/Doctor’s Handwritten Prescription BD dataset/Validation/validation_words/413.png,Ketozol,validation
91,24,3.7916666666666665,159.7797619047619,93.33558605047988,10673.373150048974,0.34615384615384615,True,data/metadata/Doctor’s Handwritten Prescription BD dataset/Validation/validation_words/414.png,Ketozol,validation
53,19,2.789473684210526,156.10625620655412,95.58123883932181,31445.71488162801,0.40615690168818275,True,data/metadata/Doctor’s Handwritten Prescription BD dataset/Validation/validation_words/415.png,Ketozol,validation
91,42,2.1666666666666665,178.41679748822605,92.30156851534427,6315.300829138965,0.26373626373626374,True,data/metadata/Doctor’s Handwritten Prescription BD dataset/Validation/validation_words/416.png,Ketozol,validation
79,31,2.5483870967741935,191.15026541445488,84.63656770103641,9197.894318411645,0.21396488362596977,True,data/metadata/Doctor’s Handwritten Prescription BD dataset/Validation/validation_words/417.png,Ketozol,validation
64,14,4.571428571428571,163.86160714285714,98.28698435624965,34567.07632633131,0.3482142857142857,True,data/metadata/Doctor’s Handwritten Prescription BD dataset/Validation/validation_words/418.png,Ketozol,validation
69,14,4.928571428571429,145.5320910973085,101.42974041859225,32620.711490897553,0.44306418219461696,True,data/metadata/Doctor’s Handwritten Prescription BD dataset/Validation/validation_words/419.png,Ketozol,validation
92,28,3.2857142857142856,201.65877329192546,79.92301969242689,14523.032675605687,0.19875776397515527,True,data/metadata/Doctor’s Handwritten Prescription BD dataset/Validation/validation_words/420.png,Leptic,validation
135,42,3.2142857142857144,205.25379188712523,95.10128620211758,15311.915319528818,0.19047619047619047,True,data/metadata/Doctor’s Handwritten Prescription BD dataset/Validation/validation_words/421.png,Leptic,validation
137,42,3.261904761904762,209.9428223844282,66.90278249798192,8338.697106810827,0.13208202989224888,True,data/metadata/Doctor’s Handwritten Prescription BD dataset/Validation/validation_words/422.png,Leptic,validation
86,39,2.2051282051282053,196.99761478831246,82.39637242443091,8714.951912187373,0.22212283840190816,True,data/metadata/Doctor’s Handwritten Prescription BD dataset/Validation/validation_words/423.png,Leptic,validation
100,38,2.6315789473684212,199.05631578947367,79.53263141699011,7101.151075900278,0.20026315789473684,True,data/metadata/Doctor’s Handwritten Prescription BD dataset/Validation/validation_words/424.png,Leptic,validation
76,29,2.6206896551724137,202.93511796733213,81.14710634620168,8224.539175389738,0.20235934664246824,True,data/metadata/Doctor’s Handwritten Prescription BD dataset/Validation/validation_words/425.png,Leptic,validation
97,40,2.425,197.92474226804123,78.47675804191088,11918.538946155279,0.1943298969072165,True,data/metadata/Doctor’s Handwritten Prescription BD dataset/Validation/validation_words/426.png,Leptic,validation
103,39,2.641025641025641,192.40801593228778,75.93549380093528,10489.276572327133,0.18745332337565349,True,data/metadata/Doctor’s Handwritten Prescription BD dataset/Validation/validation_words/427.png,Leptic,validation
65,24,2.7083333333333335,199.59230769230768,83.57965150655156,13713.589743178829,0.2141025641025641,True,data/metadata/Doctor’s Handwritten Prescription BD dataset/Validation/validation_words/428.png,Leptic,validation
77,24,3.2083333333333335,198.4215367965368,81.85965785284863,15486.665664061771,0.21807359307359309,True,data/metadata/Doctor’s Handwritten Prescription BD dataset/Validation/validation_words/429.png,Leptic,validation
97,31,3.129032258064516,216.7954772198204,68.95226926512889,7449.509145327569,0.11772530761556368,False,data/metadata/Doctor’s Handwritten Prescription BD dataset/Validation/validation_words/430.png,Lucan-R,validation
222,88,2.522727272727273,237.22251228501227,59.261601695005396,3655.0658271908273,0.06925675675675676,False,data/metadata/Doctor’s Handwritten Prescription BD dataset/Validation/validation_words/431.png,Lucan-R,validation
96,29,3.310344827586207,213.2880747126437,72.24984330631813,8630.227011494253,0.13829022988505746,False,data/metadata/Doctor’s Handwritten Prescription BD dataset/Validation/validation_words/432.png,Lucan-R,validation
232,75,3.0933333333333333,239.84810344827585,53.63504040850051,3425.344712643678,0.06028735632183908,False,data/metadata/Doctor’s Handwritten Prescription BD dataset/Validation/validation_words/433.png,Lucan-R,validation
237,63,3.761904761904762,234.60143325966112,61.754424481922314,4189.453218136762,0.08103944812805572,False,data/metadata/Doctor’s Handwritten Prescription BD dataset/Validation/validation_words/434.png,Lucan-R,validation
242,73,3.315068493150685,239.01250990603418,55.05742000016059,3867.5311315552744,0.06379486018340315,False,data/metadata/Doctor’s Handwritten Prescription BD dataset/Validation/validation_words/435.png,Lucan-R,validation
204,66,3.090909090909091,230.47311348781938,67.4206826223791,4993.242349038028,0.09670231729055258,False,data/metadata/Doctor’s Handwritten Prescription BD dataset/Validation/validation_words/436.png,Lucan-R,validation
213,77,2.7662337662337664,235.59374428388512,60.05962431743852,4495.946100312179,0.07639778062313274,False,data/metadata/Doctor’s Handwritten Prescription BD dataset/Validation/validation_words/437.png,Lucan-R,validation
223,71,3.140845070422535,234.82555422219414,61.400146840269656,4071.469461940572,0.07951746352554791,False,data/metadata/Doctor’s Handwritten Prescription BD dataset/Validation/validation_words/438.png,Lucan-R,validation
207,66,3.1363636363636362,235.3013468013468,60.38475933017464,4322.553286225546,0.07670912018738106,False,data/metadata/Doctor’s Handwritten Prescription BD dataset/Validation/validation_words/439.png,Lucan-R,validation
79,14,5.642857142857143,222.54159132007234,75.25719965677821,37838.484318643335,0.14014466546112117,True,data/metadata/Doctor’s Handwritten Prescription BD dataset/Validation/validation_words/440.png,Lumona,validation
202,28,7.214285714285714,220.64214992927865,70.23215658697441,24601.372596399113,0.10802687411598302,True,data/metadata/Doctor’s Handwritten Prescription BD dataset/Validation/validation_words/441.png,Lumona,validation
124,13,9.538461538461538,233.88585607940448,60.60362717075802,31062.38369602362,0.09615384615384616,True,data/metadata/Doctor’s Handwritten Prescription BD dataset/Validation/validation_words/442.png,Lumona,validation
98,26,3.769230769230769,234.86420722135009,58.81287348696537,17915.275147928995,0.09536891679748823,True,data/metadata/Doctor’s Handwritten Prescription BD dataset/Validation/validation_words/443.png,Lumona,validation
112,20,5.6,229.49642857142857,67.65016356301027,33046.401874202806,0.10892857142857143,True,data/metadata/Doctor’s Handwritten Prescription BD dataset/Validation/validation_words/444.png,Lumona,validation
85,15,5.666666666666667,221.94509803921568,75.63436378905227,43229.12315940023,0.1450980392156863,True,data/metadata/Doctor’s Handwritten Prescription BD dataset/Validation/validation_words/445.png,Lumona,validation
102,19,5.368421052631579,230.7017543859649,65.50927590135822,32841.232337924586,0.10629514963880289,True,data/metadata/Doctor’s Handwritten Prescription BD dataset/Validation/validation_words/446.png,Lumona,validation
102,22,4.636363636363637,234.27495543672015,57.6830394898198,17772.755894903737,0.09848484848484848,True,data/metadata/Doctor’s Handwritten Prescription BD dataset/Validation/validation_words/447.png,Lumona,validation
87,15,5.8,224.82222222222222,71.00319325588809,36872.26619926308,0.12796934865900383,True,data/metadata/Doctor’s Handwritten Prescription BD dataset/Validation/validation_words/448.png,Lumona,validation
96,16,6.0,229.06315104166666,66.74066957626064,33807.630615234375,0.11458333333333333,True,data/metadata/Doctor’s Handwritten Prescription BD dataset/Validation/validation_words/449.png,Lumona,validation
94,28,3.357142857142857,172.4053951367781,103.1859515340766,7635.670697217321,0.32598784194528874,True,data/metadata/Doctor’s Handwritten Prescription BD dataset/Validation/validation_words/450.png,M-Kast,validation
174,43,4.046511627906977,229.77211975407644,60.24242265486185,13146.463577166865,0.08700882117080995,False,data/metadata/Doctor’s Handwritten Prescription BD dataset/Validation/validation_words/451.png,M-Kast,validation
128,32,4.0,184.843994140625,98.1173853935617,5563.940355062485,0.271728515625,True,data/metadata/Doctor’s Handwritten Prescription BD dataset/Validation/validation_words/452.png,M-Kast,validation
115,34,3.3823529411764706,176.0700767263427,101.29406028664627,6653.3502988598975,0.3135549872122762,True,data/metadata/Doctor’s Handwritten Prescription BD dataset/Validation/validation_words/453.png,M-Kast,validation
103,32,3.21875,160.00819174757282,105.52677727349689,6821.4304900872785,0.36862864077669905,True,data/metadata/Doctor’s Handwritten Prescription BD dataset/Validation/validation_words/454.png,M-Kast,validation
138,29,4.758620689655173,177.8903048475762,102.00526052302321,7518.591179422783,0.30709645177411293,True,data/metadata/Doctor’s Handwritten Prescription BD dataset/Validation/validation_words/455.png,M-Kast,validation
120,38,3.1578947368421053,180.17083333333332,99.54560570019069,5590.519809508694,0.28421052631578947,True,data/metadata/Doctor’s Handwritten Prescription BD dataset/Validation/validation_words/456.png,M-Kast,validation
104,37,2.810810810810811,163.57094594594594,106.94808112383242,5970.700092536664,0.3586278586278586,True,data/metadata/Doctor’s Handwritten Prescription BD dataset/Validation/validation_words/457.png,M-Kast,validation
108,34,3.176470588235294,181.45778867102396,99.16332099761283,5849.1857938512485,0.2903050108932462,True,data/metadata/Doctor’s Handwritten Prescription BD dataset/Validation/validation_words/458.png,M-Kast,validation
89,31,2.870967741935484,158.33345415005437,107.51014723584997,8473.821914138854,0.3870967741935484,True,data/metadata/Doctor’s Handwritten Prescription BD dataset/Validation/validation_words/459.png,M-Kast,validation
175,27,6.481481481481482,180.7473015873016,99.20679089882624,8570.245416376922,0.2962962962962963,True,data/metadata/Doctor’s Handwritten Prescription BD dataset/Validation/validation_words/460.png,Maxima,validation
88,28,3.142857142857143,207.54383116883116,78.10272348958759,10959.477272727272,0.15503246753246752,False,data/metadata/Doctor’s Handwritten Prescription BD dataset/Validation/validation_words/461.png,Maxima,validation
161,40,4.025,166.69596273291924,101.74280286099373,5598.709922842482,0.3298136645962733,True,data/metadata/Doctor’s Handwritten Prescription BD dataset/Validation/validation_words/462.png,Maxima,validation
165,43,3.8372093023255816,202.61353065539112,88.9264848296946,5930.865654430137,0.20479210711768853,True,data/metadata/Doctor’s Handwritten Prescription BD dataset/Validation/validation_words/463.png,Maxima,validation
175,27,6.481481481481482,180.7473015873016,99.20679089882624,8570.245416376922,0.2962962962962963,True,data/metadata/Doctor’s Handwritten Prescription BD dataset/Validation/validation_words/464.png,Maxima,validation
178,49,3.63265306122449,206.0807154322403,86.62873970855068,4440.217035983355,0.19135519376289842,True,data/metadata/Doctor’s Handwritten Prescription BD dataset/Validation/validation_words/465.png,Maxima,validation
165,43,3.8372093023255816,202.61353065539112,88.9264848296946,5930.865654430137,0.20479210711768853,True,data/metadata/Doctor’s Handwritten Prescription BD dataset/Validation/validation_words/466.png,Maxima,validation
128,26,4.923076923076923,165.77734375,106.28916135161172,12797.080205251481,0.34765625,True,data/metadata/Doctor’s Handwritten Prescription BD dataset/Validation/validation_words/467.png,Maxima,validation
144,28,5.142857142857143,197.84102182539684,90.27706346709327,8487.218911407155,0.2326388888888889,True,data/metadata/Doctor’s Handwritten Prescription BD dataset/Validation/validation_words/468.png,Maxima,validation
146,30,4.866666666666666,167.83150684931508,105.87218283686535,8834.16229353016,0.3481735159817352,True,data/metadata/Doctor’s Handwritten Prescription BD dataset/Validation/validation_words/469.png,Maxima,validation
82,33,2.484848484848485,205.00554323725055,82.325572996928,8246.91648189209,0.16001478196600147,False,data/metadata/Doctor’s Handwritten Prescription BD dataset/Validation/validation_words/470.png,Maxpro,validation
167,21,7.9523809523809526,186.77587681779298,105.14015228367887,38215.24128231378,0.2671799258625606,True,data/metadata/Doctor’s Handwritten Prescription BD dataset/Validation/validation_words/471.png,Maxpro,validation
83,30,2.7666666666666666,209.87871485943776,74.95829462097547,9316.962248995984,0.15140562248995984,False,data/metadata/Doctor’s Handwritten Prescription BD dataset/Validation/validation_words/472.png,Maxpro,validation
176,33,5.333333333333333,241.21986914600552,49.17687868529331,29778.287972583654,0.04252754820936639,True,data/metadata/Doctor’s Handwritten Prescription BD dataset/Validation/validation_words/473.png,Maxpro,validation
167,59,2.830508474576271,234.26895361818737,62.12399513581047,4545.96569572719,0.08109205318177205,False,data/metadata/Doctor’s Handwritten Prescription BD dataset/Validation/validation_words/474.png,Maxpro,validation
169,52,3.25,231.73793809740556,65.41323379215966,5219.290851160674,0.08921256258534364,False,data/metadata/Doctor’s Handwritten Prescription BD dataset/Validation/validation_words/475.png,Maxpro,validation
189,58,3.2586206896551726,235.88004013866083,59.586228549914296,4517.01295384054,0.0752599890530925,False,data/metadata/Doctor’s Handwritten Prescription BD dataset/Validation/validation_words/476.png,Maxpro,validation
304,52,5.846153846153846,200.75385880566802,101.61938457247697,13992.743927025462,0.20799595141700405,True,data/metadata/Doctor’s Handwritten Prescription BD dataset/Validation/validation_words/477.png,Maxpro,validation
193,57,3.3859649122807016,219.12307972002546,66.81362224327789,6357.801568476792,0.11762567039360058,True,data/metadata/Doctor’s Handwritten Prescription BD dataset/Validation/validation_words/478.png,Maxpro,validation
141,31,4.548387096774194,204.58636467627545,90.23221034574576,20913.997011877276,0.18622740791580875,True,data/metadata/Doctor’s Handwritten Prescription BD dataset/Validation/validation_words/479.png,Maxpro,validation
128,47,2.723404255319149,182.72905585106383,98.54399327480469,3038.324998336661,0.28158244680851063,True,data/metadata/Doctor’s Handwritten Prescription BD dataset/Validation/validation_words/480.png,Metro,validation
177,67,2.6417910447761193,239.5136183489333,50.060486687606264,2681.396913736403,0.07504848638165107,False,data/metadata/Doctor’s Handwritten Prescription BD dataset/Validation/validation_words/481.png,Metro,validation
136,36,3.7777777777777777,150.1907679738562,104.64018240736594,3679.705345533502,0.3925653594771242,True,data/metadata/Doctor’s Handwritten Prescription BD dataset/Validation/validation_words/482.png,Metro,validation
147,43,3.4186046511627906,154.9545957918051,94.61651754833598,2939.7884811581093,0.3368137952855561,True,data/metadata/Doctor’s Handwritten Prescription BD dataset/Validation/validation_words/483.png,Metro,validation
149,59,2.5254237288135593,177.4121260379934,100.15502479581967,1819.1624243784242,0.29678079854396544,True,data/metadata/Doctor’s Handwritten Prescription BD dataset/Validation/validation_words/484.png,Metro,validation
129,48,2.6875,173.72399870801033,101.39448356516753,3063.1077533359708,0.30959302325581395,True,data/metadata/Doctor’s Handwritten Prescription BD dataset/Validation/validation_words/485.png,Metro,validation
147,37,3.972972972972973,173.00312557455413,98.20473728885307,4339.90636324495,0.31752160323588896,True,data/metadata/Doctor’s Handwritten Prescription BD dataset/Validation/validation_words/486.png,Metro,validation
126,46,2.739130434782609,182.34385783298828,98.66326173002209,3178.578198756573,0.28122843340234643,True,data/metadata/Doctor’s Handwritten Prescription BD dataset/Validation/validation_words/487.png,Metro,validation
135,35,3.857142857142857,149.51915343915343,104.64882419613008,3700.3106078329274,0.3978835978835979,True,data/metadata/Doctor’s Handwritten Prescription BD dataset/Validation/validation_words/488.png,Metro,validation
145,42,3.4523809523809526,154.41888341543515,94.69653408590496,3089.616610206508,0.33530377668308703,True,data/metadata/Doctor’s Handwritten Prescription BD dataset/Validation/validation_words/489.png,Metro,validation
176,65,2.707692307692308,197.58505244755244,59.2922898294039,3979.5635036477943,0.10402097902097902,False,data/metadata/Doctor’s Handwritten Prescription BD dataset/Validation/validation_words/490.png,Metsina,validation
109,18,6.055555555555555,236.20897043832824,44.16036434245593,8947.100036524755,0.11977573904179409,True,data/metadata/Doctor’s Handwritten Prescription BD dataset/Validation/validation_words/491.png,Metsina,validation
181,82,2.207317073170732,215.61096887211966,49.77246011225927,3059.5838805048907,0.0674437407357499,False,data/metadata/Doctor’s Handwritten Prescription BD dataset/Validation/validation_words/492.png,Metsina,validation
179,82,2.182926829268293,226.08884044147703,56.65994628498207,4176.016668249137,0.0767134486987328,False,data/metadata/Doctor’s Handwritten Prescription BD dataset/Validation/validation_words/493.png,Metsina,validation
199,73,2.7260273972602738,239.34570110828113,51.467013102278884,4010.4103260574047,0.0613340675982653,False,data/metadata/Doctor’s Handwritten Prescription BD dataset/Validation/validation_words/494.png,Metsina,validation
175,71,2.464788732394366,230.98503018108653,57.53442165609124,4295.677877492723,0.0786317907444668,False,data/metadata/Doctor’s Handwritten Prescription BD dataset/Validation/validation_words/495.png,Metsina,validation
240,81,2.962962962962963,240.0182098765432,49.1952143286808,3144.245724099371,0.05262345679012346,False,data/metadata/Doctor’s Handwritten Prescription BD dataset/Validation/validation_words/496.png,Metsina,validation
207,60,3.45,237.94476650563607,49.94999118266568,2023.785473639992,0.07600644122383253,True,data/metadata/Doctor’s Handwritten Prescription BD dataset/Validation/validation_words/497.png,Metsina,validation
254,53,4.7924528301886795,238.86012479572128,48.12615553989577,1875.829116385004,0.07502599910860198,False,data/metadata/Doctor’s Handwritten Prescription BD dataset/Validation/validation_words/498.png,Metsina,validation
250,63,3.9682539682539684,238.3401904761905,50.16108101125501,1998.6288253968255,0.0768888888888889,True,data/metadata/Doctor’s Handwritten Prescription BD dataset/Validation/validation_words/499.png,Metsina,validation
89,23,3.869565217391304,232.2344894968246,54.113540394716125,11138.276449694991,0.11480214948705422,True,data/metadata/Doctor’s Handwritten Prescription BD dataset/Validation/validation_words/500.png,Monas,validation
374,81,4.617283950617284,206.16003168944346,66.80685848084417,4349.688835647751,0.15782003036904999,True,data/metadata/Doctor’s Handwritten Prescription BD dataset/Validation/validation_words/501.png,Monas,validation
97,27,3.5925925925925926,230.88048873615884,57.92409745889705,17111.912576479834,0.10729285987017946,True,data/metadata/Doctor’s Handwritten Prescription BD dataset/Validation/validation_words/502.png,Monas,validation
85,31,2.7419354838709675,233.03339658444023,60.698936844099755,19423.945108505053,0.09791271347248577,True,data/metadata/Doctor’s Handwritten Prescription BD dataset/Validation/validation_words/503.png,Monas,validation
77,20,3.85,227.90194805194804,65.27599842385459,21466.593541912633,0.13116883116883116,True,data/metadata/Doctor’s Handwritten Prescription BD dataset/Validation/validation_words/504.png,Monas,validation
85,30,2.8333333333333335,230.39411764705883,67.31719155701174,20712.771738408304,0.10901960784313726,True,data/metadata/Doctor’s Handwritten Prescription BD dataset/Validation/validation_words/505.png,Monas,validation
90,27,3.3333333333333335,234.1835390946502,53.54310651977121,13396.332037629765,0.1102880658436214,True,data/metadata/Doctor’s Handwritten Prescription BD dataset/Validation/validation_words/506.png,Monas,validation
92,25,3.68,233.6604347826087,59.10766079814321,20827.539496975423,0.09652173913043478,True,data/metadata/Doctor’s Handwritten Prescription BD dataset/Validation/validation_words/507.png,Monas,validation
98,24,4.083333333333333,232.45663265306123,63.30480328753277,25411.463121377376,0.09991496598639456,False,data/metadata/Doctor’s Handwritten Prescription BD dataset/Validation/validation_words/508.png,Monas,validation
103,20,5.15,233.03300970873786,62.41307646833814,25255.408431520405,0.09854368932038834,True,data/metadata/Doctor’s Handwritten Prescription BD dataset/Validation/validation_words/509.png,Monas,validation
114,30,3.8,196.16315789473686,89.67414851374463,8437.754585257002,0.24444444444444444,True,data/metadata/Doctor’s Handwritten Prescription BD dataset/Validation/validation_words/510.png,Montair,validation
139,20,6.95,226.21474820143885,69.26528814783624,48054.06146822111,0.09532374100719425,True,data/metadata/Doctor’s Handwritten Prescription BD dataset/Validation/validation_words/511.png,Montair,validation
93,29,3.206896551724138,160.84056358917314,106.79871920027499,8062.494407813018,0.37486095661846497,True,data/metadata/Doctor’s Handwritten Prescription BD dataset/Validation/validation_words/512.png,Montair,validation
102,33,3.090909090909091,170.038027332145,101.59786271282418,10394.339970958405,0.339572192513369,True,data/metadata/Doctor’s Handwritten Prescription BD dataset/Validation/validation_words/513.png,Montair,validation
109,38,2.8684210526315788,187.1315789473684,96.41935368338056,8379.742300959586,0.2708836310960889,True,data/metadata/Doctor’s Handwritten Prescription BD dataset/Validation/validation_words/514.png,Montair,validation
144,33,4.363636363636363,174.21106902356902,100.91775339288569,8732.280548496681,0.32175925925925924,True,data/metadata/Doctor’s Handwritten Prescription BD dataset/Validation/validation_words/515.png,Montair,validation
127,41,3.097560975609756,173.16669867486075,105.32662332594947,6626.488717508071,0.32571538313808335,True,data/metadata/Doctor’s Handwritten Prescription BD dataset/Validation/validation_words/516.png,Montair,validation
145,47,3.0851063829787235,200.05619955979458,90.973705194233,5701.026921301842,0.2218635363169479,True,data/metadata/Doctor’s Handwritten Prescription BD dataset/Validation/validation_words/517.png,Montair,validation
106,35,3.0285714285714285,168.55822102425876,102.51279970605518,10118.87724326327,0.3490566037735849,True,data/metadata/Doctor’s Handwritten Prescription BD dataset/Validation/validation_words/518.png,Montair,validation
106,56,1.8928571428571428,179.9946091644205,100.61840109742603,7312.471605906624,0.3013814016172507,True,data/metadata/Doctor’s Handwritten Prescription BD dataset/Validation/validation_words/519.png,Montair,validation
289,64,4.515625,229.84369593425606,61.163884065150945,1081.248594278965,0.12083693771626297,False,data/metadata/Doctor’s Handwritten Prescription BD dataset/Validation/validation_words/520.png,Montene,validation
148,29,5.103448275862069,224.1053122087605,82.10883203388474,34277.79349316095,0.12325256290773533,True,data/metadata/Doctor’s Handwritten Prescription BD dataset/Validation/validation_words/521.png,Montene,validation
304,59,5.1525423728813555,229.18688670829616,61.61616349012891,1289.6262234003186,0.12472123104371097,False,data/metadata/Doctor’s Handwritten Prescription BD dataset/Validation/validation_words/522.png,Montene,validation
345,71,4.859154929577465,236.3392120840988,54.34527541997822,960.7729680763924,0.0867115737905695,False,data/metadata/Doctor’s Handwritten Prescription BD dataset/Validation/validation_words/523.png,Montene,validation
190,66,2.878787878787879,234.72910685805422,51.31014056111774,3557.536910091853,0.07599681020733652,False,data/metadata/Doctor’s Handwritten Prescription BD dataset/Validation/validation_words/524.png,Montene,validation
329,74,4.445945945945946,234.88154111558367,56.18853967366233,1084.7358498164106,0.09282839070073112,False,data/metadata/Doctor’s Handwritten Prescription BD dataset/Validation/validation_words/525.png,Montene,validation
204,72,2.8333333333333335,242.81392973856208,43.22878481993375,2960.2476815511372,0.0559640522875817,False,data/metadata/Doctor’s Handwritten Prescription BD dataset/Validation/validation_words/526.png,Montene,validation
231,70,3.3,244.2925170068027,41.1642669121137,3036.964996907854,0.05027829313543599,False,data/metadata/Doctor’s Handwritten Prescription BD dataset/Validation/validation_words/527.png,Montene,validation
180,64,2.8125,240.74192708333334,46.139736946075196,4275.6220486111115,0.06927083333333334,False,data/metadata/Doctor’s Handwritten Prescription BD dataset/Validation/validation_words/528.png,Montene,validation
211,67,3.1492537313432836,242.63599066279974,43.14306385700284,4931.150031831365,0.05595246516233996,False,data/metadata/Doctor’s Handwritten Prescription BD dataset/Validation/validation_words/529.png,Montene,validation
137,33,4.151515151515151,176.73169652731696,101.36162956789451,7201.321778712049,0.3092236230922362,True,data/metadata/Doctor’s Handwritten Prescription BD dataset/Validation/validation_words/530.png,Montex,validation
108,24,4.5,219.9783950617284,75.14649989724664,15367.86965532598,0.16126543209876543,True,data/metadata/Doctor’s Handwritten Prescription BD dataset/Validation/validation_words/531.png,Montex,validation
143,28,5.107142857142857,167.7207792207792,105.23400003339785,6980.096829494182,0.34440559440559443,True,data/metadata/Doctor’s Handwritten Prescription BD dataset/Validation/validation_words/532.png,Montex,validation
147,36,4.083333333333333,176.39965986394557,102.32307862173413,5080.762943280948,0.3047996976568405,True,data/metadata/Doctor’s Handwritten Prescription BD dataset/Validation/validation_words/533.png,Montex,validation
148,47,3.148936170212766,203.8497699827487,88.02162191376004,5320.778407428142,0.20198389879240944,True,data/metadata/Doctor’s Handwritten Prescription BD dataset/Validation/validation_words/534.png,Montex,validation
143,40,3.575,199.34842657342656,90.88283068659473,6645.827428113844,0.22045454545454546,True,data/metadata/Doctor’s Handwritten Prescription BD dataset/Validation/validation_words/535.png,Montex,validation
136,30,4.533333333333333,202.3357843137255,87.48490342525406,8135.150927527873,0.2107843137254902,True,data/metadata/Doctor’s Handwritten Prescription BD dataset/Validation/validation_words/536.png,Montex,validation
140,34,4.117647058823529,185.61029411764707,98.29378885588136,6472.234534990466,0.27605042016806725,True,data/metadata/Doctor’s Handwritten Prescription BD dataset/Validation/validation_words/537.png,Montex,validation
139,29,4.793103448275862,178.73629372364178,99.79480396093102,7960.3023105292705,0.30612751178367653,True,data/metadata/Doctor’s Handwritten Prescription BD dataset/Validation/validation_words/538.png,Montex,validation
145,42,3.4523809523809526,188.0392446633826,95.46171407399443,4584.428129669624,0.26141215106732346,True,data/metadata/Doctor’s Handwritten Prescription BD dataset/Validation/validation_words/539.png,Montex,validation
167,52,3.2115384615384617,246.13507600184246,35.25974316748449,8358.558510057093,0.043528327959465686,False,data/metadata/Doctor’s Handwritten Prescription BD dataset/Validation/validation_words/540.png,Napa Extend,validation
587,126,4.658730158730159,244.30004596955195,48.46477309158808,4590.010870446255,0.04227846732105676,True,data/metadata/Doctor’s Handwritten Prescription BD dataset/Validation/validation_words/541.png,Napa Extend,validation
166,47,3.5319148936170213,244.56613688797745,39.08430927692296,9183.697190103223,0.05024352730069213,False,data/metadata/Doctor’s Handwritten Prescription BD dataset/Validation/validation_words/542.png,Napa Extend,validation
167,34,4.911764705882353,242.1546319126453,43.275521198175134,12109.022715514207,0.06199365973934484,True,data/metadata/Doctor’s Handwritten Prescription BD dataset/Validation/validation_words/543.png,Napa Extend,validation
141,46,3.0652173913043477,242.70567375886526,35.88480544286351,4606.170159043663,0.07847671908726488,False,data/metadata/Doctor’s Handwritten Prescription BD dataset/Validation/validation_words/544.png,Napa Extend,validation
150,40,3.75,243.28933333333333,40.501542598879965,12294.126651083332,0.05516666666666667,False,data/metadata/Doctor’s Handwritten Prescription BD dataset/Validation/validation_words/545.png,Napa Extend,validation
137,45,3.0444444444444443,240.21297648012975,46.61012452605552,16420.53805069957,0.06974858069748581,True,data/metadata/Doctor’s Handwritten Prescription BD dataset/Validation/validation_words/546.png,Napa Extend,validation
141,46,3.0652173913043477,242.11332099907494,43.60951690164608,14372.660860380132,0.05951279679309281,True,data/metadata/Doctor’s Handwritten Prescription BD dataset/Validation/validation_words/547.png,Napa Extend,validation
180,45,4.0,243.8079012345679,35.76040829979467,4586.200738545954,0.0691358024691358,False,data/metadata/Doctor’s Handwritten Prescription BD dataset/Validation/validation_words/548.png,Napa Extend,validation
158,40,3.95,241.1751582278481,38.88985806224479,6355.0390185867645,0.0795886075949367,True,data/metadata/Doctor’s Handwritten Prescription BD dataset/Validation/validation_words/549.png,Napa Extend,validation
66,15,4.4,219.5969696969697,61.234457445918885,8582.114132231405,0.2101010101010101,True,data/metadata/Doctor’s Handwritten Prescription BD dataset/Validation/validation_words/550.png,Napa,validation
555,306,1.8137254901960784,233.77160690101866,67.3034423189935,400.30559084024185,0.08384855443678974,True,data/metadata/Doctor’s Handwritten Prescription BD dataset/Validation/validation_words/551.png,Napa,validation
64,13,4.923076923076923,208.50841346153845,66.71230155836076,9457.037847575351,0.28725961538461536,True,data/metadata/Doctor’s Handwritten Prescription BD dataset/Validation/validation_words/552.png,Napa,validation
73,12,6.083333333333333,210.75456621004565,67.66773706107718,9177.588947269658,0.2591324200913242,True,data/metadata/Doctor’s Handwritten Prescription BD dataset/Validation/validation_words/553.png,Napa,validation
193,71,2.7183098591549295,191.58760855287164,56.830797241792474,971.5220665055925,0.11661679924104211,True,data/metadata/Doctor’s Handwritten Prescription BD dataset/Validation/validation_words/554.png,Napa,validation
177,89,1.9887640449438202,226.63473624071605,43.42183775390918,361.5127236079799,0.06652701072811527,False,data/metadata/Doctor’s Handwritten Prescription BD dataset/Validation/validation_words/555.png,Napa,validation
214,72,2.9722222222222223,190.18068535825546,53.56429072294134,522.5889608422793,0.10838525441329179,True,data/metadata/Doctor’s Handwritten Prescription BD dataset/Validation/validation_words/556.png,Napa,validation
209,78,2.6794871794871793,209.92933382407065,94.14744900357542,11082.484603101131,0.1732302784934364,False,data/metadata/Doctor’s Handwritten Prescription BD dataset/Validation/validation_words/557.png,Napa,validation
235,107,2.196261682242991,236.27432889242394,64.42672466172948,8199.339152456021,0.07512427918075164,True,data/metadata/Doctor’s Handwritten Prescription BD dataset/Validation/validation_words/558.png,Napa,validation
524,177,2.9604519774011298,224.2018480182861,75.83620372056866,4048.750655965866,0.10547936343640833,True,data/metadata/Doctor’s Handwritten Prescription BD dataset/Validation/validation_words/559.png,Napa,validation
195,52,3.75,169.47603550295858,99.0042929241902,490.63942379663024,0.3342209072978304,True,data/metadata/Doctor’s Handwritten Prescription BD dataset/Validation/validation_words/560.png,Nexcap,validation
87,31,2.806451612903226,202.27141268075638,84.67460306445044,8971.48757879125,0.17982944011865035,False,data/metadata/Doctor’s Handwritten Prescription BD dataset/Validation/validation_words/561.png,Nexcap,validation
201,51,3.9411764705882355,166.09940493610378,99.01068609013882,526.0281446663291,0.34386889083991806,True,data/metadata/Doctor’s Handwritten Prescription BD dataset/Validation/validation_words/562.png,Nexcap,validation
186,59,3.152542372881356,157.76845270639694,101.47535081608888,338.92338336427446,0.3740659741206488,True,data/metadata/Doctor’s Handwritten Prescription BD dataset/Validation/validation_words/563.png,Nexcap,validation
223,50,4.46,170.40878923766817,97.75284966596404,682.9804364937963,0.32896860986547083,True,data/metadata/Doctor’s Handwritten Prescription BD dataset/Validation/validation_words/564.png,Nexcap,validation
192,62,3.096774193548387,172.9175067204301,97.29999086197566,406.71841143095253,0.3191364247311828,True,data/metadata/Doctor’s Handwritten Prescription BD dataset/Validation/validation_words/565.png,Nexcap,validation
221,54,4.092592592592593,184.49078263784145,92.01607364180462,321.505675270184,0.27023629964806434,True,data/metadata/Doctor’s Handwritten Prescription BD dataset/Validation/validation_words/566.png,Nexcap,validation
229,63,3.634920634920635,170.79822554931727,98.63564788200459,284.16775958646235,0.32855063422749015,True,data/metadata/Doctor’s Handwritten Prescription BD dataset/Validation/validation_words/567.png,Nexcap,validation
183,47,3.893617021276596,156.8982676432973,101.10890799489428,451.6762834538711,0.38193233344959887,True,data/metadata/Doctor’s Handwritten Prescription BD dataset/Validation/validation_words/568.png,Nexcap,validation
180,37,4.864864864864865,190.90645645645645,80.83507727511571,399.216411253596,0.2343843843843844,True,data/metadata/Doctor’s Handwritten Prescription BD dataset/Validation/validation_words/569.png,Nexcap,validation
90,20,4.5,197.26055555555556,84.58370870013407,9739.27259228395,0.25277777777777777,True,data/metadata/Doctor’s Handwritten Prescription BD dataset/Validation/validation_words/570.png,Nexum,validation
80,40,2.0,195.84375,73.17199745078372,19013.092651464845,0.1384375,True,data/metadata/Doctor’s Handwritten Prescription BD dataset/Validation/validation_words/571.png,Nexum,validation
97,27,3.5925925925925926,212.36769759450172,71.27141039275475,8665.680954565727,0.21229476899579994,True,data/metadata/Doctor’s Handwritten Prescription BD dataset/Validation/validation_words/572.png,Nexum,validation
71,22,3.227272727272727,221.21254801536492,59.576511422085865,9698.029164159676,0.16965428937259924,True,data/metadata/Doctor’s Handwritten Prescription BD dataset/Validation/validation_words/573.png,Nexum,validation
176,47,3.74468085106383,217.53493713733076,81.01549621271101,8733.58100963517,0.14446324951644102,True,data/metadata/Doctor’s Handwritten Prescription BD dataset/Validation/validation_words/574.png,Nexum,validation
661,113,5.849557522123894,207.66771986665418,92.36155765544163,5690.80108237514,0.1685030725770822,True,data/metadata/Doctor’s Handwritten Prescription BD dataset/Validation/validation_words/575.png,Nexum,validation
170,51,3.3333333333333335,222.5076124567474,76.36929414714152,6661.524930443309,0.1251441753171857,False,data/metadata/Doctor’s Handwritten Prescription BD dataset/Validation/validation_words/576.png,Nexum,validation
205,46,4.456521739130435,221.81219512195122,77.68631515806278,5907.280024481332,0.13234358430540827,True,data/metadata/Doctor’s Handwritten Prescription BD dataset/Validation/validation_words/577.png,Nexum,validation
205,46,4.456521739130435,221.81219512195122,77.68631515806278,5907.280024481332,0.13234358430540827,True,data/metadata/Doctor’s Handwritten Prescription BD dataset/Validation/validation_words/578.png,Nexum,validation
182,45,4.044444444444444,216.1003663003663,83.55084543414027,6570.106187390143,0.15482295482295483,True,data/metadata/Doctor’s Handwritten Prescription BD dataset/Validation/validation_words/579.png,Nexum,validation
156,41,3.8048780487804876,183.60256410256412,89.50714517052451,1540.439513355752,0.27157598499061913,True,data/metadata/Doctor’s Handwritten Prescription BD dataset/Validation/validation_words/580.png,Nidazyl,validation
196,66,2.9696969696969697,230.06470315398886,66.9412077655721,3084.0916821273963,0.0985621521335807,False,data/metadata/Doctor’s Handwritten Prescription BD dataset/Validation/validation_words/581.png,Nidazyl,validation
153,71,2.1549295774647885,198.99640983153824,80.70864614152515,836.2067152387714,0.19644665377888246,True,data/metadata/Doctor’s Handwritten Prescription BD dataset/Validation/validation_words/582.png,Nidazyl,validation
152,84,1.8095238095238095,191.718515037594,82.48102061203782,960.9634117944846,0.20895989974937343,True,data/metadata/Doctor’s Handwritten Prescription BD dataset/Validation/validation_words/583.png,Nidazyl,validation
140,67,2.08955223880597,175.51641791044776,86.82245594459874,635.650870597515,0.25,True,data/metadata/Doctor’s Handwritten Prescription BD dataset/Validation/validation_words/584.png,Nidazyl,validation
144,38,3.789473684210526,184.56067251461988,90.95345334604463,2022.7015618854944,0.2737573099415205,True,data/metadata/Doctor’s Handwritten Prescription BD dataset/Validation/validation_words/585.png,Nidazyl,validation
131,31,4.225806451612903,174.40088648116227,85.21507670252116,1427.1158575869672,0.31125338586555035,True,data/metadata/Doctor’s Handwritten Prescription BD dataset/Validation/validation_words/586.png,Nidazyl,validation
161,38,4.2368421052631575,176.20562275253351,89.07824752530783,2010.43098855878,0.32151029748283755,True,data/metadata/Doctor’s Handwritten Prescription BD dataset/Validation/validation_words/587.png,Nidazyl,validation
183,65,2.8153846153846156,188.50760823875578,78.52627186469508,908.1002538076178,0.20025220680958386,True,data/metadata/Doctor’s Handwritten Prescription BD dataset/Validation/validation_words/588.png,Nidazyl,validation
182,77,2.3636363636363638,181.15491651205937,74.64071436310434,487.069300212927,0.1880262594548309,True,data/metadata/Doctor’s Handwritten Prescription BD dataset/Validation/validation_words/589.png,Nidazyl,validation
122,46,2.652173913043478,222.37366357804703,74.72414633042358,7303.707740489908,0.1266928011404134,False,data/metadata/Doctor’s Handwritten Prescription BD dataset/Validation/validation_words/590.png,Nizoder,validation
1251,164,7.628048780487805,233.02384921331227,61.94748735040257,602.0483613109512,0.10577391745140473,False,data/metadata/Doctor’s Handwritten Prescription BD dataset/Validation/validation_words/591.png,Nizoder,validation
130,50,2.6,221.43138461538462,75.28946846113182,7584.761258485207,0.1356923076923077,False,data/metadata/Doctor’s Handwritten Prescription BD dataset/Validation/validation_words/592.png,Nizoder,validation
127,56,2.267857142857143,225.53023059617547,72.42202810421341,7237.037964004499,0.11642294713160854,False,data/metadata/Doctor’s Handwritten Prescription BD dataset/Validation/validation_words/593.png,Nizoder,validation
124,61,2.0327868852459017,224.57773664727657,70.69777372957934,6820.8260109886205,0.13167636171337915,False,data/metadata/Doctor’s Handwritten Prescription BD dataset/Validation/validation_words/594.png,Nizoder,validation
142,58,2.4482758620689653,231.10211267605635,63.89314165589642,6422.750849927149,0.09725594949004371,False,data/metadata/Doctor’s Handwritten Prescription BD dataset/Validation/validation_words/595.png,Nizoder,validation
149,57,2.6140350877192984,229.38172612739905,66.3673101519935,6467.646336711393,0.10361474155186624,False,data/metadata/Doctor’s Handwritten Prescription BD dataset/Validation/validation_words/596.png,Nizoder,validation
137,55,2.4909090909090907,224.49834107498341,70.61307199236929,7313.261918452663,0.12727272727272726,True,data/metadata/Doctor’s Handwritten Prescription BD dataset/Validation/validation_words/597.png,Nizoder,validation
146,51,2.8627450980392157,220.52068224550095,75.14853615714102,9179.70547900114,0.13819500402900886,True,data/metadata/Doctor’s Handwritten Prescription BD dataset/Validation/validation_words/598.png,Nizoder,validation
149,60,2.4833333333333334,223.84787472035794,72.94990244883996,7376.016927603362,0.1261744966442953,True,data/metadata/Doctor’s Handwritten Prescription BD dataset/Validation/validation_words/599.png,Nizoder,validation
218,77,2.831168831168831,243.51030620755392,44.227804561787366,3803.566126445291,0.04783748361730013,False,data/metadata/Doctor’s Handwritten Prescription BD dataset/Validation/validation_words/600.png,Odmon,validation
102,26,3.923076923076923,199.65912518853696,100.5967635765202,34662.18965097061,0.22134238310708898,True,data/metadata/Doctor’s Handwritten Prescription BD dataset/Validation/validation_words/601.png,Odmon,validation
182,57,3.192982456140351,236.63321765953344,54.355601943291504,5035.322136665536,0.06815114709851552,False,data/metadata/Doctor’s Handwritten Prescription BD dataset/Validation/validation_words/602.png,Odmon,validation
191,58,3.293103448275862,196.09676836974182,51.58426926455049,3189.440118275697,0.07979779743636035,False,data/metadata/Doctor’s Handwritten Prescription BD dataset/Validation/validation_words/603.png,Odmon,validation
172,39,4.410256410256411,231.2309183064997,59.351089081209835,2976.518621843319,0.11299940369707812,False,data/metadata/Doctor’s Handwritten Prescription BD dataset/Validation/validation_words/604.png,Odmon,validation
170,55,3.090909090909091,214.9653475935829,61.05548696923399,4937.445631284852,0.09422459893048128,False,data/metadata/Doctor’s Handwritten Prescription BD dataset/Validation/validation_words/605.png,Odmon,validation
161,52,3.0961538461538463,236.7488055422838,53.000081964589036,2285.668418309707,0.08528428093645485,False,data/metadata/Doctor’s Handwritten Prescription BD dataset/Validation/validation_words/606.png,Odmon,validation
154,47,3.276595744680851,233.90522243713733,56.474168600032684,2643.23984457395,0.09864603481624758,False,data/metadata/Doctor’s Handwritten Prescription BD dataset/Validation/validation_words/607.png,Odmon,validation
170,52,3.269230769230769,237.42601809954752,51.52049367736933,2169.2874428118794,0.08461538461538462,False,data/metadata/Doctor’s Handwritten Prescription BD dataset/Validation/validation_words/608.png,Odmon,validation
180,49,3.673469387755102,235.9780045351474,54.14104127800505,2184.364637406739,0.08877551020408163,True,data/metadata/Doctor’s Handwritten Prescription BD dataset/Validation/validation_words/609.png,Odmon,validation
78,29,2.689655172413793,229.30592396109637,57.746344251106834,13457.042218493214,0.10344827586206896,True,data/metadata/Doctor’s Handwritten Prescription BD dataset/Validation/validation_words/610.png,Omastin,validation
90,30,3.0,211.67074074074074,74.64068567953113,8871.542962962963,0.1388888888888889,False,data/metadata/Doctor’s Handwritten Prescription BD dataset/Validation/validation_words/611.png,Omastin,validation
98,27,3.6296296296296298,225.89266817838245,62.19842287934843,17971.11419524558,0.11148904006046863,True,data/metadata/Doctor’s Handwritten Prescription BD dataset/Validation/validation_words/612.png,Omastin,validation
118,33,3.5757575757575757,226.24191063174115,56.152358318064,14998.15566736546,0.08371854134566,False,data/metadata/Doctor’s Handwritten Prescription BD dataset/Validation/validation_words/613.png,Omastin,validation
83,29,2.8620689655172415,233.1362692147902,53.12819038030386,13094.76287880056,0.11175737432488575,True,data/metadata/Doctor’s Handwritten Prescription BD dataset/Validation/validation_words/614.png,Omastin,validation
94,33,2.8484848484848486,226.31366860090264,57.333791964108414,11535.265943936673,0.12572533849129594,False,data/metadata/Doctor’s Handwritten Prescription BD dataset/Validation/validation_words/615.png,Omastin,validation
82,22,3.727272727272727,228.48725055432374,62.35184082885232,23347.16856726368,0.1286031042128603,True,data/metadata/Doctor’s Handwritten Prescription BD dataset/Validation/validation_words/616.png,Omastin,validation
91,26,3.5,234.1196111580727,58.26621197722648,19084.037834702525,0.10059171597633136,True,data/metadata/Doctor’s Handwritten Prescription BD dataset/Validation/validation_words/617.png,Omastin,validation
111,37,3.0,235.88336985634282,56.51700355478075,15558.554041811538,0.08375943511078646,True,data/metadata/Doctor’s Handwritten Prescription BD dataset/Validation/validation_words/618.png,Omastin,validation
103,28,3.6785714285714284,232.97260748959778,51.78162442692533,9116.466482058937,0.11650485436893204,True,data/metadata/Doctor’s Handwritten Prescription BD dataset/Validation/validation_words/619.png,Omastin,validation
102,61,1.6721311475409837,232.69591771134682,63.5458572099604,5507.906268582123,0.08968177434908389,False,data/metadata/Doctor’s Handwritten Prescription BD dataset/Validation/validation_words/620.png,Opton,validation
76,30,2.533333333333333,204.7732456140351,79.31139430535168,12320.907894736842,0.17017543859649123,False,data/metadata/Doctor’s Handwritten Prescription BD dataset/Validation/validation_words/621.png,Opton,validation
95,46,2.0652173913043477,229.66681922196796,66.92254631790489,6758.345646728003,0.10137299771167048,True,data/metadata/Doctor’s Handwritten Prescription BD dataset/Validation/validation_words/622.png,Opton,validation
108,41,2.6341463414634148,227.71951219512195,68.98553458818648,6808.421374736932,0.11427280939476062,True,data/metadata/Doctor’s Handwritten Prescription BD dataset/Validation/validation_words/623.png,Opton,validation
102,61,1.6721311475409837,233.47958855673417,61.80721069126205,6185.832976530743,0.08711025393764063,False,data/metadata/Doctor’s Handwritten Prescription BD dataset/Validation/validation_words/624.png,Opton,validation
105,59,1.7796610169491525,231.6952380952381,64.39802157780471,6125.617433414043,0.09491525423728814,False,data/metadata/Doctor’s Handwritten Prescription BD dataset/Validation/validation_words/625.png,Opton,validation
96,60,1.6,233.14131944444443,61.29143293346016,7276.160736762153,0.08888888888888889,False,data/metadata/Doctor’s Handwritten Prescription BD dataset/Validation/validation_words/626.png,Opton,validation
101,56,1.8035714285714286,223.47595473833098,73.91575149162868,9662.012258920944,0.12535360678925037,True,data/metadata/Doctor’s Handwritten Prescription BD dataset/Validation/validation_words/627.png,Opton,validation
104,69,1.5072463768115942,230.33333333333334,66.55214662197281,7201.717112597547,0.0983835005574136,False,data/metadata/Doctor’s Handwritten Prescription BD dataset/Validation/validation_words/628.png,Opton,validation
88,59,1.4915254237288136,216.54006163328197,80.46584043387378,10456.13953696543,0.1550462249614792,True,data/metadata/Doctor’s Handwritten Prescription BD dataset/Validation/validation_words/629.png,Opton,validation
94,42,2.238095238095238,215.99544072948328,64.93389967290416,27530.415674474858,0.09371833839918946,True,data/metadata/Doctor’s Handwritten Prescription BD dataset/Validation/validation_words/630.png,Progut,validation
190,58,3.2758620689655173,221.98076225045372,78.94444043300987,6089.89836660617,0.12849364791288567,False,data/metadata/Doctor’s Handwritten Prescription BD dataset/Validation/validation_words/631.png,Progut,validation
107,30,3.566666666666667,224.14859813084112,62.26061224882571,9802.269155093603,0.1442367601246106,True,data/metadata/Doctor’s Handwritten Prescription BD dataset/Validation/validation_words/632.png,Progut,validation
63,26,2.423076923076923,217.518315018315,73.57464024062996,39177.98067717115,0.11904761904761904,True,data/metadata/Doctor’s Handwritten Prescription BD dataset/Validation/validation_words/633.png,Progut,validation
43,22,1.9545454545454546,212.34038054968286,81.22592925255988,57105.370681717606,0.15644820295983086,True,data/metadata/Doctor’s Handwritten Prescription BD dataset/Validation/validation_words/634.png,Progut,validation
71,26,2.730769230769231,216.6175514626219,76.09030527286777,41974.635690298135,0.12784398699891658,True,data/metadata/Doctor’s Handwritten Prescription BD dataset/Validation/validation_words/635.png,Progut,validation
49,27,1.8148148148148149,217.1768707482993,76.8594667940235,54301.07584916892,0.15343915343915343,True,data/metadata/Doctor’s Handwritten Prescription BD dataset/Validation/validation_words/636.png,Progut,validation
80,26,3.076923076923077,229.45673076923077,52.366258705874635,5819.936270109098,0.1548076923076923,False,data/metadata/Doctor’s Handwritten Prescription BD dataset/Validation/validation_words/637.png,Progut,validation
50,19,2.6315789473684212,212.7,79.7263048448285,56002.41338947369,0.15894736842105264,True,data/metadata/Doctor’s Handwritten Prescription BD dataset/Validation/validation_words/638.png,Progut,validation
57,30,1.9,215.65204678362574,78.49927912596432,49211.83208371807,0.13333333333333333,True,data/metadata/Doctor’s Handwritten Prescription BD dataset/Validation/validation_words/639.png,Progut,validation
217,51,4.254901960784314,239.0371374356194,49.29087063850276,2477.482424705615,0.07373271889400922,False,data/metadata/Doctor’s Handwritten Prescription BD dataset/Validation/validation_words/640.png,Provair,validation
246,32,7.6875,212.50825711382114,88.8908645801345,14962.870458958556,0.17339939024390244,True,data/metadata/Doctor’s Handwritten Prescription BD dataset/Validation/validation_words/641.png,Provair,validation
189,54,3.5,238.72986478542035,49.34085043426853,2660.074074074074,0.07799333725259651,False,data/metadata/Doctor’s Handwritten Prescription BD dataset/Validation/validation_words/642.png,Provair,validation
195,46,4.239130434782608,235.5788182831661,53.84258899500402,2893.0030085296085,0.09453734671125975,False,data/metadata/Doctor’s Handwritten Prescription BD dataset/Validation/validation_words/643.png,Provair,validation
188,54,3.4814814814814814,235.15494483845546,54.037718191730704,2482.6487391646965,0.0952521670606777,False,data/metadata/Doctor’s Handwritten Prescription BD dataset/Validation/validation_words/644.png,Provair,validation
191,49,3.8979591836734695,234.829789507426,54.87914224669338,3146.8599209317235,0.09434768671866653,False,data/metadata/Doctor’s Handwritten Prescription BD dataset/Validation/validation_words/645.png,Provair,validation
156,61,2.557377049180328,233.67843631778058,59.7194030899116,7973.921605716688,0.08532997057587222,False,data/metadata/Doctor’s Handwritten Prescription BD dataset/Validation/validation_words/646.png,Provair,validation
171,63,2.7142857142857144,237.3598811844426,54.59980199126355,6943.44565116495,0.07314582753179244,False,data/metadata/Doctor’s Handwritten Prescription BD dataset/Validation/validation_words/647.png,Provair,validation
168,43,3.9069767441860463,228.2217607973422,66.34119826605323,9343.239032018748,0.10977297895902548,False,data/metadata/Doctor’s Handwritten Prescription BD dataset/Validation/validation_words/648.png,Provair,validation
171,66,2.590909090909091,238.75837320574163,52.180925862806454,6045.993265993266,0.06698564593301436,False,data/metadata/Doctor’s Handwritten Prescription BD dataset/Validation/validation_words/649.png,Provair,validation
621,177,3.5084745762711864,229.149931311808,57.62238479871756,703.8536787795473,0.07139932858429543,True,data/metadata/Doctor’s Handwritten Prescription BD dataset/Validation/validation_words/650.png,Renova,validation
393,87,4.517241379310345,235.81126612266385,57.565317844156084,1225.2235556767607,0.07566318621859554,False,data/metadata/Doctor’s Handwritten Prescription BD dataset/Validation/validation_words/651.png,Renova,validation
98,31,3.161290322580645,239.85780118499014,49.71353278904366,16051.967191089734,0.07109940750493746,True,data/metadata/Doctor’s Handwritten Prescription BD dataset/Validation/validation_words/652.png,Renova,validation
99,34,2.911764705882353,235.7073677956031,59.39312004465617,23872.548334080027,0.08348187759952466,True,data/metadata/Doctor’s Handwritten Prescription BD dataset/Validation/validation_words/653.png,Renova,validation
88,34,2.588235294117647,237.37566844919786,56.30002157518245,23676.194989557716,0.07520053475935828,False,data/metadata/Doctor’s Handwritten Prescription BD dataset/Validation/validation_words/654.png,Renova,validation
101,42,2.4047619047619047,238.35407826496936,54.598556743764995,21039.12963209334,0.07402168788307402,True,data/metadata/Doctor’s Handwritten Prescription BD dataset/Validation/validation_words/655.png,Renova,validation
110,34,3.235294117647059,236.80935828877006,57.68365479119271,25686.74121157311,0.08021390374331551,True,data/metadata/Doctor’s Handwritten Prescription BD dataset/Validation/validation_words/656.png,Renova,validation
120,35,3.4285714285714284,240.24571428571429,49.93177350587676,18953.691189965986,0.06833333333333333,True,data/metadata/Doctor’s Handwritten Prescription BD dataset/Validation/validation_words/657.png,Renova,validation
122,31,3.935483870967742,236.93601269169753,56.716576934550304,22722.341979570912,0.0817028027498678,True,data/metadata/Doctor’s Handwritten Prescription BD dataset/Validation/validation_words/658.png,Renova,validation
100,25,4.0,237.0136,55.32876842150022,25135.493864160002,0.0832,True,data/metadata/Doctor’s Handwritten Prescription BD dataset/Validation/validation_words/659.png,Renova,validation
120,57,2.1052631578947367,234.72719298245613,54.895968788215,2267.995613693102,0.09400584795321637,False,data/metadata/Doctor’s Handwritten Prescription BD dataset/Validation/validation_words/660.png,Rhinil,validation
670,180,3.7222222222222223,216.68257877280266,86.37194068462591,661.1499455291261,0.14821724709784412,True,data/metadata/Doctor’s Handwritten Prescription BD dataset/Validation/validation_words/661.png,Rhinil,validation
149,56,2.6607142857142856,237.69642857142858,50.826064540918104,2024.84276126558,0.08425215723873442,False,data/metadata/Doctor’s Handwritten Prescription BD dataset/Validation/validation_words/662.png,Rhinil,validation
138,47,2.9361702127659575,234.48889916743755,54.42715259853845,2262.301258176129,0.10175763182238667,False,data/metadata/Doctor’s Handwritten Prescription BD dataset/Validation/validation_words/663.png,Rhinil,validation
169,54,3.1296296296296298,239.17028270874425,48.562653274738494,1954.2802980495287,0.0784571553802323,False,data/metadata/Doctor’s Handwritten Prescription BD dataset/Validation/validation_words/664.png,Rhinil,validation
147,47,3.127659574468085,234.48603271095672,54.463139775220654,2395.4880814063167,0.09958025763496887,False,data/metadata/Doctor’s Handwritten Prescription BD dataset/Validation/validation_words/665.png,Rhinil,validation
166,56,2.9642857142857144,239.28248709122204,48.726084416792055,1972.5991824440619,0.076592082616179,False,data/metadata/Doctor’s Handwritten Prescription BD dataset/Validation/validation_words/666.png,Rhinil,validation
144,59,2.440677966101695,237.78283898305085,51.531212930266534,2425.510004583413,0.0810969868173258,False,data/metadata/Doctor’s Handwritten Prescription BD dataset/Validation/validation_words/667.png,Rhinil,validation
151,65,2.3230769230769233,240.7233825776872,47.90780752416704,5789.601630116399,0.059602649006622516,False,data/metadata/Doctor’s Handwritten Prescription BD dataset/Validation/validation_words/668.png,Rhinil,validation
122,60,2.033333333333333,235.02185792349727,56.90567464132365,7920.963814984024,0.08565573770491804,False,data/metadata/Doctor’s Handwritten Prescription BD dataset/Validation/validation_words/669.png,Rhinil,validation
169,55,3.0727272727272728,237.17364174287252,52.33694342777098,2158.7286640946263,0.0827326519634212,False,data/metadata/Doctor’s Handwritten Prescription BD dataset/Validation/validation_words/670.png,Ritch,validation
100,24,4.166666666666667,205.18791666666667,93.30716802043162,23581.75049722222,0.20333333333333334,True,data/metadata/Doctor’s Handwritten Prescription BD dataset/Validation/validation_words/671.png,Ritch,validation
177,51,3.4705882352941178,235.71474465492412,54.71819348932874,2056.310623684502,0.0899523651268417,False,data/metadata/Doctor’s Handwritten Prescription BD dataset/Validation/validation_words/672.png,Ritch,validation
175,57,3.0701754385964914,238.26365914786967,50.46991468553343,1832.6768912255577,0.08020050125313283,False,data/metadata/Doctor’s Handwritten Prescription BD dataset/Validation/validation_words/673.png,Ritch,validation
142,73,1.9452054794520548,243.3656183677407,42.02500829559083,3538.323943661972,0.05228632066370828,False,data/metadata/Doctor’s Handwritten Prescription BD dataset/Validation/validation_words/674.png,Ritch,validation
162,47,3.4468085106382977,234.9087207775151,54.57945045524342,2480.655895306842,0.09535066981875492,False,data/metadata/Doctor’s Handwritten Prescription BD dataset/Validation/validation_words/675.png,Ritch,validation
167,77,2.168831168831169,247.2878917489696,34.10335045002702,2497.1686756357417,0.037794540788552766,False,data/metadata/Doctor’s Handwritten Prescription BD dataset/Validation/validation_words/676.png,Ritch,validation
173,54,3.2037037037037037,246.9441233140655,31.755870761273,3921.048594018189,0.03960608006850781,False,data/metadata/Doctor’s Handwritten Prescription BD dataset/Validation/validation_words/677.png,Ritch,validation
143,60,2.3833333333333333,241.3630536130536,44.70074295257605,6390.870333173043,0.060372960372960374,True,data/metadata/Doctor’s Handwritten Prescription BD dataset/Validation/validation_words/678.png,Ritch,validation
135,53,2.547169811320755,237.65087351502447,49.38953380223416,9098.035342483816,0.07617051013277429,True,data/metadata/Doctor’s Handwritten Prescription BD dataset/Validation/validation_words/679.png,Ritch,validation
147,44,3.340909090909091,229.38419913419912,66.10622140560469,23911.66300339639,0.08642547928262213,False,data/metadata/Doctor’s Handwritten Prescription BD dataset/Validation/validation_words/680.png,Rivotril,validation
102,37,2.7567567567567566,242.03603603603602,46.71024093423589,19639.35484076614,0.06359300476947535,True,data/metadata/Doctor’s Handwritten Prescription BD dataset/Validation/validation_words/681.png,Rivotril,validation
146,42,3.4761904761904763,231.53408349641225,64.04439033124643,26545.495385360937,0.08088714938030006,True,data/metadata/Doctor’s Handwritten Prescription BD dataset/Validation/validation_words/682.png,Rivotril,validation
112,33,3.393939393939394,230.12662337662337,62.92689434141461,24383.553606493388,0.09388528138528139,True,data/metadata/Doctor’s Handwritten Prescription BD dataset/Validation/validation_words/683.png,Rivotril,validation
101,40,2.525,230.41262376237623,66.6179240965797,29727.93857342417,0.08985148514851485,True,data/metadata/Doctor’s Handwritten Prescription BD dataset/Validation/validation_words/684.png,Rivotril,validation
118,39,3.0256410256410255,235.27314211212516,57.66445156626654,21289.08573998305,0.0697522816166884,True,data/metadata/Doctor’s Handwritten Prescription BD dataset/Validation/validation_words/685.png,Rivotril,validation
109,45,2.422222222222222,228.69785932721712,64.42568078058139,21911.070708975112,0.08338430173292559,True,data/metadata/Doctor’s Handwritten Prescription BD dataset/Validation/validation_words/686.png,Rivotril,validation
133,40,3.325,235.31447368421053,59.4604134526163,23471.490287608118,0.06973684210526315,True,data/metadata/Doctor’s Handwritten Prescription BD dataset/Validation/validation_words/687.png,Rivotril,validation
124,38,3.263157894736842,237.34295415959252,56.22016618021212,23174.86995810105,0.06387945670628184,True,data/metadata/Doctor’s Handwritten Prescription BD dataset/Validation/validation_words/688.png,Rivotril,validation
104,35,2.9714285714285715,236.41675824175823,55.77112958319483,22839.639686933944,0.06895604395604396,True,data/metadata/Doctor’s Handwritten Prescription BD dataset/Validation/validation_words/689.png,Rivotril,validation
144,44,3.272727272727273,188.41287878787878,96.34893733482981,2707.99425919549,0.26609848484848486,False,data/metadata/Doctor’s Handwritten Prescription BD dataset/Validation/validation_words/690.png,Romycin,validation
172,59,2.9152542372881354,227.9364406779661,72.21822904126799,5570.298796369118,0.1035672053606622,False,data/metadata/Doctor’s Handwritten Prescription BD dataset/Validation/validation_words/691.png,Romycin,validation
156,43,3.627906976744186,195.945885509839,90.86051167289865,2943.780833519122,0.2407573047107931,True,data/metadata/Doctor’s Handwritten Prescription BD dataset/Validation/validation_words/692.png,Romycin,validation
151,45,3.3555555555555556,201.86122148638705,83.85866392981963,3729.2313414887044,0.22781456953642384,True,data/metadata/Doctor’s Handwritten Prescription BD dataset/Validation/validation_words/693.png,Romycin,validation
113,34,3.323529411764706,186.8391462779802,94.44160475165943,5665.141462644309,0.27876106194690264,True,data/metadata/Doctor’s Handwritten Prescription BD dataset/Validation/validation_words/694.png,Romycin,validation
153,29,5.275862068965517,194.8215010141988,87.87406552881956,6891.331967455224,0.25174667568176695,True,data/metadata/Doctor’s Handwritten Prescription BD dataset/Validation/validation_words/695.png,Romycin,validation
158,39,4.051282051282051,223.63420967218437,66.52608129013024,4568.974186734223,0.13128854268094775,True,data/metadata/Doctor’s Handwritten Prescription BD dataset/Validation/validation_words/696.png,Romycin,validation
124,39,3.1794871794871793,213.62179487179486,75.12550467182324,5885.138972653746,0.17783291976840365,True,data/metadata/Doctor’s Handwritten Prescription BD dataset/Validation/validation_words/697.png,Romycin,validation
145,48,3.0208333333333335,220.42112068965517,70.78836709506326,4184.426755846215,0.1413793103448276,True,data/metadata/Doctor’s Handwritten Prescription BD dataset/Validation/validation_words/698.png,Romycin,validation
131,36,3.638888888888889,198.69910941475828,87.18630432374482,5533.774208233785,0.23112807463952503,True,data/metadata/Doctor’s Handwritten Prescription BD dataset/Validation/validation_words/699.png,Romycin,validation
66,28,2.357142857142857,208.06764069264068,68.66992599693852,13707.082724274283,0.2012987012987013,True,data/metadata/Doctor’s Handwritten Prescription BD dataset/Validation/validation_words/700.png,Rozith,validation
85,29,2.9310344827586206,215.48600405679514,88.44218098933385,33848.838092071965,0.15537525354969575,True,data/metadata/Doctor’s Handwritten Prescription BD dataset/Validation/validation_words/701.png,Rozith,validation
79,27,2.925925925925926,216.99953117674636,64.84480010799653,15165.658201252878,0.1373652133145804,False,data/metadata/Doctor’s Handwritten Prescription BD dataset/Validation/validation_words/702.png,Rozith,validation
84,24,3.5,216.53224206349208,58.00241983297841,11722.656886770912,0.17162698412698413,False,data/metadata/Doctor’s Handwritten Prescription BD dataset/Validation/validation_words/703.png,Rozith,validation
99,29,3.413793103448276,222.3239289446186,44.57167469738688,3448.346189043051,0.17380703587600138,False,data/metadata/Doctor’s Handwritten Prescription BD dataset/Validation/validation_words/704.png,Rozith,validation
64,24,2.6666666666666665,218.458984375,51.82872820857662,10745.25182723999,0.17643229166666666,True,data/metadata/Doctor’s Handwritten Prescription BD dataset/Validation/validation_words/705.png,Rozith,validation
78,26,3.0,217.61242603550295,57.48349118493615,13596.572924812002,0.15335305719921105,False,data/metadata/Doctor’s Handwritten Prescription BD dataset/Validation/validation_words/706.png,Rozith,validation
82,30,2.7333333333333334,179.3780487804878,90.42208705336905,6035.3588181637915,0.283739837398374,True,data/metadata/Doctor’s Handwritten Prescription BD dataset/Validation/validation_words/707.png,Rozith,validation
98,27,3.6296296296296298,181.08616780045352,87.30597612433232,5057.645725032266,0.28609221466364326,True,data/metadata/Doctor’s Handwritten Prescription BD dataset/Validation/validation_words/708.png,Rozith,validation
83,28,2.9642857142857144,181.2973321858864,88.52860507853534,4776.306591253137,0.28055077452667815,True,data/metadata/Doctor’s Handwritten Prescription BD dataset/Validation/validation_words/709.png,Rozith,validation
86,38,2.263157894736842,231.22735618115055,56.102159380322156,12879.744148967247,0.11566707466340269,True,data/metadata/Doctor’s Handwritten Prescription BD dataset/Validation/validation_words/710.png,Sergel,validation
287,99,2.898989898989899,229.68000563122516,71.54986309997975,9613.13493704211,0.0918241649948967,True,data/metadata/Doctor’s Handwritten Prescription BD dataset/Validation/validation_words/711.png,Sergel,validation
68,35,1.9428571428571428,229.25504201680673,64.29182479197699,22616.285096214957,0.1180672268907563,False,data/metadata/Doctor’s Handwritten Prescription BD dataset/Validation/validation_words/712.png,Sergel,validation
81,40,2.025,229.82654320987655,67.08849535530109,25771.560429431487,0.11358024691358025,True,data/metadata/Doctor’s Handwritten Prescription BD dataset/Validation/validation_words/713.png,Sergel,validation
85,48,1.7708333333333333,232.2110294117647,64.65491599767029,28769.713643250194,0.09901960784313725,True,data/metadata/Doctor’s Handwritten Prescription BD dataset/Validation/validation_words/714.png,Sergel,validation
90,33,2.727272727272727,231.90740740740742,63.628105983568624,28754.28968064483,0.1037037037037037,True,data/metadata/Doctor’s Handwritten Prescription BD dataset/Validation/validation_words/715.png,Sergel,validation
64,33,1.9393939393939394,234.8849431818182,53.00029052768955,17239.237882195535,0.10227272727272728,True,data/metadata/Doctor’s Handwritten Prescription BD dataset/Validation/validation_words/716.png,Sergel,validation
79,40,1.975,232.0879746835443,63.617611463360966,28211.922672248038,0.10158227848101266,True,data/metadata/Doctor’s Handwritten Prescription BD dataset/Validation/validation_words/717.png,Sergel,validation
84,47,1.7872340425531914,229.46681864235055,59.88681627230287,16384.66397584762,0.1038500506585613,False,data/metadata/Doctor’s Handwritten Prescription BD dataset/Validation/validation_words/718.png,Sergel,validation
83,37,2.2432432432432434,234.5740801042006,59.56124418978719,27255.631810104525,0.09215239335721263,True,data/metadata/Doctor’s Handwritten Prescription BD dataset/Validation/validation_words/719.png,Sergel,validation
152,50,3.04,198.03644736842105,92.19511554027183,2908.0311897333795,0.22526315789473683,True,data/metadata/Doctor’s Handwritten Prescription BD dataset/Validation/validation_words/720.png,Tamen,validation
250,92,2.717391304347826,237.3114347826087,58.76843732623393,3168.6458642551984,0.06930434782608695,False,data/metadata/Doctor’s Handwritten Prescription BD dataset/Validation/validation_words/721.png,Tamen,validation
138,39,3.5384615384615383,198.81958379784467,87.6491454018911,3003.3276982981797,0.23745819397993312,True,data/metadata/Doctor’s Handwritten Prescription BD dataset/Validation/validation_words/722.png,Tamen,validation
132,37,3.5675675675675675,191.4090909090909,92.43520279126439,3004.134919149661,0.26085176085176087,True,data/metadata/Doctor’s Handwritten Prescription BD dataset/Validation/validation_words/723.png,Tamen,validation
138,40,3.45,171.5376811594203,102.78848600642264,2908.5310805240497,0.3378623188405797,True,data/metadata/Doctor’s Handwritten Prescription BD dataset/Validation/validation_words/724.png,Tamen,validation
136,35,3.8857142857142857,192.17373949579832,91.16182319296226,3328.0450885795494,0.24915966386554622,True,data/metadata/Doctor’s Handwritten Prescription BD dataset/Validation/validation_words/725.png,Tamen,validation
156,26,6.0,178.90138067061145,96.8483489805757,3676.7793054534345,0.3079388560157791,True,data/metadata/Doctor’s Handwritten Prescription BD dataset/Validation/validation_words/726.png,Tamen,validation
173,57,3.0350877192982457,197.92708650238313,92.19641833233295,1935.7920157011383,0.22685326031842612,True,data/metadata/Doctor’s Handwritten Prescription BD dataset/Validation/validation_words/727.png,Tamen,validation
102,21,4.857142857142857,179.1143790849673,92.84713040893988,5758.914516787107,0.32446311858076565,True,data/metadata/Doctor’s Handwritten Prescription BD dataset/Validation/validation_words/728.png,Tamen,validation
129,34,3.7941176470588234,198.03739170086638,86.76765294074022,3323.845356364372,0.22959416324669402,True,data/metadata/Doctor’s Handwritten Prescription BD dataset/Validation/validation_words/729.png,Tamen,validation
51,21,2.4285714285714284,229.28384687208217,62.5605343489864,47253.61637988529,0.09523809523809523,True,data/metadata/Doctor’s Handwritten Prescription BD dataset/Validation/validation_words/730.png,Telfast,validation
125,28,4.464285714285714,208.18,90.07102372175923,16420.29531910204,0.18771428571428572,True,data/metadata/Doctor’s Handwritten Prescription BD dataset/Validation/validation_words/731.png,Telfast,validation
69,26,2.6538461538461537,220.4598662207358,75.6255798152327,47818.12904653068,0.13768115942028986,True,data/metadata/Doctor’s Handwritten Prescription BD dataset/Validation/validation_words/732.png,Telfast,validation
78,28,2.7857142857142856,219.8063186813187,76.78865038666935,40543.23649518979,0.1433150183150183,True,data/metadata/Doctor’s Handwritten Prescription BD dataset/Validation/validation_words/733.png,Telfast,validation
105,34,3.088235294117647,221.4403361344538,74.32385374656884,27952.112246074896,0.13389355742296918,True,data/metadata/Doctor’s Handwritten Prescription BD dataset/Validation/validation_words/734.png,Telfast,validation
67,20,3.35,208.40597014925373,85.00793269497697,63392.010191022506,0.19029850746268656,True,data/metadata/Doctor’s Handwritten Prescription BD dataset/Validation/validation_words/735.png,Telfast,validation
90,39,2.3076923076923075,216.0811965811966,77.16300845840362,20419.468621926768,0.16353276353276353,True,data/metadata/Doctor’s Handwritten Prescription BD dataset/Validation/validation_words/736.png,Telfast,validation
108,45,2.4,222.53086419753086,69.67939568626998,18548.475102838318,0.12674897119341563,True,data/metadata/Doctor’s Handwritten Prescription BD dataset/Validation/validation_words/737.png,Telfast,validation
126,59,2.135593220338983,223.81234866828086,65.61859085260727,13265.390838554238,0.11474307237019102,True,data/metadata/Doctor’s Handwritten Prescription BD dataset/Validation/validation_words/738.png,Telfast,validation
126,52,2.423076923076923,225.78907203907204,65.34661562483525,13659.431089370879,0.11095848595848595,False,data/metadata/Doctor’s Handwritten Prescription BD dataset/Validation/validation_words/739.png,Telfast,validation
131,50,2.62,212.8116030534351,75.00396683470595,4059.6307866674433,0.17770992366412214,True,data/metadata/Doctor’s Handwritten Prescription BD dataset/Validation/validation_words/740.png,Tridosil,validation
269,64,4.203125,191.0934595724907,48.32177678332928,3800.74847725294,0.11785548327137546,True,data/metadata/Doctor’s Handwritten Prescription BD dataset/Validation/validation_words/741.png,Tridosil,validation
213,64,3.328125,217.56785504694835,73.23489006080658,2008.6779924583689,0.15221537558685447,True,data/metadata/Doctor’s Handwritten Prescription BD dataset/Validation/validation_words/742.png,Tridosil,validation
187,56,3.3392857142857144,217.55586325439268,73.35137691821438,3089.5029576396673,0.15718105423987777,True,data/metadata/Doctor’s Handwritten Prescription BD dataset/Validation/validation_words/743.png,Tridosil,validation
148,33,4.484848484848484,205.57207207207207,79.10034373968296,4244.7297885472035,0.20823095823095822,True,data/metadata/Doctor’s Handwritten Prescription BD dataset/Validation/validation_words/744.png,Tridosil,validation
147,42,3.5,210.9572400388727,78.93695711845338,3012.7711962891503,0.17622287010042112,True,data/metadata/Doctor’s Handwritten Prescription BD dataset/Validation/validation_words/745.png,Tridosil,validation
150,34,4.411764705882353,203.36176470588236,82.36606423802392,4863.785901230296,0.21666666666666667,True,data/metadata/Doctor’s Handwritten Prescription BD dataset/Validation/validation_words/746.png,Tridosil,validation
144,36,4.0,207.36747685185185,79.0658189985502,3844.8176434375473,0.1996527777777778,True,data/metadata/Doctor’s Handwritten Prescription BD dataset/Validation/validation_words/747.png,Tridosil,validation
100,41,2.4390243902439024,209.66682926829267,76.87526305928498,4618.804989649018,0.20317073170731706,True,data/metadata/Doctor’s Handwritten Prescription BD dataset/Validation/validation_words/748.png,Tridosil,validation
123,59,2.0847457627118646,220.9433650268706,67.99085377602277,2899.681698951784,0.1439988976160948,True,data/metadata/Doctor’s Handwritten Prescription BD dataset/Validation/validation_words/749.png,Tridosil,validation
137,39,3.5128205128205128,234.8972487366648,51.25047319877851,6725.327872007954,0.0941418678644956,True,data/metadata/Doctor’s Handwritten Prescription BD dataset/Validation/validation_words/750.png,Trilock,validation
352,169,2.0828402366863905,239.0016305809575,58.79811228004038,6390.9188274357075,0.05814618074233459,True,data/metadata/Doctor’s Handwritten Prescription BD dataset/Validation/validation_words/751.png,Trilock,validation
107,25,4.28,216.52971962616823,72.03573460907478,16745.637690628006,0.16074766355140188,True,data/metadata/Doctor’s Handwritten Prescription BD dataset/Validation/validation_words/752.png,Trilock,validation
138,36,3.8333333333333335,232.9392109500805,55.52240854452488,9034.093388629257,0.09963768115942029,True,data/metadata/Doctor’s Handwritten Prescription BD dataset/Validation/validation_words/753.png,Trilock,validation
129,24,5.375,219.3139534883721,74.31259669478914,18211.72851691605,0.16117571059431524,True,data/metadata/Doctor’s Handwritten Prescription BD dataset/Validation/validation_words/754.png,Trilock,validation
123,34,3.6176470588235294,224.32376853180295,67.45170548112033,13950.054754714987,0.13151602104256338,True,data/metadata/Doctor’s Handwritten Prescription BD dataset/Validation/validation_words/755.png,Trilock,validation
129,31,4.161290322580645,227.8814703675919,64.485184647315,13909.023139255682,0.11527881970492623,True,data/metadata/Doctor’s Handwritten Prescription BD dataset/Validation/validation_words/756.png,Trilock,validation
147,32,4.59375,228.42219387755102,65.85203200871403,13984.49675694842,0.11522108843537415,True,data/metadata/Doctor’s Handwritten Prescription BD dataset/Validation/validation_words/757.png,Trilock,validation
146,29,5.0344827586206895,223.99078885214928,68.87146270582456,15258.351513012169,0.1353330184222957,True,data/metadata/Doctor’s Handwritten Prescription BD dataset/Validation/validation_words/758.png,Trilock,validation
153,32,4.78125,230.2359068627451,63.63658456688047,12689.822033551132,0.10743464052287582,True,data/metadata/Doctor’s Handwritten Prescription BD dataset/Validation/validation_words/759.png,Trilock,validation
164,55,2.981818181818182,240.95720620842573,46.67432987106652,1935.9660753880266,0.06662971175166298,False,data/metadata/Doctor’s Handwritten Prescription BD dataset/Validation/validation_words/760.png,Vifas,validation
72,30,2.4,215.53148148148148,69.62833162206229,8006.12037037037,0.11990740740740741,False,data/metadata/Doctor’s Handwritten Prescription BD dataset/Validation/validation_words/761.png,Vifas,validation
151,51,2.9607843137254903,238.5821321906246,50.04389100899083,2566.1620568757303,0.07596416049863654,False,data/metadata/Doctor’s Handwritten Prescription BD dataset/Validation/validation_words/762.png,Vifas,validation
144,37,3.891891891891892,231.54523273273273,58.09004139226314,3159.379126874622,0.11355105105105105,False,data/metadata/Doctor’s Handwritten Prescription BD dataset/Validation/validation_words/763.png,Vifas,validation
136,58,2.3448275862068964,236.63450811359027,49.81965356361092,3805.7787503111513,0.0726419878296146,False,data/metadata/Doctor’s Handwritten Prescription BD dataset/Validation/validation_words/764.png,Vifas,validation
148,47,3.148936170212766,236.26207590569294,53.190827427575535,2355.548442733442,0.08999424956871765,False,data/metadata/Doctor’s Handwritten Prescription BD dataset/Validation/validation_words/765.png,Vifas,validation
129,53,2.4339622641509435,237.8224367412608,50.6009179193588,5438.40556578883,0.07693432792160304,True,data/metadata/Doctor’s Handwritten Prescription BD dataset/Validation/validation_words/766.png,Vifas,validation
118,51,2.3137254901960786,237.84230641409107,49.518189300327606,5871.1872542613655,0.08059155865736126,True,data/metadata/Doctor’s Handwritten Prescription BD dataset/Validation/validation_words/767.png,Vifas,validation
159,84,1.8928571428571428,246.56386642707398,35.29699699055418,3519.9690026954177,0.037885594489368075,False,data/metadata/Doctor’s Handwritten Prescription BD dataset/Validation/validation_words/768.png,Vifas,validation
162,71,2.2816901408450705,246.10059120153016,36.02283976688182,4246.372109198401,0.04034081029386194,False,data/metadata/Doctor’s Handwritten Prescription BD dataset/Validation/validation_words/769.png,Vifas,validation
153,53,2.8867924528301887,196.0865704772475,88.39341260091186,2036.0398733308737,0.24022690837341226,True,data/metadata/Doctor’s Handwritten Prescription BD dataset/Validation/validation_words/770.png,Zithrin,validation
155,76,2.039473684210526,235.03709677419354,55.58574861380099,4251.092190152802,0.0934634974533107,False,data/metadata/Doctor’s Handwritten Prescription BD dataset/Validation/validation_words/771.png,Zithrin,validation
136,57,2.3859649122807016,195.9905830753354,89.7479919146072,1658.256357226232,0.2412280701754386,True,data/metadata/Doctor’s Handwritten Prescription BD dataset/Validation/validation_words/772.png,Zithrin,validation
150,48,3.125,189.22694444444446,92.06079752350388,2478.0824527584873,0.26666666666666666,True,data/metadata/Doctor’s Handwritten Prescription BD dataset/Validation/validation_words/773.png,Zithrin,validation
186,45,4.133333333333334,190.6805256869773,92.78819274426219,1440.4456577581939,0.26045400238948624,True,data/metadata/Doctor’s Handwritten Prescription BD dataset/Validation/validation_words/774.png,Zithrin,validation
153,49,3.122448979591837,202.97398959583833,84.95196009866989,2037.0284917488405,0.2116846738695478,True,data/metadata/Doctor’s Handwritten Prescription BD dataset/Validation/validation_words/775.png,Zithrin,validation
186,57,3.263157894736842,187.67666478023014,94.31750373967351,1357.4789789015545,0.27042067534427466,True,data/metadata/Doctor’s Handwritten Prescription BD dataset/Validation/validation_words/776.png,Zithrin,validation
151,54,2.7962962962962963,179.7862398822664,96.44109863550601,1569.3765838038412,0.3103998037772872,True,data/metadata/Doctor’s Handwritten Prescription BD dataset/Validation/validation_words/777.png,Zithrin,validation
176,68,2.588235294117647,185.48178475935828,96.38370376448546,1083.4658221556504,0.2797459893048128,True,data/metadata/Doctor’s Handwritten Prescription BD dataset/Validation/validation_words/778.png,Zithrin,validation
139,42,3.3095238095238093,160.18756423432683,103.62659401019305,3007.2561695468175,0.38437821171634123,True,data/metadata/Doctor’s Handwritten Prescription BD dataset/Validation/validation_words/779.png,Zithrin,validation
208,103,2.0194174757281553,235.10245519044062,62.36475438252245,3591.692494398805,0.07832337565347273,False,data/metadata/Doctor’s Handwritten Prescription BD dataset/Testing/testing_words/0.png,Aceta,test
227,84,2.7023809523809526,229.13289280469897,69.92716896899593,4343.227082022237,0.1011642542479547,False,data/metadata/Doctor’s Handwritten Prescription BD dataset/Testing/testing_words/1.png,Aceta,test
232,114,2.0350877192982457,235.26357380520267,61.91503494907483,3341.62613430127,0.07872050816696914,False,data/metadata/Doctor’s Handwritten Prescription BD dataset/Testing/testing_words/2.png,Aceta,test
207,80,2.5875,232.21908212560388,66.42739360670211,4410.468115942029,0.08882850241545893,False,data/metadata/Doctor’s Handwritten Prescription BD dataset/Testing/testing_words/3.png,Aceta,test
160,81,1.9753086419753085,239.7224537037037,53.080000670118984,3267.462037037037,0.0625,False,data/metadata/Doctor’s Handwritten Prescription BD dataset/Testing/testing_words/4.png,Aceta,test
156,98,1.5918367346938775,221.74332810047096,77.8350503065191,5584.402276295134,0.13350340136054423,False,data/metadata/Doctor’s Handwritten Prescription BD dataset/Testing/testing_words/5.png,Aceta,test
191,88,2.1704545454545454,230.53016420752022,68.50786194436498,3989.4744169443125,0.09626368396001904,False,data/metadata/Doctor’s Handwritten Prescription BD dataset/Testing/testing_words/6.png,Aceta,test
200,90,2.2222222222222223,234.27466666666666,63.907032323872194,3551.3866666666668,0.08016666666666666,False,data/metadata/Doctor’s Handwritten Prescription BD dataset/Testing/testing_words/7.png,Aceta,test
247,92,2.6847826086956523,233.067901777856,65.36850446484635,3880.8962330575605,0.08766062312973068,False,data/metadata/Doctor’s Handwritten Prescription BD dataset/Testing/testing_words/8.png,Aceta,test
250,92,2.717391304347826,231.6621304347826,66.69014639934144,4605.899535606805,0.09260869565217392,False,data/metadata/Doctor’s Handwritten Prescription BD dataset/Testing/testing_words/9.png,Aceta,test
133,58,2.293103448275862,237.14765361680062,58.710175710729764,4442.168006222452,0.07116930256676174,False,data/metadata/Doctor’s Handwritten Prescription BD dataset/Testing/testing_words/10.png,Ace,test
65,17,3.823529411764706,180.16923076923078,108.40344183915798,20742.288148072315,0.3031674208144796,True,data/metadata/Doctor’s Handwritten Prescription BD dataset/Testing/testing_words/11.png,Ace,test
136,67,2.029850746268657,238.44611501316945,55.64527248688372,4672.5122914837575,0.06661545215100965,False,data/metadata/Doctor’s Handwritten Prescription BD dataset/Testing/testing_words/12.png,Ace,test
148,75,1.9733333333333334,239.7427027027027,54.680929658986905,3765.451171171171,0.06189189189189189,False,data/metadata/Doctor’s Handwritten Prescription BD dataset/Testing/testing_words/13.png,Ace,test
66,26,2.5384615384615383,230.8374125874126,62.00261122270175,12526.383149339006,0.10372960372960373,True,data/metadata/Doctor’s Handwritten Prescription BD dataset/Testing/testing_words/14.png,Ace,test
55,16,3.4375,213.0659090909091,89.06569445481806,45349.189132231404,0.16818181818181818,True,data/metadata/Doctor’s Handwritten Prescription BD dataset/Testing/testing_words/15.png,Ace,test
125,50,2.5,230.28448,67.34094052750972,6159.856,0.09936,False,data/metadata/Doctor’s Handwritten Prescription BD dataset/Testing/testing_words/16.png,Ace,test
97,56,1.7321428571428572,232.52319587628867,63.04467972499597,6838.88688682243,0.08431516936671576,False,data/metadata/Doctor’s Handwritten Prescription BD dataset/Testing/testing_words/17.png,Ace,test
78,18,4.333333333333333,212.07692307692307,89.3898345221014,40267.66338950171,0.16381766381766383,True,data/metadata/Doctor’s Handwritten Prescription BD dataset/Testing/testing_words/18.png,Ace,test
107,40,2.675,219.57056074766356,83.93626405225604,20281.0989298192,0.14042056074766354,True,data/metadata/Doctor’s Handwritten Prescription BD dataset/Testing/testing_words/19.png,Ace,test
128,65,1.9692307692307693,226.0955528846154,73.36160197054521,7184.392989783653,0.11310096153846154,True,data/metadata/Doctor’s Handwritten Prescription BD dataset/Testing/testing_words/20.png,Alatrol,test
417,92,4.532608695652174,234.00138150349287,67.52727854033837,8466.828741205944,0.07830257533103951,False,data/metadata/Doctor’s Handwritten Prescription BD dataset/Testing/testing_words/21.png,Alatrol,test
186,64,2.90625,238.23521505376345,57.80657765208234,4177.6326443128255,0.06434811827956989,False,data/metadata/Doctor’s Handwritten Prescription BD dataset/Testing/testing_words/22.png,Alatrol,test
177,72,2.4583333333333335,238.49850910232266,56.81402683302559,5085.579723791589,0.06520715630885122,False,data/metadata/Doctor’s Handwritten Prescription BD dataset/Testing/testing_words/23.png,Alatrol,test
84,26,3.230769230769231,226.52335164835165,60.338107226182096,16217.02838303714,0.14514652014652016,True,data/metadata/Doctor’s Handwritten Prescription BD dataset/Testing/testing_words/24.png,Alatrol,test
92,16,5.75,226.60597826086956,76.62306928640416,58955.03739320579,0.11413043478260869,False,data/metadata/Doctor’s Handwritten Prescription BD dataset/Testing/testing_words/25.png,Alatrol,test
135,65,2.076923076923077,233.71054131054132,63.56300486042546,6535.757605266192,0.08353276353276354,False,data/metadata/Doctor’s Handwritten Prescription BD dataset/Testing/testing_words/26.png,Alatrol,test
151,74,2.0405405405405403,237.57078933237872,58.393591108240514,5162.267764453195,0.06649364596384463,False,data/metadata/Doctor’s Handwritten Prescription BD dataset/Testing/testing_words/27.png,Alatrol,test
161,69,2.3333333333333335,230.82959762354847,68.1205335849283,5912.066304026337,0.09784859123233414,True,data/metadata/Doctor’s Handwritten Prescription BD dataset/Testing/testing_words/28.png,Alatrol,test
132,29,4.551724137931035,230.30459770114942,67.29843708462744,28305.425642968985,0.09247648902821316,True,data/metadata/Doctor’s Handwritten Prescription BD dataset/Testing/testing_words/29.png,Alatrol,test
162,50,3.24,232.6432098765432,65.7905382485204,5534.891464883402,0.08703703703703704,False,data/metadata/Doctor’s Handwritten Prescription BD dataset/Testing/testing_words/30.png,Amodis,test
154,78,1.9743589743589745,237.79445554445553,58.98811062719537,4481.2094572094575,0.06751581751581752,False,data/metadata/Doctor’s Handwritten Prescription BD dataset/Testing/testing_words/31.png,Amodis,test
145,57,2.543859649122807,231.0637628554144,67.8935783345182,5908.736962965647,0.09195402298850575,False,data/metadata/Doctor’s Handwritten Prescription BD dataset/Testing/testing_words/32.png,Amodis,test
182,91,2.0,241.58410819949282,52.22009202352504,3621.8792416374836,0.052952541963530976,False,data/metadata/Doctor’s Handwritten Prescription BD dataset/Testing/testing_words/33.png,Amodis,test
258,109,2.36697247706422,236.2054619159377,60.59204994587609,2249.4535950501386,0.07567029372021905,False,data/metadata/Doctor’s Handwritten Prescription BD dataset/Testing/testing_words/34.png,Amodis,test
155,80,1.9375,239.8558064516129,55.40996197111092,3750.461451612903,0.059596774193548384,False,data/metadata/Doctor’s Handwritten Prescription BD dataset/Testing/testing_words/35.png,Amodis,test
168,80,2.1,238.5563244047619,57.2619485883327,4305.754613095238,0.06331845238095238,False,data/metadata/Doctor’s Handwritten Prescription BD dataset/Testing/testing_words/36.png,Amodis,test
181,65,2.7846153846153845,236.28491287717807,60.80968267624289,5485.155372293762,0.07165320866978325,False,data/metadata/Doctor’s Handwritten Prescription BD dataset/Testing/testing_words/37.png,Amodis,test
181,79,2.2911392405063293,240.32267990768585,54.318503624418256,3918.8961465836774,0.05804601720400028,False,data/metadata/Doctor’s Handwritten Prescription BD dataset/Testing/testing_words/38.png,Amodis,test
138,61,2.262295081967213,235.25540508434307,62.47973953299417,5367.56070325493,0.07662152530292231,False,data/metadata/Doctor’s Handwritten Prescription BD dataset/Testing/testing_words/39.png,Amodis,test
164,68,2.411764705882353,227.7410329985653,73.09654890075025,4929.1533357245335,0.10446556671449067,False,data/metadata/Doctor’s Handwritten Prescription BD dataset/Testing/testing_words/40.png,Atrizin,test
114,22,5.181818181818182,217.0749601275917,69.07070524877392,27363.64782727171,0.15869218500797447,True,data/metadata/Doctor’s Handwritten Prescription BD dataset/Testing/testing_words/41.png,Atrizin,test
196,60,3.2666666666666666,229.21267006802722,70.41442864383751,5104.1567175063055,0.09931972789115646,False,data/metadata/Doctor’s Handwritten Prescription BD dataset/Testing/testing_words/42.png,Atrizin,test
196,60,3.2666666666666666,229.21267006802722,70.41442864383751,5104.1567175063055,0.09931972789115646,False,data/metadata/Doctor’s Handwritten Prescription BD dataset/Testing/testing_words/43.png,Atrizin,test
76,28,2.7142857142857144,227.8703007518797,67.31930074869322,32135.482975825373,0.12593984962406016,True,data/metadata/Doctor’s Handwritten Prescription BD dataset/Testing/testing_words/44.png,Atrizin,test
82,18,4.555555555555555,212.38685636856368,92.9561706646919,50881.84161580776,0.16802168021680217,True,data/metadata/Doctor’s Handwritten Prescription BD dataset/Testing/testing_words/45.png,Atrizin,test
215,62,3.467741935483871,230.47801950487622,68.8218156913735,4929.0528132033005,0.095423855963991,False,data/metadata/Doctor’s Handwritten Prescription BD dataset/Testing/testing_words/46.png,Atrizin,test
210,71,2.9577464788732395,232.6224010731053,66.2997917203547,4881.025754527163,0.085177733065057,False,data/metadata/Doctor’s Handwritten Prescription BD dataset/Testing/testing_words/47.png,Atrizin,test
199,80,2.4875,233.58203517587938,65.51746710886016,3893.696984924623,0.08410804020100503,False,data/metadata/Doctor’s Handwritten Prescription BD dataset/Testing/testing_words/48.png,Atrizin,test
182,56,3.25,225.9234693877551,73.78268260883105,6279.140502354788,0.10851648351648352,False,data/metadata/Doctor’s Handwritten Prescription BD dataset/Testing/testing_words/49.png,Atrizin,test
91,35,2.6,222.42354788069073,76.58470369161098,13865.206907378337,0.1359497645211931,False,data/metadata/Doctor’s Handwritten Prescription BD dataset/Testing/testing_words/50.png,Axodin,test
77,20,3.85,206.47792207792207,74.30578384328744,9801.739977652218,0.2396103896103896,True,data/metadata/Doctor’s Handwritten Prescription BD dataset/Testing/testing_words/51.png,Axodin,test
77,28,2.75,206.44109461966605,77.53249219832095,12409.140861590042,0.18181818181818182,False,data/metadata/Doctor’s Handwritten Prescription BD dataset/Testing/testing_words/52.png,Axodin,test
113,33,3.4242424242424243,203.3813354786806,83.71047894729647,3942.023195093201,0.22606596942880128,True,data/metadata/Doctor’s Handwritten Prescription BD dataset/Testing/testing_words/53.png,Axodin,test
246,94,2.617021276595745,231.9408406850026,66.87688263376432,2590.8844490572565,0.08947413942224529,False,data/metadata/Doctor’s Handwritten Prescription BD dataset/Testing/testing_words/54.png,Axodin,test
75,20,3.75,200.22933333333333,80.72055132506357,10903.889155555556,0.25466666666666665,True,data/metadata/Doctor’s Handwritten Prescription BD dataset/Testing/testing_words/55.png,Axodin,test
88,20,4.4,198.2244318181818,87.26659242279521,7847.4270131714875,0.2431818181818182,True,data/metadata/Doctor’s Handwritten Prescription BD dataset/Testing/testing_words/56.png,Axodin,test
75,22,3.409090909090909,214.5169696969697,65.06077356967046,10146.538145087237,0.21454545454545454,True,data/metadata/Doctor’s Handwritten Prescription BD dataset/Testing/testing_words/57.png,Axodin,test
88,20,4.4,211.2528409090909,71.63717168432346,18162.869263623452,0.20625,True,data/metadata/Doctor’s Handwritten Prescription BD dataset/Testing/testing_words/58.png,Axodin,test
70,17,4.117647058823529,214.9689075630252,67.16302660321422,14279.350486547559,0.2042016806722689,True,data/metadata/Doctor’s Handwritten Prescription BD dataset/Testing/testing_words/59.png,Axodin,test
123,34,3.6176470588235294,217.35604973696795,69.54645176512257,9456.53036824486,0.13486370157819225,False,data/metadata/Doctor’s Handwritten Prescription BD dataset/Testing/testing_words/60.png,Azithrocin,test
110,20,5.5,206.43818181818182,75.02788449129876,11298.535744628098,0.23272727272727273,True,data/metadata/Doctor’s Handwritten Prescription BD dataset/Testing/testing_words/61.png,Azithrocin,test
178,33,5.393939393939394,204.2037793667007,83.85759273349392,3799.2659480923244,0.22216547497446373,True,data/metadata/Doctor’s Handwritten Prescription BD dataset/Testing/testing_words/62.png,Azithrocin,test
121,34,3.5588235294117645,225.6006319883325,56.38100223754342,11028.386485172581,0.11448711716091395,False,data/metadata/Doctor’s Handwritten Prescription BD dataset/Testing/testing_words/63.png,Azithrocin,test
261,74,3.527027027027027,229.3149528839184,70.24029494488657,5241.534327430879,0.09842601221911566,False,data/metadata/Doctor’s Handwritten Prescription BD dataset/Testing/testing_words/64.png,Azithrocin,test
114,21,5.428571428571429,204.2234753550543,78.73665019435573,9876.967894708927,0.24477861319966582,True,data/metadata/Doctor’s Handwritten Prescription BD dataset/Testing/testing_words/65.png,Azithrocin,test
128,20,6.4,198.3640625,86.34147932625486,8173.276067962646,0.2453125,True,data/metadata/Doctor’s Handwritten Prescription BD dataset/Testing/testing_words/66.png,Azithrocin,test
107,22,4.863636363636363,217.26168224299064,61.20670857071517,8842.019889860097,0.21155480033984708,True,data/metadata/Doctor’s Handwritten Prescription BD dataset/Testing/testing_words/67.png,Azithrocin,test
140,24,5.833333333333333,218.2470238095238,65.85274646765134,13386.460986305981,0.17648809523809525,True,data/metadata/Doctor’s Handwritten Prescription BD dataset/Testing/testing_words/68.png,Azithrocin,test
114,17,6.705882352941177,216.7858617131063,64.82194447369935,11020.57036128231,0.20691434468524253,True,data/metadata/Doctor’s Handwritten Prescription BD dataset/Testing/testing_words/69.png,Azithrocin,test
73,35,2.085714285714286,214.026614481409,70.50161395000738,12449.979248853979,0.15655577299412915,False,data/metadata/Doctor’s Handwritten Prescription BD dataset/Testing/testing_words/70.png,Azyth,test
80,37,2.1621621621621623,227.2320945945946,56.919233767152036,7629.0701168736305,0.1554054054054054,True,data/metadata/Doctor’s Handwritten Prescription BD dataset/Testing/testing_words/71.png,Azyth,test
79,35,2.257142857142857,217.95551537070526,68.84227203504962,8773.1034356739,0.13670886075949368,False,data/metadata/Doctor’s Handwritten Prescription BD dataset/Testing/testing_words/72.png,Azyth,test
107,38,2.8157894736842106,208.15150024594195,82.0366831494091,3546.2637688784343,0.20068863748155436,True,data/metadata/Doctor’s Handwritten Prescription BD dataset/Testing/testing_words/73.png,Azyth,test
160,71,2.2535211267605635,235.41971830985915,61.979087499289584,4974.434154929578,0.07605633802816901,False,data/metadata/Doctor’s Handwritten Prescription BD dataset/Testing/testing_words/74.png,Azyth,test
88,42,2.0952380952380953,213.05708874458875,72.70957720616053,8799.998494921383,0.20427489177489178,False,data/metadata/Doctor’s Handwritten Prescription BD dataset/Testing/testing_words/75.png,Azyth,test
71,28,2.5357142857142856,226.71830985915494,58.12109338041545,6742.565241296876,0.15694164989939638,True,data/metadata/Doctor’s Handwritten Prescription BD dataset/Testing/testing_words/76.png,Azyth,test
70,26,2.6923076923076925,211.58736263736265,73.191518714436,9372.320505977541,0.2043956043956044,True,data/metadata/Doctor’s Handwritten Prescription BD dataset/Testing/testing_words/77.png,Azyth,test
67,22,3.0454545454545454,204.04681139755766,78.96622506807415,8975.414284044191,0.25780189959294436,True,data/metadata/Doctor’s Handwritten Prescription BD dataset/Testing/testing_words/78.png,Azyth,test
82,27,3.037037037037037,207.06820234869016,81.51774126884425,7253.478516241801,0.2091237579042457,True,data/metadata/Doctor’s Handwritten Prescription BD dataset/Testing/testing_words/79.png,Azyth,test
127,78,1.6282051282051282,234.28942055320007,64.47674056449596,3232.5003028467595,0.07874015748031496,False,data/metadata/Doctor’s Handwritten Prescription BD dataset/Testing/testing_words/80.png,Az,test
124,72,1.7222222222222223,231.92450716845877,67.1024125658575,4288.412186379928,0.08826164874551971,False,data/metadata/Doctor’s Handwritten Prescription BD dataset/Testing/testing_words/81.png,Az,test
115,59,1.9491525423728813,227.03596168017685,73.00825931749354,5896.460427413412,0.10803242446573323,False,data/metadata/Doctor’s Handwritten Prescription BD dataset/Testing/testing_words/82.png,Az,test
106,75,1.4133333333333333,236.16465408805033,61.195130183811834,3584.5046540880503,0.0729559748427673,False,data/metadata/Doctor’s Handwritten Prescription BD dataset/Testing/testing_words/83.png,Az,test
104,61,1.7049180327868851,239.2627679697352,50.6911297115225,2861.4601088407153,0.07503152585119799,False,data/metadata/Doctor’s Handwritten Prescription BD dataset/Testing/testing_words/84.png,Az,test
43,27,1.5925925925925926,227.80189491817399,68.19758013387596,30156.12587384572,0.12833763996554695,True,data/metadata/Doctor’s Handwritten Prescription BD dataset/Testing/testing_words/85.png,Az,test
120,66,1.8181818181818181,231.62588383838383,66.02512195382005,4886.957369130063,0.09507575757575758,False,data/metadata/Doctor’s Handwritten Prescription BD dataset/Testing/testing_words/86.png,Az,test
110,61,1.8032786885245902,229.79970193740687,69.19845841279259,5469.07974564733,0.09865871833084948,False,data/metadata/Doctor’s Handwritten Prescription BD dataset/Testing/testing_words/87.png,Az,test
110,66,1.6666666666666667,233.01570247933884,65.49212747877874,4807.029752066116,0.08567493112947658,False,data/metadata/Doctor’s Handwritten Prescription BD dataset/Testing/testing_words/88.png,Az,test
98,75,1.3066666666666666,229.7008163265306,69.1426634148231,4881.737822222222,0.09523809523809523,False,data/metadata/Doctor’s Handwritten Prescription BD dataset/Testing/testing_words/89.png,Az,test
240,85,2.823529411764706,228.2087254901961,71.16532989291754,4809.03,0.10450980392156863,False,data/metadata/Doctor’s Handwritten Prescription BD dataset/Testing/testing_words/90.png,Bacaid,test
252,89,2.831460674157303,235.60482432673444,61.15185182430112,3484.93392188336,0.07553058676654183,False,data/metadata/Doctor’s Handwritten Prescription BD dataset/Testing/testing_words/91.png,Bacaid,test
249,95,2.6210526315789475,231.85512576622278,66.18235490891362,4477.7632635806385,0.09000211371803002,False,data/metadata/Doctor’s Handwritten Prescription BD dataset/Testing/testing_words/92.png,Bacaid,test
246,82,3.0,224.88687289311918,74.73008136403504,5435.783304949141,0.11981955185405513,False,data/metadata/Doctor’s Handwritten Prescription BD dataset/Testing/testing_words/93.png,Bacaid,test
202,85,2.376470588235294,228.64041933605125,68.97866777051803,5655.240535818288,0.10297029702970296,False,data/metadata/Doctor’s Handwritten Prescription BD dataset/Testing/testing_words/94.png,Bacaid,test
234,78,3.0,223.1370808678501,76.81890989152642,5610.57308788078,0.12557527942143326,True,data/metadata/Doctor’s Handwritten Prescription BD dataset/Testing/testing_words/95.png,Bacaid,test
224,91,2.4615384615384617,226.82074175824175,71.71510215210492,5106.552050567776,0.11096938775510204,False,data/metadata/Doctor’s Handwritten Prescription BD dataset/Testing/testing_words/96.png,Bacaid,test
262,83,3.1566265060240966,226.98096201600293,72.68157241264547,4814.279683619976,0.10815782212820749,False,data/metadata/Doctor’s Handwritten Prescription BD dataset/Testing/testing_words/97.png,Bacaid,test
275,87,3.160919540229885,231.17885057471264,67.31468907017276,4327.800292580982,0.09199582027168234,False,data/metadata/Doctor’s Handwritten Prescription BD dataset/Testing/testing_words/98.png,Bacaid,test
236,102,2.3137254901960786,233.79091890993686,63.58870151271256,4370.609255566634,0.08096543702226654,False,data/metadata/Doctor’s Handwritten Prescription BD dataset/Testing/testing_words/99.png,Bacaid,test
223,71,3.140845070422535,231.7807111728668,65.87498261674175,6174.594012469625,0.09322301522137308,False,data/metadata/Doctor’s Handwritten Prescription BD dataset/Testing/testing_words/100.png,Backtone,test
212,82,2.5853658536585367,229.0253106304648,69.7959861747738,6451.1481822365395,0.10083985273815002,False,data/metadata/Doctor’s Handwritten Prescription BD dataset/Testing/testing_words/101.png,Backtone,test
238,74,3.2162162162162162,228.5381558028617,70.57890924434534,6147.026394067489,0.1039064274358392,False,data/metadata/Doctor’s Handwritten Prescription BD dataset/Testing/testing_words/102.png,Backtone,test
206,69,2.9855072463768115,223.4003799071338,75.61868008794637,8283.11748979879,0.12396229069931054,False,data/metadata/Doctor’s Handwritten Prescription BD dataset/Testing/testing_words/103.png,Backtone,test
248,66,3.757575757575758,235.8267350928641,60.61764241248023,3929.293377321603,0.0760019550342131,False,data/metadata/Doctor’s Handwritten Prescription BD dataset/Testing/testing_words/104.png,Backtone,test
226,80,2.825,234.33971238938054,62.76271047031826,5749.96360619469,0.08296460176991151,False,data/metadata/Doctor’s Handwritten Prescription BD dataset/Testing/testing_words/105.png,Backtone,test
206,69,2.9855072463768115,229.82587589700296,68.16324174491363,6566.0039884616435,0.09940903334740397,False,data/metadata/Doctor’s Handwritten Prescription BD dataset/Testing/testing_words/106.png,Backtone,test
215,61,3.5245901639344264,224.29607319862754,75.07189658395062,7663.516476833501,0.12054898970644301,True,data/metadata/Doctor’s Handwritten Prescription BD dataset/Testing/testing_words/107.png,Backtone,test
216,73,2.958904109589041,225.56614662607814,74.49616451002038,6713.34250146515,0.11244292237442922,False,data/metadata/Doctor’s Handwritten Prescription BD dataset/Testing/testing_words/108.png,Backtone,test
212,82,2.5853658536585367,229.0253106304648,69.7959861747738,6451.1481822365395,0.10083985273815002,False,data/metadata/Doctor’s Handwritten Prescription BD dataset/Testing/testing_words/109.png,Backtone,test
222,71,3.1267605633802815,224.9845197309986,74.48559718988164,7253.681065876645,0.11756122319502602,True,data/metadata/Doctor’s Handwritten Prescription BD dataset/Testing/testing_words/110.png,Baclofen,test
231,74,3.1216216216216215,232.3866853866854,65.27358432169984,6616.637767637768,0.08675558675558676,False,data/metadata/Doctor’s Handwritten Prescription BD dataset/Testing/testing_words/111.png,Baclofen,test
219,68,3.2205882352941178,232.08917539618588,65.55636576311879,6766.519268300211,0.08823529411764706,False,data/metadata/Doctor’s Handwritten Prescription BD dataset/Testing/testing_words/112.png,Baclofen,test
217,80,2.7125,235.3341589861751,60.90315485220517,5820.697004608295,0.07747695852534563,False,data/metadata/Doctor’s Handwritten Prescription BD dataset/Testing/testing_words/113.png,Baclofen,test
328,82,4.0,236.98036882807853,58.9031042085923,4443.7314842355745,0.06908090422367638,False,data/metadata/Doctor’s Handwritten Prescription BD dataset/Testing/testing_words/114.png,Baclofen,test
117,24,4.875,222.9636752136752,61.87249173272765,6722.390193540433,0.16702279202279202,True,data/metadata/Doctor’s Handwritten Prescription BD dataset/Testing/testing_words/115.png,Baclofen,test
208,85,2.447058823529412,235.57511312217196,60.717246840590775,5534.483765557498,0.07483031674208145,False,data/metadata/Doctor’s Handwritten Prescription BD dataset/Testing/testing_words/116.png,Baclofen,test
216,74,2.918918918918919,233.6859984984985,62.83353298216661,6942.901651651651,0.0852102102102102,False,data/metadata/Doctor’s Handwritten Prescription BD dataset/Testing/testing_words/117.png,Baclofen,test
218,83,2.6265060240963853,234.58942190781474,62.19087044684877,6267.446777937438,0.08024759588813972,False,data/metadata/Doctor’s Handwritten Prescription BD dataset/Testing/testing_words/118.png,Baclofen,test
222,68,3.264705882352941,232.16951510333863,65.72540535469413,6085.7902716204,0.08691043985161633,False,data/metadata/Doctor’s Handwritten Prescription BD dataset/Testing/testing_words/119.png,Baclofen,test
205,50,4.1,217.77024390243903,82.27150051811068,7111.896195121951,0.14370731707317072,False,data/metadata/Doctor’s Handwritten Prescription BD dataset/Testing/testing_words/120.png,Baclon,test
174,77,2.25974025974026,239.35691894312583,55.583214609729474,4041.19092401851,0.06082997462307807,False,data/metadata/Doctor’s Handwritten Prescription BD dataset/Testing/testing_words/121.png,Baclon,test
209,60,3.4833333333333334,232.5554226475279,66.26775377129619,4440.008053457008,0.08716108452950558,False,data/metadata/Doctor’s Handwritten Prescription BD dataset/Testing/testing_words/122.png,Baclon,test
204,69,2.9565217391304346,232.98046319977266,66.4373152176048,4099.119778346121,0.08525149190110827,False,data/metadata/Doctor’s Handwritten Prescription BD dataset/Testing/testing_words/123.png,Baclon,test
127,49,2.5918367346938775,229.61465531094328,68.79094263138396,8678.865160110994,0.09898762654668167,False,data/metadata/Doctor’s Handwritten Prescription BD dataset/Testing/testing_words/124.png,Baclon,test
165,52,3.173076923076923,226.0920745920746,73.07891387264608,7046.036596736597,0.11212121212121212,False,data/metadata/Doctor’s Handwritten Prescription BD dataset/Testing/testing_words/125.png,Baclon,test
204,69,2.9565217391304346,232.98046319977266,66.4373152176048,4099.119778346121,0.08525149190110827,False,data/metadata/Doctor’s Handwritten Prescription BD dataset/Testing/testing_words/126.png,Baclon,test
192,64,3.0,229.94962565104166,69.49893901545495,5347.5263671875,0.096923828125,False,data/metadata/Doctor’s Handwritten Prescription BD dataset/Testing/testing_words/127.png,Baclon,test
160,69,2.318840579710145,228.91666666666666,71.58556963657715,4814.694136440611,0.10317028985507247,True,data/metadata/Doctor’s Handwritten Prescription BD dataset/Testing/testing_words/128.png,Baclon,test
178,64,2.78125,232.90853230337078,65.7991394018191,5439.03827247191,0.08690308988764045,False,data/metadata/Doctor’s Handwritten Prescription BD dataset/Testing/testing_words/129.png,Baclon,test
167,62,2.693548387096774,225.13424763376472,75.6206100584761,6188.695962912884,0.11570407571952869,False,data/metadata/Doctor’s Handwritten Prescription BD dataset/Testing/testing_words/130.png,Bacmax,test
212,75,2.8266666666666667,236.99037735849058,60.038158478108784,3488.5622641509435,0.07125786163522013,False,data/metadata/Doctor’s Handwritten Prescription BD dataset/Testing/testing_words/131.png,Bacmax,test
214,93,2.3010752688172045,238.65827555019595,57.0838102919588,3495.1933474022712,0.062355542156567176,False,data/metadata/Doctor’s Handwritten Prescription BD dataset/Testing/testing_words/132.png,Bacmax,test
169,46,3.6739130434782608,216.28492410599435,83.65845325652482,7024.069462310265,0.14728582454334962,True,data/metadata/Doctor’s Handwritten Prescription BD dataset/Testing/testing_words/133.png,Bacmax,test
141,48,2.9375,232.9410460992908,63.53890847099766,8894.425675979543,0.08747044917257683,False,data/metadata/Doctor’s Handwritten Prescription BD dataset/Testing/testing_words/134.png,Bacmax,test
142,64,2.21875,225.1365536971831,75.48292259821467,5147.797095070423,0.11894806338028169,False,data/metadata/Doctor’s Handwritten Prescription BD dataset/Testing/testing_words/135.png,Bacmax,test
187,85,2.2,236.3914438502674,60.87352718914987,3892.327650204467,0.07360805284680717,False,data/metadata/Doctor’s Handwritten Prescription BD dataset/Testing/testing_words/136.png,Bacmax,test
179,64,2.796875,230.29355796089385,69.4841727214152,4941.960370111732,0.09584497206703911,False,data/metadata/Doctor’s Handwritten Prescription BD dataset/Testing/testing_words/137.png,Bacmax,test
194,89,2.1797752808988764,238.28420016216842,58.341400481837134,2987.3420595389784,0.06440403104366964,False,data/metadata/Doctor’s Handwritten Prescription BD dataset/Testing/testing_words/138.png,Bacmax,test
214,59,3.6271186440677967,231.21479486773325,67.95727445461883,5315.635989228576,0.09361634722002217,False,data/metadata/Doctor’s Handwritten Prescription BD dataset/Testing/testing_words/139.png,Bacmax,test
144,73,1.9726027397260273,230.4794520547945,68.33807726714572,5071.360540334856,0.09722222222222222,False,data/metadata/Doctor’s Handwritten Prescription BD dataset/Testing/testing_words/140.png,Beklo,test
68,30,2.2666666666666666,240.22549019607843,39.91503399078094,10949.21476355248,0.09901960784313725,True,data/metadata/Doctor’s Handwritten Prescription BD dataset/Testing/testing_words/141.png,Beklo,test
71,15,4.733333333333333,218.093896713615,59.21583510404243,10263.983248473627,0.22629107981220659,True,data/metadata/Doctor’s Handwritten Prescription BD dataset/Testing/testing_words/142.png,Beklo,test
73,19,3.8421052631578947,223.0194664744052,57.413792147626566,7974.027145670817,0.18168709444844988,True,data/metadata/Doctor’s Handwritten Prescription BD dataset/Testing/testing_words/143.png,Beklo,test
97,29,3.3448275862068964,229.5289726270885,68.23584935445871,29579.891659628644,0.11020263064344117,True,data/metadata/Doctor’s Handwritten Prescription BD dataset/Testing/testing_words/144.png,Beklo,test
235,27,8.703703703703704,219.193853427896,84.22487027182846,48783.90447965394,0.13270291568163908,True,data/metadata/Doctor’s Handwritten Prescription BD dataset/Testing/testing_words/145.png,Beklo,test
69,18,3.8333333333333335,228.53220611916265,52.79812380586712,6866.3518356450695,0.15942028985507245,True,data/metadata/Doctor’s Handwritten Prescription BD dataset/Testing/testing_words/146.png,Beklo,test
81,16,5.0625,225.51697530864197,53.25846616277769,8669.514459852728,0.15200617283950618,True,data/metadata/Doctor’s Handwritten Prescription BD dataset/Testing/testing_words/147.png,Beklo,test
94,34,2.764705882352941,204.21182728410514,92.25598262824795,18938.71516756318,0.19586983729662077,True,data/metadata/Doctor’s Handwritten Prescription BD dataset/Testing/testing_words/148.png,Beklo,test
100,19,5.2631578947368425,213.98684210526315,88.76486582999591,29820.11181468144,0.16210526315789472,False,data/metadata/Doctor’s Handwritten Prescription BD dataset/Testing/testing_words/149.png,Beklo,test
207,74,2.7972972972972974,234.26935631283456,62.4846682518166,4878.887583081983,0.08225616921269095,False,data/metadata/Doctor’s Handwritten Prescription BD dataset/Testing/testing_words/150.png,Bicozin,test
493,112,4.401785714285714,223.95528470008693,54.5595779655107,3316.22306025266,0.08388872790495508,True,data/metadata/Doctor’s Handwritten Prescription BD dataset/Testing/testing_words/151.png,Bicozin,test
207,74,2.7972972972972974,234.26935631283456,62.4846682518166,4878.887583081983,0.08225616921269095,False,data/metadata/Doctor’s Handwritten Prescription BD dataset/Testing/testing_words/152.png,Bicozin,test
218,87,2.5057471264367814,237.0882632078456,58.91308128634404,4189.321628176737,0.06922914689444269,False,data/metadata/Doctor’s Handwritten Prescription BD dataset/Testing/testing_words/153.png,Bicozin,test
154,37,4.162162162162162,203.46367146367146,80.68073939528863,4219.732967581686,0.2155142155142155,True,data/metadata/Doctor’s Handwritten Prescription BD dataset/Testing/testing_words/154.png,Bicozin,test
126,23,5.478260869565218,211.53381642512076,88.091021191092,31051.60984122697,0.17598343685300208,True,data/metadata/Doctor’s Handwritten Prescription BD dataset/Testing/testing_words/155.png,Bicozin,test
177,69,2.5652173913043477,229.61401784983215,68.72048631006545,6196.835666912307,0.09801031687546058,False,data/metadata/Doctor’s Handwritten Prescription BD dataset/Testing/testing_words/156.png,Bicozin,test
209,48,4.354166666666667,222.81359649122808,75.71761643593842,7835.952164556672,0.12480063795853269,False,data/metadata/Doctor’s Handwritten Prescription BD dataset/Testing/testing_words/157.png,Bicozin,test
204,59,3.457627118644068,228.72283150548355,69.09830956449787,6824.840028346058,0.1016949152542373,False,data/metadata/Doctor’s Handwritten Prescription BD dataset/Testing/testing_words/158.png,Bicozin,test
106,47,2.25531914893617,227.19951826575672,72.61729900914898,31200.27202968825,0.10497792051384985,True,data/metadata/Doctor’s Handwritten Prescription BD dataset/Testing/testing_words/159.png,Bicozin,test
111,20,5.55,197.67522522522523,90.03558565094045,12667.61120262154,0.23468468468468467,True,data/metadata/Doctor’s Handwritten Prescription BD dataset/Testing/testing_words/160.png,Canazole,test
85,19,4.473684210526316,215.02229102167183,64.36964266095632,10954.753280871091,0.2235294117647059,True,data/metadata/Doctor’s Handwritten Prescription BD dataset/Testing/testing_words/161.png,Canazole,test
96,18,5.333333333333333,207.63136574074073,66.86955317026059,12496.04622094425,0.27835648148148145,True,data/metadata/Doctor’s Handwritten Prescription BD dataset/Testing/testing_words/162.png,Canazole,test
123,25,4.92,219.619837398374,64.62633204406309,13515.664113583185,0.16975609756097562,True,data/metadata/Doctor’s Handwritten Prescription BD dataset/Testing/testing_words/163.png,Canazole,test
203,59,3.440677966101695,219.1460298906237,82.90397466399925,5709.079397475034,0.14110378224931117,False,data/metadata/Doctor’s Handwritten Prescription BD dataset/Testing/testing_words/164.png,Canazole,test
89,24,3.7083333333333335,223.90074906367042,56.48711761426443,9990.84019602428,0.1704119850187266,True,data/metadata/Doctor’s Handwritten Prescription BD dataset/Testing/testing_words/165.png,Canazole,test
85,23,3.6956521739130435,209.99079283887468,73.00520191069279,11993.646185987795,0.21892583120204603,False,data/metadata/Doctor’s Handwritten Prescription BD dataset/Testing/testing_words/166.png,Canazole,test
114,20,5.7,188.75219298245614,88.94266581460424,12057.414676631272,0.2912280701754386,True,data/metadata/Doctor’s Handwritten Prescription BD dataset/Testing/testing_words/167.png,Canazole,test
126,21,6.0,216.57596371882087,65.86884925996232,16131.326250664873,0.20030234315948603,True,data/metadata/Doctor’s Handwritten Prescription BD dataset/Testing/testing_words/168.png,Canazole,test
133,35,3.8,217.99548872180452,69.75604090547472,8874.980351630958,0.17916219119226637,True,data/metadata/Doctor’s Handwritten Prescription BD dataset/Testing/testing_words/169.png,Canazole,test
205,76,2.6973684210526314,241.05571245186135,46.760039143403944,3091.6712451861363,0.06463414634146342,False,data/metadata/Doctor’s Handwritten Prescription BD dataset/Testing/testing_words/170.png,Candinil,test
172,76,2.263157894736842,237.1423653610771,52.11081050174956,4038.577876376989,0.08560281517747859,False,data/metadata/Doctor’s Handwritten Prescription BD dataset/Testing/testing_words/171.png,Candinil,test
200,74,2.7027027027027026,242.31121621621622,44.72646485002227,2879.7678378378378,0.05837837837837838,False,data/metadata/Doctor’s Handwritten Prescription BD dataset/Testing/testing_words/172.png,Candinil,test
200,70,2.857142857142857,237.79885714285714,51.6835325955088,3184.8737142857144,0.08021428571428571,False,data/metadata/Doctor’s Handwritten Prescription BD dataset/Testing/testing_words/173.png,Candinil,test
128,41,3.1219512195121952,223.3565167682927,64.78202187091856,10937.507071218768,0.12004573170731707,True,data/metadata/Doctor’s Handwritten Prescription BD dataset/Testing/testing_words/174.png,Candinil,test
183,64,2.859375,235.03022540983608,54.7824164989356,4079.361680065423,0.09596994535519125,True,data/metadata/Doctor’s Handwritten Prescription BD dataset/Testing/testing_words/175.png,Candinil,test
198,61,3.2459016393442623,234.05265772478887,56.44673467743649,4239.725948004637,0.09852624606722968,False,data/metadata/Doctor’s Handwritten Prescription BD dataset/Testing/testing_words/176.png,Candinil,test
198,85,2.3294117647058825,238.1871063576946,51.64561459559372,3620.894116658529,0.07866904337492572,False,data/metadata/Doctor’s Handwritten Prescription BD dataset/Testing/testing_words/177.png,Candinil,test
193,75,2.5733333333333333,239.07253886010363,49.63244511990212,3457.5804455707985,0.07785837651122625,False,data/metadata/Doctor’s Handwritten Prescription BD dataset/Testing/testing_words/178.png,Candinil,test
188,67,2.8059701492537314,240.5402508732931,46.95512863888653,3582.6419498253413,0.06764052080025405,False,data/metadata/Doctor’s Handwritten Prescription BD dataset/Testing/testing_words/179.png,Candinil,test
230,77,2.987012987012987,229.25533596837946,70.82703634887234,5315.736871823829,0.09858836815358554,False,data/metadata/Doctor’s Handwritten Prescription BD dataset/Testing/testing_words/180.png,Cetisoft,test
199,77,2.5844155844155843,233.28825947921425,65.57875302657519,4945.909286693206,0.08320824903739477,False,data/metadata/Doctor’s Handwritten Prescription BD dataset/Testing/testing_words/181.png,Cetisoft,test
207,72,2.875,223.14137144390767,77.7825063824701,6040.030327428878,0.12345679012345678,False,data/metadata/Doctor’s Handwritten Prescription BD dataset/Testing/testing_words/182.png,Cetisoft,test
226,82,2.7560975609756095,227.39348154543492,73.84375686574458,4861.992661342542,0.1067342974314699,False,data/metadata/Doctor’s Handwritten Prescription BD dataset/Testing/testing_words/183.png,Cetisoft,test
220,85,2.588235294117647,235.47294117647058,55.09420969227946,2378.202030152421,0.07449197860962567,False,data/metadata/Doctor’s Handwritten Prescription BD dataset/Testing/testing_words/184.png,Cetisoft,test
207,66,3.1363636363636362,231.15100278143757,67.60219386619065,5597.421530228485,0.09369052847313716,False,data/metadata/Doctor’s Handwritten Prescription BD dataset/Testing/testing_words/185.png,Cetisoft,test
213,72,2.9583333333333335,230.72574334898277,68.44436782140244,5316.131585811163,0.09311424100156494,False,data/metadata/Doctor’s Handwritten Prescription BD dataset/Testing/testing_words/186.png,Cetisoft,test
186,69,2.6956521739130435,222.8235935795543,77.73879026529079,6591.30192285962,0.12692847124824685,False,data/metadata/Doctor’s Handwritten Prescription BD dataset/Testing/testing_words/187.png,Cetisoft,test
222,82,2.707317073170732,229.57124807734564,71.26513631881906,5363.410898703582,0.0980004394638541,False,data/metadata/Doctor’s Handwritten Prescription BD dataset/Testing/testing_words/188.png,Cetisoft,test
206,86,2.395348837209302,225.52105441408895,75.88117900582786,5059.272183337096,0.1148114698577557,False,data/metadata/Doctor’s Handwritten Prescription BD dataset/Testing/testing_words/189.png,Cetisoft,test
138,46,3.0,221.08695652173913,78.2209318385671,6638.635542643461,0.13390044108380592,False,data/metadata/Doctor’s Handwritten Prescription BD dataset/Testing/testing_words/190.png,Conaz,test
170,50,3.4,233.1224705882353,64.40138426363725,5329.201411266436,0.08588235294117647,False,data/metadata/Doctor’s Handwritten Prescription BD dataset/Testing/testing_words/191.png,Conaz,test
146,55,2.6545454545454548,229.28418430884184,69.17930705391014,6025.7399750934,0.10273972602739725,False,data/metadata/Doctor’s Handwritten Prescription BD dataset/Testing/testing_words/192.png,Conaz,test
172,52,3.3076923076923075,224.38182021466906,76.01944533681178,6113.5412475953535,0.11952146690518783,False,data/metadata/Doctor’s Handwritten Prescription BD dataset/Testing/testing_words/193.png,Conaz,test
202,67,3.014925373134328,226.85414511600413,68.73069140975089,1311.9193143194916,0.10957588296143048,False,data/metadata/Doctor’s Handwritten Prescription BD dataset/Testing/testing_words/194.png,Conaz,test
150,57,2.6315789473684212,231.51239766081872,66.92532819419226,5458.2559433671895,0.09263157894736843,False,data/metadata/Doctor’s Handwritten Prescription BD dataset/Testing/testing_words/195.png,Conaz,test
174,72,2.4166666666666665,237.44795657726692,59.53015944943154,3681.2064176245212,0.06752873563218391,False,data/metadata/Doctor’s Handwritten Prescription BD dataset/Testing/testing_words/196.png,Conaz,test
151,53,2.849056603773585,228.5939022866425,71.11867070824447,5498.228156881505,0.10308634262151693,False,data/metadata/Doctor’s Handwritten Prescription BD dataset/Testing/testing_words/197.png,Conaz,test
153,48,3.1875,226.6567265795207,72.6774606794278,5920.785580970163,0.11124727668845316,True,data/metadata/Doctor’s Handwritten Prescription BD dataset/Testing/testing_words/198.png,Conaz,test
156,53,2.943396226415094,233.34893565553944,63.353717775318735,5372.40396710208,0.08611514271891631,False,data/metadata/Doctor’s Handwritten Prescription BD dataset/Testing/testing_words/199.png,Conaz,test
67,23,2.9130434782608696,201.93575600259572,76.63616833524846,20652.62471211923,0.2154445165476963,True,data/metadata/Doctor’s Handwritten Prescription BD dataset/Testing/testing_words/200.png,Dancel,test
71,21,3.380952380952381,199.69751844399732,79.93059774966368,10292.194422965245,0.25888665325285043,True,data/metadata/Doctor’s Handwritten Prescription BD dataset/Testing/testing_words/201.png,Dancel,test
87,24,3.625,221.132183908046,59.14739655937207,22302.557423555143,0.12978927203065135,True,data/metadata/Doctor’s Handwritten Prescription BD dataset/Testing/testing_words/202.png,Dancel,test
70,22,3.1818181818181817,206.88181818181818,73.62669304784609,25247.302700286727,0.2025974025974026,True,data/metadata/Doctor’s Handwritten Prescription BD dataset/Testing/testing_words/203.png,Dancel,test
160,65,2.4615384615384617,231.86971153846153,67.52249515413264,5151.533653846154,0.09057692307692308,False,data/metadata/Doctor’s Handwritten Prescription BD dataset/Testing/testing_words/204.png,Dancel,test
112,30,3.7333333333333334,212.7860119047619,73.07184401441178,9352.718677721088,0.20357142857142857,True,data/metadata/Doctor’s Handwritten Prescription BD dataset/Testing/testing_words/205.png,Dancel,test
106,32,3.3125,197.17040094339623,86.37968358997037,4682.1867030881485,0.25265330188679247,False,data/metadata/Doctor’s Handwritten Prescription BD dataset/Testing/testing_words/206.png,Dancel,test
86,26,3.3076923076923075,215.10107334525938,65.88358830657492,19979.898854650364,0.15652951699463327,True,data/metadata/Doctor’s Handwritten Prescription BD dataset/Testing/testing_words/207.png,Dancel,test
74,15,4.933333333333334,211.57297297297296,65.26925237488052,12120.880189108026,0.24684684684684685,True,data/metadata/Doctor’s Handwritten Prescription BD dataset/Testing/testing_words/208.png,Dancel,test
72,24,3.0,212.2164351851852,70.47697554333998,11408.206527563445,0.20833333333333334,False,data/metadata/Doctor’s Handwritten Prescription BD dataset/Testing/testing_words/209.png,Dancel,test
182,57,3.192982456140351,236.29034123770967,59.70194064687746,5635.491221788808,0.07277809909388856,False,data/metadata/Doctor’s Handwritten Prescription BD dataset/Testing/testing_words/210.png,Denixil,test
103,30,3.433333333333333,221.39611650485438,85.25287561397825,37179.951064190784,0.13203883495145632,True,data/metadata/Doctor’s Handwritten Prescription BD dataset/Testing/testing_words/211.png,Denixil,test
182,57,3.192982456140351,236.29034123770967,59.70194064687746,5635.491221788808,0.07277809909388856,False,data/metadata/Doctor’s Handwritten Prescription BD dataset/Testing/testing_words/212.png,Denixil,test
212,54,3.925925925925926,234.66055206149545,61.55216784396804,6514.787108937212,0.07914046121593292,False,data/metadata/Doctor’s Handwritten Prescription BD dataset/Testing/testing_words/213.png,Denixil,test
168,64,2.625,240.93145461309524,47.92198451538739,5653.194010416667,0.06063988095238095,False,data/metadata/Doctor’s Handwritten Prescription BD dataset/Testing/testing_words/214.png,Denixil,test
124,30,4.133333333333334,222.0008064516129,84.40663385101502,31223.570337539022,0.12983870967741937,False,data/metadata/Doctor’s Handwritten Prescription BD dataset/Testing/testing_words/215.png,Denixil,test
212,54,3.925925925925926,234.66055206149545,61.55216784396804,6514.787108937212,0.07914046121593292,False,data/metadata/Doctor’s Handwritten Prescription BD dataset/Testing/testing_words/216.png,Denixil,test
212,54,3.925925925925926,234.66055206149545,61.55216784396804,6514.787108937212,0.07914046121593292,False,data/metadata/Doctor’s Handwritten Prescription BD dataset/Testing/testing_words/217.png,Denixil,test
210,74,2.8378378378378377,237.97207207207208,56.99605524930595,5629.19009009009,0.06583011583011583,False,data/metadata/Doctor’s Handwritten Prescription BD dataset/Testing/testing_words/218.png,Denixil,test
108,28,3.857142857142857,217.03670634920636,90.08646442878558,41658.0977645109,0.15046296296296297,True,data/metadata/Doctor’s Handwritten Prescription BD dataset/Testing/testing_words/219.png,Denixil,test
166,67,2.4776119402985075,226.92654198885091,66.40771779958078,4310.125860989983,0.12443805071030391,False,data/metadata/Doctor’s Handwritten Prescription BD dataset/Testing/testing_words/220.png,Diflu,test
203,71,2.859154929577465,232.5726080621661,60.346508202389934,3840.8954416152087,0.10067300353847221,False,data/metadata/Doctor’s Handwritten Prescription BD dataset/Testing/testing_words/221.png,Diflu,test
166,67,2.4776119402985075,226.92654198885091,66.40771779958078,4310.125860989983,0.12443805071030391,False,data/metadata/Doctor’s Handwritten Prescription BD dataset/Testing/testing_words/222.png,Diflu,test
163,66,2.4696969696969697,227.13171593232943,65.19599803187303,5270.700171860499,0.1251161926008552,True,data/metadata/Doctor’s Handwritten Prescription BD dataset/Testing/testing_words/223.png,Diflu,test
218,165,1.3212121212121213,233.89241034195163,57.18790988660378,1000.8705865991714,0.07286627745343342,False,data/metadata/Doctor’s Handwritten Prescription BD dataset/Testing/testing_words/224.png,Diflu,test
186,85,2.1882352941176473,235.2427577482606,56.62882370861382,3807.703352308665,0.08829854522454143,False,data/metadata/Doctor’s Handwritten Prescription BD dataset/Testing/testing_words/225.png,Diflu,test
165,84,1.9642857142857142,231.78953823953825,60.736538115608305,4022.4575697398645,0.10093795093795094,False,data/metadata/Doctor’s Handwritten Prescription BD dataset/Testing/testing_words/226.png,Diflu,test
172,81,2.123456790123457,232.1851851851852,60.36499555979069,4034.854485841323,0.0963967843812805,False,data/metadata/Doctor’s Handwritten Prescription BD dataset/Testing/testing_words/227.png,Diflu,test
194,74,2.6216216216216215,235.01727500696572,56.23556916267278,3847.333658400669,0.08964892727779326,False,data/metadata/Doctor’s Handwritten Prescription BD dataset/Testing/testing_words/228.png,Diflu,test
169,76,2.223684210526316,230.63523824353783,62.251158995319805,4197.294923699782,0.10907816879476799,False,data/metadata/Doctor’s Handwritten Prescription BD dataset/Testing/testing_words/229.png,Diflu,test
257,85,3.023529411764706,230.81332112611582,67.83369209793237,4643.263263904783,0.09274433508812086,False,data/metadata/Doctor’s Handwritten Prescription BD dataset/Testing/testing_words/230.png,Dinafex,test
67,29,2.310344827586207,202.52753474009265,83.20658141878333,9825.462686567163,0.1755018013381369,False,data/metadata/Doctor’s Handwritten Prescription BD dataset/Testing/testing_words/231.png,Dinafex,test
251,87,2.8850574712643677,230.11178275404131,69.35583475621758,4549.114620327775,0.09369418876219261,False,data/metadata/Doctor’s Handwritten Prescription BD dataset/Testing/testing_words/232.png,Dinafex,test
247,88,2.8068181818181817,227.88305115936694,72.50597068939423,4714.348039861667,0.10438903202061096,False,data/metadata/Doctor’s Handwritten Prescription BD dataset/Testing/testing_words/233.png,Dinafex,test
255,93,2.7419354838709675,235.15251950242464,55.94900366823198,2916.0291798439807,0.09403331224963103,True,data/metadata/Doctor’s Handwritten Prescription BD dataset/Testing/testing_words/234.png,Dinafex,test
88,33,2.6666666666666665,200.7620523415978,84.91173220002864,9595.174931129477,0.1821625344352617,False,data/metadata/Doctor’s Handwritten Prescription BD dataset/Testing/testing_words/235.png,Dinafex,test
211,54,3.9074074074074074,224.92618922239777,76.60907521911052,10011.840812572258,0.12032648762506583,True,data/metadata/Doctor’s Handwritten Prescription BD dataset/Testing/testing_words/236.png,Dinafex,test
150,29,5.172413793103448,216.42666666666668,83.76369348566331,19590.410595904348,0.15977011494252874,True,data/metadata/Doctor’s Handwritten Prescription BD dataset/Testing/testing_words/237.png,Dinafex,test
211,54,3.9074074074074074,224.92618922239777,76.60907521911052,10011.840812572258,0.12032648762506583,True,data/metadata/Doctor’s Handwritten Prescription BD dataset/Testing/testing_words/238.png,Dinafex,test
150,29,5.172413793103448,216.42666666666668,83.76369348566331,19590.410595904348,0.15977011494252874,True,data/metadata/Doctor’s Handwritten Prescription BD dataset/Testing/testing_words/239.png,Dinafex,test
116,39,2.9743589743589745,241.4126878868258,48.5902191488254,6356.9129089301505,0.060786914235190094,False,data/metadata/Doctor’s Handwritten Prescription BD dataset/Testing/testing_words/240.png,Disopan,test
114,34,3.3529411764705883,236.7092363261094,56.34580434257959,11552.23839009288,0.0784313725490196,False,data/metadata/Doctor’s Handwritten Prescription BD dataset/Testing/testing_words/241.png,Disopan,test
130,43,3.0232558139534884,240.5581395348837,50.579519221678,10537.486940966011,0.0626118067978533,False,data/metadata/Doctor’s Handwritten Prescription BD dataset/Testing/testing_words/242.png,Disopan,test
82,39,2.1025641025641026,245.48061288305192,35.305095230262026,6875.678549093183,0.05315822388993121,False,data/metadata/Doctor’s Handwritten Prescription BD dataset/Testing/testing_words/243.png,Disopan,test
233,95,2.4526315789473685,222.69753783600632,78.05235511184256,5482.333136577104,0.12649649875762367,False,data/metadata/Doctor’s Handwritten Prescription BD dataset/Testing/testing_words/244.png,Disopan,test
136,44,3.090909090909091,237.59558823529412,55.74389268292468,9688.475601604277,0.0768716577540107,False,data/metadata/Doctor’s Handwritten Prescription BD dataset/Testing/testing_words/245.png,Disopan,test
126,41,3.073170731707317,239.465737514518,50.24547068097563,7300.145567169958,0.07530003871467286,False,data/metadata/Doctor’s Handwritten Prescription BD dataset/Testing/testing_words/246.png,Disopan,test
107,37,2.891891891891892,232.25410457186157,65.25237764852118,9206.789593331649,0.09244758777469057,False,data/metadata/Doctor’s Handwritten Prescription BD dataset/Testing/testing_words/247.png,Disopan,test
102,37,2.7567567567567566,239.89798622151562,52.36191299362249,8349.308956014838,0.06200317965023847,False,data/metadata/Doctor’s Handwritten Prescription BD dataset/Testing/testing_words/248.png,Disopan,test
104,41,2.5365853658536586,232.45028142589118,67.77828373232397,9722.160412757974,0.0900562851782364,False,data/metadata/Doctor’s Handwritten Prescription BD dataset/Testing/testing_words/249.png,Disopan,test
190,49,3.877551020408163,219.92137486573577,81.14592711443498,6684.488721804511,0.13834586466165413,False,data/metadata/Doctor’s Handwritten Prescription BD dataset/Testing/testing_words/250.png,Esonix,test
121,21,5.761904761904762,220.42778433687525,82.64588546484529,26451.36940697551,0.1373475009838646,True,data/metadata/Doctor’s Handwritten Prescription BD dataset/Testing/testing_words/251.png,Esonix,test
71,17,4.176470588235294,218.98011599005798,82.26687593160314,37097.66565374998,0.14333057166528584,True,data/metadata/Doctor’s Handwritten Prescription BD dataset/Testing/testing_words/252.png,Esonix,test
83,30,2.7666666666666666,215.57590361445784,70.50545609414152,8927.18875502008,0.1248995983935743,False,data/metadata/Doctor’s Handwritten Prescription BD dataset/Testing/testing_words/253.png,Esonix,test
83,26,3.1923076923076925,230.79286376274328,59.08385524767054,17043.63016269827,0.10658016682113068,True,data/metadata/Doctor’s Handwritten Prescription BD dataset/Testing/testing_words/254.png,Esonix,test
67,33,2.0303030303030303,233.85210312075984,63.1217679791841,26468.695041301857,0.0913613749434645,True,data/metadata/Doctor’s Handwritten Prescription BD dataset/Testing/testing_words/255.png,Esonix,test
79,31,2.5483870967741935,214.82809309922416,70.74299330213103,9667.220089832585,0.1253572886892609,False,data/metadata/Doctor’s Handwritten Prescription BD dataset/Testing/testing_words/256.png,Esonix,test
94,34,2.764705882352941,212.29724655819774,73.45101646473427,8961.21714643304,0.1386107634543179,False,data/metadata/Doctor’s Handwritten Prescription BD dataset/Testing/testing_words/257.png,Esonix,test
76,35,2.1714285714285713,219.03796992481202,66.86851413292328,7583.285714285715,0.10488721804511278,False,data/metadata/Doctor’s Handwritten Prescription BD dataset/Testing/testing_words/258.png,Esonix,test
82,28,2.9285714285714284,200.37891986062718,85.8379691184927,9887.151567944251,0.1755226480836237,False,data/metadata/Doctor’s Handwritten Prescription BD dataset/Testing/testing_words/259.png,Esonix,test
223,62,3.596774193548387,224.2003471719948,76.23921741924426,5292.6458845653115,0.11919571821206423,False,data/metadata/Doctor’s Handwritten Prescription BD dataset/Testing/testing_words/260.png,Esoral,test
360,107,3.364485981308411,222.11819833852545,58.17671784793084,3638.5531152405347,0.09641744548286604,False,data/metadata/Doctor’s Handwritten Prescription BD dataset/Testing/testing_words/261.png,Esoral,test
94,27,3.4814814814814814,212.82466509062255,87.87308388544665,23391.57851329609,0.169424743892829,True,data/metadata/Doctor’s Handwritten Prescription BD dataset/Testing/testing_words/262.png,Esoral,test
78,31,2.5161290322580645,214.28411910669976,72.19540793765492,9370.17617866005,0.12531017369727046,False,data/metadata/Doctor’s Handwritten Prescription BD dataset/Testing/testing_words/263.png,Esoral,test
86,27,3.185185185185185,233.86175710594316,47.63355413752141,8106.236999238086,0.10551248923341947,True,data/metadata/Doctor’s Handwritten Prescription BD dataset/Testing/testing_words/264.png,Esoral,test
233,78,2.9871794871794872,224.42808407615274,77.11179677183256,5543.940725927082,0.1251238032353912,True,data/metadata/Doctor’s Handwritten Prescription BD dataset/Testing/testing_words/265.png,Esoral,test
75,26,2.8846153846153846,201.20461538461538,99.55950509931887,33743.931019066404,0.21435897435897436,True,data/metadata/Doctor’s Handwritten Prescription BD dataset/Testing/testing_words/266.png,Esoral,test
65,18,3.611111111111111,190.55470085470085,100.5087783687774,31692.136515450362,0.2709401709401709,True,data/metadata/Doctor’s Handwritten Prescription BD dataset/Testing/testing_words/267.png,Esoral,test
312,105,2.9714285714285715,229.45763125763125,62.48679645446065,7085.2761243237155,0.08778998778998778,False,data/metadata/Doctor’s Handwritten Prescription BD dataset/Testing/testing_words/268.png,Esoral,test
313,102,3.0686274509803924,238.28259099166823,60.95595411889162,8102.667606339661,0.06665413769341602,False,data/metadata/Doctor’s Handwritten Prescription BD dataset/Testing/testing_words/269.png,Esoral,test
147,72,2.0416666666666665,231.54969765684052,67.09275251053542,5574.899281934996,0.09126984126984126,False,data/metadata/Doctor’s Handwritten Prescription BD dataset/Testing/testing_words/270.png,Etizin,test
189,76,2.486842105263158,239.29650515176832,55.689397372482766,4259.026455026455,0.060011138958507376,False,data/metadata/Doctor’s Handwritten Prescription BD dataset/Testing/testing_words/271.png,Etizin,test
166,86,1.930232558139535,238.59708601849258,57.13314050374164,4216.468338470159,0.06437377416643318,False,data/metadata/Doctor’s Handwritten Prescription BD dataset/Testing/testing_words/272.png,Etizin,test
166,74,2.2432432432432434,232.72256593943342,65.48974785893809,5524.489905568219,0.08661673721914685,False,data/metadata/Doctor’s Handwritten Prescription BD dataset/Testing/testing_words/273.png,Etizin,test
133,51,2.607843137254902,238.16290726817041,51.07334296008807,6765.629567888206,0.07209199469261389,False,data/metadata/Doctor’s Handwritten Prescription BD dataset/Testing/testing_words/274.png,Etizin,test
154,90,1.711111111111111,238.39343434343434,57.716569756220096,4419.3481962481965,0.06486291486291486,False,data/metadata/Doctor’s Handwritten Prescription BD dataset/Testing/testing_words/275.png,Etizin,test
151,72,2.0972222222222223,237.8440949227373,58.30179906154627,4535.604304635762,0.06696100073583518,False,data/metadata/Doctor’s Handwritten Prescription BD dataset/Testing/testing_words/276.png,Etizin,test
144,78,1.8461538461538463,237.59650997150996,58.58989624701221,4919.944088319088,0.06757478632478632,False,data/metadata/Doctor’s Handwritten Prescription BD dataset/Testing/testing_words/277.png,Etizin,test
203,105,1.9333333333333333,243.80112596762842,47.67126265659007,2933.1990616936428,0.044053483462350454,False,data/metadata/Doctor’s Handwritten Prescription BD dataset/Testing/testing_words/278.png,Etizin,test
169,82,2.0609756097560976,237.84766921633712,57.90601782791368,4748.917304084283,0.06790301630826959,False,data/metadata/Doctor’s Handwritten Prescription BD dataset/Testing/testing_words/279.png,Etizin,test
194,66,2.9393939393939394,233.03772258669167,65.29285359599794,4686.514995313964,0.0845829428303655,False,data/metadata/Doctor’s Handwritten Prescription BD dataset/Testing/testing_words/280.png,Exium,test
87,14,6.214285714285714,228.44581280788177,66.97850869470447,55894.211377773456,0.08949096880131363,True,data/metadata/Doctor’s Handwritten Prescription BD dataset/Testing/testing_words/281.png,Exium,test
175,66,2.6515151515151514,229.47844155844155,69.92493942994314,5122.044848484848,0.10017316017316018,False,data/metadata/Doctor’s Handwritten Prescription BD dataset/Testing/testing_words/282.png,Exium,test
163,60,2.716666666666667,229.8635991820041,69.27760613495724,5937.231671110024,0.10020449897750511,True,data/metadata/Doctor’s Handwritten Prescription BD dataset/Testing/testing_words/283.png,Exium,test
91,29,3.1379310344827585,236.16066691928762,52.21446242281111,16685.808479534473,0.08753315649867374,True,data/metadata/Doctor’s Handwritten Prescription BD dataset/Testing/testing_words/284.png,Exium,test
76,22,3.4545454545454546,223.92284688995215,72.45174539673957,34541.58356572365,0.10944976076555024,True,data/metadata/Doctor’s Handwritten Prescription BD dataset/Testing/testing_words/285.png,Exium,test
163,60,2.716666666666667,229.8635991820041,69.27760613495724,5937.231671110024,0.10020449897750511,True,data/metadata/Doctor’s Handwritten Prescription BD dataset/Testing/testing_words/286.png,Exium,test
97,35,2.7714285714285714,217.50279823269514,67.98613460697179,7430.104860088365,0.12164948453608247,False,data/metadata/Doctor’s Handwritten Prescription BD dataset/Testing/testing_words/287.png,Exium,test
70,29,2.413793103448276,212.14975369458128,72.65328444962859,8795.382266009852,0.13793103448275862,False,data/metadata/Doctor’s Handwritten Prescription BD dataset/Testing/testing_words/288.png,Exium,test
184,53,3.4716981132075473,210.1258203445447,92.11802082051572,8304.502285557965,0.1734003281378179,True,data/metadata/Doctor’s Handwritten Prescription BD dataset/Testing/testing_words/289.png,Exium,test
207,52,3.980769230769231,231.49070977331846,66.99579158301204,5862.495907328901,0.09076551467855816,False,data/metadata/Doctor’s Handwritten Prescription BD dataset/Testing/testing_words/290.png,Fenadin,test
245,136,1.8014705882352942,235.44393757503002,53.88997541325958,823.5860746279304,0.06542617046818727,True,data/metadata/Doctor’s Handwritten Prescription BD dataset/Testing/testing_words/291.png,Fenadin,test
184,36,5.111111111111111,190.83242753623188,103.1164390346153,11299.489286506103,0.25467995169082125,True,data/metadata/Doctor’s Handwritten Prescription BD dataset/Testing/testing_words/292.png,Fenadin,test
140,28,5.0,207.91275510204082,93.66093069870803,22508.206517857143,0.18903061224489795,True,data/metadata/Doctor’s Handwritten Prescription BD dataset/Testing/testing_words/293.png,Fenadin,test
160,43,3.7209302325581395,238.03037790697675,55.554499549595654,17283.068048945377,0.07122093023255814,True,data/metadata/Doctor’s Handwritten Prescription BD dataset/Testing/testing_words/294.png,Fenadin,test
77,32,2.40625,211.94480519480518,73.88424523396866,8870.256493506493,0.14001623376623376,False,data/metadata/Doctor’s Handwritten Prescription BD dataset/Testing/testing_words/295.png,Fenadin,test
184,36,5.111111111111111,190.83242753623188,103.1164390346153,11299.489286506103,0.25467995169082125,True,data/metadata/Doctor’s Handwritten Prescription BD dataset/Testing/testing_words/296.png,Fenadin,test
212,17,12.470588235294118,235.00804661487237,61.66548701010287,41272.34670134676,0.08324084350721421,True,data/metadata/Doctor’s Handwritten Prescription BD dataset/Testing/testing_words/297.png,Fenadin,test
66,30,2.2,215.2247474747475,70.87627927113606,8669.788888888888,0.12525252525252525,False,data/metadata/Doctor’s Handwritten Prescription BD dataset/Testing/testing_words/298.png,Fenadin,test
85,29,2.9310344827586206,210.90182555780933,73.91963247766357,9869.820689655173,0.14685598377281947,False,data/metadata/Doctor’s Handwritten Prescription BD dataset/Testing/testing_words/299.png,Fenadin,test
116,27,4.296296296296297,213.56162196679438,70.39207182750565,19359.497028469767,0.179757343550447,True,data/metadata/Doctor’s Handwritten Prescription BD dataset/Testing/testing_words/300.png,Fexofast,test
117,24,4.875,218.43340455840456,65.10885457420164,13304.77635314953,0.19052706552706553,True,data/metadata/Doctor’s Handwritten Prescription BD dataset/Testing/testing_words/301.png,Fexofast,test
164,34,4.823529411764706,204.59809899569584,83.50397152456107,4243.9206295259555,0.22040889526542323,True,data/metadata/Doctor’s Handwritten Prescription BD dataset/Testing/testing_words/302.png,Fexofast,test
129,38,3.3947368421052633,215.43961648306814,58.683787791059615,11598.728741430778,0.12607099143206854,False,data/metadata/Doctor’s Handwritten Prescription BD dataset/Testing/testing_words/303.png,Fexofast,test
197,56,3.517857142857143,223.07650471356055,77.7130976515137,6729.888868745467,0.12327773749093546,False,data/metadata/Doctor’s Handwritten Prescription BD dataset/Testing/testing_words/304.png,Fexofast,test
130,34,3.823529411764706,214.79886877828054,75.7989395010878,11523.72782759362,0.18099547511312217,True,data/metadata/Doctor’s Handwritten Prescription BD dataset/Testing/testing_words/305.png,Fexofast,test
103,17,6.0588235294117645,215.1324957167333,66.42186127790886,13855.607936200935,0.20388349514563106,True,data/metadata/Doctor’s Handwritten Prescription BD dataset/Testing/testing_words/306.png,Fexofast,test
79,22,3.590909090909091,205.35615650172613,73.19365417954636,11296.160110559207,0.24798619102416572,True,data/metadata/Doctor’s Handwritten Prescription BD dataset/Testing/testing_words/307.png,Fexofast,test
101,23,4.391304347826087,203.8123116659492,78.40301243006313,9812.656593398957,0.2595781317262161,True,data/metadata/Doctor’s Handwritten Prescription BD dataset/Testing/testing_words/308.png,Fexofast,test
125,25,5.0,204.59712,82.40282669730207,9266.8810131456,0.21984,True,data/metadata/Doctor’s Handwritten Prescription BD dataset/Testing/testing_words/309.png,Fexofast,test
307,130,2.3615384615384616,236.11831621147581,63.655085146179886,8514.937553868542,0.06903031821598597,True,data/metadata/Doctor’s Handwritten Prescription BD dataset/Testing/testing_words/310.png,Fexo,test
59,28,2.107142857142857,204.00665859564165,83.2444070889769,9360.44794188862,0.16343825665859565,False,data/metadata/Doctor’s Handwritten Prescription BD dataset/Testing/testing_words/311.png,Fexo,test
74,53,1.3962264150943395,192.9227434982152,38.295802423284364,2401.0800903180607,0.0945945945945946,False,data/metadata/Doctor’s Handwritten Prescription BD dataset/Testing/testing_words/312.png,Fexo,test
317,163,1.9447852760736197,243.41922935495734,49.79934241647543,7118.910297772576,0.04112558301561804,False,data/metadata/Doctor’s Handwritten Prescription BD dataset/Testing/testing_words/313.png,Fexo,test
89,62,1.435483870967742,218.9967379485321,75.99921779666894,2762.859066791328,0.14389271475172163,True,data/metadata/Doctor’s Handwritten Prescription BD dataset/Testing/testing_words/314.png,Fexo,test
105,35,3.0,214.16462585034014,71.48819873373048,8394.236734693877,0.1292517006802721,False,data/metadata/Doctor’s Handwritten Prescription BD dataset/Testing/testing_words/315.png,Fexo,test
96,35,2.742857142857143,209.91339285714287,76.28927130251981,8653.001785714287,0.14821428571428572,False,data/metadata/Doctor’s Handwritten Prescription BD dataset/Testing/testing_words/316.png,Fexo,test
135,57,2.3684210526315788,221.15399610136453,71.9567017620709,4884.983495776478,0.11033138401559454,False,data/metadata/Doctor’s Handwritten Prescription BD dataset/Testing/testing_words/317.png,Fexo,test
56,28,2.0,208.45982142857142,76.59436901805664,10028.288265306122,0.14604591836734693,False,data/metadata/Doctor’s Handwritten Prescription BD dataset/Testing/testing_words/318.png,Fexo,test
66,30,2.2,211.37626262626262,74.60314087527601,9474.334343434344,0.1393939393939394,False,data/metadata/Doctor’s Handwritten Prescription BD dataset/Testing/testing_words/319.png,Fexo,test
299,117,2.5555555555555554,236.65720492810794,60.695342706750175,2869.8658777120318,0.07066289340536833,False,data/metadata/Doctor’s Handwritten Prescription BD dataset/Testing/testing_words/320.png,Filmet,test
153,45,3.4,225.16673928830792,73.76344118451111,14862.730310564315,0.10733478576615832,False,data/metadata/Doctor’s Handwritten Prescription BD dataset/Testing/testing_words/321.png,Filmet,test
257,107,2.4018691588785046,235.5898032655733,61.743696995933234,2881.9882904832903,0.07425724571802611,False,data/metadata/Doctor’s Handwritten Prescription BD dataset/Testing/testing_words/322.png,Filmet,test
244,104,2.3461538461538463,236.4609079445145,60.55624268857613,3281.4724148802015,0.07239123581336696,False,data/metadata/Doctor’s Handwritten Prescription BD dataset/Testing/testing_words/323.png,Filmet,test
77,42,1.8333333333333333,220.1573902288188,54.292016290539884,19903.954500898573,0.0766852195423624,True,data/metadata/Doctor’s Handwritten Prescription BD dataset/Testing/testing_words/324.png,Filmet,test
100,40,2.5,196.713,100.25533218238319,11453.62099375,0.23475,True,data/metadata/Doctor’s Handwritten Prescription BD dataset/Testing/testing_words/325.png,Filmet,test
220,94,2.3404255319148937,230.99743713733076,68.6285663492767,3869.6116520671444,0.09211798839458414,False,data/metadata/Doctor’s Handwritten Prescription BD dataset/Testing/testing_words/326.png,Filmet,test
113,28,4.035714285714286,239.74146649810368,33.273777747445884,2410.028928779202,0.14254108723135273,True,data/metadata/Doctor’s Handwritten Prescription BD dataset/Testing/testing_words/327.png,Filmet,test
129,19,6.7894736842105265,217.3549571603427,80.87475442064195,29030.995173453543,0.14851081191350468,True,data/metadata/Doctor’s Handwritten Prescription BD dataset/Testing/testing_words/328.png,Filmet,test
103,19,5.421052631578948,237.19366377107818,36.22648904670981,3664.155895963522,0.1548288196218702,True,data/metadata/Doctor’s Handwritten Prescription BD dataset/Testing/testing_words/329.png,Filmet,test
68,21,3.238095238095238,187.21008403361344,92.38507500233041,13425.308740653123,0.23879551820728293,True,data/metadata/Doctor’s Handwritten Prescription BD dataset/Testing/testing_words/330.png,Fixal,test
67,29,2.310344827586207,217.22748327328873,67.67219682830091,8656.892434379824,0.11374163664436439,False,data/metadata/Doctor’s Handwritten Prescription BD dataset/Testing/testing_words/331.png,Fixal,test
105,40,2.625,211.41690476190476,89.91382779369779,19853.085316950117,0.1657142857142857,True,data/metadata/Doctor’s Handwritten Prescription BD dataset/Testing/testing_words/332.png,Fixal,test
113,44,2.5681818181818183,205.49456958970234,92.33239566858005,8513.599646799228,0.1999195494770716,True,data/metadata/Doctor’s Handwritten Prescription BD dataset/Testing/testing_words/333.png,Fixal,test
62,36,1.7222222222222223,223.73790322580646,74.70448253149792,29435.14484012282,0.1303763440860215,True,data/metadata/Doctor’s Handwritten Prescription BD dataset/Testing/testing_words/334.png,Fixal,test
58,25,2.32,208.54206896551725,76.42441356544929,10509.739310344828,0.1503448275862069,False,data/metadata/Doctor’s Handwritten Prescription BD dataset/Testing/testing_words/335.png,Fixal,test
278,118,2.3559322033898304,234.4425374954274,67.08206992702137,8174.795390791131,0.08261187660041458,False,data/metadata/Doctor’s Handwritten Prescription BD dataset/Testing/testing_words/336.png,Fixal,test
552,233,2.369098712446352,240.7118476705853,52.08055009941231,2415.505240405548,0.06882502954531318,False,data/metadata/Doctor’s Handwritten Prescription BD dataset/Testing/testing_words/337.png,Fixal,test
110,27,4.074074074074074,210.73602693602695,74.62370933549988,8812.55455157637,0.1441077441077441,False,data/metadata/Doctor’s Handwritten Prescription BD dataset/Testing/testing_words/338.png,Fixal,test
60,28,2.142857142857143,208.03690476190476,76.22006716107346,10057.336904761905,0.1529761904761905,False,data/metadata/Doctor’s Handwritten Prescription BD dataset/Testing/testing_words/339.png,Fixal,test
113,42,2.6904761904761907,227.3874841972187,57.586283338777655,13639.413591883618,0.10556257901390645,True,data/metadata/Doctor’s Handwritten Prescription BD dataset/Testing/testing_words/340.png,Flamyd,test
102,33,3.090909090909091,225.5133689839572,61.39853761604672,11156.884336355764,0.15151515151515152,True,data/metadata/Doctor’s Handwritten Prescription BD dataset/Testing/testing_words/341.png,Flamyd,test
115,45,2.5555555555555554,223.6048309178744,59.625881744119155,12924.652459231254,0.09526570048309178,True,data/metadata/Doctor’s Handwritten Prescription BD dataset/Testing/testing_words/342.png,Flamyd,test
115,48,2.3958333333333335,223.57065217391303,56.95715470455347,10391.590427956311,0.09202898550724638,False,data/metadata/Doctor’s Handwritten Prescription BD dataset/Testing/testing_words/343.png,Flamyd,test
188,102,1.8431372549019607,236.65508969545266,59.917407155065945,4220.440621557697,0.07321652065081352,True,data/metadata/Doctor’s Handwritten Prescription BD dataset/Testing/testing_words/344.png,Flamyd,test
82,25,3.28,209.6209756097561,75.41560457678725,8257.816487566923,0.22048780487804878,True,data/metadata/Doctor’s Handwritten Prescription BD dataset/Testing/testing_words/345.png,Flamyd,test
117,54,2.1666666666666665,229.88762266540044,55.34721077379433,10309.108660959644,0.09290914846470402,True,data/metadata/Doctor’s Handwritten Prescription BD dataset/Testing/testing_words/346.png,Flamyd,test
132,63,2.0952380952380953,229.75733525733526,55.65304970209175,7834.470221176932,0.09247234247234247,True,data/metadata/Doctor’s Handwritten Prescription BD dataset/Testing/testing_words/347.png,Flamyd,test
85,28,3.0357142857142856,229.84873949579833,56.76869457090835,8512.018550243627,0.1315126050420168,True,data/metadata/Doctor’s Handwritten Prescription BD dataset/Testing/testing_words/348.png,Flamyd,test
95,26,3.6538461538461537,203.80566801619435,83.45527717113909,8574.524654395254,0.22186234817813766,True,data/metadata/Doctor’s Handwritten Prescription BD dataset/Testing/testing_words/349.png,Flamyd,test
267,81,3.2962962962962963,242.54293244555416,49.81552823973906,3359.9650436953807,0.0478568456096546,False,data/metadata/Doctor’s Handwritten Prescription BD dataset/Testing/testing_words/350.png,Flexibac,test
99,19,5.2105263157894735,221.64859117490695,59.498786922737395,10056.187062148954,0.18394471026049974,True,data/metadata/Doctor’s Handwritten Prescription BD dataset/Testing/testing_words/351.png,Flexibac,test
236,62,3.806451612903226,235.1850738108256,61.873986132555544,5272.092810278841,0.07756971022416621,False,data/metadata/Doctor’s Handwritten Prescription BD dataset/Testing/testing_words/352.png,Flexibac,test
236,62,3.806451612903226,235.1850738108256,61.873986132555544,5272.092810278841,0.07756971022416621,False,data/metadata/Doctor’s Handwritten Prescription BD dataset/Testing/testing_words/353.png,Flexibac,test
229,54,4.2407407407407405,206.32864305353388,80.26186741963912,1225.4530221944635,0.205401908458677,True,data/metadata/Doctor’s Handwritten Prescription BD dataset/Testing/testing_words/354.png,Flexibac,test
50,20,2.5,232.504,63.25775829097961,33120.05411899999,0.097,True,data/metadata/Doctor’s Handwritten Prescription BD dataset/Testing/testing_words/355.png,Flexibac,test
127,23,5.521739130434782,229.3053748716193,57.19395760554525,8043.993284062182,0.12735364601163984,True,data/metadata/Doctor’s Handwritten Prescription BD dataset/Testing/testing_words/356.png,Flexibac,test
123,20,6.15,224.62357723577236,60.10623194736717,9064.515583316808,0.16178861788617885,True,data/metadata/Doctor’s Handwritten Prescription BD dataset/Testing/testing_words/357.png,Flexibac,test
123,19,6.473684210526316,229.59178433889602,53.825462246745914,7249.663812358684,0.14206247325631152,True,data/metadata/Doctor’s Handwritten Prescription BD dataset/Testing/testing_words/358.png,Flexibac,test
107,18,5.944444444444445,217.7268951194185,63.207319901365935,8981.286690626925,0.2035306334371755,True,data/metadata/Doctor’s Handwritten Prescription BD dataset/Testing/testing_words/359.png,Flexibac,test
182,63,2.888888888888889,229.73268794697367,63.33914132981969,4769.650444793302,0.1105006105006105,False,data/metadata/Doctor’s Handwritten Prescription BD dataset/Testing/testing_words/360.png,Flexilax,test
137,20,6.85,224.9704379562044,60.076473787397866,8442.740318610475,0.1583941605839416,True,data/metadata/Doctor’s Handwritten Prescription BD dataset/Testing/testing_words/361.png,Flexilax,test
182,63,2.888888888888889,229.73268794697367,63.33914132981969,4769.650444793302,0.1105006105006105,False,data/metadata/Doctor’s Handwritten Prescription BD dataset/Testing/testing_words/362.png,Flexilax,test
190,55,3.4545454545454546,227.23684210526315,65.80794938658924,4747.995586218264,0.12229665071770335,False,data/metadata/Doctor’s Handwritten Prescription BD dataset/Testing/testing_words/363.png,Flexilax,test
159,61,2.6065573770491803,225.45272708526653,54.77705856000196,3273.449936649177,0.07279100938241055,False,data/metadata/Doctor’s Handwritten Prescription BD dataset/Testing/testing_words/364.png,Flexilax,test
117,19,6.157894736842105,219.69680611785876,63.52228949631419,10464.131609402299,0.19118308591992803,True,data/metadata/Doctor’s Handwritten Prescription BD dataset/Testing/testing_words/365.png,Flexilax,test
172,69,2.4927536231884058,230.19624199528144,62.05814078138673,4303.938873523544,0.11147623862487362,False,data/metadata/Doctor’s Handwritten Prescription BD dataset/Testing/testing_words/366.png,Flexilax,test
179,50,3.58,222.7754189944134,69.27079772978317,5443.148826815643,0.1405586592178771,False,data/metadata/Doctor’s Handwritten Prescription BD dataset/Testing/testing_words/367.png,Flexilax,test
135,23,5.869565217391305,224.06795491143316,60.59241264957883,6737.954271874619,0.1742351046698873,True,data/metadata/Doctor’s Handwritten Prescription BD dataset/Testing/testing_words/368.png,Flexilax,test
114,25,4.56,227.8238596491228,58.11287738906448,7775.376361957525,0.14526315789473684,True,data/metadata/Doctor’s Handwritten Prescription BD dataset/Testing/testing_words/369.png,Flexilax,test
69,38,1.8157894736842106,219.10983981693363,82.52681501698073,32240.98453617545,0.14797864225781845,True,data/metadata/Doctor’s Handwritten Prescription BD dataset/Testing/testing_words/370.png,Flugal,test
70,30,2.3333333333333335,213.98380952380953,73.35481757647554,7927.407424943311,0.19904761904761906,True,data/metadata/Doctor’s Handwritten Prescription BD dataset/Testing/testing_words/371.png,Flugal,test
84,44,1.9090909090909092,218.04924242424244,83.3410576039383,35688.53805089099,0.15151515151515152,True,data/metadata/Doctor’s Handwritten Prescription BD dataset/Testing/testing_words/372.png,Flugal,test
78,34,2.2941176470588234,214.44042232277528,85.67414675293101,29448.271464064797,0.16553544494720965,True,data/metadata/Doctor’s Handwritten Prescription BD dataset/Testing/testing_words/373.png,Flugal,test
185,88,2.102272727272727,232.0171375921376,67.38946916224214,4206.096982531588,0.08863636363636364,True,data/metadata/Doctor’s Handwritten Prescription BD dataset/Testing/testing_words/374.png,Flugal,test
79,31,2.5483870967741935,224.24663127807267,63.01696620505363,12836.010310122332,0.1523070641077991,False,data/metadata/Doctor’s Handwritten Prescription BD dataset/Testing/testing_words/375.png,Flugal,test
69,56,1.2321428571428572,218.14777432712216,84.93383830639186,24095.98146605444,0.1472567287784679,True,data/metadata/Doctor’s Handwritten Prescription BD dataset/Testing/testing_words/376.png,Flugal,test
77,43,1.7906976744186047,215.47629115070976,86.19782247524046,26405.857539200348,0.15705225007550588,True,data/metadata/Doctor’s Handwritten Prescription BD dataset/Testing/testing_words/377.png,Flugal,test
67,45,1.488888888888889,203.3820895522388,96.6451645889221,28093.916156090745,0.20630182421227197,True,data/metadata/Doctor’s Handwritten Prescription BD dataset/Testing/testing_words/378.png,Flugal,test
85,61,1.3934426229508197,220.0017357762777,79.82779801211765,23726.178054453867,0.13924783027965285,True,data/metadata/Doctor’s Handwritten Prescription BD dataset/Testing/testing_words/379.png,Flugal,test
209,68,3.073529411764706,236.37974950745848,59.63766750622619,5359.162344423937,0.07416267942583732,True,data/metadata/Doctor’s Handwritten Prescription BD dataset/Testing/testing_words/380.png,Ketocon,test
216,64,3.375,235.33839699074073,61.2069499709402,5605.341691047239,0.07855902777777778,True,data/metadata/Doctor’s Handwritten Prescription BD dataset/Testing/testing_words/381.png,Ketocon,test
209,68,3.073529411764706,236.37974950745848,59.63766750622619,5359.162344423937,0.07416267942583732,True,data/metadata/Doctor’s Handwritten Prescription BD dataset/Testing/testing_words/382.png,Ketocon,test
220,61,3.6065573770491803,234.9903129657228,61.065377940871834,6040.955886736215,0.0786140089418778,True,data/metadata/Doctor’s Handwritten Prescription BD dataset/Testing/testing_words/383.png,Ketocon,test
173,64,2.703125,229.21974349710982,63.00653148492461,1747.3252305113635,0.09564667630057803,False,data/metadata/Doctor’s Handwritten Prescription BD dataset/Testing/testing_words/384.png,Ketocon,test
179,70,2.557142857142857,236.27629688747007,59.66278172160114,5081.817458785267,0.06999201915403033,True,data/metadata/Doctor’s Handwritten Prescription BD dataset/Testing/testing_words/385.png,Ketocon,test
220,61,3.6065573770491803,234.9903129657228,61.065377940871834,6040.955886736215,0.0786140089418778,True,data/metadata/Doctor’s Handwritten Prescription BD dataset/Testing/testing_words/386.png,Ketocon,test
211,57,3.7017543859649122,234.22881849172694,62.027043651418104,6327.268404715814,0.07873950278539951,True,data/metadata/Doctor’s Handwritten Prescription BD dataset/Testing/testing_words/387.png,Ketocon,test
211,57,3.7017543859649122,234.22881849172694,62.027043651418104,6327.268404715814,0.07873950278539951,True,data/metadata/Doctor’s Handwritten Prescription BD dataset/Testing/testing_words/388.png,Ketocon,test
216,64,3.375,235.33839699074073,61.2069499709402,5605.341691047239,0.07855902777777778,True,data/metadata/Doctor’s Handwritten Prescription BD dataset/Testing/testing_words/389.png,Ketocon,test
202,78,2.58974358974359,235.1014216806296,62.26768039555311,4691.353769992384,0.07781162731657781,False,data/metadata/Doctor’s Handwritten Prescription BD dataset/Testing/testing_words/390.png,Ketoral,test
243,67,3.626865671641791,232.67913518825625,65.2853355549688,4618.967139610589,0.08648117437503838,False,data/metadata/Doctor’s Handwritten Prescription BD dataset/Testing/testing_words/391.png,Ketoral,test
202,78,2.58974358974359,235.1014216806296,62.26768039555311,4691.353769992384,0.07781162731657781,False,data/metadata/Doctor’s Handwritten Prescription BD dataset/Testing/testing_words/392.png,Ketoral,test
251,76,3.3026315789473686,235.54770392115748,62.05149394231746,4231.272996491151,0.07501572656741455,False,data/metadata/Doctor’s Handwritten Prescription BD dataset/Testing/testing_words/393.png,Ketoral,test
231,75,3.08,217.01610389610389,43.20070045595684,1181.8238260568996,0.057373737373737375,False,data/metadata/Doctor’s Handwritten Prescription BD dataset/Testing/testing_words/394.png,Ketoral,test
210,65,3.230769230769231,229.04410256410256,69.52484545505959,6303.862270010331,0.10029304029304029,False,data/metadata/Doctor’s Handwritten Prescription BD dataset/Testing/testing_words/395.png,Ketoral,test
221,88,2.5113636363636362,231.8187988482106,67.2005352802715,4460.5557383792675,0.09090909090909091,False,data/metadata/Doctor’s Handwritten Prescription BD dataset/Testing/testing_words/396.png,Ketoral,test
244,76,3.210526315789474,233.58374676445212,64.82901115305873,4090.30511216566,0.08385461604831751,False,data/metadata/Doctor’s Handwritten Prescription BD dataset/Testing/testing_words/397.png,Ketoral,test
259,64,4.046875,234.0907939189189,63.70809639694316,4595.186110526447,0.08397683397683398,False,data/metadata/Doctor’s Handwritten Prescription BD dataset/Testing/testing_words/398.png,Ketoral,test
242,63,3.8412698412698414,233.30617866981504,64.56064429012712,4869.927448792963,0.0844811753902663,False,data/metadata/Doctor’s Handwritten Prescription BD dataset/Testing/testing_words/399.png,Ketoral,test
183,72,2.5416666666666665,230.23952641165755,69.10714408063426,5454.974954462659,0.0976775956284153,False,data/metadata/Doctor’s Handwritten Prescription BD dataset/Testing/testing_words/400.png,Ketotab,test
182,57,3.192982456140351,227.54414883362253,71.20557817203769,7013.225178330442,0.1076730287256603,False,data/metadata/Doctor’s Handwritten Prescription BD dataset/Testing/testing_words/401.png,Ketotab,test
184,46,4.0,219.9851134215501,79.43431715872529,7897.4345463138,0.13610586011342155,False,data/metadata/Doctor’s Handwritten Prescription BD dataset/Testing/testing_words/402.png,Ketotab,test
180,58,3.103448275862069,224.77174329501915,75.16445001718705,7259.448467432951,0.1181992337164751,False,data/metadata/Doctor’s Handwritten Prescription BD dataset/Testing/testing_words/403.png,Ketotab,test
58,22,2.6363636363636362,182.608934169279,70.60519763246758,23214.835437937913,0.1810344827586207,False,data/metadata/Doctor’s Handwritten Prescription BD dataset/Testing/testing_words/404.png,Ketotab,test
175,54,3.240740740740741,224.6511111111111,75.02936336188853,7794.6177777777775,0.11841269841269841,False,data/metadata/Doctor’s Handwritten Prescription BD dataset/Testing/testing_words/405.png,Ketotab,test
198,61,3.2459016393442623,228.62841530054644,71.24070219522561,6417.14290445438,0.10150687199867528,False,data/metadata/Doctor’s Handwritten Prescription BD dataset/Testing/testing_words/406.png,Ketotab,test
179,56,3.1964285714285716,224.16919393455706,75.41831667924541,6886.846654372283,0.12071029529130088,False,data/metadata/Doctor’s Handwritten Prescription BD dataset/Testing/testing_words/407.png,Ketotab,test
182,55,3.309090909090909,224.31358641358642,75.47533728766032,7728.072327672327,0.11818181818181818,False,data/metadata/Doctor’s Handwritten Prescription BD dataset/Testing/testing_words/408.png,Ketotab,test
189,48,3.9375,218.87014991181658,80.62441572228313,8338.939372682658,0.14583333333333334,False,data/metadata/Doctor’s Handwritten Prescription BD dataset/Testing/testing_words/409.png,Ketotab,test
164,46,3.5652173913043477,221.85524920466597,78.24241933890276,9597.329888883063,0.1288441145281018,True,data/metadata/Doctor’s Handwritten Prescription BD dataset/Testing/testing_words/410.png,Ketozol,test
169,65,2.6,237.93918980427856,58.52270498297463,5248.7619481110605,0.06609012289485662,False,data/metadata/Doctor’s Handwritten Prescription BD dataset/Testing/testing_words/411.png,Ketozol,test
164,46,3.5652173913043477,221.85524920466597,78.24241933890276,9597.329888883063,0.1288441145281018,True,data/metadata/Doctor’s Handwritten Prescription BD dataset/Testing/testing_words/412.png,Ketozol,test
148,55,2.690909090909091,229.89889434889434,69.62455632882971,7856.122113022113,0.09926289926289926,False,data/metadata/Doctor’s Handwritten Prescription BD dataset/Testing/testing_words/413.png,Ketozol,test
79,26,3.0384615384615383,170.10759493670886,97.45195111342078,13714.241023049524,0.32083739045764365,True,data/metadata/Doctor’s Handwritten Prescription BD dataset/Testing/testing_words/414.png,Ketozol,test
152,58,2.6206896551724137,232.27892468239565,66.0803774199945,7462.097322843139,0.08915607985480943,False,data/metadata/Doctor’s Handwritten Prescription BD dataset/Testing/testing_words/415.png,Ketozol,test
159,59,2.694915254237288,236.7775290480759,60.44923912622464,6041.299221831361,0.07227374480332587,False,data/metadata/Doctor’s Handwritten Prescription BD dataset/Testing/testing_words/416.png,Ketozol,test
176,44,4.0,232.10860020661158,66.48811650799146,7429.8112086776855,0.09052169421487603,False,data/metadata/Doctor’s Handwritten Prescription BD dataset/Testing/testing_words/417.png,Ketozol,test
153,64,2.390625,237.47906454248366,59.22730228717515,5452.311887254902,0.0679125816993464,False,data/metadata/Doctor’s Handwritten Prescription BD dataset/Testing/testing_words/418.png,Ketozol,test
161,70,2.3,239.7538598047915,55.460779531944056,4759.518899733806,0.059272404614019523,False,data/metadata/Doctor’s Handwritten Prescription BD dataset/Testing/testing_words/419.png,Ketozol,test
209,64,3.265625,229.2928379186603,70.27565978200063,4122.786557069784,0.09913277511961723,False,data/metadata/Doctor’s Handwritten Prescription BD dataset/Testing/testing_words/420.png,Leptic,test
106,31,3.4193548387096775,223.6798539257456,82.5477622423914,31648.914589606993,0.12598904443091904,True,data/metadata/Doctor’s Handwritten Prescription BD dataset/Testing/testing_words/421.png,Leptic,test
217,83,2.6144578313253013,231.2336905224585,68.82912636925457,3583.679085003609,0.09027816334462273,False,data/metadata/Doctor’s Handwritten Prescription BD dataset/Testing/testing_words/422.png,Leptic,test
241,80,3.0125,236.07977178423238,60.99774811799686,3416.844917012448,0.07411825726141079,False,data/metadata/Doctor’s Handwritten Prescription BD dataset/Testing/testing_words/423.png,Leptic,test
110,33,3.3333333333333335,186.19779614325068,77.92410658023348,8301.74241141695,0.20826446280991737,True,data/metadata/Doctor’s Handwritten Prescription BD dataset/Testing/testing_words/424.png,Leptic,test
116,35,3.3142857142857145,223.68399014778325,82.22022505873637,28710.18422984057,0.1268472906403941,True,data/metadata/Doctor’s Handwritten Prescription BD dataset/Testing/testing_words/425.png,Leptic,test
225,72,3.125,234.5280864197531,63.35282897825548,3759.0385185185187,0.0804320987654321,False,data/metadata/Doctor’s Handwritten Prescription BD dataset/Testing/testing_words/426.png,Leptic,test
205,70,2.9285714285714284,230.0464111498258,69.59786987117117,4089.898881982299,0.09581881533101046,False,data/metadata/Doctor’s Handwritten Prescription BD dataset/Testing/testing_words/427.png,Leptic,test
203,80,2.5375,231.59156403940887,67.98764459809686,3591.994827586207,0.09039408866995075,False,data/metadata/Doctor’s Handwritten Prescription BD dataset/Testing/testing_words/428.png,Leptic,test
111,27,4.111111111111111,222.0890890890891,84.52372051916238,32242.00597193791,0.13213213213213212,False,data/metadata/Doctor’s Handwritten Prescription BD dataset/Testing/testing_words/429.png,Leptic,test
290,96,3.0208333333333335,241.92557471264368,51.78826663879874,2519.472198275862,0.05197557471264368,False,data/metadata/Doctor’s Handwritten Prescription BD dataset/Testing/testing_words/430.png,Lucan-R,test
273,74,3.689189189189189,233.75551925551926,64.99862750510141,3987.7487377487378,0.08236808236808237,False,data/metadata/Doctor’s Handwritten Prescription BD dataset/Testing/testing_words/431.png,Lucan-R,test
234,80,2.925,233.10673076923078,65.43295597939175,4076.955278528266,0.08573717948717949,True,data/metadata/Doctor’s Handwritten Prescription BD dataset/Testing/testing_words/432.png,Lucan-R,test
232,79,2.9367088607594938,234.13165648188564,63.39220845329194,4418.848210388476,0.08227848101265822,False,data/metadata/Doctor’s Handwritten Prescription BD dataset/Testing/testing_words/433.png,Lucan-R,test
229,63,3.634920634920635,233.81749497470022,62.982778754580714,4578.227906009565,0.08283080335482082,False,data/metadata/Doctor’s Handwritten Prescription BD dataset/Testing/testing_words/434.png,Lucan-R,test
260,88,2.9545454545454546,238.04680944055943,58.620955907113,3033.576486013986,0.0666083916083916,False,data/metadata/Doctor’s Handwritten Prescription BD dataset/Testing/testing_words/435.png,Lucan-R,test
192,93,2.064516129032258,233.72967069892474,64.53335567132393,4478.255383341398,0.08389336917562724,True,data/metadata/Doctor’s Handwritten Prescription BD dataset/Testing/testing_words/436.png,Lucan-R,test
246,96,2.5625,241.2954776422764,52.29132703101741,3056.8019139566395,0.05381944444444445,False,data/metadata/Doctor’s Handwritten Prescription BD dataset/Testing/testing_words/437.png,Lucan-R,test
191,83,2.3012048192771086,232.81347379044976,66.18671676543089,4002.9764713303475,0.08786980382262033,False,data/metadata/Doctor’s Handwritten Prescription BD dataset/Testing/testing_words/438.png,Lucan-R,test
215,87,2.471264367816092,236.1225875434376,61.09303246447214,3881.0967120976293,0.07318898690189789,True,data/metadata/Doctor’s Handwritten Prescription BD dataset/Testing/testing_words/439.png,Lucan-R,test
228,66,3.4545454545454546,236.22142477405635,61.075623662242265,3742.5833333333335,0.0729665071770335,False,data/metadata/Doctor’s Handwritten Prescription BD dataset/Testing/testing_words/440.png,Lumona,test
482,152,3.1710526315789473,232.8684347019,67.30643576670143,4279.383489844944,0.07967077964621096,False,data/metadata/Doctor’s Handwritten Prescription BD dataset/Testing/testing_words/441.png,Lumona,test
228,70,3.257142857142857,237.2409147869674,59.424883969193715,3697.7510613901604,0.06729323308270677,False,data/metadata/Doctor’s Handwritten Prescription BD dataset/Testing/testing_words/442.png,Lumona,test
228,70,3.257142857142857,237.2409147869674,59.424883969193715,3697.7510613901604,0.06729323308270677,False,data/metadata/Doctor’s Handwritten Prescription BD dataset/Testing/testing_words/443.png,Lumona,test
102,16,6.375,222.50551470588235,76.22958562454593,37115.69984463608,0.1329656862745098,True,data/metadata/Doctor’s Handwritten Prescription BD dataset/Testing/testing_words/444.png,Lumona,test
724,192,3.7708333333333335,220.92422018876613,84.64298592666891,4024.0532343211776,0.13704966620626152,False,data/metadata/Doctor’s Handwritten Prescription BD dataset/Testing/testing_words/445.png,Lumona,test
138,25,5.52,227.19391304347826,77.69760646188196,31259.355354253308,0.10927536231884058,True,data/metadata/Doctor’s Handwritten Prescription BD dataset/Testing/testing_words/446.png,Lumona,test
100,23,4.3478260869565215,214.68782608695653,91.29965917153973,40163.9143100189,0.16,True,data/metadata/Doctor’s Handwritten Prescription BD dataset/Testing/testing_words/447.png,Lumona,test
110,31,3.5483870967741935,228.54281524926685,76.36427257427856,31818.147905590773,0.10410557184750734,True,data/metadata/Doctor’s Handwritten Prescription BD dataset/Testing/testing_words/448.png,Lumona,test
622,169,3.6804733727810652,231.29026427443443,72.0765363220998,4374.6066230330725,0.09553073688616602,False,data/metadata/Doctor’s Handwritten Prescription BD dataset/Testing/testing_words/449.png,Lumona,test
220,110,2.0,233.0415702479339,65.5602127441254,2540.697313665392,0.08694214876033057,False,data/metadata/Doctor’s Handwritten Prescription BD dataset/Testing/testing_words/450.png,M-Kast,test
93,18,5.166666666666667,221.28136200716847,83.1922765982524,50207.74682436705,0.13679808841099164,True,data/metadata/Doctor’s Handwritten Prescription BD dataset/Testing/testing_words/451.png,M-Kast,test
190,67,2.8358208955223883,225.27588373919875,73.10511919273807,5851.69567949725,0.11319717203456402,False,data/metadata/Doctor’s Handwritten Prescription BD dataset/Testing/testing_words/452.png,M-Kast,test
248,82,3.024390243902439,232.65337332808812,65.00405695616777,3389.4309598741147,0.08816876475216365,False,data/metadata/Doctor’s Handwritten Prescription BD dataset/Testing/testing_words/453.png,M-Kast,test
132,26,5.076923076923077,174.1002331002331,101.37467362295239,7681.46480234024,0.31963869463869465,True,data/metadata/Doctor’s Handwritten Prescription BD dataset/Testing/testing_words/454.png,M-Kast,test
85,20,4.25,230.74529411764706,66.72483756775213,37801.59467785467,0.09647058823529411,True,data/metadata/Doctor’s Handwritten Prescription BD dataset/Testing/testing_words/455.png,M-Kast,test
268,72,3.7222222222222223,230.57110281923715,67.48747674463453,3688.1571310116087,0.09597844112769485,False,data/metadata/Doctor’s Handwritten Prescription BD dataset/Testing/testing_words/456.png,M-Kast,test
212,83,2.5542168674698793,230.1884519208911,67.90156126096885,3324.5298931575358,0.10053421232098204,False,data/metadata/Doctor’s Handwritten Prescription BD dataset/Testing/testing_words/457.png,M-Kast,test
115,27,4.2592592592592595,214.2,92.4845651047173,35944.276967023725,0.16167471819645732,False,data/metadata/Doctor’s Handwritten Prescription BD dataset/Testing/testing_words/458.png,M-Kast,test
129,31,4.161290322580645,217.64591147786948,88.88767860347713,30879.520592451187,0.15003750937734434,True,data/metadata/Doctor’s Handwritten Prescription BD dataset/Testing/testing_words/459.png,M-Kast,test
212,67,3.1641791044776117,231.37067023373697,66.42416662163282,5490.0912419036895,0.09370599831033512,False,data/metadata/Doctor’s Handwritten Prescription BD dataset/Testing/testing_words/460.png,Maxima,test
101,27,3.740740740740741,215.96112944627797,69.61480238643414,8266.72973964063,0.12504583791712504,False,data/metadata/Doctor’s Handwritten Prescription BD dataset/Testing/testing_words/461.png,Maxima,test
216,51,4.235294117647059,221.333605664488,77.70674335531506,7325.265289892921,0.13026506899055917,True,data/metadata/Doctor’s Handwritten Prescription BD dataset/Testing/testing_words/462.png,Maxima,test
203,59,3.440677966101695,226.43266260332302,72.6282186203641,6380.740740813035,0.11196459881439426,True,data/metadata/Doctor’s Handwritten Prescription BD dataset/Testing/testing_words/463.png,Maxima,test
171,27,6.333333333333333,173.10656270305392,103.3402600658452,8397.690602794833,0.32272038119991336,True,data/metadata/Doctor’s Handwritten Prescription BD dataset/Testing/testing_words/464.png,Maxima,test
76,32,2.375,206.2796052631579,78.14219776085655,11226.5625,0.1689967105263158,False,data/metadata/Doctor’s Handwritten Prescription BD dataset/Testing/testing_words/465.png,Maxima,test
203,59,3.440677966101695,226.43266260332302,72.6282186203641,6380.740740813035,0.11196459881439426,True,data/metadata/Doctor’s Handwritten Prescription BD dataset/Testing/testing_words/466.png,Maxima,test
203,59,3.440677966101695,226.43266260332302,72.6282186203641,6380.740740813035,0.11196459881439426,True,data/metadata/Doctor’s Handwritten Prescription BD dataset/Testing/testing_words/467.png,Maxima,test
220,67,3.283582089552239,230.27727272727273,68.11140496410846,5409.155489286023,0.09579375848032565,False,data/metadata/Doctor’s Handwritten Prescription BD dataset/Testing/testing_words/468.png,Maxima,test
101,37,2.72972972972973,211.65828204442064,76.10617596741314,7322.868611185443,0.1394166443671394,False,data/metadata/Doctor’s Handwritten Prescription BD dataset/Testing/testing_words/469.png,Maxima,test
143,41,3.4878048780487805,204.90243902439025,96.84459558594203,20577.973939955788,0.19819205185058844,True,data/metadata/Doctor’s Handwritten Prescription BD dataset/Testing/testing_words/470.png,Maxpro,test
168,28,6.0,231.4893707482993,63.96134679333799,17764.959142051273,0.09693877551020408,True,data/metadata/Doctor’s Handwritten Prescription BD dataset/Testing/testing_words/471.png,Maxpro,test
115,40,2.875,209.96217391304347,94.45289764499009,30859.0840944707,0.1782608695652174,True,data/metadata/Doctor’s Handwritten Prescription BD dataset/Testing/testing_words/472.png,Maxpro,test
344,87,3.954022988505747,226.31846431435446,73.87581415290262,4562.496932858721,0.11768243785084202,True,data/metadata/Doctor’s Handwritten Prescription BD dataset/Testing/testing_words/473.png,Maxpro,test
174,62,2.806451612903226,232.73572487949573,63.61615778477151,5194.088152051765,0.08880237300704487,False,data/metadata/Doctor’s Handwritten Prescription BD dataset/Testing/testing_words/474.png,Maxpro,test
85,22,3.8636363636363638,232.80641711229947,60.663073734936994,34290.659219594505,0.11122994652406418,True,data/metadata/Doctor’s Handwritten Prescription BD dataset/Testing/testing_words/475.png,Maxpro,test
150,39,3.8461538461538463,207.5608547008547,96.31745307466791,16202.90990301702,0.18991452991452992,True,data/metadata/Doctor’s Handwritten Prescription BD dataset/Testing/testing_words/476.png,Maxpro,test
109,32,3.40625,224.91657110091742,74.92497149708488,34138.929004210375,0.11439220183486239,True,data/metadata/Doctor’s Handwritten Prescription BD dataset/Testing/testing_words/477.png,Maxpro,test
162,29,5.586206896551724,224.6030225627927,78.1689052187576,42279.83959792135,0.11260110685398042,True,data/metadata/Doctor’s Handwritten Prescription BD dataset/Testing/testing_words/478.png,Maxpro,test
162,29,5.586206896551724,224.6030225627927,78.1689052187576,42279.83959792135,0.11260110685398042,True,data/metadata/Doctor’s Handwritten Prescription BD dataset/Testing/testing_words/479.png,Maxpro,test
135,54,2.5,231.92318244170096,59.09284385680457,4849.218381344307,0.1064471879286694,False,data/metadata/Doctor’s Handwritten Prescription BD dataset/Testing/testing_words/480.png,Metro,test
166,89,1.8651685393258426,241.05441992689862,47.58838523766928,2628.5191552727765,0.06741573033707865,False,data/metadata/Doctor’s Handwritten Prescription BD dataset/Testing/testing_words/481.png,Metro,test
143,68,2.1029411764705883,231.87052653229125,60.22690366627419,3861.387678156528,0.11127108185931715,False,data/metadata/Doctor’s Handwritten Prescription BD dataset/Testing/testing_words/482.png,Metro,test
150,67,2.2388059701492535,236.41691542288558,54.7662087816587,3417.660696517413,0.08845771144278607,False,data/metadata/Doctor’s Handwritten Prescription BD dataset/Testing/testing_words/483.png,Metro,test
148,56,2.642857142857143,184.71452702702703,97.71114065981783,1843.2540623550026,0.2738899613899614,True,data/metadata/Doctor’s Handwritten Prescription BD dataset/Testing/testing_words/484.png,Metro,test
172,66,2.606060606060606,240.87852360817476,47.80937000335457,2684.958245243129,0.06756518675123327,False,data/metadata/Doctor’s Handwritten Prescription BD dataset/Testing/testing_words/485.png,Metro,test
166,64,2.59375,235.5503576807229,55.61089155268701,3865.28219126506,0.0912085843373494,False,data/metadata/Doctor’s Handwritten Prescription BD dataset/Testing/testing_words/486.png,Metro,test
154,78,1.9743589743589745,235.99691974691976,54.97704761750867,3610.0308025308027,0.08832833832833833,False,data/metadata/Doctor’s Handwritten Prescription BD dataset/Testing/testing_words/487.png,Metro,test
169,56,3.017857142857143,229.50581149619612,62.7821069267801,4364.650042220767,0.12225274725274725,False,data/metadata/Doctor’s Handwritten Prescription BD dataset/Testing/testing_words/488.png,Metro,test
175,68,2.573529411764706,239.11529411764707,50.74302851191042,3269.3529411764707,0.07697478991596639,False,data/metadata/Doctor’s Handwritten Prescription BD dataset/Testing/testing_words/489.png,Metro,test
212,60,3.533333333333333,232.7806603773585,63.087405700777296,3239.0749964400143,0.08915094339622641,False,data/metadata/Doctor’s Handwritten Prescription BD dataset/Testing/testing_words/490.png,Metsina,test
193,74,2.608108108108108,229.89007141856882,67.22361789354693,3050.316062176166,0.10208654250105027,False,data/metadata/Doctor’s Handwritten Prescription BD dataset/Testing/testing_words/491.png,Metsina,test
214,69,3.101449275362319,234.28775565488283,61.43174940677597,2717.2759041040226,0.0819450088040092,False,data/metadata/Doctor’s Handwritten Prescription BD dataset/Testing/testing_words/492.png,Metsina,test
242,67,3.611940298507463,235.0994202541014,60.79170614982999,2627.821512273344,0.07949919822375724,False,data/metadata/Doctor’s Handwritten Prescription BD dataset/Testing/testing_words/493.png,Metsina,test
196,76,2.5789473684210527,236.75859291084856,55.11166400017922,4171.31201161566,0.06881041890440387,False,data/metadata/Doctor’s Handwritten Prescription BD dataset/Testing/testing_words/494.png,Metsina,test
110,22,5.0,237.73760330578511,43.37731048981987,8106.862538590259,0.1128099173553719,True,data/metadata/Doctor’s Handwritten Prescription BD dataset/Testing/testing_words/495.png,Metsina,test
201,64,3.140625,228.94597325870646,68.7453590990222,3242.309390547264,0.1017568407960199,False,data/metadata/Doctor’s Handwritten Prescription BD dataset/Testing/testing_words/496.png,Metsina,test
215,70,3.0714285714285716,234.72598006644517,60.129744515792574,2959.030849531462,0.07800664451827242,False,data/metadata/Doctor’s Handwritten Prescription BD dataset/Testing/testing_words/497.png,Metsina,test
212,77,2.7532467532467533,236.05329576084293,58.72966634867854,2875.0083312913503,0.07436902719921588,False,data/metadata/Doctor’s Handwritten Prescription BD dataset/Testing/testing_words/498.png,Metsina,test
210,86,2.441860465116279,237.26672203765227,56.91780720833834,2503.7146179401993,0.07225913621262459,False,data/metadata/Doctor’s Handwritten Prescription BD dataset/Testing/testing_words/499.png,Metsina,test
200,86,2.3255813953488373,232.98982558139534,63.935595873793346,2670.7252325581394,0.08395348837209303,False,data/metadata/Doctor’s Handwritten Prescription BD dataset/Testing/testing_words/500.png,Monas,test
131,31,4.225806451612903,205.1157350406304,91.56846320359072,22793.68206265435,0.18246737256833293,True,data/metadata/Doctor’s Handwritten Prescription BD dataset/Testing/testing_words/501.png,Monas,test
118,20,5.9,216.81483050847459,88.85704115660653,38517.30516931197,0.14872881355932202,True,data/metadata/Doctor’s Handwritten Prescription BD dataset/Testing/testing_words/502.png,Monas,test
116,35,3.3142857142857145,231.01995073891626,72.65320721223651,24779.32964516247,0.0938423645320197,True,data/metadata/Doctor’s Handwritten Prescription BD dataset/Testing/testing_words/503.png,Monas,test
86,26,3.3076923076923075,235.10733452593917,50.34547125334834,8910.52564555925,0.11046511627906977,True,data/metadata/Doctor’s Handwritten Prescription BD dataset/Testing/testing_words/504.png,Monas,test
163,42,3.880952380952381,223.43952673093779,67.95707008713032,12566.15033907349,0.12416009348524686,False,data/metadata/Doctor’s Handwritten Prescription BD dataset/Testing/testing_words/505.png,Monas,test
116,23,5.043478260869565,203.69415292353824,100.26438518898892,39438.99387192648,0.20089955022488756,True,data/metadata/Doctor’s Handwritten Prescription BD dataset/Testing/testing_words/506.png,Monas,test
92,19,4.842105263157895,217.4862700228833,88.2114057240743,52364.11269891973,0.14988558352402745,True,data/metadata/Doctor’s Handwritten Prescription BD dataset/Testing/testing_words/507.png,Monas,test
76,18,4.222222222222222,222.98099415204678,75.08588409051954,36338.812091220374,0.1440058479532164,True,data/metadata/Doctor’s Handwritten Prescription BD dataset/Testing/testing_words/508.png,Monas,test
170,28,6.071428571428571,223.30084033613446,69.4567200901424,15958.708289977758,0.13319327731092437,True,data/metadata/Doctor’s Handwritten Prescription BD dataset/Testing/testing_words/509.png,Monas,test
131,29,4.517241379310345,214.13556198999737,92.46210664337904,34493.39436854616,0.16162147933666754,True,data/metadata/Doctor’s Handwritten Prescription BD dataset/Testing/testing_words/510.png,Montair,test
86,16,5.375,180.52906976744185,104.15354705554174,35506.2393439021,0.26816860465116277,True,data/metadata/Doctor’s Handwritten Prescription BD dataset/Testing/testing_words/511.png,Montair,test
134,30,4.466666666666667,208.02164179104477,96.45093243434081,34317.578935174875,0.18134328358208956,True,data/metadata/Doctor’s Handwritten Prescription BD dataset/Testing/testing_words/512.png,Montair,test
123,25,4.92,221.4741463414634,66.93317306681038,21797.24643796682,0.14601626016260164,True,data/metadata/Doctor’s Handwritten Prescription BD dataset/Testing/testing_words/513.png,Montair,test
109,42,2.5952380952380953,193.24027959807776,94.66222134255459,6456.835425461602,0.24137177806902577,True,data/metadata/Doctor’s Handwritten Prescription BD dataset/Testing/testing_words/514.png,Montair,test
64,20,3.2,224.96796875,29.326231947678234,2065.6976263427737,0.1359375,True,data/metadata/Doctor’s Handwritten Prescription BD dataset/Testing/testing_words/515.png,Montair,test
59,13,4.538461538461538,218.66362451108213,84.92281344826327,83500.05732896586,0.14602346805736635,True,data/metadata/Doctor’s Handwritten Prescription BD dataset/Testing/testing_words/516.png,Montair,test
223,52,4.288461538461538,222.98456364263538,57.61873790698169,9153.658779423231,0.08589168678854778,True,data/metadata/Doctor’s Handwritten Prescription BD dataset/Testing/testing_words/517.png,Montair,test
243,50,4.86,230.69358024691357,64.6178523913915,9373.15719286694,0.11843621399176955,True,data/metadata/Doctor’s Handwritten Prescription BD dataset/Testing/testing_words/518.png,Montair,test
173,68,2.5441176470588234,225.78604216252975,79.34580168581809,13254.674938068538,0.11543692621557293,True,data/metadata/Doctor’s Handwritten Prescription BD dataset/Testing/testing_words/519.png,Montair,test
302,115,2.626086956521739,231.95983299740857,67.59016990133573,3500.717880794702,0.091073999424129,False,data/metadata/Doctor’s Handwritten Prescription BD dataset/Testing/testing_words/520.png,Montene,test
152,18,8.444444444444445,215.05372807017545,90.98779539883408,38567.91837873192,0.15862573099415206,True,data/metadata/Doctor’s Handwritten Prescription BD dataset/Testing/testing_words/521.png,Montene,test
225,98,2.295918367346939,225.61192743764173,74.24740351036537,4827.953650793651,0.11469387755102041,False,data/metadata/Doctor’s Handwritten Prescription BD dataset/Testing/testing_words/522.png,Montene,test
292,104,2.8076923076923075,234.20320732349842,63.9248663215937,3287.206203898841,0.08074288724973656,False,data/metadata/Doctor’s Handwritten Prescription BD dataset/Testing/testing_words/523.png,Montene,test
291,71,4.098591549295775,234.91636416436765,56.026400273240554,1204.041053955222,0.09312230772953875,True,data/metadata/Doctor’s Handwritten Prescription BD dataset/Testing/testing_words/524.png,Montene,test
149,23,6.478260869565218,214.93813831339364,91.11070760543211,41124.9390212076,0.15873942223519114,True,data/metadata/Doctor’s Handwritten Prescription BD dataset/Testing/testing_words/525.png,Montene,test
270,94,2.872340425531915,227.82876280535854,72.42046636217376,4229.007880220646,0.10551615445232466,False,data/metadata/Doctor’s Handwritten Prescription BD dataset/Testing/testing_words/526.png,Montene,test
278,97,2.865979381443299,230.05047096343543,69.89230925088097,3611.597779638385,0.0968997997478306,False,data/metadata/Doctor’s Handwritten Prescription BD dataset/Testing/testing_words/527.png,Montene,test
128,19,6.7368421052631575,216.33059210526315,88.21243843351262,46516.95963631839,0.15213815789473684,True,data/metadata/Doctor’s Handwritten Prescription BD dataset/Testing/testing_words/528.png,Montene,test
138,18,7.666666666666667,216.27777777777777,89.57081045677205,40759.18605451703,0.1537842190016103,True,data/metadata/Doctor’s Handwritten Prescription BD dataset/Testing/testing_words/529.png,Montene,test
183,96,1.90625,231.72569444444446,68.56893075667934,3544.460724043716,0.09039162112932604,False,data/metadata/Doctor’s Handwritten Prescription BD dataset/Testing/testing_words/530.png,Montex,test
128,27,4.7407407407407405,211.8359375,94.71325507901605,50583.22964816625,0.17274305555555555,True,data/metadata/Doctor’s Handwritten Prescription BD dataset/Testing/testing_words/531.png,Montex,test
196,79,2.481012658227848,236.56755360371997,59.72352361279981,4305.267114440713,0.07330147248772927,False,data/metadata/Doctor’s Handwritten Prescription BD dataset/Testing/testing_words/532.png,Montex,test
219,61,3.5901639344262297,229.6807395763156,69.87021180063162,5030.455722733737,0.09948349427352347,False,data/metadata/Doctor’s Handwritten Prescription BD dataset/Testing/testing_words/533.png,Montex,test
142,30,4.733333333333333,170.19154929577465,104.10919206413797,6554.076667934052,0.3359154929577465,True,data/metadata/Doctor’s Handwritten Prescription BD dataset/Testing/testing_words/534.png,Montex,test
128,29,4.413793103448276,214.8952047413793,91.47391668613542,38586.870337741406,0.16056034482758622,True,data/metadata/Doctor’s Handwritten Prescription BD dataset/Testing/testing_words/535.png,Montex,test
251,84,2.988095238095238,238.80862265224815,57.24843876356104,3062.5576259861946,0.061468412066021626,False,data/metadata/Doctor’s Handwritten Prescription BD dataset/Testing/testing_words/536.png,Montex,test
183,68,2.6911764705882355,226.8715043394407,74.07534885218584,4969.936194149791,0.1092896174863388,False,data/metadata/Doctor’s Handwritten Prescription BD dataset/Testing/testing_words/537.png,Montex,test
113,22,5.136363636363637,214.99597747385357,91.83301409507092,47559.78714542387,0.15969428801287208,True,data/metadata/Doctor’s Handwritten Prescription BD dataset/Testing/testing_words/538.png,Montex,test
113,26,4.346153846153846,215.35262083049693,91.30344734946426,47207.25909921449,0.15827093260721578,True,data/metadata/Doctor’s Handwritten Prescription BD dataset/Testing/testing_words/539.png,Montex,test
327,65,5.030769230769231,224.8610209362503,75.48921305081332,6042.108774370607,0.11710185838626205,True,data/metadata/Doctor’s Handwritten Prescription BD dataset/Testing/testing_words/540.png,Napa Extend,test
1298,293,4.4300341296928325,237.60658298143113,60.24863318496466,211.28208267350809,0.06834615607103604,True,data/metadata/Doctor’s Handwritten Prescription BD dataset/Testing/testing_words/541.png,Napa Extend,test
512,118,4.338983050847458,235.71633342161016,61.711159359732534,3386.607322563559,0.07620497881355932,True,data/metadata/Doctor’s Handwritten Prescription BD dataset/Testing/testing_words/542.png,Napa Extend,test
486,102,4.764705882352941,232.77206890986847,65.78066442569134,3887.8899778472646,0.08756959573953038,True,data/metadata/Doctor’s Handwritten Prescription BD dataset/Testing/testing_words/543.png,Napa Extend,test
144,35,4.114285714285714,238.16011904761905,49.162101854131365,17990.734962797622,0.07936507936507936,True,data/metadata/Doctor’s Handwritten Prescription BD dataset/Testing/testing_words/544.png,Napa Extend,test
180,27,6.666666666666667,234.69588477366256,54.38085197249316,34048.45692966857,0.08189300411522633,True,data/metadata/Doctor’s Handwritten Prescription BD dataset/Testing/testing_words/545.png,Napa Extend,test
496,150,3.3066666666666666,240.15694892473118,54.9146322221026,2624.0672311827957,0.05868279569892473,False,data/metadata/Doctor’s Handwritten Prescription BD dataset/Testing/testing_words/546.png,Napa Extend,test
596,151,3.947019867549669,241.43976398951065,52.83856568377571,2265.896150940042,0.05308013689497311,False,data/metadata/Doctor’s Handwritten Prescription BD dataset/Testing/testing_words/547.png,Napa Extend,test
500,151,3.3112582781456954,240.5396953642384,54.35557643129838,2477.774728476821,0.05709933774834437,False,data/metadata/Doctor’s Handwritten Prescription BD dataset/Testing/testing_words/548.png,Napa Extend,test
303,47,6.446808510638298,213.61217611122814,83.67634079196127,17951.45203158874,0.14746155466610492,True,data/metadata/Doctor’s Handwritten Prescription BD dataset/Testing/testing_words/549.png,Napa Extend,test
151,50,3.02,222.45708609271523,80.26784268306073,10926.008269882901,0.13086092715231787,True,data/metadata/Doctor’s Handwritten Prescription BD dataset/Testing/testing_words/550.png,Napa,test
271,142,1.908450704225352,234.34348526583858,66.82299772216587,8577.648907711819,0.08286991320617432,True,data/metadata/Doctor’s Handwritten Prescription BD dataset/Testing/testing_words/551.png,Napa,test
123,35,3.5142857142857142,233.28989547038327,54.30664474341574,13478.975609756097,0.09198606271777003,True,data/metadata/Doctor’s Handwritten Prescription BD dataset/Testing/testing_words/552.png,Napa,test
56,17,3.2941176470588234,180.93697478991598,105.28527781842001,39119.01001760998,0.2762605042016807,True,data/metadata/Doctor’s Handwritten Prescription BD dataset/Testing/testing_words/553.png,Napa,test
144,66,2.1818181818181817,203.68118686868686,56.36718619672375,1105.6245187986592,0.1019570707070707,True,data/metadata/Doctor’s Handwritten Prescription BD dataset/Testing/testing_words/554.png,Napa,test
58,17,3.411764705882353,210.10141987829616,91.27945554213795,65977.84696192949,0.17849898580121704,True,data/metadata/Doctor’s Handwritten Prescription BD dataset/Testing/testing_words/555.png,Napa,test
110,21,5.238095238095238,193.304329004329,102.39698456884454,20868.43447855175,0.24891774891774893,True,data/metadata/Doctor’s Handwritten Prescription BD dataset/Testing/testing_words/556.png,Napa,test
221,146,1.5136986301369864,241.84829232008926,53.833797385971465,7168.029411487114,0.05293497799541313,True,data/metadata/Doctor’s Handwritten Prescription BD dataset/Testing/testing_words/557.png,Napa,test
76,33,2.303030303030303,220.2994417862839,76.92049925364516,20847.461832502817,0.13995215311004786,False,data/metadata/Doctor’s Handwritten Prescription BD dataset/Testing/testing_words/558.png,Napa,test
248,118,2.1016949152542375,231.44553034445053,66.50483760244343,631.8017359165977,0.09844860579551667,False,data/metadata/Doctor’s Handwritten Prescription BD dataset/Testing/testing_words/559.png,Napa,test
168,68,2.4705882352941178,228.12920168067228,71.6682361512557,5527.195553221289,0.10381652661064426,False,data/metadata/Doctor’s Handwritten Prescription BD dataset/Testing/testing_words/560.png,Nexcap,test
181,39,4.641025641025641,221.73608159796004,69.93507737508807,11962.874653781764,0.15497945884686215,True,data/metadata/Doctor’s Handwritten Prescription BD dataset/Testing/testing_words/561.png,Nexcap,test
168,68,2.4705882352941178,228.12920168067228,71.6682361512557,5527.195553221289,0.10381652661064426,False,data/metadata/Doctor’s Handwritten Prescription BD dataset/Testing/testing_words/562.png,Nexcap,test
143,66,2.1666666666666665,222.25471498198772,77.56658075901343,6532.4608308847455,0.12608603517694428,False,data/metadata/Doctor’s Handwritten Prescription BD dataset/Testing/testing_words/563.png,Nexcap,test
192,50,3.84,183.75375,92.9979512907184,391.63215815972217,0.2775,True,data/metadata/Doctor’s Handwritten Prescription BD dataset/Testing/testing_words/564.png,Nexcap,test
89,34,2.6176470588235294,217.5079312623926,67.93908936975707,7655.153998678123,0.11335095836087244,False,data/metadata/Doctor’s Handwritten Prescription BD dataset/Testing/testing_words/565.png,Nexcap,test
197,81,2.432098765432099,231.3967537757724,68.31135434562862,4404.071316663533,0.09155856363978192,False,data/metadata/Doctor’s Handwritten Prescription BD dataset/Testing/testing_words/566.png,Nexcap,test
193,71,2.7183098591549295,223.67846456980223,77.18725628398374,5593.516834272317,0.12055754214405605,True,data/metadata/Doctor’s Handwritten Prescription BD dataset/Testing/testing_words/567.png,Nexcap,test
59,28,2.107142857142857,201.5950363196126,82.80312307430344,11137.806015087734,0.1834140435835351,False,data/metadata/Doctor’s Handwritten Prescription BD dataset/Testing/testing_words/568.png,Nexcap,test
80,28,2.857142857142857,202.78214285714284,81.45687313617218,12022.175713488521,0.18125,False,data/metadata/Doctor’s Handwritten Prescription BD dataset/Testing/testing_words/569.png,Nexcap,test
69,16,4.3125,185.70923913043478,93.4881592990857,46972.011039402176,0.24094202898550723,True,data/metadata/Doctor’s Handwritten Prescription BD dataset/Testing/testing_words/570.png,Nexum,test
97,38,2.5526315789473686,205.58817145957678,65.9913854443831,16809.925937593198,0.10851871947911014,True,data/metadata/Doctor’s Handwritten Prescription BD dataset/Testing/testing_words/571.png,Nexum,test
57,18,3.1666666666666665,190.5916179337232,86.14303061254164,46213.791396403074,0.20175438596491227,True,data/metadata/Doctor’s Handwritten Prescription BD dataset/Testing/testing_words/572.png,Nexum,test
76,21,3.619047619047619,192.18546365914787,90.40935553438823,37163.79532909655,0.21177944862155387,True,data/metadata/Doctor’s Handwritten Prescription BD dataset/Testing/testing_words/573.png,Nexum,test
188,58,3.2413793103448274,228.74532281731476,69.91752016454545,5204.993194516851,0.1045487894350697,False,data/metadata/Doctor’s Handwritten Prescription BD dataset/Testing/testing_words/574.png,Nexum,test
91,38,2.3947368421052633,198.70532099479468,64.28393836460147,16206.83591924042,0.1101792943898207,True,data/metadata/Doctor’s Handwritten Prescription BD dataset/Testing/testing_words/575.png,Nexum,test
71,28,2.5357142857142856,195.78269617706238,77.69731202655052,30960.08535316527,0.158953722334004,True,data/metadata/Doctor’s Handwritten Prescription BD dataset/Testing/testing_words/576.png,Nexum,test
90,31,2.903225806451613,200.17562724014337,77.94268168462514,22208.13574864146,0.14874551971326164,True,data/metadata/Doctor’s Handwritten Prescription BD dataset/Testing/testing_words/577.png,Nexum,test
82,48,1.7083333333333333,195.6803861788618,67.18500714001384,15623.300304619854,0.11839430894308943,True,data/metadata/Doctor’s Handwritten Prescription BD dataset/Testing/testing_words/578.png,Nexum,test
69,31,2.225806451612903,184.9237961664329,76.60240384166919,23533.713178594466,0.1645628798503974,True,data/metadata/Doctor’s Handwritten Prescription BD dataset/Testing/testing_words/579.png,Nexum,test
216,75,2.88,229.97728395061728,67.02865871341432,3220.0416634621247,0.09932098765432099,False,data/metadata/Doctor’s Handwritten Prescription BD dataset/Testing/testing_words/580.png,Nidazyl,test
219,68,3.2205882352941178,232.1904378189632,64.55088646342644,2836.1007252215954,0.08870534515175933,False,data/metadata/Doctor’s Handwritten Prescription BD dataset/Testing/testing_words/581.png,Nidazyl,test
263,81,3.246913580246914,235.14359479885462,60.159469713054776,2593.6080151583474,0.08045815143407031,False,data/metadata/Doctor’s Handwritten Prescription BD dataset/Testing/testing_words/582.png,Nidazyl,test
219,83,2.63855421686747,235.7420366397095,58.80733226100319,2883.3579798646642,0.07751554161852892,False,data/metadata/Doctor’s Handwritten Prescription BD dataset/Testing/testing_words/583.png,Nidazyl,test
117,55,2.1272727272727274,175.02020202020202,87.07981796474706,1151.522239404384,0.2506604506604507,True,data/metadata/Doctor’s Handwritten Prescription BD dataset/Testing/testing_words/584.png,Nidazyl,test
183,65,2.8153846153846156,226.11525851197982,71.26393817671023,3490.3050021017234,0.11399747793190416,False,data/metadata/Doctor’s Handwritten Prescription BD dataset/Testing/testing_words/585.png,Nidazyl,test
178,49,3.63265306122449,215.4902545287778,80.83343077181053,4775.972672627095,0.1547810135290071,True,data/metadata/Doctor’s Handwritten Prescription BD dataset/Testing/testing_words/586.png,Nidazyl,test
196,78,2.5128205128205128,233.04618001046572,64.01181444545784,2618.107925715671,0.08470695970695971,False,data/metadata/Doctor’s Handwritten Prescription BD dataset/Testing/testing_words/587.png,Nidazyl,test
226,84,2.6904761904761907,238.82316687737043,54.03694020405378,2426.6021913190057,0.06310577328276443,False,data/metadata/Doctor’s Handwritten Prescription BD dataset/Testing/testing_words/588.png,Nidazyl,test
225,60,3.75,227.6528148148148,69.27115360455929,3753.158814814815,0.10651851851851851,False,data/metadata/Doctor’s Handwritten Prescription BD dataset/Testing/testing_words/589.png,Nidazyl,test
127,49,2.5918367346938775,235.79752530933632,59.3096972400715,4795.436927526916,0.08115057046440624,False,data/metadata/Doctor’s Handwritten Prescription BD dataset/Testing/testing_words/590.png,Nizoder,test
123,41,3.0,235.25024786833234,59.51105254665907,5610.25659329764,0.08229228633749752,False,data/metadata/Doctor’s Handwritten Prescription BD dataset/Testing/testing_words/591.png,Nizoder,test
137,44,3.1136363636363638,232.5343397478434,64.35892826632484,5302.887559752123,0.09223623092236231,True,data/metadata/Doctor’s Handwritten Prescription BD dataset/Testing/testing_words/592.png,Nizoder,test
141,54,2.611111111111111,241.4831888626215,49.915325397170754,3930.8571053322826,0.05726293669556081,False,data/metadata/Doctor’s Handwritten Prescription BD dataset/Testing/testing_words/593.png,Nizoder,test
131,48,2.7291666666666665,222.4530852417303,74.00562414170574,8483.37850780739,0.13024809160305342,False,data/metadata/Doctor’s Handwritten Prescription BD dataset/Testing/testing_words/594.png,Nizoder,test
612,143,4.27972027972028,225.1277937748526,75.46535374901205,531.4059828537571,0.11755564696741168,False,data/metadata/Doctor’s Handwritten Prescription BD dataset/Testing/testing_words/595.png,Nizoder,test
117,41,2.8536585365853657,234.46904315196997,60.236786352205826,5999.073587658953,0.08276005836981447,False,data/metadata/Doctor’s Handwritten Prescription BD dataset/Testing/testing_words/596.png,Nizoder,test
117,45,2.6,239.72934472934472,52.282640656393475,4079.2641975308643,0.06514719848053181,False,data/metadata/Doctor’s Handwritten Prescription BD dataset/Testing/testing_words/597.png,Nizoder,test
126,36,3.5,236.61199294532628,57.60186343326123,5284.609788359789,0.07760141093474426,False,data/metadata/Doctor’s Handwritten Prescription BD dataset/Testing/testing_words/598.png,Nizoder,test
131,45,2.911111111111111,240.55267175572519,51.44433225032577,4048.1889737065308,0.05937234944868533,False,data/metadata/Doctor’s Handwritten Prescription BD dataset/Testing/testing_words/599.png,Nizoder,test
148,52,2.8461538461538463,233.84953222453223,63.979297747956934,5726.509875259875,0.08354989604989604,False,data/metadata/Doctor’s Handwritten Prescription BD dataset/Testing/testing_words/600.png,Odmon,test
114,31,3.6774193548387095,223.02037351443124,83.7429241418839,35283.99530512711,0.1273344651952462,True,data/metadata/Doctor’s Handwritten Prescription BD dataset/Testing/testing_words/601.png,Odmon,test
126,53,2.3773584905660377,231.0309973045822,67.40190101096465,6515.90625935909,0.09374064091045223,False,data/metadata/Doctor’s Handwritten Prescription BD dataset/Testing/testing_words/602.png,Odmon,test
137,47,2.9148936170212765,233.69948749805872,63.89977435767238,5618.743593725734,0.08168970337008852,False,data/metadata/Doctor’s Handwritten Prescription BD dataset/Testing/testing_words/603.png,Odmon,test
153,62,2.467741935483871,238.26438962681846,50.37584328041506,1984.3283785632752,0.07800969850305714,False,data/metadata/Doctor’s Handwritten Prescription BD dataset/Testing/testing_words/604.png,Odmon,test
84,22,3.8181818181818183,210.14826839826839,92.12820851596358,48468.54308594994,0.1764069264069264,True,data/metadata/Doctor’s Handwritten Prescription BD dataset/Testing/testing_words/605.png,Odmon,test
130,52,2.5,227.8032544378698,72.90658926763344,5869.564201183432,0.10724852071005918,False,data/metadata/Doctor’s Handwritten Prescription BD dataset/Testing/testing_words/606.png,Odmon,test
131,63,2.0793650793650795,236.3198836786623,61.593101125654414,4473.777777777777,0.07173149157881982,False,data/metadata/Doctor’s Handwritten Prescription BD dataset/Testing/testing_words/607.png,Odmon,test
130,54,2.4074074074074074,230.8440170940171,68.99961207900984,5383.718233618233,0.0943019943019943,False,data/metadata/Doctor’s Handwritten Prescription BD dataset/Testing/testing_words/608.png,Odmon,test
112,54,2.074074074074074,233.87896825396825,63.714918509988244,6258.6703042328045,0.08068783068783068,False,data/metadata/Doctor’s Handwritten Prescription BD dataset/Testing/testing_words/609.png,Odmon,test
203,59,3.440677966101695,216.31067880103532,85.22960701352062,6792.7140352341985,0.14878517157885948,False,data/metadata/Doctor’s Handwritten Prescription BD dataset/Testing/testing_words/610.png,Omastin,test
96,30,3.2,212.83263888888888,73.4729100964176,8520.898611111112,0.13819444444444445,False,data/metadata/Doctor’s Handwritten Prescription BD dataset/Testing/testing_words/611.png,Omastin,test
220,87,2.528735632183908,225.76311389759667,76.48718346904097,4592.303448275862,0.11504702194357366,False,data/metadata/Doctor’s Handwritten Prescription BD dataset/Testing/testing_words/612.png,Omastin,test
220,87,2.528735632183908,225.76311389759667,76.48718346904097,4592.303448275862,0.11504702194357366,False,data/metadata/Doctor’s Handwritten Prescription BD dataset/Testing/testing_words/613.png,Omastin,test
113,49,2.306122448979592,233.48726747336102,55.69055112514938,17277.00422941612,0.07964601769911504,False,data/metadata/Doctor’s Handwritten Prescription BD dataset/Testing/testing_words/614.png,Omastin,test
163,42,3.880952380952381,226.64519427402863,66.0597503695383,11211.025450269435,0.11904761904761904,True,data/metadata/Doctor’s Handwritten Prescription BD dataset/Testing/testing_words/615.png,Omastin,test
219,55,3.981818181818182,217.36471564964717,84.02280759577458,6099.519382197761,0.14744707347447072,False,data/metadata/Doctor’s Handwritten Prescription BD dataset/Testing/testing_words/616.png,Omastin,test
92,25,3.68,203.8517391304348,79.65619177615619,10906.482608695653,0.17565217391304347,False,data/metadata/Doctor’s Handwritten Prescription BD dataset/Testing/testing_words/617.png,Omastin,test
108,33,3.272727272727273,208.1840628507295,77.63631662092932,9308.11616161616,0.15460157126823793,False,data/metadata/Doctor’s Handwritten Prescription BD dataset/Testing/testing_words/618.png,Omastin,test
105,31,3.3870967741935485,203.29339477726575,82.90978719978655,9293.396006144394,0.17419354838709677,False,data/metadata/Doctor’s Handwritten Prescription BD dataset/Testing/testing_words/619.png,Omastin,test
190,74,2.5675675675675675,231.61891891891892,68.08230635532676,4367.920768136558,0.0891180654338549,False,data/metadata/Doctor’s Handwritten Prescription BD dataset/Testing/testing_words/620.png,Opton,test
71,32,2.21875,211.46610915492957,73.51358439667624,8356.224471830987,0.14040492957746478,False,data/metadata/Doctor’s Handwritten Prescription BD dataset/Testing/testing_words/621.png,Opton,test
169,77,2.1948051948051948,227.38784292630447,73.85169786296088,5066.547298854991,0.10727733804656882,False,data/metadata/Doctor’s Handwritten Prescription BD dataset/Testing/testing_words/622.png,Opton,test
182,69,2.63768115942029,225.23459149546107,75.75891915345098,5070.925784360567,0.11562350692785475,False,data/metadata/Doctor’s Handwritten Prescription BD dataset/Testing/testing_words/623.png,Opton,test
97,63,1.5396825396825398,232.78399607265587,61.42956165240847,6711.939944335846,0.09589265259368353,False,data/metadata/Doctor’s Handwritten Prescription BD dataset/Testing/testing_words/624.png,Opton,test
70,34,2.0588235294117645,212.78319327731091,74.24766676505789,8087.889075630252,0.13445378151260504,False,data/metadata/Doctor’s Handwritten Prescription BD dataset/Testing/testing_words/625.png,Opton,test
182,69,2.63768115942029,225.23459149546107,75.75891915345098,5070.925784360567,0.11562350692785475,False,data/metadata/Doctor’s Handwritten Prescription BD dataset/Testing/testing_words/626.png,Opton,test
202,71,2.8450704225352115,223.43738669641613,78.78589387610413,4443.274717612607,0.123274299260912,False,data/metadata/Doctor’s Handwritten Prescription BD dataset/Testing/testing_words/627.png,Opton,test
181,39,4.641025641025641,221.73608159796004,69.93507737508807,11962.874653781764,0.15497945884686215,True,data/metadata/Doctor’s Handwritten Prescription BD dataset/Testing/testing_words/628.png,Opton,test
77,30,2.566666666666667,213.7147186147186,71.8259892175898,8156.597118494782,0.1303030303030303,False,data/metadata/Doctor’s Handwritten Prescription BD dataset/Testing/testing_words/629.png,Opton,test
194,66,2.9393939393939394,228.151905654483,71.69965578115676,5483.71734882204,0.10621680724773508,False,data/metadata/Doctor’s Handwritten Prescription BD dataset/Testing/testing_words/630.png,Progut,test
164,68,2.411764705882353,224.56886657101865,75.86082925472554,6026.151720506413,0.11908177905308465,False,data/metadata/Doctor’s Handwritten Prescription BD dataset/Testing/testing_words/631.png,Progut,test
194,66,2.9393939393939394,228.151905654483,71.69965578115676,5483.71734882204,0.10621680724773508,False,data/metadata/Doctor’s Handwritten Prescription BD dataset/Testing/testing_words/632.png,Progut,test
158,72,2.1944444444444446,228.1193741209564,71.66200056560923,5072.835091420535,0.10829817158931083,False,data/metadata/Doctor’s Handwritten Prescription BD dataset/Testing/testing_words/633.png,Progut,test
51,20,2.55,214.3205882352941,78.20784379476606,54502.01336409074,0.15196078431372548,True,data/metadata/Doctor’s Handwritten Prescription BD dataset/Testing/testing_words/634.png,Progut,test
190,58,3.2758620689655173,221.98076225045372,78.94444043300987,6089.89836660617,0.12849364791288567,False,data/metadata/Doctor’s Handwritten Prescription BD dataset/Testing/testing_words/635.png,Progut,test
158,72,2.1944444444444446,228.1193741209564,71.66200056560923,5072.835091420535,0.10829817158931083,False,data/metadata/Doctor’s Handwritten Prescription BD dataset/Testing/testing_words/636.png,Progut,test
186,70,2.657142857142857,232.05445468509984,67.23351012813207,4513.760813542204,0.0880952380952381,False,data/metadata/Doctor’s Handwritten Prescription BD dataset/Testing/testing_words/637.png,Progut,test
186,70,2.657142857142857,232.05445468509984,67.23351012813207,4513.760813542204,0.0880952380952381,False,data/metadata/Doctor’s Handwritten Prescription BD dataset/Testing/testing_words/638.png,Progut,test
164,68,2.411764705882353,224.56886657101865,75.86082925472554,6026.151720506413,0.11908177905308465,False,data/metadata/Doctor’s Handwritten Prescription BD dataset/Testing/testing_words/639.png,Progut,test
216,47,4.595744680851064,221.94562647754137,78.81806787572187,6793.709312296667,0.12667454688731283,False,data/metadata/Doctor’s Handwritten Prescription BD dataset/Testing/testing_words/640.png,Provair,test
222,59,3.76271186440678,230.4641930065659,68.77607097758911,5103.333638723469,0.09589250267216369,False,data/metadata/Doctor’s Handwritten Prescription BD dataset/Testing/testing_words/641.png,Provair,test
162,64,2.53125,232.30140817901236,65.76436194497273,5926.765660415461,0.08834876543209877,False,data/metadata/Doctor’s Handwritten Prescription BD dataset/Testing/testing_words/642.png,Provair,test
151,68,2.2205882352941178,233.83774834437085,63.56435111321955,5713.676163992003,0.08219711725749902,False,data/metadata/Doctor’s Handwritten Prescription BD dataset/Testing/testing_words/643.png,Provair,test
190,50,3.8,235.56,54.05210624456446,2504.0138548476452,0.09336842105263157,False,data/metadata/Doctor’s Handwritten Prescription BD dataset/Testing/testing_words/644.png,Provair,test
111,26,4.269230769230769,222.82016632016632,83.59583672434802,40892.070682828984,0.1295911295911296,True,data/metadata/Doctor’s Handwritten Prescription BD dataset/Testing/testing_words/645.png,Provair,test
177,70,2.5285714285714285,236.5910411622276,59.902700771931066,4760.272639225182,0.07070217917675545,False,data/metadata/Doctor’s Handwritten Prescription BD dataset/Testing/testing_words/646.png,Provair,test
190,68,2.7941176470588234,235.15797213622292,61.82113454461285,5004.117956656347,0.07407120743034055,False,data/metadata/Doctor’s Handwritten Prescription BD dataset/Testing/testing_words/647.png,Provair,test
208,69,3.0144927536231885,235.35953177257525,62.130382434107155,4366.734949832776,0.07587792642140469,False,data/metadata/Doctor’s Handwritten Prescription BD dataset/Testing/testing_words/648.png,Provair,test
192,63,3.0476190476190474,231.5179398148148,67.48787865583442,5150.164246762233,0.09118716931216932,False,data/metadata/Doctor’s Handwritten Prescription BD dataset/Testing/testing_words/649.png,Provair,test
595,166,3.5843373493975905,201.03911106611318,60.16222508403744,1103.133745274326,0.09077655158448922,True,data/metadata/Doctor’s Handwritten Prescription BD dataset/Testing/testing_words/650.png,Renova,test
78,24,3.25,190.60149572649573,98.40730788730097,19907.92638221154,0.26014957264957267,True,data/metadata/Doctor’s Handwritten Prescription BD dataset/Testing/testing_words/651.png,Renova,test
103,24,4.291666666666667,223.73058252427185,65.86856386384865,32439.28848867837,0.12985436893203883,True,data/metadata/Doctor’s Handwritten Prescription BD dataset/Testing/testing_words/652.png,Renova,test
119,34,3.5,233.93425605536333,55.52265597726597,22143.874796977612,0.08156203657933762,True,data/metadata/Doctor’s Handwritten Prescription BD dataset/Testing/testing_words/653.png,Renova,test
105,33,3.1818181818181817,239.24386724386724,53.62859538579286,19509.41494649651,0.07012987012987013,False,data/metadata/Doctor’s Handwritten Prescription BD dataset/Testing/testing_words/654.png,Renova,test
218,83,2.6265060240963853,233.91831546368962,62.26409897288335,5386.968440668628,0.0879297004531889,False,data/metadata/Doctor’s Handwritten Prescription BD dataset/Testing/testing_words/655.png,Renova,test
91,31,2.935483870967742,235.5232187167671,60.41630280994518,24487.62246412151,0.08720311946118398,True,data/metadata/Doctor’s Handwritten Prescription BD dataset/Testing/testing_words/656.png,Renova,test
155,38,4.078947368421052,227.57198641765706,64.42012463526893,17270.777976225138,0.10288624787775891,False,data/metadata/Doctor’s Handwritten Prescription BD dataset/Testing/testing_words/657.png,Renova,test
184,49,3.7551020408163267,212.3017968056788,69.769467497032,14039.24277351946,0.11568322981366459,False,data/metadata/Doctor’s Handwritten Prescription BD dataset/Testing/testing_words/658.png,Renova,test
108,22,4.909090909090909,185.41161616161617,104.96604276824509,24997.533997204086,0.27735690235690236,True,data/metadata/Doctor’s Handwritten Prescription BD dataset/Testing/testing_words/659.png,Renova,test
158,96,1.6458333333333333,234.72283755274262,63.35657787880983,4546.286787974684,0.0791798523206751,False,data/metadata/Doctor’s Handwritten Prescription BD dataset/Testing/testing_words/660.png,Rhinil,test
193,82,2.3536585365853657,238.62713256666245,56.77680427945715,4148.157715152281,0.06287122456716795,False,data/metadata/Doctor’s Handwritten Prescription BD dataset/Testing/testing_words/661.png,Rhinil,test
181,99,1.8282828282828283,240.04760310285172,54.457665012026034,3709.561694290976,0.05887605335119147,False,data/metadata/Doctor’s Handwritten Prescription BD dataset/Testing/testing_words/662.png,Rhinil,test
190,94,2.021276595744681,241.77346024636057,51.97941136696154,3358.0181410974246,0.052967525195968646,False,data/metadata/Doctor’s Handwritten Prescription BD dataset/Testing/testing_words/663.png,Rhinil,test
147,50,2.94,236.41006802721088,52.85133051049961,2483.890064399093,0.08897959183673469,False,data/metadata/Doctor’s Handwritten Prescription BD dataset/Testing/testing_words/664.png,Rhinil,test
56,21,2.6666666666666665,229.01360544217687,73.99565499236483,60062.35792956638,0.10374149659863946,False,data/metadata/Doctor’s Handwritten Prescription BD dataset/Testing/testing_words/665.png,Rhinil,test
182,89,2.044943820224719,238.53815285837757,57.76796829005996,3790.1879244351153,0.06260032102728733,False,data/metadata/Doctor’s Handwritten Prescription BD dataset/Testing/testing_words/666.png,Rhinil,test
214,92,2.3260869565217392,241.47572125152377,51.745092241160734,3518.383787078423,0.0531796017878911,False,data/metadata/Doctor’s Handwritten Prescription BD dataset/Testing/testing_words/667.png,Rhinil,test
175,80,2.1875,235.7732142857143,60.440174053921844,5234.294714285715,0.07635714285714286,False,data/metadata/Doctor’s Handwritten Prescription BD dataset/Testing/testing_words/668.png,Rhinil,test
204,94,2.1702127659574466,241.7084376303713,51.54721422003353,3667.8650396328744,0.05246141009595327,False,data/metadata/Doctor’s Handwritten Prescription BD dataset/Testing/testing_words/669.png,Rhinil,test
201,82,2.451219512195122,238.38648222303118,57.066509132075474,3683.86081786191,0.06413056667880111,False,data/metadata/Doctor’s Handwritten Prescription BD dataset/Testing/testing_words/670.png,Ritch,test
69,26,2.6538461538461537,211.03567447045708,74.11872318409361,9402.784838350055,0.14715719063545152,False,data/metadata/Doctor’s Handwritten Prescription BD dataset/Testing/testing_words/671.png,Ritch,test
176,86,2.046511627906977,232.3185121564482,66.42153858785784,4482.94621169403,0.08879492600422834,False,data/metadata/Doctor’s Handwritten Prescription BD dataset/Testing/testing_words/672.png,Ritch,test
180,68,2.6470588235294117,227.87254901960785,71.2085845556386,5138.902575925658,0.1059640522875817,False,data/metadata/Doctor’s Handwritten Prescription BD dataset/Testing/testing_words/673.png,Ritch,test
152,53,2.8679245283018866,240.6356752730884,47.387248853342335,3756.142254220457,0.06852035749751738,False,data/metadata/Doctor’s Handwritten Prescription BD dataset/Testing/testing_words/674.png,Ritch,test
100,24,4.166666666666667,205.18791666666667,93.30716802043162,23581.75049722222,0.20333333333333334,True,data/metadata/Doctor’s Handwritten Prescription BD dataset/Testing/testing_words/675.png,Ritch,test
61,28,2.1785714285714284,205.48594847775175,78.972480098191,10693.775175644028,0.16627634660421545,False,data/metadata/Doctor’s Handwritten Prescription BD dataset/Testing/testing_words/676.png,Ritch,test
71,31,2.2903225806451615,199.79373012267152,84.13694823273049,10267.710131758291,0.1858246251703771,False,data/metadata/Doctor’s Handwritten Prescription BD dataset/Testing/testing_words/677.png,Ritch,test
73,25,2.92,198.24438356164384,86.15072171501097,10693.797260273972,0.19287671232876713,False,data/metadata/Doctor’s Handwritten Prescription BD dataset/Testing/testing_words/678.png,Ritch,test
65,28,2.3214285714285716,209.12417582417584,75.5573137246671,11150.828571428572,0.15054945054945054,False,data/metadata/Doctor’s Handwritten Prescription BD dataset/Testing/testing_words/679.png,Ritch,test
122,32,3.8125,223.4515881147541,80.7829084122085,30483.065446746506,0.12320696721311475,True,data/metadata/Doctor’s Handwritten Prescription BD dataset/Testing/testing_words/680.png,Rivotril,test
125,33,3.787878787878788,229.888,67.53238191797438,15056.400608264466,0.0989090909090909,True,data/metadata/Doctor’s Handwritten Prescription BD dataset/Testing/testing_words/681.png,Rivotril,test
120,27,4.444444444444445,218.9537037037037,86.58812512237752,35908.16972222222,0.14135802469135803,True,data/metadata/Doctor’s Handwritten Prescription BD dataset/Testing/testing_words/682.png,Rivotril,test
140,29,4.827586206896552,224.08596059113302,81.12617582433072,32292.028815550002,0.12142857142857143,True,data/metadata/Doctor’s Handwritten Prescription BD dataset/Testing/testing_words/683.png,Rivotril,test
101,38,2.6578947368421053,232.85383011985408,60.95942789743353,20977.909422817436,0.083637311099531,True,data/metadata/Doctor’s Handwritten Prescription BD dataset/Testing/testing_words/684.png,Rivotril,test
166,25,6.64,194.20289156626507,92.893102400375,21091.62476156191,0.24,True,data/metadata/Doctor’s Handwritten Prescription BD dataset/Testing/testing_words/685.png,Rivotril,test
114,33,3.4545454545454546,222.23365231259967,83.98587515040035,32959.82775119617,0.13264221158958,True,data/metadata/Doctor’s Handwritten Prescription BD dataset/Testing/testing_words/686.png,Rivotril,test
115,32,3.59375,220.38097826086957,86.45160098047047,36180.008144420484,0.13722826086956522,False,data/metadata/Doctor’s Handwritten Prescription BD dataset/Testing/testing_words/687.png,Rivotril,test
126,39,3.230769230769231,226.74969474969475,79.27841303539758,28797.62620255203,0.11273911273911275,False,data/metadata/Doctor’s Handwritten Prescription BD dataset/Testing/testing_words/688.png,Rivotril,test
130,30,4.333333333333333,220.97384615384615,86.03979003822874,38685.4572331361,0.13487179487179488,True,data/metadata/Doctor’s Handwritten Prescription BD dataset/Testing/testing_words/689.png,Rivotril,test
205,66,3.106060606060606,225.60546932742054,75.47574070507217,5552.138802638903,0.11463414634146342,False,data/metadata/Doctor’s Handwritten Prescription BD dataset/Testing/testing_words/690.png,Romycin,test
191,77,2.4805194805194803,235.04460461004965,62.7219999564139,4348.234038213096,0.07561025362072482,False,data/metadata/Doctor’s Handwritten Prescription BD dataset/Testing/testing_words/691.png,Romycin,test
204,70,2.914285714285714,234.8795518207283,62.92506816619831,4384.739075630252,0.07906162464985994,False,data/metadata/Doctor’s Handwritten Prescription BD dataset/Testing/testing_words/692.png,Romycin,test
187,47,3.978723404255319,224.25622937763114,76.17716755640616,6639.762844724101,0.11889862327909888,True,data/metadata/Doctor’s Handwritten Prescription BD dataset/Testing/testing_words/693.png,Romycin,test
139,33,4.212121212121212,204.71724438630915,82.72346217248068,5674.158094678904,0.20449095269239154,True,data/metadata/Doctor’s Handwritten Prescription BD dataset/Testing/testing_words/694.png,Romycin,test
184,66,2.787878787878788,229.59782608695653,70.21988320916766,5944.19779314888,0.09823781291172595,False,data/metadata/Doctor’s Handwritten Prescription BD dataset/Testing/testing_words/695.png,Romycin,test
187,66,2.8333333333333335,231.76851401717713,67.49323933358306,5186.018790879215,0.0901798736023335,False,data/metadata/Doctor’s Handwritten Prescription BD dataset/Testing/testing_words/696.png,Romycin,test
185,67,2.7611940298507465,232.14586526825332,66.84745223083323,5211.290197660347,0.08842275110931827,False,data/metadata/Doctor’s Handwritten Prescription BD dataset/Testing/testing_words/697.png,Romycin,test
196,72,2.7222222222222223,233.69302721088437,64.89295771076016,4978.166664658116,0.08276643990929705,False,data/metadata/Doctor’s Handwritten Prescription BD dataset/Testing/testing_words/698.png,Romycin,test
211,71,2.971830985915493,232.21714171283625,66.18993260529163,5387.29977972098,0.08891262265536345,False,data/metadata/Doctor’s Handwritten Prescription BD dataset/Testing/testing_words/699.png,Romycin,test
191,61,3.1311475409836067,239.7061196463823,54.38797022250392,5456.104453308282,0.058621577546991675,False,data/metadata/Doctor’s Handwritten Prescription BD dataset/Testing/testing_words/700.png,Rozith,test
75,25,3.0,225.74773333333334,78.14458284612924,62136.73669006223,0.11626666666666667,True,data/metadata/Doctor’s Handwritten Prescription BD dataset/Testing/testing_words/701.png,Rozith,test
144,61,2.360655737704918,238.53870673952642,56.167565420348716,5328.653916211293,0.06659836065573771,False,data/metadata/Doctor’s Handwritten Prescription BD dataset/Testing/testing_words/702.png,Rozith,test
138,51,2.7058823529411766,236.30264279624893,59.807543201196616,6299.49057386359,0.07146916737709577,False,data/metadata/Doctor’s Handwritten Prescription BD dataset/Testing/testing_words/703.png,Rozith,test
68,25,2.72,233.3205882352941,33.24366617613722,5531.538257439445,0.12294117647058823,True,data/metadata/Doctor’s Handwritten Prescription BD dataset/Testing/testing_words/704.png,Rozith,test
65,21,3.0952380952380953,223.85714285714286,80.33633120813556,53167.99706100981,0.12161172161172161,True,data/metadata/Doctor’s Handwritten Prescription BD dataset/Testing/testing_words/705.png,Rozith,test
143,60,2.3833333333333333,239.41794871794872,54.421842801221096,5859.375990675991,0.05932400932400932,False,data/metadata/Doctor’s Handwritten Prescription BD dataset/Testing/testing_words/706.png,Rozith,test
129,63,2.0476190476190474,242.2470776424265,48.775451301836235,5801.923957179771,0.04995693367786391,False,data/metadata/Doctor’s Handwritten Prescription BD dataset/Testing/testing_words/707.png,Rozith,test
143,58,2.4655172413793105,240.58138413310826,51.480081255384846,6394.857246202074,0.05763202314926453,False,data/metadata/Doctor’s Handwritten Prescription BD dataset/Testing/testing_words/708.png,Rozith,test
149,59,2.5254237288135593,239.24092822204528,54.446624852241044,6054.607439426686,0.060971448071891705,False,data/metadata/Doctor’s Handwritten Prescription BD dataset/Testing/testing_words/709.png,Rozith,test
118,23,5.130434782608695,214.32240235814297,88.3577234166619,32768.25088191419,0.16285924834193072,True,data/metadata/Doctor’s Handwritten Prescription BD dataset/Testing/testing_words/710.png,Sergel,test
90,23,3.9130434782608696,205.1695652173913,79.49803109587144,10806.189371980676,0.17101449275362318,False,data/metadata/Doctor’s Handwritten Prescription BD dataset/Testing/testing_words/711.png,Sergel,test
103,32,3.21875,210.19933252427185,75.59316014828961,9920.594660194174,0.1486650485436893,False,data/metadata/Doctor’s Handwritten Prescription BD dataset/Testing/testing_words/712.png,Sergel,test
105,35,3.0,205.7572789115646,87.30225779282532,10404.766312851127,0.20843537414965987,True,data/metadata/Doctor’s Handwritten Prescription BD dataset/Testing/testing_words/713.png,Sergel,test
72,52,1.3846153846153846,231.99278846153845,65.3408526981937,32560.810845429613,0.10016025641025642,True,data/metadata/Doctor’s Handwritten Prescription BD dataset/Testing/testing_words/714.png,Sergel,test
67,23,2.9130434782608696,224.99156391953278,78.59850782141305,34787.54899373853,0.12264763140817651,True,data/metadata/Doctor’s Handwritten Prescription BD dataset/Testing/testing_words/715.png,Sergel,test
81,42,1.9285714285714286,214.57848324514993,74.06945662521177,5956.3980011757785,0.12286890064667842,False,data/metadata/Doctor’s Handwritten Prescription BD dataset/Testing/testing_words/716.png,Sergel,test
72,38,1.894736842105263,215.4919590643275,71.53500713136803,8443.23538011696,0.12244152046783625,False,data/metadata/Doctor’s Handwritten Prescription BD dataset/Testing/testing_words/717.png,Sergel,test
125,67,1.8656716417910448,232.19450746268657,68.71916645659165,13250.51415475696,0.09277611940298508,True,data/metadata/Doctor’s Handwritten Prescription BD dataset/Testing/testing_words/718.png,Sergel,test
118,23,5.130434782608695,214.32240235814297,88.3577234166619,32768.25088191419,0.16285924834193072,True,data/metadata/Doctor’s Handwritten Prescription BD dataset/Testing/testing_words/719.png,Sergel,test
196,74,2.6486486486486487,231.2000137892995,66.20950653950682,4491.524682846111,0.09135410921125207,False,data/metadata/Doctor’s Handwritten Prescription BD dataset/Testing/testing_words/720.png,Tamen,test
203,73,2.780821917808219,233.0035764896417,64.65208283781192,4211.464935998687,0.08725285106957284,False,data/metadata/Doctor’s Handwritten Prescription BD dataset/Testing/testing_words/721.png,Tamen,test
212,70,3.0285714285714285,229.23544474393532,68.83055161274194,4744.5067385444745,0.09973045822102426,False,data/metadata/Doctor’s Handwritten Prescription BD dataset/Testing/testing_words/722.png,Tamen,test
196,91,2.1538461538461537,235.73189055842118,60.421218021185425,3913.1990887037573,0.07630634671450998,False,data/metadata/Doctor’s Handwritten Prescription BD dataset/Testing/testing_words/723.png,Tamen,test
147,32,4.59375,174.34438775510205,99.42838551466944,4274.916926974872,0.31186224489795916,True,data/metadata/Doctor’s Handwritten Prescription BD dataset/Testing/testing_words/724.png,Tamen,test
209,81,2.580246913580247,232.29168881800462,66.32897088599198,4204.558331856578,0.0868923149624904,False,data/metadata/Doctor’s Handwritten Prescription BD dataset/Testing/testing_words/725.png,Tamen,test
201,77,2.6103896103896105,232.2205853847645,65.20242431304831,4486.462363507139,0.08845383472249144,False,data/metadata/Doctor’s Handwritten Prescription BD dataset/Testing/testing_words/726.png,Tamen,test
237,81,2.925925925925926,229.15278428921187,69.40312540435087,4670.106662322427,0.10027608480491744,True,data/metadata/Doctor’s Handwritten Prescription BD dataset/Testing/testing_words/727.png,Tamen,test
184,74,2.4864864864864864,228.6825793184489,69.69443974620559,4938.123567424435,0.10384841363102233,False,data/metadata/Doctor’s Handwritten Prescription BD dataset/Testing/testing_words/728.png,Tamen,test
200,87,2.2988505747126435,237.7007471264368,56.66378193652316,3673.2558620689656,0.06747126436781609,False,data/metadata/Doctor’s Handwritten Prescription BD dataset/Testing/testing_words/729.png,Tamen,test
174,66,2.6363636363636362,232.45489376523858,63.933011486748775,7117.1799526010545,0.08742598397770812,False,data/metadata/Doctor’s Handwritten Prescription BD dataset/Testing/testing_words/730.png,Telfast,test
98,30,3.2666666666666666,212.92448979591836,72.5205277922762,8645.22899659864,0.13843537414965987,False,data/metadata/Doctor’s Handwritten Prescription BD dataset/Testing/testing_words/731.png,Telfast,test
162,68,2.3823529411764706,231.0735294117647,66.63428982403661,6978.6515976761075,0.09041394335511982,False,data/metadata/Doctor’s Handwritten Prescription BD dataset/Testing/testing_words/732.png,Telfast,test
165,82,2.0121951219512195,234.44138950480414,62.36830620406512,5724.269918699187,0.07900960827790096,False,data/metadata/Doctor’s Handwritten Prescription BD dataset/Testing/testing_words/733.png,Telfast,test
88,35,2.5142857142857142,222.46948051948053,72.97133205805923,25369.35182619329,0.1396103896103896,True,data/metadata/Doctor’s Handwritten Prescription BD dataset/Testing/testing_words/734.png,Telfast,test
79,33,2.393939393939394,210.7560414269275,75.4174187515709,9913.447640966628,0.142692750287687,False,data/metadata/Doctor’s Handwritten Prescription BD dataset/Testing/testing_words/735.png,Telfast,test
125,28,4.464285714285714,208.18,90.07102372175923,16420.29531910204,0.18771428571428572,True,data/metadata/Doctor’s Handwritten Prescription BD dataset/Testing/testing_words/736.png,Telfast,test
85,28,3.0357142857142856,190.4857142857143,91.67861868314476,11336.844092225125,0.2273109243697479,True,data/metadata/Doctor’s Handwritten Prescription BD dataset/Testing/testing_words/737.png,Telfast,test
86,28,3.0714285714285716,200.99501661129568,82.850403402377,10887.770764119601,0.1852159468438538,False,data/metadata/Doctor’s Handwritten Prescription BD dataset/Testing/testing_words/738.png,Telfast,test
111,34,3.264705882352941,214.01086380498145,72.49161374405874,8530.06200317965,0.1343402225755167,False,data/metadata/Doctor’s Handwritten Prescription BD dataset/Testing/testing_words/739.png,Telfast,test
162,69,2.347826086956522,230.43039899803185,69.53975832608123,5445.252996958311,0.09590266595097513,False,data/metadata/Doctor’s Handwritten Prescription BD dataset/Testing/testing_words/740.png,Tridosil,test
169,58,2.913793103448276,226.7200571311977,73.50515171596327,6650.182411752704,0.11038563558457458,False,data/metadata/Doctor’s Handwritten Prescription BD dataset/Testing/testing_words/741.png,Tridosil,test
154,71,2.1690140845070425,229.98198280592646,68.96778172389504,6830.146684988792,0.0949332357783062,False,data/metadata/Doctor’s Handwritten Prescription BD dataset/Testing/testing_words/742.png,Tridosil,test
164,65,2.523076923076923,231.10891181988742,67.85615410860396,6010.206003752345,0.09221388367729831,False,data/metadata/Doctor’s Handwritten Prescription BD dataset/Testing/testing_words/743.png,Tridosil,test
131,39,3.358974358974359,197.77216676453318,85.04647941344332,5265.766067204122,0.24251321197886083,True,data/metadata/Doctor’s Handwritten Prescription BD dataset/Testing/testing_words/744.png,Tridosil,test
170,57,2.982456140350877,230.54943240454077,67.66855484603845,6554.860051013833,0.0937048503611971,False,data/metadata/Doctor’s Handwritten Prescription BD dataset/Testing/testing_words/745.png,Tridosil,test
180,66,2.727272727272727,233.88459595959597,63.5908711002976,5562.7304713804715,0.07996632996632996,False,data/metadata/Doctor’s Handwritten Prescription BD dataset/Testing/testing_words/746.png,Tridosil,test
156,66,2.3636363636363638,233.83197358197359,63.73271305624601,5762.68278943279,0.08003108003108003,False,data/metadata/Doctor’s Handwritten Prescription BD dataset/Testing/testing_words/747.png,Tridosil,test
152,73,2.0821917808219177,224.94205118961787,75.93621492004868,5979.464218993744,0.11715933669790915,False,data/metadata/Doctor’s Handwritten Prescription BD dataset/Testing/testing_words/748.png,Tridosil,test
174,56,3.107142857142857,226.56988916256157,73.46750005125273,6632.456896551724,0.10796387520525452,False,data/metadata/Doctor’s Handwritten Prescription BD dataset/Testing/testing_words/749.png,Tridosil,test
140,43,3.255813953488372,232.8968438538206,64.40783280716576,8013.422259136212,0.08604651162790698,False,data/metadata/Doctor’s Handwritten Prescription BD dataset/Testing/testing_words/750.png,Trilock,test
86,16,5.375,220.00726744186048,83.35251879244416,47952.430832544625,0.14171511627906977,True,data/metadata/Doctor’s Handwritten Prescription BD dataset/Testing/testing_words/751.png,Trilock,test
98,20,4.9,209.2561224489796,96.19613633711641,40724.904956007915,0.1826530612244898,True,data/metadata/Doctor’s Handwritten Prescription BD dataset/Testing/testing_words/752.png,Trilock,test
114,23,4.956521739130435,218.6853546910755,88.03987078193506,33087.57396750258,0.14302059496567507,True,data/metadata/Doctor’s Handwritten Prescription BD dataset/Testing/testing_words/753.png,Trilock,test
136,37,3.675675675675676,233.23748012718602,57.602447635655594,10277.152521319833,0.09697933227344992,True,data/metadata/Doctor’s Handwritten Prescription BD dataset/Testing/testing_words/754.png,Trilock,test
144,31,4.645161290322581,200.11917562724014,100.73044893165492,22723.32422823448,0.2152777777777778,True,data/metadata/Doctor’s Handwritten Prescription BD dataset/Testing/testing_words/755.png,Trilock,test
102,32,3.1875,224.84375,81.3209726081624,28267.540771484375,0.12009803921568628,True,data/metadata/Doctor’s Handwritten Prescription BD dataset/Testing/testing_words/756.png,Trilock,test
116,27,4.296296296296297,215.8544061302682,90.47465230920244,37780.965152999815,0.15389527458492977,True,data/metadata/Doctor’s Handwritten Prescription BD dataset/Testing/testing_words/757.png,Trilock,test
108,33,3.272727272727273,220.21296296296296,86.2140332482554,32462.084761050464,0.1366442199775533,True,data/metadata/Doctor’s Handwritten Prescription BD dataset/Testing/testing_words/758.png,Trilock,test
76,22,3.4545454545454546,236.75299043062202,58.7171214375245,45898.99923271845,0.07715311004784689,False,data/metadata/Doctor’s Handwritten Prescription BD dataset/Testing/testing_words/759.png,Trilock,test
150,70,2.142857142857143,230.4242857142857,68.39689829165039,5234.683791963719,0.094,False,data/metadata/Doctor’s Handwritten Prescription BD dataset/Testing/testing_words/760.png,Vifas,test
62,34,1.8235294117647058,216.27941176470588,68.73925110545088,9116.522770398482,0.1204933586337761,False,data/metadata/Doctor’s Handwritten Prescription BD dataset/Testing/testing_words/761.png,Vifas,test
145,57,2.543859649122807,233.24053236539626,64.13713361420615,5741.842468239564,0.08300060496067756,False,data/metadata/Doctor’s Handwritten Prescription BD dataset/Testing/testing_words/762.png,Vifas,test
144,54,2.6666666666666665,227.80889917695472,70.80700493280041,6580.545764957916,0.10378086419753087,False,data/metadata/Doctor’s Handwritten Prescription BD dataset/Testing/testing_words/763.png,Vifas,test
171,71,2.408450704225352,223.47920270158966,43.22799536321146,2603.999088273666,0.05642039370727288,False,data/metadata/Doctor’s Handwritten Prescription BD dataset/Testing/testing_words/764.png,Vifas,test
68,27,2.5185185185185186,210.3850762527233,75.05478300989905,9614.425925925925,0.1454248366013072,False,data/metadata/Doctor’s Handwritten Prescription BD dataset/Testing/testing_words/765.png,Vifas,test
133,68,1.9558823529411764,232.30738611233969,65.71323339472579,4961.947810703228,0.08735072976559044,False,data/metadata/Doctor’s Handwritten Prescription BD dataset/Testing/testing_words/766.png,Vifas,test
152,65,2.3384615384615386,229.8331983805668,69.30305091032331,5554.557894736842,0.09676113360323886,True,data/metadata/Doctor’s Handwritten Prescription BD dataset/Testing/testing_words/767.png,Vifas,test
75,32,2.34375,203.88625,82.24792283661334,8502.989916493056,0.17166666666666666,False,data/metadata/Doctor’s Handwritten Prescription BD dataset/Testing/testing_words/768.png,Vifas,test
69,30,2.3,215.1328502415459,70.17778137100314,8288.450241545894,0.12608695652173912,False,data/metadata/Doctor’s Handwritten Prescription BD dataset/Testing/testing_words/769.png,Vifas,test
174,72,2.4166666666666665,234.71431992337165,56.24800588987404,4090.515325670498,0.09682311621966794,False,data/metadata/Doctor’s Handwritten Prescription BD dataset/Testing/testing_words/770.png,Zithrin,test
167,86,1.941860465116279,239.00745021584737,49.851090194938884,3692.9096226152346,0.07450215847375018,False,data/metadata/Doctor’s Handwritten Prescription BD dataset/Testing/testing_words/771.png,Zithrin,test
172,83,2.072289156626506,239.1909498458952,49.68110513315235,3691.563743345475,0.0755813953488372,False,data/metadata/Doctor’s Handwritten Prescription BD dataset/Testing/testing_words/772.png,Zithrin,test
203,79,2.569620253164557,237.84510818731684,52.44345381120883,3397.6666458813993,0.08156138928727318,False,data/metadata/Doctor’s Handwritten Prescription BD dataset/Testing/testing_words/773.png,Zithrin,test
165,46,3.5869565217391304,186.74874835309618,92.17516968006082,1798.1237916369398,0.27786561264822135,True,data/metadata/Doctor’s Handwritten Prescription BD dataset/Testing/testing_words/774.png,Zithrin,test
163,74,2.2027027027027026,235.95150058033494,54.31024554662526,4405.270436080252,0.08912286519648482,False,data/metadata/Doctor’s Handwritten Prescription BD dataset/Testing/testing_words/775.png,Zithrin,test
163,82,1.9878048780487805,235.18584468053268,55.052299459064166,4144.002693401168,0.09165045638186443,False,data/metadata/Doctor’s Handwritten Prescription BD dataset/Testing/testing_words/776.png,Zithrin,test
154,84,1.8333333333333333,237.24311997526283,53.19834909660876,3688.9482065553493,0.08279220779220779,False,data/metadata/Doctor’s Handwritten Prescription BD dataset/Testing/testing_words/777.png,Zithrin,test
161,87,1.8505747126436782,237.01392161062327,53.36901757776792,3755.336189048333,0.08281573498964803,False,data/metadata/Doctor’s Handwritten Prescription BD dataset/Testing/testing_words/778.png,Zithrin,test
179,84,2.130952380952381,241.24594306996542,46.152097765189886,3331.547086991221,0.0650438946528332,False,data/metadata/Doctor’s Handwritten Prescription BD dataset/Testing/testing_words/779.png,Zithrin,test
